grid_id,lat,lng,time_slot,population,crowd_score
다사61754500,37.5046087,127.0686478,0,58.82,18.0
다사61754525,37.5068621,127.0686349,0,318.56,37.4
다사61754550,37.5091154,127.0686219,0,134.03,27.3
다사61754575,37.5113688,127.0686089,0,94.34,23.9
다사61754600,37.5136221,127.068596,0,30.73,12.8
다사61754625,37.5158755,127.068583,0,15.4,6.4
다사61754650,37.5181288,127.06857,0,83.96,22.2
다사61754675,37.5203822,127.0685571,0,13.57,5.9
다사62004450,37.5001123,127.0715021,0,1096.19,54.4
다사62004475,37.5023657,127.0714892,0,79.69,21.7
다사62004500,37.504619,127.0714763,0,89.34,23.4
다사62004525,37.5068724,127.0714634,0,31.37,13.1
다사62004550,37.5091257,127.0714505,0,19.12,8.1
다사62004575,37.5113791,127.0714377,0,308.73,36.5
다사62004625,37.5158858,127.0714119,0,179.4,29.8
다사62004650,37.5181391,127.071399,0,85.91,22.7
다사62004675,37.5203925,127.0713861,0,21.41,9.6
다사62254425,37.4978692,127.0743432,0,849.99,50.5
다사62254450,37.5001225,127.0743304,0,64.11,19.7
다사62254475,37.5023759,127.0743176,0,69.5,20.9
다사62254500,37.5046292,127.0743048,0,4082.43,93.6
다사62254525,37.5068826,127.074292,0,53.66,17.2
다사62254550,37.5091359,127.0742792,0,563.71,44.3
다사62254575,37.5113893,127.0742664,0,37.21,14.3
다사62254600,37.5136426,127.0742536,0,66.84,20.2
다사62254625,37.515896,127.0742408,0,11.97,5.2
다사62254650,37.5181493,127.074228,0,52.57,17.0
다사62254675,37.5204027,127.0742152,0,7.98,3.2
다사62254750,37.5271627,127.0741768,0,7.74,3.0
다사62254775,37.5294161,127.0741639,0,407.51,40.1
다사62504375,37.4933726,127.0771968,0,2852.88,83.5
다사62504400,37.495626,127.0771841,0,115.02,26.6
다사62504425,37.4978793,127.0771714,0,251.87,35.0
다사62504450,37.5001327,127.0771587,0,100.4,25.1
다사62504475,37.502386,127.077146,0,938.06,52.0
다사62504500,37.5046394,127.0771332,0,21.59,9.9
다사62504525,37.5068927,127.0771205,0,2106.05,72.7
다사62504550,37.5091461,127.0771078,0,977.01,52.7
다사62504575,37.5113995,127.0770951,0,1566.76,62.6
다사62504600,37.5136528,127.0770824,0,2440.27,77.6
다사62504625,37.5159062,127.0770697,0,588.64,45.3
다사62504650,37.5181595,127.077057,0,113.32,26.1
다사62504750,37.5271729,127.0770061,0,45.58,15.5
다사62504775,37.5294262,127.0769934,0,2015.81,70.9
다사62504800,37.5316796,127.0769806,0,435.44,40.9
다사62754375,37.4933827,127.0800248,0,1950.79,70.0
다사62754400,37.4956361,127.0800122,0,312.92,36.9
다사62754425,37.4978894,127.0799996,0,10.09,4.2
다사62754450,37.5001428,127.079987,0,190.94,31.0
다사62754475,37.5023961,127.0799743,0,35.28,13.8
다사62754500,37.5046495,127.0799617,0,2782.51,82.8
다사62754525,37.5069028,127.0799491,0,958.91,52.5
다사62754550,37.5091562,127.0799365,0,1789.05,66.0
다사62754575,37.5114095,127.0799238,0,2089.47,72.4
다사62754600,37.5136629,127.0799112,0,6195.68,99.0
다사62754625,37.5159162,127.0798986,0,873.63,50.7
다사62754650,37.5181696,127.0798859,0,47.74,16.0
다사62754750,37.527183,127.0798354,0,846.21,50.2
다사62754775,37.5294363,127.0798228,0,440.64,41.1
다사62754800,37.5316897,127.0798101,0,3825.82,92.1
다사62754825,37.533943,127.0797975,0,2243.09,74.9
다사63004350,37.4911394,127.0828654,0,38.6,14.8
다사63004375,37.4933927,127.0828529,0,27.94,12.3
다사63004400,37.4956461,127.0828403,0,1401.42,60.1
다사63004425,37.4978994,127.0828278,0,194.72,32.0
다사63004450,37.5001528,127.0828153,0,104.43,25.4
다사63004475,37.5024062,127.0828027,0,5.42,1.0
다사63004500,37.5046595,127.0827902,0,1900.12,68.2
다사63004525,37.5069129,127.0827776,0,2471.76,78.1
다사63004550,37.5091662,127.0827651,0,1941.14,69.5
다사63004575,37.5114196,127.0827526,0,1923.98,69.0
다사63004600,37.5136729,127.08274,0,191.13,31.3
다사63004625,37.5159263,127.0827275,0,3905.03,92.9
다사63004650,37.5181796,127.0827149,0,23.26,10.8
다사63004750,37.527193,127.0826647,0,2863.15,83.7
다사63004775,37.5294464,127.0826522,0,3613.97,89.9
다사63004800,37.5316997,127.0826396,0,3116.49,86.5
다사63004825,37.5339531,127.0826271,0,3946.43,93.1
다사63004850,37.5362064,127.0826145,0,2163.3,73.6
다사63254325,37.488896,127.0857058,0,2722.27,81.3
다사63254350,37.4911493,127.0856934,0,1879.32,68.0
다사63254375,37.4934027,127.0856809,0,1589.35,63.8
다사63254400,37.495656,127.0856685,0,1424.39,60.6
다사63254425,37.4979094,127.085656,0,155.13,28.3
다사63254450,37.5001628,127.0856436,0,41.82,15.0
다사63254475,37.5024161,127.0856311,0,1586.57,63.3
다사63254500,37.5046695,127.0856187,0,4115.36,94.6
다사63254525,37.5069228,127.0856062,0,763.0,47.3
다사63254550,37.5091762,127.0855937,0,685.34,46.3
다사63254575,37.5114295,127.0855813,0,6133.99,98.8
다사63254600,37.5136829,127.0855688,0,4300.37,94.8
다사63254625,37.5159362,127.0855564,0,3264.12,88.2
다사63254650,37.5181896,127.0855439,0,176.89,29.3
다사63254750,37.527203,127.085494,0,22.85,10.3
다사63254775,37.5294563,127.0854816,0,826.55,49.5
다사63254800,37.5317097,127.0854691,0,1622.59,64.3
다사63254825,37.533963,127.0854566,0,530.6,43.1
다사63254850,37.5362164,127.0854442,0,1853.9,67.5
다사63504325,37.4889058,127.0885337,0,88.09,22.9
다사63504350,37.4911592,127.0885213,0,3041.25,85.5
다사63504375,37.4934126,127.088509,0,685.35,46.6
다사63504400,37.4956659,127.0884966,0,99.89,24.9
다사63504425,37.4979193,127.0884842,0,97.73,24.6
다사63504450,37.5001726,127.0884719,0,1958.5,70.7
다사63504475,37.502426,127.0884595,0,3951.65,93.3
다사63504500,37.5046794,127.0884471,0,519.64,42.9
다사63504525,37.5069327,127.0884348,0,6258.84,99.3
다사63504550,37.5091861,127.0884224,0,916.55,51.5
다사63504575,37.5114394,127.08841,0,26.45,11.3
다사63504600,37.5136928,127.0883976,0,4084.87,93.8
다사63504625,37.5159461,127.0883853,0,1437.17,60.8
다사63504650,37.5181995,127.0883729,0,74.54,21.4
다사63504750,37.5272129,127.0883234,0,121.49,26.8
다사63504775,37.5294662,127.088311,0,17.67,7.4
다사63504800,37.5317196,127.0882986,0,1513.14,61.6
다사63504825,37.5339729,127.0882862,0,3866.91,92.6
다사63504850,37.5362263,127.0882738,0,1371.4,59.9
다사63504875,37.5384796,127.0882614,0,3272.61,88.4
다사63754350,37.491169,127.0913493,0,573.61,45.1
다사63754375,37.4934224,127.091337,0,2339.22,76.1
다사63754400,37.4956757,127.0913247,0,212.23,33.3
다사63754425,37.4979291,127.0913125,0,97.45,24.4
다사63754450,37.5001825,127.0913002,0,3814.32,91.9
다사63754475,37.5024358,127.0912879,0,2339.53,76.4
다사63754500,37.5046892,127.0912756,0,3218.34,87.7
다사63754525,37.5069425,127.0912633,0,1270.18,57.6
다사63754550,37.5091959,127.091251,0,2696.85,81.0
다사63754575,37.5114492,127.0912387,0,2627.93,80.3
다사63754600,37.5137026,127.0912265,0,114.24,26.4
다사63754625,37.515956,127.0912142,0,1371.15,59.6
다사63754650,37.5182093,127.0912019,0,183.73,30.0
다사63754675,37.5204627,127.0911896,0,6.76,2.5
다사63754700,37.522716,127.0911773,0,17.41,7.1
다사63754725,37.5249694,127.091165,0,196.77,32.5
다사63754750,37.5272227,127.0911527,0,21.22,9.4
다사63754775,37.5294761,127.0911404,0,827.98,49.8
다사63754800,37.5317294,127.0911281,0,18.14,7.6
다사63754825,37.5339828,127.0911158,0,1150.91,55.4
다사63754850,37.5362361,127.0911035,0,1921.93,68.7
다사63754875,37.5384894,127.0910912,0,2381.38,77.1
다사64004350,37.4911788,127.0941773,0,4.57,0.5
다사64004375,37.4934321,127.0941651,0,710.9,46.8
다사64004400,37.4956855,127.0941529,0,192.45,31.5
다사64004425,37.4979389,127.0941407,0,1344.98,59.4
다사64004450,37.5001922,127.0941285,0,2664.79,80.8
다사64004475,37.5024456,127.0941163,0,1155.89,55.7
다사64004500,37.5046989,127.0941041,0,1930.51,69.2
다사64004525,37.5069523,127.0940919,0,3526.89,89.4
다사64004550,37.5092056,127.0940797,0,4786.99,96.8
다사64004575,37.511459,127.0940675,0,2413.54,77.3
다사64004600,37.5137124,127.0940553,0,4301.73,95.1
다사64004625,37.5159657,127.0940431,0,3611.06,89.7
다사64004650,37.5182191,127.0940309,0,678.96,46.1
다사64004675,37.5204724,127.0940187,0,214.82,33.5
다사64004700,37.5227258,127.0940064,0,112.69,25.9
다사64004800,37.5317392,127.0939576,0,1253.11,56.9
다사64004825,37.5339925,127.0939454,0,302.83,35.7
다사64004850,37.5362459,127.0939332,0,1953.64,70.2
다사64004875,37.5384992,127.0939209,0,2491.0,78.6
다사64254300,37.4866817,127.0970294,0,19.31,8.6
다사64254325,37.4889351,127.0970173,0,57.71,17.7
다사64254350,37.4911884,127.0970052,0,167.05,29.1
다사64254375,37.4934418,127.0969931,0,313.64,37.2
다사64254400,37.4956952,127.096981,0,46.66,15.8
다사64254425,37.4979485,127.0969689,0,787.91,48.3
다사64254450,37.5002019,127.0969568,0,1957.48,70.4
다사64254475,37.5024553,127.0969447,0,1637.6,65.3
다사64254500,37.5047086,127.0969326,0,1736.94,65.8
다사64254525,37.506962,127.0969204,0,2896.92,84.2
다사64254550,37.5092153,127.0969083,0,424.2,40.6
다사64254575,37.5114687,127.0968962,0,2655.85,80.5
다사64254600,37.513722,127.0968841,0,671.85,45.8
다사64254625,37.5159754,127.096872,0,64.07,19.5
다사64254650,37.5182288,127.0968599,0,22.92,10.6
다사64254675,37.5204821,127.0968477,0,160.63,28.6
다사64254700,37.5227355,127.0968356,0,11.6,4.8
다사64254775,37.5294955,127.0967992,0,6.18,1.7
다사64254800,37.5317489,127.0967871,0,63.39,19.0
다사64254825,37.5340022,127.096775,0,194.32,31.8
다사64254850,37.5362556,127.0967628,0,5685.97,98.5
다사64254875,37.5385089,127.0967507,0,1086.9,54.2
다사64504300,37.4866913,127.0998572,0,26.91,11.6
다사64504325,37.4889447,127.0998452,0,5211.41,98.3
다사64504350,37.4911981,127.0998332,0,1586.75,63.5
다사64504375,37.4934514,127.0998212,0,166.11,28.8
다사64504400,37.4957048,127.0998092,0,210.26,33.0
다사64504425,37.4979581,127.0997971,0,3041.69,85.7
다사64504450,37.5002115,127.0997851,0,2550.6,79.1
다사64504475,37.5024649,127.0997731,0,2588.37,79.6
다사64504500,37.5047182,127.099761,0,3110.99,86.0
다사64504525,37.5069716,127.099749,0,984.49,53.0
다사64504550,37.509225,127.099737,0,236.23,34.5
다사64504575,37.5114783,127.0997249,0,1270.99,57.9
다사64504600,37.5137317,127.0997129,0,750.23,47.0
다사64504625,37.515985,127.0997009,0,2195.81,74.1
다사64504650,37.5182384,127.0996888,0,4639.2,96.3
다사64504675,37.5204917,127.0996768,0,27.1,11.8
다사64504700,37.5227451,127.0996648,0,21.69,10.1
다사64504725,37.5249984,127.0996527,0,6.83,2.7
다사64504750,37.5272518,127.0996407,0,26.21,11.1
다사64504775,37.5295051,127.0996286,0,68.04,20.7
다사64504850,37.5362652,127.0995925,0,132.34,27.1
다사64504875,37.5385185,127.0995804,0,3708.96,90.9
다사64754300,37.4867009,127.102685,0,1261.94,57.4
다사64754325,37.4889542,127.1026731,0,3033.34,85.0
다사64754350,37.4912076,127.1026612,0,1221.39,56.2
다사64754375,37.493461,127.1026492,0,16.83,6.7
다사64754400,37.4957143,127.1026373,0,2278.81,75.4
다사64754425,37.4979677,127.1026254,0,2234.19,74.6
다사64754450,37.5002211,127.1026134,0,2504.65,78.8
다사64754475,37.5024744,127.1026015,0,49.73,16.3
다사64754500,37.5047278,127.1025895,0,2107.02,72.9
다사64754525,37.5069811,127.1025776,0,2766.86,82.0
다사64754550,37.5092345,127.1025656,0,331.45,37.9
다사64754575,37.5114879,127.1025537,0,402.05,39.7
다사64754600,37.5137412,127.1025417,0,2313.73,75.9
다사64754625,37.5159946,127.1025298,0,1050.77,53.9
다사64754650,37.5182479,127.1025178,0,1814.17,66.5
다사64754675,37.5205013,127.1025059,0,942.41,52.2
다사64754700,37.5227546,127.1024939,0,240.59,34.7
다사64754725,37.525008,127.102482,0,67.53,20.4
다사64754825,37.5340214,127.1024341,0,38.23,14.5
다사64754850,37.5362747,127.1024222,0,50.35,16.5
다사64754875,37.5385281,127.1024102,0,6.51,2.0
다사65004300,37.4867103,127.1055128,0,568.01,44.8
다사65004325,37.4889637,127.105501,0,2475.89,78.3
다사65004350,37.4912171,127.1054891,0,5.82,1.2
다사65004375,37.4934704,127.1054773,0,799.46,48.8
다사65004400,37.4957238,127.1054654,0,2769.4,82.3
다사65004425,37.4979772,127.1054536,0,3111.77,86.2
다사65004450,37.5002305,127.1054417,0,1099.93,54.7
다사65004475,37.5024839,127.1054299,0,2726.72,81.5
다사65004500,37.5047373,127.105418,0,2381.02,76.8
다사65004525,37.5069906,127.1054061,0,2869.03,84.0
다사65004550,37.509244,127.1053943,0,1222.19,56.4
다사65004575,37.5114973,127.1053824,0,873.71,51.0
다사65004600,37.5137507,127.1053706,0,377.4,38.7
다사65004625,37.5160041,127.1053587,0,3865.76,92.4
다사65004650,37.5182574,127.1053468,0,1310.3,58.6
다사65004675,37.5205108,127.105335,0,3788.19,91.6
다사65004700,37.5227641,127.1053231,0,4.07,0.0
다사65004725,37.5250175,127.1053112,0,19.22,8.4
다사65004750,37.5272708,127.1052993,0,273.17,35.5
다사65004800,37.5317775,127.1052756,0,60.89,18.7
다사65004825,37.5340309,127.1052637,0,344.19,38.2
다사65254325,37.4889731,127.1083289,0,303.83,36.0
다사65254350,37.4912265,127.1083171,0,32.27,13.5
다사65254375,37.4934799,127.1083053,0,1613.45,64.0
다사65254400,37.4957332,127.1082936,0,81.55,21.9
다사65254425,37.4979866,127.1082818,0,7412.77,100.0
다사65254450,37.50024,127.10827,0,2024.23,71.2
다사65254475,37.5024933,127.1082583,0,1823.45,67.0
다사65254500,37.5047467,127.1082465,0,1180.12,55.9
다사65254525,37.507,127.1082347,0,3129.84,86.7
다사65254550,37.5092534,127.1082229,0,1120.89,55.2
다사65254575,37.5115068,127.1082112,0,1273.83,58.1
다사65254600,37.5137601,127.1081994,0,3158.09,86.9
다사65254625,37.5160135,127.1081876,0,5067.66,97.8
다사65254650,37.5182668,127.1081758,0,6463.11,99.8
다사65254675,37.5205202,127.108164,0,392.42,39.2
다사65254700,37.5227735,127.1081523,0,1799.08,66.3
다사65254725,37.5250269,127.1081405,0,1576.16,62.8
다사65254750,37.5272803,127.1081287,0,4443.63,95.6
다사65254775,37.5295336,127.1081169,0,188.14,30.8
다사65254800,37.531787,127.1081051,0,308.82,36.7
다사65504325,37.4889825,127.1111568,0,473.51,42.1
다사65504350,37.4912358,127.1111451,0,4.33,0.2
다사65504375,37.4934892,127.1111334,0,534.69,43.3
다사65504400,37.4957426,127.1111217,0,468.4,41.6
다사65504425,37.4979959,127.11111,0,3313.09,88.7
다사65504450,37.5002493,127.1110984,0,402.7,39.9
다사65504475,37.5025027,127.1110867,0,2163.97,73.9
다사65504500,37.504756,127.111075,0,4562.76,96.1
다사65504525,37.5070094,127.1110633,0,1419.55,60.3
다사65504550,37.5092627,127.1110516,0,1310.82,58.9
다사65504575,37.5115161,127.1110399,0,2924.14,84.5
다사65504600,37.5137695,127.1110282,0,763.33,47.8
다사65504625,37.5160228,127.1110165,0,3774.69,91.1
다사65504650,37.5182762,127.1110048,0,4443.22,95.3
다사65504675,37.5205295,127.1109931,0,838.95,50.0
다사65504700,37.5227829,127.1109814,0,4786.93,96.6
다사65504725,37.5250363,127.1109697,0,562.6,44.1
다사65504750,37.5272896,127.110958,0,323.79,37.7
다사65504775,37.529543,127.1109463,0,18.8,7.9
다사65504800,37.5317963,127.1109346,0,252.66,35.2
다사65504825,37.5340497,127.1109229,0,1871.57,67.7
다사65504850,37.536303,127.1109112,0,63.51,19.2
다사65754325,37.4889917,127.1139847,0,2055.25,72.2
다사65754350,37.4912451,127.1139731,0,562.23,43.8
다사65754375,37.4934985,127.1139615,0,808.1,49.0
다사65754400,37.4957518,127.1139499,0,16.92,6.9
다사65754425,37.4980052,127.1139383,0,6.75,2.2
다사65754450,37.5002586,127.1139267,0,1344.63,59.1
다사65754475,37.5025119,127.1139151,0,763.27,47.5
다사65754500,37.5047653,127.1139035,0,1635.87,65.0
다사65754525,37.5070187,127.1138919,0,3037.53,85.2
다사65754550,37.509272,127.1138803,0,1110.84,54.9
다사65754575,37.5115254,127.1138686,0,5051.31,97.5
다사65754600,37.5137788,127.113857,0,1287.29,58.4
다사65754625,37.5160321,127.1138454,0,4835.86,97.0
다사65754650,37.5182855,127.1138338,0,2036.46,71.4
다사65754675,37.5205388,127.1138222,0,3660.1,90.1
다사65754700,37.5227922,127.1138106,0,813.11,49.3
다사65754725,37.5250455,127.113799,0,1820.2,66.7
다사65754750,37.5272989,127.1137874,0,10.04,3.9
다사65754775,37.5295523,127.1137757,0,2943.39,84.7
다사65754800,37.5318056,127.1137641,0,3216.52,87.4
다사65754825,37.534059,127.1137525,0,4.59,0.7
다사65754850,37.5363123,127.1137409,0,15.23,6.2
다사66004350,37.4912543,127.116801,0,3224.43,87.9
다사66004375,37.4935077,127.1167895,0,2833.65,83.3
다사66004400,37.4957611,127.116778,0,2453.19,77.8
다사66004425,37.4980144,127.1167665,0,480.51,42.4
다사66004450,37.5002678,127.116755,0,2583.44,79.3
다사66004475,37.5025212,127.1167435,0,2605.92,79.8
다사66004500,37.5047745,127.116732,0,217.53,33.7
다사66004525,37.5070279,127.1167204,0,1554.14,62.3
다사66004550,37.5092812,127.1167089,0,70.21,21.2
다사66004575,37.5115346,127.1166974,0,1945.43,69.7
다사66004600,37.513788,127.1166859,0,2606.63,80.0
다사66004625,37.5160413,127.1166743,0,9.34,3.4
다사66004650,37.5182947,127.1166628,0,59.93,18.5
다사66004675,37.520548,127.1166513,0,146.45,28.1
다사66004700,37.5228014,127.1166398,0,4089.02,94.1
다사66004725,37.5250548,127.1166282,0,306.89,36.2
다사66004750,37.5273081,127.1166167,0,1032.62,53.4
다사66004775,37.5295615,127.1166052,0,3672.23,90.6
다사66004800,37.5318148,127.1165936,0,4446.24,95.8
다사66004825,37.5340682,127.1165821,0,448.87,41.4
다사66004850,37.5363215,127.1165706,0,2053.34,71.9
다사66254350,37.4912635,127.119629,0,12.99,5.7
다사66254375,37.4935168,127.1196176,0,1633.9,64.5
다사66254400,37.4957702,127.1196062,0,231.95,34.2
다사66254425,37.4980236,127.1195947,0,3366.4,88.9
다사66254450,37.5002769,127.1195833,0,658.7,45.6
다사66254475,37.5025303,127.1195719,0,5144.65,98.0
다사66254500,37.5047837,127.1195604,0,3481.07,89.2
다사66254525,37.507037,127.119549,0,1548.8,62.1
다사66254550,37.5092904,127.1195376,0,2349.96,76.6
다사66254575,37.5115437,127.1195261,0,4923.26,97.3
다사66254600,37.5137971,127.1195147,0,1666.85,65.5
다사66254625,37.5160505,127.1195033,0,11.6,4.8
다사66254725,37.5250639,127.1194575,0,88.56,23.2
다사66254750,37.5273173,127.119446,0,988.45,53.2
다사66254775,37.5295706,127.1194346,0,27.75,12.1
다사66254800,37.531824,127.1194231,0,469.67,41.9
다사66254825,37.5340773,127.1194117,0,1448.87,61.1
다사66504375,37.4935259,127.1224457,0,902.26,51.2
다사66504400,37.4957793,127.1224343,0,6260.39,99.5
다사66504425,37.4980326,127.122423,0,789.9,48.5
다사66504450,37.500286,127.1224116,0,2143.88,73.2
다사66504475,37.5025394,127.1224003,0,2039.88,71.7
다사66504500,37.5047927,127.1223889,0,931.92,51.7
다사66504525,37.5070461,127.1223776,0,2741.63,81.8
다사66504550,37.5092995,127.1223662,0,1534.82,61.8
다사66504575,37.5115528,127.1223549,0,56.32,17.5
다사66504600,37.5138062,127.1223435,0,2159.13,73.4
다사66504625,37.5160596,127.1223322,0,140.74,27.8
다사66504650,37.5183129,127.1223208,0,50.98,16.7
다사66504725,37.525073,127.1222867,0,90.65,23.6
다사66504750,37.5273263,127.1222754,0,1255.81,57.1
다사66504775,37.5295797,127.122264,0,1465.95,61.3
다사66504800,37.5318331,127.1222526,0,1578.73,63.1
다사66754400,37.4957883,127.1252625,0,2273.91,75.1
다사66754425,37.4980416,127.1252512,0,408.22,40.4
다사66754450,37.500295,127.1252399,0,2306.33,75.6
다사66754475,37.5025484,127.1252287,0,1635.72,64.8
다사66754500,37.5048017,127.1252174,0,1914.47,68.5
다사66754525,37.5070551,127.1252062,0,9.59,3.7
다사66754550,37.5093085,127.1251949,0,511.92,42.6
다사66754575,37.5115618,127.1251836,0,3782.81,91.4
다사66754600,37.5138152,127.1251724,0,12.68,5.4
다사66754625,37.5160686,127.1251611,0,355.08,38.4
다사66754650,37.5183219,127.1251498,0,85.79,22.4
다사66754675,37.5205753,127.1251385,0,195.53,32.3
다사66754700,37.5228286,127.1251273,0,20.12,9.1
다사66754725,37.525082,127.125116,0,2228.99,74.4
다사66754750,37.5273354,127.1251047,0,3661.77,90.4
다사66754775,37.5295887,127.1250934,0,564.63,44.6
다사67004425,37.4980506,127.1280794,0,2818.8,83.0
다사67004450,37.5003039,127.1280683,0,560.57,43.6
다사67004475,37.5025573,127.1280571,0,387.1,38.9
다사67004500,37.5048107,127.1280459,0,44.83,15.3
다사67004525,37.507064,127.1280347,0,178.48,29.6
다사67004550,37.5093174,127.1280236,0,4090.28,94.3
다사67004575,37.5115708,127.1280124,0,28.33,12.6
다사67004600,37.5138241,127.1280012,0,787.51,48.0
다사67004625,37.5160775,127.12799,0,204.97,32.8
다사67004650,37.5183309,127.1279788,0,400.65,39.4
다사67004675,37.5205842,127.1279676,0,35.87,14.0
다사67004700,37.5228376,127.1279564,0,135.36,27.6
다사67004725,37.525091,127.1279453,0,94.75,24.1
다사67004750,37.5273443,127.1279341,0,109.53,25.6
다사67254475,37.5025662,127.1308855,0,6.01,1.5
다사67254500,37.5048196,127.1308744,0,1847.58,67.2
다사67254525,37.5070729,127.1308633,0,218.49,34.0
다사67254550,37.5093263,127.1308522,0,2769.52,82.5
다사67254575,37.5115797,127.1308411,0,185.56,30.5
다사67254600,37.513833,127.13083,0,184.16,30.3
다사67254625,37.5160864,127.1308189,0,65.86,20.0
다사67254650,37.5183397,127.1308078,0,1243.26,56.7
다사67254675,37.5205931,127.1307967,0,19.59,8.9
다사67254700,37.5228465,127.1307856,0,1041.16,53.7
다사67504550,37.5093351,127.1336809,0,10.39,4.4
다사67504575,37.5115885,127.1336699,0,59.22,18.2
다사67504600,37.5138418,127.1336589,0,32.19,13.3
다사67504625,37.5160952,127.1336478,0,3173.84,87.2
다사61754500,37.5046087,127.0686478,1,57.83,18.0
다사61754525,37.5068621,127.0686349,1,311.0,37.2
다사61754550,37.5091154,127.0686219,1,131.32,27.3
다사61754575,37.5113688,127.0686089,1,87.71,22.9
다사61754600,37.5136221,127.068596,1,29.73,12.6
다사61754625,37.5158755,127.068583,1,12.49,5.9
다사61754650,37.5181288,127.06857,1,81.53,21.4
다사61754675,37.5203822,127.0685571,1,13.18,6.7
다사62004450,37.5001123,127.0715021,1,1090.77,54.2
다사62004475,37.5023657,127.0714892,1,78.27,21.2
다사62004500,37.504619,127.0714763,1,87.24,22.7
다사62004525,37.5068724,127.0714634,1,31.37,13.5
다사62004550,37.5091257,127.0714505,1,17.95,8.9
다사62004575,37.5113791,127.0714377,1,305.23,35.7
다사62004625,37.5158858,127.0714119,1,178.91,29.8
다사62004650,37.5181391,127.071399,1,83.47,21.9
다사62004675,37.5203925,127.0713861,1,20.84,10.8
다사62254425,37.4978692,127.0743432,1,884.15,51.0
다사62254450,37.5001225,127.0743304,1,63.48,19.2
다사62254475,37.5023759,127.0743176,1,68.02,20.2
다사62254500,37.5046292,127.0743048,1,4116.32,93.8
다사62254525,37.5068826,127.074292,1,30.31,12.8
다사62254550,37.5091359,127.0742792,1,550.49,43.3
다사62254575,37.5113893,127.0742664,1,30.47,13.1
다사62254600,37.5136426,127.0742536,1,64.96,19.7
다사62254625,37.515896,127.0742408,1,5.38,1.2
다사62254650,37.5181493,127.074228,1,45.17,16.0
다사62254675,37.5204027,127.0742152,1,7.79,3.9
다사62254750,37.5271627,127.0741768,1,7.62,3.7
다사62254775,37.5294161,127.0741639,1,388.97,39.4
다사62504375,37.4933726,127.0771968,1,2883.12,84.2
다사62504400,37.495626,127.0771841,1,105.15,25.9
다사62504425,37.4978793,127.0771714,1,249.43,34.7
다사62504450,37.5001327,127.0771587,1,99.42,25.4
다사62504475,37.502386,127.077146,1,938.53,52.0
다사62504500,37.5046394,127.0771332,1,12.76,6.4
다사62504525,37.5068927,127.0771205,1,2122.6,72.9
다사62504550,37.5091461,127.0771078,1,977.59,52.5
다사62504575,37.5113995,127.0770951,1,1574.8,63.3
다사62504600,37.5136528,127.0770824,1,2444.63,77.8
다사62504625,37.5159062,127.0770697,1,588.05,45.1
다사62504650,37.5181595,127.077057,1,110.1,26.1
다사62504750,37.5271729,127.0770061,1,44.88,15.8
다사62504775,37.5294262,127.0769934,1,2028.44,71.7
다사62504800,37.5316796,127.0769806,1,426.36,40.6
다사62754375,37.4933827,127.0800248,1,1972.11,70.7
다사62754400,37.4956361,127.0800122,1,309.88,36.9
다사62754425,37.4978894,127.0799996,1,10.0,4.9
다사62754450,37.5001428,127.079987,1,189.05,31.0
다사62754475,37.5023961,127.0799743,1,34.32,14.5
다사62754500,37.5046495,127.0799617,1,2816.28,83.5
다사62754525,37.5069028,127.0799491,1,980.01,52.7
다사62754550,37.5091562,127.0799365,1,1754.79,66.3
다사62754575,37.5114095,127.0799238,1,2017.77,71.2
다사62754600,37.5136629,127.0799112,1,6158.08,99.3
다사62754625,37.5159162,127.0798986,1,867.22,50.0
다사62754650,37.5181696,127.0798859,1,46.38,16.5
다사62754750,37.527183,127.0798354,1,879.11,50.5
다사62754775,37.5294363,127.0798228,1,447.53,40.9
다사62754800,37.5316897,127.0798101,1,3780.39,91.6
다사62754825,37.533943,127.0797975,1,2307.57,75.9
다사63004350,37.4911394,127.0828654,1,38.6,15.0
다사63004375,37.4933927,127.0828529,1,24.24,12.3
다사63004400,37.4956461,127.0828403,1,1412.19,60.3
다사63004425,37.4978994,127.0828278,1,192.8,32.0
다사63004450,37.5001528,127.0828153,1,102.96,25.6
다사63004475,37.5024062,127.0828027,1,5.42,1.5
다사63004500,37.5046595,127.0827902,1,1923.78,69.2
다사63004525,37.5069129,127.0827776,1,2509.07,78.8
다사63004550,37.5091662,127.0827651,1,1944.83,70.0
다사63004575,37.5114196,127.0827526,1,1853.41,67.7
다사63004600,37.5136729,127.08274,1,182.81,30.0
다사63004625,37.5159263,127.0827275,1,3971.47,93.3
다사63004650,37.5181796,127.0827149,1,22.59,11.3
다사63004750,37.527193,127.0826647,1,2899.81,84.5
다사63004775,37.5294464,127.0826522,1,3654.18,89.9
다사63004800,37.5316997,127.0826396,1,3087.86,86.5
다사63004825,37.5339531,127.0826271,1,3971.34,93.1
다사63004850,37.5362064,127.0826145,1,2126.57,73.2
다사63254325,37.488896,127.0857058,1,2679.75,81.0
다사63254350,37.4911493,127.0856934,1,1888.3,68.0
다사63254375,37.4934027,127.0856809,1,1587.01,64.0
다사63254400,37.495656,127.0856685,1,1434.96,60.8
다사63254425,37.4979094,127.085656,1,153.61,28.6
다사63254450,37.5001628,127.0856436,1,41.82,15.3
다사63254475,37.5024161,127.0856311,1,1583.26,63.5
다사63254500,37.5046695,127.0856187,1,4135.02,94.3
다사63254525,37.5069228,127.0856062,1,777.39,48.0
다사63254550,37.5091762,127.0855937,1,694.7,46.8
다사63254575,37.5114295,127.0855813,1,6083.02,99.0
다사63254600,37.5136829,127.0855688,1,4378.89,95.1
다사63254625,37.5159362,127.0855564,1,3219.99,87.9
다사63254650,37.5181896,127.0855439,1,123.32,26.6
다사63254750,37.527203,127.085494,1,19.51,9.9
다사63254775,37.5294563,127.0854816,1,829.67,49.0
다사63254800,37.5317097,127.0854691,1,1627.53,64.8
다사63254825,37.533963,127.0854566,1,521.28,42.9
다사63254850,37.5362164,127.0854442,1,1742.73,65.8
다사63504325,37.4889058,127.0885337,1,92.17,23.9
다사63504350,37.4911592,127.0885213,1,3041.88,85.5
다사63504375,37.4934126,127.088509,1,676.29,46.6
다사63504400,37.4956659,127.0884966,1,98.68,25.1
다사63504425,37.4979193,127.0884842,1,96.77,24.9
다사63504450,37.5001726,127.0884719,1,1976.18,70.9
다사63504475,37.502426,127.0884595,1,3957.01,92.9
다사63504500,37.5046794,127.0884471,1,493.64,42.4
다사63504525,37.5069327,127.0884348,1,6248.04,99.5
다사63504550,37.5091861,127.0884224,1,908.61,51.2
다사63504575,37.5114394,127.08841,1,8.99,4.4
다사63504600,37.5136928,127.0883976,1,4127.95,94.1
다사63504625,37.5159461,127.0883853,1,1471.13,61.3
다사63504650,37.5181995,127.0883729,1,72.43,20.4
다사63504750,37.5272129,127.0883234,1,126.97,26.8
다사63504775,37.5294662,127.088311,1,17.67,8.4
다사63504800,37.5317196,127.0882986,1,1525.64,61.8
다사63504825,37.5339729,127.0882862,1,3864.92,92.4
다사63504850,37.5362263,127.0882738,1,1365.92,59.9
다사63504875,37.5384796,127.0882614,1,3241.63,88.2
다사63754350,37.491169,127.0913493,1,586.76,44.8
다사63754375,37.4934224,127.091337,1,2352.56,76.8
다사63754400,37.4956757,127.0913247,1,209.42,33.5
다사63754425,37.4979291,127.0913125,1,95.92,24.6
다사63754450,37.5001825,127.0913002,1,3865.54,92.6
다사63754475,37.5024358,127.0912879,1,2296.03,75.6
다사63754500,37.5046892,127.0912756,1,3244.12,88.4
다사63754525,37.5069425,127.0912633,1,1271.1,57.9
다사63754550,37.5091959,127.091251,1,2670.6,80.8
다사63754575,37.5114492,127.0912387,1,2615.76,79.8
다사63754600,37.5137026,127.0912265,1,89.39,23.4
다사63754625,37.515956,127.0912142,1,1342.82,59.1
다사63754650,37.5182093,127.0912019,1,183.36,30.3
다사63754675,37.5204627,127.0911896,1,6.58,3.2
다사63754700,37.522716,127.0911773,1,16.74,7.6
다사63754725,37.5249694,127.091165,1,213.91,33.7
다사63754750,37.5272227,127.0911527,1,20.78,10.6
다사63754775,37.5294761,127.0911404,1,846.39,49.5
다사63754800,37.5317294,127.0911281,1,18.14,9.1
다사63754825,37.5339828,127.0911158,1,1166.19,55.9
다사63754850,37.5362361,127.0911035,1,1927.27,69.5
다사63754875,37.5384894,127.0910912,1,2322.03,76.1
다사64004350,37.4911788,127.0941773,1,4.57,0.7
다사64004375,37.4934321,127.0941651,1,701.55,47.0
다사64004400,37.4956855,127.0941529,1,189.9,31.3
다사64004425,37.4979389,127.0941407,1,1360.38,59.6
다사64004450,37.5001922,127.0941285,1,2702.17,81.3
다사64004475,37.5024456,127.0941163,1,1136.6,55.2
다사64004500,37.5046989,127.0941041,1,1928.39,69.7
다사64004525,37.5069523,127.0940919,1,3537.61,89.4
다사64004550,37.5092056,127.0940797,1,4843.69,96.8
다사64004575,37.511459,127.0940675,1,2394.04,77.3
다사64004600,37.5137124,127.0940553,1,4349.31,94.8
다사64004625,37.5159657,127.0940431,1,3679.86,90.9
다사64004650,37.5182191,127.0940309,1,661.88,46.1
다사64004675,37.5204724,127.0940187,1,204.97,33.3
다사64004700,37.5227258,127.0940064,1,112.58,26.4
다사64004800,37.5317392,127.0939576,1,1265.89,57.6
다사64004825,37.5339925,127.0939454,1,306.31,36.2
다사64004850,37.5362459,127.0939332,1,1950.27,70.2
다사64004875,37.5384992,127.0939209,1,2501.02,78.6
다사64254300,37.4866817,127.0970294,1,12.64,6.2
다사64254325,37.4889351,127.0970173,1,56.71,17.7
다사64254350,37.4911884,127.0970052,1,164.22,29.3
다사64254375,37.4934418,127.0969931,1,309.51,36.7
다사64254400,37.4956952,127.096981,1,45.83,16.3
다사64254425,37.4979485,127.0969689,1,814.24,48.8
다사64254450,37.5002019,127.0969568,1,1960.6,70.4
다사64254475,37.5024553,127.0969447,1,1603.9,64.3
다사64254500,37.5047086,127.0969326,1,1748.64,66.0
다사64254525,37.506962,127.0969204,1,2910.11,84.7
다사64254550,37.5092153,127.0969083,1,425.94,40.4
다사64254575,37.5114687,127.0968962,1,2668.72,80.3
다사64254600,37.513722,127.0968841,1,655.31,45.8
다사64254625,37.5159754,127.096872,1,16.04,7.1
다사64254650,37.5182288,127.0968599,1,14.26,6.9
다사64254675,37.5204821,127.0968477,1,151.59,28.3
다사64254700,37.5227355,127.0968356,1,10.96,5.4
다사64254775,37.5294955,127.0967992,1,6.18,2.2
다사64254800,37.5317489,127.0967871,1,72.46,20.7
다사64254825,37.5340022,127.096775,1,191.04,31.5
다사64254850,37.5362556,127.0967628,1,5749.43,98.5
다사64254875,37.5385089,127.0967507,1,1093.43,54.4
다사64504300,37.4866913,127.0998572,1,24.19,12.1
다사64504325,37.4889447,127.0998452,1,5243.89,98.3
다사64504350,37.4911981,127.0998332,1,1585.87,63.8
다사64504375,37.4934514,127.0998212,1,163.63,29.1
다사64504400,37.4957048,127.0998092,1,204.47,33.0
다사64504425,37.4979581,127.0997971,1,3052.91,85.7
다사64504450,37.5002115,127.0997851,1,2607.28,79.6
다사64504475,37.5024649,127.0997731,1,2554.07,79.1
다사64504500,37.5047182,127.099761,1,3118.85,86.7
다사64504525,37.5069716,127.099749,1,976.95,52.2
다사64504550,37.509225,127.099737,1,215.24,34.0
다사64504575,37.5114783,127.0997249,1,1234.06,57.1
다사64504600,37.5137317,127.0997129,1,712.12,47.5
다사64504625,37.515985,127.0997009,1,2161.52,73.6
다사64504650,37.5182384,127.0996888,1,4679.6,96.3
다사64504675,37.5204917,127.0996768,1,23.81,11.6
다사64504700,37.5227451,127.0996648,1,17.93,8.6
다사64504725,37.5249984,127.0996527,1,6.87,3.4
다사64504750,37.5272518,127.0996407,1,31.15,13.3
다사64504775,37.5295051,127.0996286,1,85.54,22.4
다사64504850,37.5362652,127.0995925,1,130.09,27.1
다사64504875,37.5385185,127.0995804,1,3657.72,90.6
다사64754300,37.4867009,127.102685,1,1205.07,56.2
다사64754325,37.4889542,127.1026731,1,3037.85,85.2
다사64754350,37.4912076,127.1026612,1,1227.08,56.7
다사64754375,37.493461,127.1026492,1,16.83,7.9
다사64754400,37.4957143,127.1026373,1,2281.84,75.4
다사64754425,37.4979677,127.1026254,1,2233.39,74.4
다사64754450,37.5002211,127.1026134,1,2432.02,77.6
다사64754475,37.5024744,127.1026015,1,44.26,15.5
다사64754500,37.5047278,127.1025895,1,2121.52,72.7
다사64754525,37.5069811,127.1025776,1,2742.54,82.0
다사64754550,37.5092345,127.1025656,1,317.63,37.4
다사64754575,37.5114879,127.1025537,1,374.1,38.9
다사64754600,37.5137412,127.1025417,1,2271.94,75.1
다사64754625,37.5159946,127.1025298,1,1034.51,53.9
다사64754650,37.5182479,127.1025178,1,1762.63,66.5
다사64754675,37.5205013,127.1025059,1,922.86,51.7
다사64754700,37.5227546,127.1024939,1,226.45,34.5
다사64754725,37.525008,127.102482,1,67.71,20.0
다사64754825,37.5340214,127.1024341,1,38.35,14.8
다사64754850,37.5362747,127.1024222,1,50.24,17.0
다사64754875,37.5385281,127.1024102,1,6.51,3.0
다사65004300,37.4867103,127.1055128,1,546.02,43.1
다사65004325,37.4889637,127.105501,1,2475.23,78.3
다사65004350,37.4912171,127.1054891,1,5.82,1.7
다사65004375,37.4934704,127.1054773,1,805.33,48.3
다사65004400,37.4957238,127.1054654,1,2744.94,82.3
다사65004425,37.4979772,127.1054536,1,3141.31,86.9
다사65004450,37.5002305,127.1054417,1,1095.04,54.7
다사65004475,37.5024839,127.1054299,1,2728.71,81.8
다사65004500,37.5047373,127.105418,1,2384.31,77.1
다사65004525,37.5069906,127.1054061,1,2854.49,84.0
다사65004550,37.509244,127.1053943,1,1214.61,56.4
다사65004575,37.5114973,127.1053824,1,880.85,50.7
다사65004600,37.5137507,127.1053706,1,254.44,35.2
다사65004625,37.5160041,127.1053587,1,3848.95,92.1
다사65004650,37.5182574,127.1053468,1,1293.1,58.4
다사65004675,37.5205108,127.105335,1,3790.81,91.9
다사65004700,37.5227641,127.1053231,1,4.07,0.0
다사65004725,37.5250175,127.1053112,1,16.2,7.4
다사65004750,37.5272708,127.1052993,1,264.15,35.5
다사65004800,37.5317775,127.1052756,1,61.08,18.5
다사65004825,37.5340309,127.1052637,1,345.5,38.2
다사65254325,37.4889731,127.1083289,1,305.34,36.0
다사65254350,37.4912265,127.1083171,1,31.87,13.8
다사65254375,37.4934799,127.1083053,1,1620.21,64.5
다사65254400,37.4957332,127.1082936,1,83.13,21.7
다사65254425,37.4979866,127.1082818,1,7490.58,100.0
다사65254450,37.50024,127.10827,1,1910.04,68.7
다사65254475,37.5024933,127.1082583,1,1833.82,67.0
다사65254500,37.5047467,127.1082465,1,1157.79,55.7
다사65254525,37.507,127.1082347,1,3062.03,86.2
다사65254550,37.5092534,127.1082229,1,1139.09,55.4
다사65254575,37.5115068,127.1082112,1,1230.67,56.9
다사65254600,37.5137601,127.1081994,1,2811.17,83.3
다사65254625,37.5160135,127.1081876,1,5014.22,97.5
다사65254650,37.5182668,127.1081758,1,6563.57,99.8
다사65254675,37.5205202,127.108164,1,419.59,40.1
다사65254700,37.5227735,127.1081523,1,1778.04,66.7
다사65254725,37.5250269,127.1081405,1,1561.95,62.3
다사65254750,37.5272803,127.1081287,1,4446.87,95.8
다사65254775,37.5295336,127.1081169,1,188.66,30.8
다사65254800,37.531787,127.1081051,1,335.53,37.7
다사65504325,37.4889825,127.1111568,1,471.51,41.4
다사65504350,37.4912358,127.1111451,1,566.78,44.6
다사65504375,37.4934892,127.1111334,1,589.34,45.3
다사65504400,37.4957426,127.1111217,1,458.51,41.1
다사65504425,37.4979959,127.11111,1,3350.15,88.9
다사65504450,37.5002493,127.1110984,1,376.31,39.2
다사65504475,37.5025027,127.1110867,1,2192.06,74.1
다사65504500,37.504756,127.111075,1,4596.73,96.1
다사65504525,37.5070094,127.1110633,1,1400.08,60.1
다사65504550,37.5092627,127.1110516,1,1324.4,58.9
다사65504575,37.5115161,127.1110399,1,2775.52,82.8
다사65504600,37.5137695,127.1110282,1,672.4,46.3
다사65504625,37.5160228,127.1110165,1,3688.6,91.1
다사65504650,37.5182762,127.1110048,1,4385.91,95.3
다사65504675,37.5205295,127.1109931,1,850.4,49.8
다사65504700,37.5227829,127.1109814,1,4819.79,96.6
다사65504725,37.5250363,127.1109697,1,553.29,44.3
다사65504750,37.5272896,127.110958,1,340.72,37.9
다사65504775,37.529543,127.1109463,1,18.8,9.6
다사65504800,37.5317963,127.1109346,1,253.34,35.0
다사65504825,37.5340497,127.1109229,1,1892.74,68.2
다사65504850,37.536303,127.1109112,1,63.17,18.8
다사65754325,37.4889917,127.1139847,1,2037.41,72.2
다사65754350,37.4912451,127.1139731,1,551.22,43.8
다사65754375,37.4934985,127.1139615,1,1030.66,53.7
다사65754400,37.4957518,127.1139499,1,17.43,8.1
다사65754425,37.4980052,127.1139383,1,4.1,0.2
다사65754450,37.5002586,127.1139267,1,1346.64,59.4
다사65754475,37.5025119,127.1139151,1,711.03,47.3
다사65754500,37.5047653,127.1139035,1,1652.99,65.3
다사65754525,37.5070187,127.1138919,1,3054.77,86.0
다사65754550,37.509272,127.1138803,1,1129.93,54.9
다사65754575,37.5115254,127.1138686,1,5064.46,97.8
다사65754600,37.5137788,127.113857,1,1300.47,58.6
다사65754625,37.5160321,127.1138454,1,4856.67,97.0
다사65754650,37.5182855,127.1138338,1,2034.1,71.9
다사65754675,37.5205388,127.1138222,1,3628.25,89.7
다사65754700,37.5227922,127.1138106,1,839.46,49.3
다사65754725,37.5250455,127.113799,1,1850.33,67.5
다사65754750,37.5272989,127.1137874,1,10.04,5.2
다사65754775,37.5295523,127.1137757,1,2966.73,85.0
다사65754800,37.5318056,127.1137641,1,3194.55,87.7
다사65754825,37.534059,127.1137525,1,4.59,1.0
다사65754850,37.5363123,127.1137409,1,18.77,9.4
다사66004350,37.4912543,127.116801,1,3158.42,87.4
다사66004375,37.4935077,127.1167895,1,2719.48,81.5
다사66004400,37.4957611,127.116778,1,2453.85,78.1
다사66004425,37.4980144,127.1167665,1,491.47,42.1
다사66004450,37.5002678,127.116755,1,2574.68,79.3
다사66004475,37.5025212,127.1167435,1,2668.75,80.5
다사66004500,37.5047745,127.116732,1,216.8,34.2
다사66004525,37.5070279,127.1167204,1,1568.12,62.8
다사66004550,37.5092812,127.1167089,1,64.68,19.5
다사66004575,37.5115346,127.1166974,1,1902.0,68.5
다사66004600,37.513788,127.1166859,1,2621.22,80.0
다사66004625,37.5160413,127.1166743,1,6.32,2.5
다사66004650,37.5182947,127.1166628,1,59.52,18.2
다사66004675,37.520548,127.1166513,1,148.96,28.1
다사66004700,37.5228014,127.1166398,1,4188.09,94.6
다사66004725,37.5250548,127.1166282,1,307.5,36.5
다사66004750,37.5273081,127.1166167,1,1018.49,53.2
다사66004775,37.5295615,127.1166052,1,3657.58,90.4
다사66004800,37.5318148,127.1165936,1,4437.71,95.6
다사66004825,37.5340682,127.1165821,1,476.91,41.6
다사66004850,37.5363215,127.1165706,1,2040.0,72.4
다사66254350,37.4912635,127.119629,1,6.47,2.7
다사66254375,37.4935168,127.1196176,1,1569.72,63.1
다사66254400,37.4957702,127.1196062,1,156.3,28.8
다사66254425,37.4980236,127.1195947,1,3305.68,88.7
다사66254450,37.5002769,127.1195833,1,640.34,45.6
다사66254475,37.5025303,127.1195719,1,5235.22,98.0
다사66254500,37.5047837,127.1195604,1,3470.18,89.2
다사66254525,37.507037,127.119549,1,1524.04,61.6
다사66254550,37.5092904,127.1195376,1,2351.78,76.6
다사66254575,37.5115437,127.1195261,1,4948.93,97.3
다사66254600,37.5137971,127.1195147,1,1664.88,65.5
다사66254625,37.5160505,127.1195033,1,8.12,4.2
다사66254725,37.5250639,127.1194575,1,88.17,23.2
다사66254750,37.5273173,127.119446,1,1003.94,53.0
다사66254775,37.5295706,127.1194346,1,23.93,11.8
다사66254800,37.531824,127.1194231,1,503.59,42.6
다사66254825,37.5340773,127.1194117,1,1433.23,60.6
다사66504375,37.4935259,127.1224457,1,868.98,50.2
다사66504400,37.4957793,127.1224343,1,5998.61,98.8
다사66504425,37.4980326,127.122423,1,812.13,48.5
다사66504450,37.500286,127.1224116,1,2162.55,73.9
다사66504475,37.5025394,127.1224003,1,2020.56,71.4
다사66504500,37.5047927,127.1223889,1,920.37,51.5
다사66504525,37.5070461,127.1223776,1,2758.37,82.5
다사66504550,37.5092995,127.1223662,1,1557.25,62.1
다사66504575,37.5115528,127.1223549,1,73.66,20.9
다사66504600,37.5138062,127.1223435,1,2145.76,73.4
다사66504625,37.5160596,127.1223322,1,137.74,27.8
다사66504650,37.5183129,127.1223208,1,50.67,17.2
다사66504725,37.525073,127.1222867,1,90.05,23.6
다사66504750,37.5273263,127.1222754,1,1274.51,58.1
다사66504775,37.5295797,127.122264,1,1467.98,61.1
다사66504800,37.5318331,127.1222526,1,1566.53,62.6
다사66754400,37.4957883,127.1252625,1,2266.46,74.9
다사66754425,37.4980416,127.1252512,1,400.75,39.7
다사66754450,37.500295,127.1252399,1,2336.71,76.4
다사66754475,37.5025484,127.1252287,1,1639.33,65.0
다사66754500,37.5048017,127.1252174,1,1910.46,69.0
다사66754525,37.5070551,127.1252062,1,9.59,4.7
다사66754550,37.5093085,127.1251949,1,484.83,41.9
다사66754575,37.5115618,127.1251836,1,3758.38,91.4
다사66754600,37.5138152,127.1251724,1,21.06,11.1
다사66754625,37.5160686,127.1251611,1,352.84,38.4
다사66754650,37.5183219,127.1251498,1,93.13,24.1
다사66754675,37.5205753,127.1251385,1,194.31,32.3
다사66754700,37.5228286,127.1251273,1,19.91,10.3
다사66754725,37.525082,127.125116,1,2254.57,74.6
다사66754750,37.5273354,127.1251047,1,3656.6,90.1
다사66754775,37.5295887,127.1250934,1,551.01,43.6
다사67004425,37.4980506,127.1280794,1,2821.23,83.7
다사67004450,37.5003039,127.1280683,1,552.58,44.1
다사67004475,37.5025573,127.1280571,1,364.39,38.7
다사67004500,37.5048107,127.1280459,1,47.3,16.7
다사67004525,37.507064,127.1280347,1,172.04,29.6
다사67004550,37.5093174,127.1280236,1,4109.25,93.6
다사67004575,37.5115708,127.1280124,1,12.17,5.7
다사67004600,37.5138241,127.1280012,1,777.04,47.8
다사67004625,37.5160775,127.12799,1,192.43,31.8
다사67004650,37.5183309,127.1279788,1,408.76,39.9
다사67004675,37.5205842,127.1279676,1,33.66,14.3
다사67004700,37.5228376,127.1279564,1,137.49,27.6
다사67004725,37.525091,127.1279453,1,93.67,24.4
다사67004750,37.5273443,127.1279341,1,85.5,22.2
다사67254475,37.5025662,127.1308855,1,6.01,2.0
다사67254500,37.5048196,127.1308744,1,1846.21,67.2
다사67254525,37.5070729,127.1308633,1,202.4,32.5
다사67254550,37.5093263,127.1308522,1,2780.65,83.0
다사67254575,37.5115797,127.1308411,1,204.04,32.8
다사67254600,37.513833,127.13083,1,184.87,30.5
다사67254625,37.5160864,127.1308189,1,53.01,17.5
다사67254650,37.5183397,127.1308078,1,1263.35,57.4
다사67254675,37.5205931,127.1307967,1,19.59,10.1
다사67254700,37.5228465,127.1307856,1,1024.49,53.4
다사67504550,37.5093351,127.1336809,1,4.36,0.5
다사67504575,37.5115885,127.1336699,1,63.17,18.8
다사67504600,37.5138418,127.1336589,1,32.19,14.0
다사67504625,37.5160952,127.1336478,1,3154.01,87.2
다사61754500,37.5046087,127.0686478,2,57.2,18.0
다사61754525,37.5068621,127.0686349,2,324.24,37.5
다사61754550,37.5091154,127.0686219,2,129.51,27.7
다사61754575,37.5113688,127.0686089,2,85.98,22.7
다사61754600,37.5136221,127.068596,2,29.11,12.8
다사61754625,37.5158755,127.068583,2,12.49,5.9
다사61754650,37.5181288,127.06857,2,80.17,21.7
다사61754675,37.5203822,127.0685571,2,12.95,6.9
다사62004450,37.5001123,127.0715021,2,1089.66,54.1
다사62004475,37.5023657,127.0714892,2,77.62,21.2
다사62004500,37.504619,127.0714763,2,87.37,23.2
다사62004525,37.5068724,127.0714634,2,31.58,13.6
다사62004550,37.5091257,127.0714505,2,17.95,9.4
다사62004575,37.5113791,127.0714377,2,313.68,37.3
다사62004625,37.5158858,127.0714119,2,178.97,30.1
다사62004650,37.5181391,127.071399,2,82.14,22.2
다사62004675,37.5203925,127.0713861,2,20.46,10.6
다사62254425,37.4978692,127.0743432,2,860.58,50.1
다사62254450,37.5001225,127.0743304,2,63.29,19.3
다사62254475,37.5023759,127.0743176,2,67.52,20.2
다사62254500,37.5046292,127.0743048,2,4140.85,94.1
다사62254525,37.5068826,127.074292,2,30.31,13.3
다사62254550,37.5091359,127.0742792,2,551.26,44.0
다사62254575,37.5113893,127.0742664,2,33.47,14.1
다사62254600,37.5136426,127.0742536,2,63.94,19.8
다사62254625,37.515896,127.0742408,2,5.38,1.5
다사62254650,37.5181493,127.074228,2,42.11,15.6
다사62254675,37.5204027,127.0742152,2,7.66,4.2
다사62254750,37.5271627,127.0741768,2,7.51,4.0
다사62254775,37.5294161,127.0741639,2,337.83,37.8
다사62504375,37.4933726,127.0771968,2,2947.53,84.7
다사62504400,37.495626,127.0771841,2,102.59,25.9
다사62504425,37.4978793,127.0771714,2,248.68,35.1
다사62504450,37.5001327,127.0771587,2,99.12,25.4
다사62504475,37.502386,127.077146,2,931.44,51.6
다사62504500,37.5046394,127.0771332,2,12.76,6.7
다사62504525,37.5068927,127.0771205,2,2124.63,72.8
다사62504550,37.5091461,127.0771078,2,992.19,52.6
다사62504575,37.5113995,127.0770951,2,1592.65,63.7
다사62504600,37.5136528,127.0770824,2,2410.31,77.3
다사62504625,37.5159062,127.0770697,2,570.39,44.7
다사62504650,37.5181595,127.077057,2,108.35,26.7
다사62504750,37.5271729,127.0770061,2,44.1,15.8
다사62504775,37.5294262,127.0769934,2,2063.32,72.3
다사62504800,37.5316796,127.0769806,2,413.78,39.8
다사62754375,37.4933827,127.0800248,2,2004.41,71.4
다사62754400,37.4956361,127.0800122,2,308.96,36.8
다사62754425,37.4978894,127.0799996,2,9.95,5.2
다사62754450,37.5001428,127.079987,2,188.57,31.6
다사62754475,37.5023961,127.0799743,2,33.5,14.3
다사62754500,37.5046495,127.0799617,2,2861.14,84.0
다사62754525,37.5069028,127.0799491,2,984.33,52.3
다사62754550,37.5091562,127.0799365,2,1739.96,66.4
다사62754575,37.5114095,127.0799238,2,1921.02,69.4
다사62754600,37.5136629,127.0799112,2,6140.46,99.3
다사62754625,37.5159162,127.0798986,2,872.54,50.4
다사62754650,37.5181696,127.0798859,2,45.64,16.5
다사62754750,37.527183,127.0798354,2,887.98,50.9
다사62754775,37.5294363,127.0798228,2,436.51,40.5
다사62754800,37.5316897,127.0798101,2,3787.62,91.6
다사62754825,37.533943,127.0797975,2,2393.93,77.0
다사63004350,37.4911394,127.0828654,2,38.6,15.1
다사63004375,37.4933927,127.0828529,2,24.24,12.1
다사63004400,37.4956461,127.0828403,2,1402.71,60.2
다사63004425,37.4978994,127.0828278,2,192.28,32.1
다사63004450,37.5001528,127.0828153,2,102.13,25.7
다사63004475,37.5024062,127.0828027,2,5.42,1.7
다사63004500,37.5046595,127.0827902,2,1922.75,69.9
다사63004525,37.5069129,127.0827776,2,2505.93,78.8
다사63004550,37.5091662,127.0827651,2,1894.38,68.9
다사63004575,37.5114196,127.0827526,2,1801.0,66.9
다사63004600,37.5136729,127.08274,2,186.93,30.9
다사63004625,37.5159263,127.0827275,2,4071.71,93.6
다사63004650,37.5181796,127.0827149,2,22.25,11.4
다사63004750,37.527193,127.0826647,2,2916.98,84.4
다사63004775,37.5294464,127.0826522,2,3665.05,90.6
다사63004800,37.5316997,127.0826396,2,3121.53,87.2
다사63004825,37.5339531,127.0826271,2,4005.22,92.8
다사63004850,37.5362064,127.0826145,2,2036.71,71.9
다사63254325,37.488896,127.0857058,2,2683.95,81.5
다사63254350,37.4911493,127.0856934,2,1874.83,67.9
다사63254375,37.4934027,127.0856809,2,1570.64,63.0
다사63254400,37.495656,127.0856685,2,1445.1,60.7
다사63254425,37.4979094,127.085656,2,153.17,28.6
다사63254450,37.5001628,127.0856436,2,41.82,15.3
다사63254475,37.5024161,127.0856311,2,1598.96,64.0
다사63254500,37.5046695,127.0856187,2,4126.99,93.8
다사63254525,37.5069228,127.0856062,2,810.03,48.1
다사63254550,37.5091762,127.0855937,2,700.42,47.2
다사63254575,37.5114295,127.0855813,2,6083.03,99.0
다사63254600,37.5136829,127.0855688,2,4430.85,95.3
다사63254625,37.5159362,127.0855564,2,3187.75,87.9
다사63254650,37.5181896,127.0855439,2,110.81,26.9
다사63254750,37.527203,127.085494,2,19.51,10.1
다사63254775,37.5294563,127.0854816,2,815.19,48.4
다사63254800,37.5317097,127.0854691,2,1635.59,64.4
다사63254825,37.533963,127.0854566,2,508.99,42.5
다사63254850,37.5362164,127.0854442,2,1689.12,65.4
다사63504325,37.4889058,127.0885337,2,86.04,23.0
다사63504350,37.4911592,127.0885213,2,3093.7,86.4
다사63504375,37.4934126,127.088509,2,673.99,46.4
다사63504400,37.4956659,127.0884966,2,98.39,25.2
다사63504425,37.4979193,127.0884842,2,96.5,24.9
다사63504450,37.5001726,127.0884719,2,1982.08,70.9
다사63504475,37.502426,127.0884595,2,4007.06,93.1
다사63504500,37.5046794,127.0884471,2,441.9,40.7
다사63504525,37.5069327,127.0884348,2,6267.67,99.5
다사63504550,37.5091861,127.0884224,2,897.79,51.1
다사63504575,37.5114394,127.08841,2,8.99,4.4
다사63504600,37.5136928,127.0883976,2,4174.75,94.3
다사63504625,37.5159461,127.0883853,2,1426.38,60.5
다사63504650,37.5181995,127.0883729,2,71.26,20.7
다사63504750,37.5272129,127.0883234,2,105.63,26.2
다사63504775,37.5294662,127.088311,2,17.67,8.4
다사63504800,37.5317196,127.0882986,2,1561.0,62.7
다사63504825,37.5339729,127.0882862,2,3860.23,92.3
다사63504850,37.5362263,127.0882738,2,1371.11,59.5
다사63504875,37.5384796,127.0882614,2,3251.57,88.4
다사63754350,37.491169,127.0913493,2,599.38,44.9
다사63754375,37.4934224,127.091337,2,2340.66,76.0
다사63754400,37.4956757,127.0913247,2,208.7,33.3
다사63754425,37.4979291,127.0913125,2,94.97,24.7
다사63754450,37.5001825,127.0913002,2,3914.42,92.6
다사63754475,37.5024358,127.0912879,2,2300.71,75.3
다사63754500,37.5046892,127.0912756,2,3282.73,88.6
다사63754525,37.5069425,127.0912633,2,1297.03,58.3
다사63754550,37.5091959,127.091251,2,2635.58,81.0
다사63754575,37.5114492,127.0912387,2,2542.27,79.5
다사63754600,37.5137026,127.0912265,2,89.39,24.0
다사63754625,37.515956,127.0912142,2,1322.31,58.5
다사63754650,37.5182093,127.0912019,2,176.53,29.9
다사63754675,37.5204627,127.0911896,2,6.5,3.2
다사63754700,37.522716,127.0911773,2,16.39,7.9
다사63754725,37.5249694,127.091165,2,242.78,34.8
다사63754750,37.5272227,127.0911527,2,20.49,10.9
다사63754775,37.5294761,127.0911404,2,858.83,49.9
다사63754800,37.5317294,127.0911281,2,18.14,9.6
다사63754825,37.5339828,127.0911158,2,1141.05,55.6
다사63754850,37.5362361,127.0911035,2,1957.58,70.4
다사63754875,37.5384894,127.0910912,2,2315.22,75.8
다사64004350,37.4911788,127.0941773,2,4.57,1.0
다사64004375,37.4934321,127.0941651,2,699.11,46.9
다사64004400,37.4956855,127.0941529,2,189.27,31.9
다사64004425,37.4979389,127.0941407,2,1371.57,59.8
다사64004450,37.5001922,127.0941285,2,2709.55,82.0
다사64004475,37.5024456,127.0941163,2,1122.68,54.8
다사64004500,37.5046989,127.0941041,2,1963.04,70.6
다사64004525,37.5069523,127.0940919,2,3573.23,89.4
다사64004550,37.5092056,127.0940797,2,4914.47,97.3
다사64004575,37.511459,127.0940675,2,2390.3,76.8
다사64004600,37.5137124,127.0940553,2,4390.36,94.8
다사64004625,37.5159657,127.0940431,2,3705.58,91.1
다사64004650,37.5182191,127.0940309,2,649.67,46.2
다사64004675,37.5204724,127.0940187,2,223.01,34.3
다사64004700,37.5227258,127.0940064,2,107.22,26.4
다사64004800,37.5317392,127.0939576,2,1235.87,57.0
다사64004825,37.5339925,127.0939454,2,295.83,36.0
다사64004850,37.5362459,127.0939332,2,1888.77,68.4
다사64004875,37.5384992,127.0939209,2,2511.36,79.0
다사64254300,37.4866817,127.0970294,2,12.64,6.4
다사64254325,37.4889351,127.0970173,2,56.36,17.8
다사64254350,37.4911884,127.0970052,2,163.24,29.4
다사64254375,37.4934418,127.0969931,2,308.43,36.5
다사64254400,37.4956952,127.096981,2,45.44,16.3
다사64254425,37.4979485,127.0969689,2,793.89,47.9
다사64254450,37.5002019,127.0969568,2,1985.23,71.1
다사64254475,37.5024553,127.0969447,2,1631.89,64.2
다사64254500,37.5047086,127.0969326,2,1725.52,65.9
다사64254525,37.506962,127.0969204,2,2878.83,84.2
다사64254550,37.5092153,127.0969083,2,451.21,41.2
다사64254575,37.5114687,127.0968962,2,2631.63,80.7
다사64254600,37.513722,127.0968841,2,648.56,45.9
다사64254625,37.5159754,127.096872,2,16.04,7.4
다사64254650,37.5182288,127.0968599,2,17.8,8.9
다사64254675,37.5204821,127.0968477,2,146.29,28.1
다사64254700,37.5227355,127.0968356,2,10.59,5.7
다사64254775,37.5294955,127.0967992,2,6.19,2.5
다사64254800,37.5317489,127.0967871,2,88.54,23.7
다사64254825,37.5340022,127.096775,2,188.47,31.4
다사64254850,37.5362556,127.0967628,2,5744.25,98.5
다사64254875,37.5385089,127.0967507,2,1069.78,53.8
다사64504300,37.4866913,127.0998572,2,24.19,11.9
다사64504325,37.4889447,127.0998452,2,5271.29,98.3
다사64504350,37.4911981,127.0998332,2,1580.83,63.5
다사64504375,37.4934514,127.0998212,2,162.92,29.1
다사64504400,37.4957048,127.0998092,2,228.21,34.6
다사64504425,37.4979581,127.0997971,2,3098.31,86.7
다사64504450,37.5002115,127.0997851,2,2597.05,80.2
다사64504475,37.5024649,127.0997731,2,2537.38,79.3
다사64504500,37.5047182,127.099761,2,3088.93,86.2
다사64504525,37.5069716,127.099749,2,977.91,52.1
다사64504550,37.509225,127.099737,2,220.35,34.1
다사64504575,37.5114783,127.0997249,2,1206.82,56.5
다사64504600,37.5137317,127.0997129,2,714.19,47.4
다사64504625,37.515985,127.0997009,2,2209.93,74.1
다사64504650,37.5182384,127.0996888,2,4688.48,96.3
다사64504675,37.5204917,127.0996768,2,23.81,11.6
다사64504700,37.5227451,127.0996648,2,17.93,9.1
다사64504725,37.5249984,127.0996527,2,6.83,3.7
다사64504750,37.5272518,127.0996407,2,37.31,14.6
다사64504775,37.5295051,127.0996286,2,81.17,22.0
다사64504850,37.5362652,127.0995925,2,128.35,27.4
다사64504875,37.5385185,127.0995804,2,3662.19,90.1
다사64754300,37.4867009,127.102685,2,1198.45,56.3
다사64754325,37.4889542,127.1026731,2,2994.86,85.2
다사64754350,37.4912076,127.1026612,2,1247.57,57.3
다사64754375,37.493461,127.1026492,2,16.83,8.1
다사64754400,37.4957143,127.1026373,2,2300.91,75.6
다사64754425,37.4979677,127.1026254,2,2273.69,75.1
다사64754450,37.5002211,127.1026134,2,2411.21,77.5
다사64754475,37.5024744,127.1026015,2,44.26,16.0
다사64754500,37.5047278,127.1025895,2,2134.69,73.1
다사64754525,37.5069811,127.1025776,2,2729.14,82.2
다사64754550,37.5092345,127.1025656,2,283.52,35.8
다사64754575,37.5114879,127.1025537,2,347.27,38.8
다사64754600,37.5137412,127.1025417,2,2272.51,74.8
다사64754625,37.5159946,127.1025298,2,1060.7,53.6
다사64754650,37.5182479,127.1025178,2,1728.99,66.2
다사64754675,37.5205013,127.1025059,2,933.69,51.9
다사64754700,37.5227546,127.1024939,2,208.98,33.6
다사64754725,37.525008,127.102482,2,67.54,20.5
다사64754825,37.5340214,127.1024341,2,38.2,14.8
다사64754850,37.5362747,127.1024222,2,49.93,16.8
다사64754875,37.5385281,127.1024102,2,6.51,3.5
다사65004300,37.4867103,127.1055128,2,523.2,43.0
다사65004325,37.4889637,127.105501,2,2475.59,78.3
다사65004350,37.4912171,127.1054891,2,5.82,2.0
다사65004375,37.4934704,127.1054773,2,849.41,49.1
다사65004400,37.4957238,127.1054654,2,2745.77,82.5
다사65004425,37.4979772,127.1054536,2,3109.76,86.9
다사65004450,37.5002305,127.1054417,2,1117.39,54.6
다사65004475,37.5024839,127.1054299,2,2699.16,81.7
다사65004500,37.5047373,127.105418,2,2418.0,77.8
다사65004525,37.5069906,127.1054061,2,2837.16,83.7
다사65004550,37.509244,127.1053943,2,1183.23,55.8
다사65004575,37.5114973,127.1053824,2,886.27,50.6
다사65004600,37.5137507,127.1053706,2,213.61,33.8
다사65004625,37.5160041,127.1053587,2,3816.25,92.1
다사65004650,37.5182574,127.1053468,2,1287.84,58.0
다사65004675,37.5205108,127.105335,2,3800.16,91.9
다사65004700,37.5227641,127.1053231,2,4.07,0.0
다사65004725,37.5250175,127.1053112,2,16.2,7.7
다사65004750,37.5272708,127.1052993,2,275.2,35.6
다사65004800,37.5317775,127.1052756,2,60.9,18.8
다사65004825,37.5340309,127.1052637,2,342.92,38.5
다사65254325,37.4889731,127.1083289,2,310.33,37.0
다사65254350,37.4912265,127.1083171,2,29.78,13.1
다사65254375,37.4934799,127.1083053,2,1651.87,64.9
다사65254400,37.4957332,127.1082936,2,73.81,21.0
다사65254425,37.4979866,127.1082818,2,7521.52,100.0
다사65254450,37.50024,127.10827,2,1891.48,68.6
다사65254475,37.5024933,127.1082583,2,1859.87,67.4
다사65254500,37.5047467,127.1082465,2,1125.62,55.3
다사65254525,37.507,127.1082347,2,3042.1,85.4
다사65254550,37.5092534,127.1082229,2,1124.72,55.1
다사65254575,37.5115068,127.1082112,2,1214.6,56.8
다사65254600,37.5137601,127.1081994,2,2496.32,78.5
다사65254625,37.5160135,127.1081876,2,4910.87,97.0
다사65254650,37.5182668,127.1081758,2,6592.04,99.8
다사65254675,37.5205202,127.108164,2,425.24,40.2
다사65254700,37.5227735,127.1081523,2,1759.11,66.7
다사65254725,37.5250269,127.1081405,2,1539.3,62.0
다사65254750,37.5272803,127.1081287,2,4443.13,95.6
다사65254775,37.5295336,127.1081169,2,188.13,31.1
다사65254800,37.531787,127.1081051,2,340.9,38.3
다사65504325,37.4889825,127.1111568,2,472.65,41.7
다사65504350,37.4912358,127.1111451,2,559.76,44.4
다사65504375,37.4934892,127.1111334,2,632.4,45.4
다사65504400,37.4957426,127.1111217,2,453.34,41.5
다사65504425,37.4979959,127.11111,2,3356.22,88.9
다사65504450,37.5002493,127.1110984,2,351.43,39.0
다사65504475,37.5025027,127.1110867,2,2146.13,73.3
다사65504500,37.504756,127.111075,2,4659.07,96.0
다사65504525,37.5070094,127.1110633,2,1375.27,60.0
다사65504550,37.5092627,127.1110516,2,1335.9,59.0
다사65504575,37.5115161,127.1110399,2,2669.46,81.2
다사65504600,37.5137695,127.1110282,2,688.7,46.7
다사65504625,37.5160228,127.1110165,2,3702.01,90.9
다사65504650,37.5182762,127.1110048,2,4403.64,95.1
다사65504675,37.5205295,127.1109931,2,845.76,48.9
다사65504700,37.5227829,127.1109814,2,4805.31,96.5
다사65504725,37.5250363,127.1109697,2,543.04,43.7
다사65504750,37.5272896,127.110958,2,340.59,38.0
다사65504775,37.529543,127.1109463,2,18.8,9.9
다사65504800,37.5317963,127.1109346,2,252.64,35.3
다사65504825,37.5340497,127.1109229,2,1921.47,69.6
다사65504850,37.536303,127.1109112,2,63.08,19.0
다사65754325,37.4889917,127.1139847,2,1936.79,70.1
다사65754350,37.4912451,127.1139731,2,541.95,43.5
다사65754375,37.4934985,127.1139615,2,1190.21,56.0
다사65754400,37.4957518,127.1139499,2,9.47,4.9
다사65754425,37.4980052,127.1139383,2,4.1,0.2
다사65754450,37.5002586,127.1139267,2,1343.5,59.3
다사65754475,37.5025119,127.1139151,2,638.98,45.7
다사65754500,37.5047653,127.1139035,2,1646.0,64.7
다사65754525,37.5070187,127.1138919,2,3084.44,85.9
다사65754550,37.509272,127.1138803,2,1103.48,54.3
다사65754575,37.5115254,127.1138686,2,4983.63,97.5
다사65754600,37.5137788,127.113857,2,1327.58,58.8
다사65754625,37.5160321,127.1138454,2,4817.18,96.8
다사65754650,37.5182855,127.1138338,2,2070.32,72.6
다사65754675,37.5205388,127.1138222,2,3637.66,89.6
다사65754700,37.5227922,127.1138106,2,855.35,49.6
다사65754725,37.5250455,127.113799,2,1863.59,67.7
다사65754750,37.5272989,127.1137874,2,10.04,5.4
다사65754775,37.5295523,127.1137757,2,2983.3,84.9
다사65754800,37.5318056,127.1137641,2,3156.73,87.7
다사65754825,37.534059,127.1137525,2,4.59,1.2
다사65754850,37.5363123,127.1137409,2,17.75,8.6
다사66004350,37.4912543,127.116801,2,3071.3,85.7
다사66004375,37.4935077,127.1167895,2,2578.72,79.8
다사66004400,37.4957611,127.116778,2,2423.95,78.0
다사66004425,37.4980144,127.1167665,2,481.91,42.2
다사66004450,37.5002678,127.116755,2,2601.02,80.5
다사66004475,37.5025212,127.1167435,2,2746.83,82.7
다사66004500,37.5047745,127.116732,2,203.52,32.6
다사66004525,37.5070279,127.1167204,2,1575.19,63.2
다사66004550,37.5092812,127.1167089,2,64.08,20.0
다사66004575,37.5115346,127.1166974,2,1913.84,69.1
다사66004600,37.513788,127.1166859,2,2589.05,80.0
다사66004625,37.5160413,127.1166743,2,6.32,2.7
다사66004650,37.5182947,127.1166628,2,59.45,18.5
다사66004675,37.520548,127.1166513,2,157.54,28.9
다사66004700,37.5228014,127.1166398,2,4222.82,94.6
다사66004725,37.5250548,127.1166282,2,306.7,36.3
다사66004750,37.5273081,127.1166167,2,1012.67,53.1
다사66004775,37.5295615,127.1166052,2,3662.64,90.4
다사66004800,37.5318148,127.1165936,2,4488.16,95.8
다사66004825,37.5340682,127.1165821,2,445.0,41.0
다사66004850,37.5363215,127.1165706,2,2058.4,72.1
다사66254350,37.4912635,127.119629,2,6.47,3.0
다사66254375,37.4935168,127.1196176,2,1511.44,61.7
다사66254400,37.4957702,127.1196062,2,118.02,27.2
다사66254425,37.4980236,127.1195947,2,3236.74,88.1
다사66254450,37.5002769,127.1195833,2,625.53,45.2
다사66254475,37.5025303,127.1195719,2,5269.99,98.0
다사66254500,37.5047837,127.1195604,2,3509.32,89.1
다사66254525,37.507037,127.119549,2,1502.92,61.5
다사66254550,37.5092904,127.1195376,2,2342.91,76.5
다사66254575,37.5115437,127.1195261,2,5015.27,97.8
다사66254600,37.5137971,127.1195147,2,1698.71,65.7
다사66254625,37.5160505,127.1195033,2,4.17,0.5
다사66254725,37.5250639,127.1194575,2,88.06,23.5
다사66254750,37.5273173,127.119446,2,999.16,52.8
다사66254775,37.5295706,127.1194346,2,27.51,12.6
다사66254800,37.531824,127.1194231,2,512.86,42.7
다사66254825,37.5340773,127.1194117,2,1457.82,61.0
다사66504375,37.4935259,127.1224457,2,850.78,49.4
다사66504400,37.4957793,127.1224343,2,5914.24,98.8
다사66504425,37.4980326,127.122423,2,825.01,48.6
다사66504450,37.500286,127.1224116,2,2178.56,73.8
다사66504475,37.5025394,127.1224003,2,2019.18,71.6
다사66504500,37.5047927,127.1223889,2,911.68,51.4
다사66504525,37.5070461,127.1223776,2,2784.38,83.0
다사66504550,37.5092995,127.1223662,2,1556.14,62.5
다사66504575,37.5115528,127.1223549,2,63.78,19.5
다사66504600,37.5138062,127.1223435,2,2149.59,73.6
다사66504625,37.5160596,127.1223322,2,135.28,27.9
다사66504650,37.5183129,127.1223208,2,50.59,17.3
다사66504725,37.525073,127.1222867,2,89.92,24.2
다사66504750,37.5273263,127.1222754,2,1269.86,57.5
다사66504775,37.5295797,127.122264,2,1500.58,61.2
다사66504800,37.5318331,127.1222526,2,1548.03,62.2
다사66754400,37.4957883,127.1252625,2,2267.87,74.6
다사66754425,37.4980416,127.1252512,2,397.55,39.5
다사66754450,37.500295,127.1252399,2,2342.24,76.3
다사66754475,37.5025484,127.1252287,2,1654.0,65.2
다사66754500,37.5048017,127.1252174,2,1884.77,68.1
다사66754525,37.5070551,127.1252062,2,12.62,6.2
다사66754550,37.5093085,127.1251949,2,472.95,42.0
다사66754575,37.5115618,127.1251836,2,3719.54,91.4
다사66754600,37.5138152,127.1251724,2,20.68,11.1
다사66754650,37.5183219,127.1251498,2,90.48,24.4
다사66754675,37.5205753,127.1251385,2,193.99,32.3
다사66754700,37.5228286,127.1251273,2,19.95,10.4
다사66754725,37.525082,127.125116,2,2254.09,74.3
다사66754750,37.5273354,127.1251047,2,3638.5,89.9
다사66754775,37.5295887,127.1250934,2,554.96,44.2
다사67004425,37.4980506,127.1280794,2,2785.86,83.2
다사67004450,37.5003039,127.1280683,2,538.12,43.2
다사67004475,37.5025573,127.1280571,2,361.29,39.3
다사67004500,37.5048107,127.1280459,2,50.0,17.0
다사67004525,37.507064,127.1280347,2,175.6,29.6
다사67004550,37.5093174,127.1280236,2,4053.52,93.3
다사67004575,37.5115708,127.1280124,2,9.24,4.7
다사67004600,37.5138241,127.1280012,2,757.32,47.7
다사67004625,37.5160775,127.12799,2,185.28,30.6
다사67004650,37.5183309,127.1279788,2,424.62,40.0
다사67004675,37.5205842,127.1279676,2,25.52,12.3
다사67004700,37.5228376,127.1279564,2,147.44,28.4
다사67004725,37.525091,127.1279453,2,83.13,22.5
다사67004750,37.5273443,127.1279341,2,80.09,21.5
다사67254475,37.5025662,127.1308855,2,6.01,2.2
다사67254500,37.5048196,127.1308744,2,1841.85,67.2
다사67254525,37.5070729,127.1308633,2,208.18,33.1
다사67254550,37.5093263,127.1308522,2,2814.96,83.5
다사67254575,37.5115797,127.1308411,2,207.44,32.8
다사67254600,37.513833,127.13083,2,182.08,30.4
다사67254625,37.5160864,127.1308189,2,53.01,17.5
다사67254650,37.5183397,127.1308078,2,1284.91,57.8
다사67254675,37.5205931,127.1307967,2,15.34,7.2
다사67254700,37.5228465,127.1307856,2,1015.86,53.3
다사67504550,37.5093351,127.1336809,2,4.36,0.7
다사67504575,37.5115885,127.1336699,2,58.9,18.3
다사67504600,37.5138418,127.1336589,2,32.12,13.8
다사67504625,37.5160952,127.1336478,2,3137.24,87.4
다사61754500,37.5046087,127.0686478,3,56.67,17.8
다사61754525,37.5068621,127.0686349,3,319.15,37.3
다사61754550,37.5091154,127.0686219,3,128.36,27.4
다사61754575,37.5113688,127.0686089,3,85.46,22.5
다사61754600,37.5136221,127.068596,3,28.79,12.6
다사61754625,37.5158755,127.068583,3,12.49,5.4
다사61754650,37.5181288,127.06857,3,79.17,21.7
다사61754675,37.5203822,127.0685571,3,12.78,6.4
다사62004450,37.5001123,127.0715021,3,1136.85,55.1
다사62004475,37.5023657,127.0714892,3,77.01,21.5
다사62004500,37.504619,127.0714763,3,87.32,23.0
다사62004525,37.5068724,127.0714634,3,31.58,13.1
다사62004550,37.5091257,127.0714505,3,26.45,12.1
다사62004575,37.5113791,127.0714377,3,316.57,37.0
다사62004600,37.5136324,127.0714248,3,4.97,1.5
다사62004625,37.5158858,127.0714119,3,182.97,30.1
다사62004650,37.5181391,127.071399,3,81.11,22.0
다사62004675,37.5203925,127.0713861,3,20.21,10.4
다사62254425,37.4978692,127.0743432,3,804.15,48.6
다사62254450,37.5001225,127.0743304,3,62.67,18.8
다사62254475,37.5023759,127.0743176,3,67.06,20.2
다사62254500,37.5046292,127.0743048,3,4141.65,93.8
다사62254525,37.5068826,127.074292,3,30.31,12.8
다사62254550,37.5091359,127.0742792,3,551.01,44.2
다사62254575,37.5113893,127.0742664,3,33.47,14.1
다사62254600,37.5136426,127.0742536,3,63.13,19.0
다사62254650,37.5181493,127.074228,3,42.88,15.3
다사62254675,37.5204027,127.0742152,3,7.54,4.2
다사62254750,37.5271627,127.0741768,3,7.44,4.0
다사62254775,37.5294161,127.0741639,3,340.1,38.0
다사62504375,37.4933726,127.0771968,3,2979.49,85.2
다사62504400,37.495626,127.0771841,3,106.29,25.9
다사62504425,37.4978793,127.0771714,3,246.21,34.8
다사62504450,37.5001327,127.0771587,3,98.14,25.2
다사62504475,37.502386,127.077146,3,924.18,51.6
다사62504500,37.5046394,127.0771332,3,12.76,6.2
다사62504525,37.5068927,127.0771205,3,2116.74,72.6
다사62504550,37.5091461,127.0771078,3,999.97,52.8
다사62504575,37.5113995,127.0770951,3,1593.2,63.7
다사62504600,37.5136528,127.0770824,3,2429.14,78.3
다사62504625,37.5159062,127.0770697,3,539.33,43.7
다사62504650,37.5181595,127.077057,3,107.03,26.2
다사62504750,37.5271729,127.0770061,3,43.69,15.6
다사62504775,37.5294262,127.0769934,3,2117.06,72.8
다사62504800,37.5316796,127.0769806,3,403.57,39.8
다사62754375,37.4933827,127.0800248,3,1986.64,70.9
다사62754400,37.4956361,127.0800122,3,305.88,36.0
다사62754425,37.4978894,127.0799996,3,9.87,4.7
다사62754450,37.5001428,127.079987,3,186.67,30.6
다사62754475,37.5023961,127.0799743,3,33.06,13.8
다사62754500,37.5046495,127.0799617,3,2872.76,84.2
다사62754525,37.5069028,127.0799491,3,967.56,52.1
다사62754550,37.5091562,127.0799365,3,1736.03,66.2
다사62754575,37.5114095,127.0799238,3,1826.26,67.2
다사62754600,37.5136629,127.0799112,3,6109.61,99.3
다사62754625,37.5159162,127.0798986,3,874.73,50.4
다사62754650,37.5181696,127.0798859,3,45.11,15.8
다사62754750,37.527183,127.0798354,3,874.97,50.6
다사62754775,37.5294363,127.0798228,3,436.99,40.7
다사62754800,37.5316897,127.0798101,3,3774.61,91.6
다사62754825,37.533943,127.0797975,3,2396.49,77.0
다사63004350,37.4911394,127.0828654,3,38.6,14.8
다사63004375,37.4933927,127.0828529,3,24.24,11.9
다사63004400,37.4956461,127.0828403,3,1400.89,60.0
다사63004425,37.4978994,127.0828278,3,190.34,31.9
다사63004450,37.5001528,127.0828153,3,101.01,25.4
다사63004475,37.5024062,127.0828027,3,5.42,2.0
다사63004500,37.5046595,127.0827902,3,1928.34,69.9
다사63004525,37.5069129,127.0827776,3,2538.94,79.8
다사63004550,37.5091662,127.0827651,3,1865.4,68.1
다사63004575,37.5114196,127.0827526,3,1815.8,66.9
다사63004600,37.5136729,127.08274,3,186.93,30.9
다사63004625,37.5159263,127.0827275,3,4119.01,93.6
다사63004650,37.5181796,127.0827149,3,21.96,11.1
다사63004750,37.527193,127.0826647,3,2925.31,84.4
다사63004775,37.5294464,127.0826522,3,3698.34,90.6
다사63004800,37.5316997,127.0826396,3,3144.27,87.7
다사63004825,37.5339531,127.0826271,3,4012.42,93.1
다사63004850,37.5362064,127.0826145,3,2054.85,71.6
다사63254325,37.488896,127.0857058,3,2676.81,81.7
다사63254350,37.4911493,127.0856934,3,1890.29,68.9
다사63254375,37.4934027,127.0856809,3,1526.68,61.7
다사63254400,37.495656,127.0856685,3,1428.88,60.7
다사63254425,37.4979094,127.085656,3,151.67,28.4
다사63254450,37.5001628,127.0856436,3,41.82,15.1
다사63254475,37.5024161,127.0856311,3,1608.48,64.2
다사63254500,37.5046695,127.0856187,3,4144.86,94.1
다사63254525,37.5069228,127.0856062,3,824.35,48.9
다사63254550,37.5091762,127.0855937,3,705.92,47.2
다사63254575,37.5114295,127.0855813,3,6043.78,99.0
다사63254600,37.5136829,127.0855688,3,4460.24,95.3
다사63254625,37.5159362,127.0855564,3,3191.47,87.9
다사63254650,37.5181896,127.0855439,3,111.81,26.4
다사63254750,37.527203,127.085494,3,19.51,9.6
다사63254775,37.5294563,127.0854816,3,799.2,48.4
다사63254800,37.5317097,127.0854691,3,1642.46,64.9
다사63254825,37.533963,127.0854566,3,497.68,42.5
다사63254850,37.5362164,127.0854442,3,1603.93,64.0
다사63504325,37.4889058,127.0885337,3,86.04,22.7
다사63504350,37.4911592,127.0885213,3,3108.76,87.2
다사63504375,37.4934126,127.088509,3,671.01,46.4
다사63504400,37.4956659,127.0884966,3,97.71,24.9
다사63504425,37.4979193,127.0884842,3,95.58,24.4
다사63504450,37.5001726,127.0884719,3,2032.5,71.4
다사63504475,37.502426,127.0884595,3,3970.77,92.8
다사63504500,37.5046794,127.0884471,3,421.24,40.0
다사63504525,37.5069327,127.0884348,3,6256.79,99.5
다사63504550,37.5091861,127.0884224,3,906.96,51.1
다사63504575,37.5114394,127.08841,3,8.99,4.4
다사63504600,37.5136928,127.0883976,3,4183.49,94.3
다사63504625,37.5159461,127.0883853,3,1421.91,60.5
다사63504650,37.5181995,127.0883729,3,70.39,20.7
다사63504750,37.5272129,127.0883234,3,120.36,26.9
다사63504775,37.5294662,127.088311,3,17.67,8.1
다사63504800,37.5317196,127.0882986,3,1561.49,63.0
다사63504825,37.5339729,127.0882862,3,3864.54,92.1
다사63504850,37.5362263,127.0882738,3,1385.81,59.5
다사63504875,37.5384796,127.0882614,3,3241.1,88.4
다사63754350,37.491169,127.0913493,3,589.55,44.9
다사63754375,37.4934224,127.091337,3,2348.97,76.5
다사63754400,37.4956757,127.0913247,3,207.8,33.3
다사63754425,37.4979291,127.0913125,3,94.58,24.2
다사63754450,37.5001825,127.0913002,3,3934.91,92.6
다사63754475,37.5024358,127.0912879,3,2287.48,75.6
다사63754500,37.5046892,127.0912756,3,3280.81,88.6
다사63754525,37.5069425,127.0912633,3,1309.5,58.0
다사63754550,37.5091959,127.091251,3,2526.77,79.0
다사63754575,37.5114492,127.0912387,3,2495.87,78.8
다사63754600,37.5137026,127.0912265,3,89.39,23.5
다사63754625,37.515956,127.0912142,3,1323.42,58.8
다사63754650,37.5182093,127.0912019,3,167.22,29.4
다사63754675,37.5204627,127.0911896,3,6.49,3.2
다사63754700,37.522716,127.0911773,3,16.14,7.4
다사63754725,37.5249694,127.091165,3,225.5,34.3
다사63754750,37.5272227,127.0911527,3,20.33,10.6
다사63754775,37.5294761,127.0911404,3,869.57,50.1
다사63754800,37.5317294,127.0911281,3,18.14,9.1
다사63754825,37.5339828,127.0911158,3,1131.38,54.8
다사63754850,37.5362361,127.0911035,3,1945.97,70.4
다사63754875,37.5384894,127.0910912,3,2295.11,75.8
다사64004350,37.4911788,127.0941773,3,4.57,1.0
다사64004375,37.4934321,127.0941651,3,696.05,46.9
다사64004400,37.4956855,127.0941529,3,188.43,31.6
다사64004425,37.4979389,127.0941407,3,1388.31,59.8
다사64004450,37.5001922,127.0941285,3,2698.69,82.0
다사64004475,37.5024456,127.0941163,3,1174.83,56.0
다사64004500,37.5046989,127.0941041,3,1964.57,70.6
다사64004525,37.5069523,127.0940919,3,3610.69,89.4
다사64004550,37.5092056,127.0940797,3,4927.75,97.3
다사64004575,37.511459,127.0940675,3,2396.61,77.3
다사64004600,37.5137124,127.0940553,3,4386.45,94.8
다사64004625,37.5159657,127.0940431,3,3754.07,91.4
다사64004650,37.5182191,127.0940309,3,631.49,45.4
다사64004675,37.5204724,127.0940187,3,226.76,34.6
다사64004700,37.5227258,127.0940064,3,104.43,25.7
다사64004800,37.5317392,127.0939576,3,1215.53,56.8
다사64004825,37.5339925,127.0939454,3,311.32,36.8
다사64004850,37.5362459,127.0939332,3,1916.63,69.4
다사64004875,37.5384992,127.0939209,3,2528.44,79.3
다사64254300,37.4866817,127.0970294,3,12.64,5.9
다사64254325,37.4889351,127.0970173,3,56.29,17.5
다사64254350,37.4911884,127.0970052,3,163.0,29.1
다사64254375,37.4934418,127.0969931,3,307.08,36.5
다사64254400,37.4956952,127.096981,3,45.29,16.0
다사64254425,37.4979485,127.0969689,3,784.51,47.9
다사64254450,37.5002019,127.0969568,3,1998.23,71.1
다사64254475,37.5024553,127.0969447,3,1637.65,64.4
다사64254500,37.5047086,127.0969326,3,1694.14,65.7
다사64254525,37.506962,127.0969204,3,2858.57,84.0
다사64254550,37.5092153,127.0969083,3,448.3,41.0
다사64254575,37.5114687,127.0968962,3,2627.11,81.0
다사64254600,37.513722,127.0968841,3,643.38,46.2
다사64254625,37.5159754,127.096872,3,16.04,7.2
다사64254650,37.5182288,127.0968599,3,17.8,8.6
다사64254675,37.5204821,127.0968477,3,142.77,27.7
다사64254700,37.5227355,127.0968356,3,10.32,5.2
다사64254775,37.5294955,127.0967992,3,6.14,2.7
다사64254800,37.5317489,127.0967871,3,95.88,24.7
다사64254825,37.5340022,127.096775,3,187.56,31.1
다사64254850,37.5362556,127.0967628,3,5707.53,98.5
다사64254875,37.5385089,127.0967507,3,1073.31,53.8
다사64504300,37.4866913,127.0998572,3,23.02,11.4
다사64504325,37.4889447,127.0998452,3,5304.77,98.3
다사64504350,37.4911981,127.0998332,3,1577.39,63.2
다사64504375,37.4934514,127.0998212,3,162.42,28.9
다사64504400,37.4957048,127.0998092,3,224.43,34.1
다사64504425,37.4979581,127.0997971,3,3143.28,87.4
다사64504450,37.5002115,127.0997851,3,2618.85,80.7
다사64504475,37.5024649,127.0997731,3,2533.09,79.5
다사64504500,37.5047182,127.099761,3,3098.74,86.7
다사64504525,37.5069716,127.099749,3,974.4,52.3
다사64504550,37.509225,127.099737,3,216.96,33.8
다사64504575,37.5114783,127.0997249,3,1196.87,56.5
다사64504600,37.5137317,127.0997129,3,708.94,47.4
다사64504625,37.515985,127.0997009,3,2239.19,74.3
다사64504650,37.5182384,127.0996888,3,4714.96,96.3
다사64504675,37.5204917,127.0996768,3,23.81,11.6
다사64504700,37.5227451,127.0996648,3,17.93,8.9
다사64504725,37.5249984,127.0996527,3,6.81,3.7
다사64504750,37.5272518,127.0996407,3,37.73,14.3
다사64504775,37.5295051,127.0996286,3,66.41,20.0
다사64504850,37.5362652,127.0995925,3,127.73,27.2
다사64504875,37.5385185,127.0995804,3,3663.84,89.9
다사64754300,37.4867009,127.102685,3,1172.99,55.8
다사64754325,37.4889542,127.1026731,3,2978.03,84.9
다사64754350,37.4912076,127.1026612,3,1298.16,57.5
다사64754375,37.493461,127.1026492,3,16.83,7.9
다사64754400,37.4957143,127.1026373,3,2271.44,75.3
다사64754425,37.4979677,127.1026254,3,2308.4,76.0
다사64754450,37.5002211,127.1026134,3,2397.73,77.5
다사64754475,37.5024744,127.1026015,3,47.24,16.3
다사64754500,37.5047278,127.1025895,3,2149.24,73.3
다사64754525,37.5069811,127.1025776,3,2731.29,82.5
다사64754550,37.5092345,127.1025656,3,260.63,35.8
다사64754575,37.5114879,127.1025537,3,379.22,39.3
다사64754600,37.5137412,127.1025417,3,2254.33,74.8
다사64754625,37.5159946,127.1025298,3,1047.65,53.6
다사64754650,37.5182479,127.1025178,3,1737.87,66.4
다사64754675,37.5205013,127.1025059,3,932.08,51.9
다사64754700,37.5227546,127.1024939,3,202.72,33.1
다사64754725,37.525008,127.102482,3,67.44,20.5
다사64754825,37.5340214,127.1024341,3,38.18,14.6
다사64754850,37.5362747,127.1024222,3,49.8,16.8
다사64754875,37.5385281,127.1024102,3,6.51,3.5
다사65004300,37.4867103,127.1055128,3,531.15,43.2
다사65004325,37.4889637,127.105501,3,2467.28,78.5
다사65004350,37.4912171,127.1054891,3,5.82,2.2
다사65004375,37.4934704,127.1054773,3,852.38,49.4
다사65004400,37.4957238,127.1054654,3,2792.69,83.0
다사65004425,37.4979772,127.1054536,3,3084.73,86.2
다사65004450,37.5002305,127.1054417,3,1129.82,54.6
다사65004475,37.5024839,127.1054299,3,2649.78,81.5
다사65004500,37.5047373,127.105418,3,2400.07,77.8
다사65004525,37.5069906,127.1054061,3,2821.61,83.7
다사65004550,37.509244,127.1053943,3,1165.19,55.6
다사65004575,37.5114973,127.1053824,3,886.51,50.9
다사65004600,37.5137507,127.1053706,3,199.74,32.8
다사65004625,37.5160041,127.1053587,3,3821.16,91.9
다사65004650,37.5182574,127.1053468,3,1305.94,57.8
다사65004675,37.5205108,127.105335,3,3872.12,92.3
다사65004700,37.5227641,127.1053231,3,4.07,0.0
다사65004725,37.5250175,127.1053112,3,16.2,7.7
다사65004750,37.5272708,127.1052993,3,251.65,35.1
다사65004800,37.5317775,127.1052756,3,60.81,18.5
다사65004825,37.5340309,127.1052637,3,337.02,37.5
다사65254325,37.4889731,127.1083289,3,260.1,35.6
다사65254350,37.4912265,127.1083171,3,32.55,13.6
다사65254375,37.4934799,127.1083053,3,1661.6,65.4
다사65254400,37.4957332,127.1082936,3,75.44,21.0
다사65254425,37.4979866,127.1082818,3,7553.89,100.0
다사65254450,37.50024,127.10827,3,1831.26,67.4
다사65254475,37.5024933,127.1082583,3,1861.41,67.9
다사65254500,37.5047467,127.1082465,3,1144.81,55.3
다사65254525,37.507,127.1082347,3,3011.38,85.4
다사65254550,37.5092534,127.1082229,3,1124.45,54.3
다사65254575,37.5115068,127.1082112,3,1188.48,56.3
다사65254600,37.5137601,127.1081994,3,2223.71,74.1
다사65254625,37.5160135,127.1081876,3,4885.94,97.0
다사65254650,37.5182668,127.1081758,3,6491.24,99.8
다사65254675,37.5205202,127.108164,3,422.5,40.2
다사65254700,37.5227735,127.1081523,3,1752.66,66.7
다사65254725,37.5250269,127.1081405,3,1536.76,62.2
다사65254750,37.5272803,127.1081287,3,4527.73,95.6
다사65254775,37.5295336,127.1081169,3,187.91,31.4
다사65254800,37.531787,127.1081051,3,361.26,39.0
다사65504325,37.4889825,127.1111568,3,454.9,41.7
다사65504350,37.4912358,127.1111451,3,557.06,44.7
다사65504375,37.4934892,127.1111334,3,638.72,45.7
다사65504400,37.4957426,127.1111217,3,451.56,41.2
다사65504425,37.4979959,127.11111,3,3339.53,88.9
다사65504450,37.5002493,127.1110984,3,343.86,38.3
다사65504475,37.5025027,127.1110867,3,2175.07,73.8
다사65504500,37.504756,127.111075,3,4679.82,96.0
다사65504525,37.5070094,127.1110633,3,1405.02,60.2
다사65504550,37.5092627,127.1110516,3,1343.12,59.0
다사65504575,37.5115161,127.1110399,3,2559.02,80.0
다사65504600,37.5137695,127.1110282,3,686.85,46.7
다사65504625,37.5160228,127.1110165,3,3675.75,90.1
다사65504650,37.5182762,127.1110048,3,4427.02,95.1
다사65504675,37.5205295,127.1109931,3,862.75,49.9
다사65504700,37.5227829,127.1109814,3,4772.95,96.5
다사65504725,37.5250363,127.1109697,3,501.12,42.7
다사65504750,37.5272896,127.110958,3,339.66,37.8
다사65504775,37.529543,127.1109463,3,18.8,9.4
다사65504800,37.5317963,127.1109346,3,252.32,35.3
다사65504825,37.5340497,127.1109229,3,1935.06,70.1
다사65504850,37.536303,127.1109112,3,63.19,19.3
다사65754325,37.4889917,127.1139847,3,1919.64,69.6
다사65754350,37.4912451,127.1139731,3,537.88,43.5
다사65754375,37.4934985,127.1139615,3,1320.79,58.5
다사65754400,37.4957518,127.1139499,3,19.95,10.0
다사65754425,37.4980052,127.1139383,3,4.1,0.2
다사65754450,37.5002586,127.1139267,3,1351.37,59.3
다사65754475,37.5025119,127.1139151,3,639.77,45.9
다사65754500,37.5047653,127.1139035,3,1639.69,64.7
다사65754525,37.5070187,127.1138919,3,3087.53,86.4
다사65754550,37.509272,127.1138803,3,1089.41,54.1
다사65754575,37.5115254,127.1138686,3,5011.03,97.5
다사65754600,37.5137788,127.113857,3,1318.36,58.3
다사65754625,37.5160321,127.1138454,3,4834.02,96.8
다사65754650,37.5182855,127.1138338,3,2068.53,72.3
다사65754675,37.5205388,127.1138222,3,3683.54,90.4
다사65754700,37.5227922,127.1138106,3,860.18,49.6
다사65754725,37.5250455,127.113799,3,1867.53,68.4
다사65754750,37.5272989,127.1137874,3,10.04,4.9
다사65754775,37.5295523,127.1137757,3,2933.22,84.7
다사65754800,37.5318056,127.1137641,3,3067.44,85.9
다사65754825,37.534059,127.1137525,3,4.59,1.2
다사65754850,37.5363123,127.1137409,3,17.75,8.4
다사66004350,37.4912543,127.116801,3,3062.86,85.7
다사66004375,37.4935077,127.1167895,3,2575.68,80.2
다사66004400,37.4957611,127.116778,3,2420.45,78.0
다사66004425,37.4980144,127.1167665,3,487.96,42.2
다사66004450,37.5002678,127.116755,3,2634.24,81.2
다사66004475,37.5025212,127.1167435,3,2717.19,82.2
다사66004500,37.5047745,127.116732,3,211.51,33.6
다사66004525,37.5070279,127.1167204,3,1579.23,63.5
다사66004550,37.5092812,127.1167089,3,64.08,19.8
다사66004575,37.5115346,127.1166974,3,1895.15,69.1
다사66004600,37.513788,127.1166859,3,2606.9,80.5
다사66004650,37.5182947,127.1166628,3,59.4,18.3
다사66004675,37.520548,127.1166513,3,157.54,28.6
다사66004700,37.5228014,127.1166398,3,4235.67,94.6
다사66004725,37.5250548,127.1166282,3,306.32,36.3
다사66004750,37.5273081,127.1166167,3,1009.75,53.1
다사66004775,37.5295615,127.1166052,3,3707.87,91.1
다사66004800,37.5318148,127.1165936,3,4600.36,95.8
다사66004825,37.5340682,127.1165821,3,435.13,40.5
다사66004850,37.5363215,127.1165706,3,2058.89,71.9
다사66254350,37.4912635,127.119629,3,6.47,3.0
다사66254375,37.4935168,127.1196176,3,1477.58,61.2
다사66254400,37.4957702,127.1196062,3,112.23,26.7
다사66254425,37.4980236,127.1195947,3,3235.53,88.1
다사66254450,37.5002769,127.1195833,3,616.02,45.2
다사66254475,37.5025303,127.1195719,3,5287.2,98.0
다사66254500,37.5047837,127.1195604,3,3510.17,89.1
다사66254525,37.507037,127.119549,3,1529.11,62.0
다사66254550,37.5092904,127.1195376,3,2340.05,76.3
다사66254575,37.5115437,127.1195261,3,5055.54,97.8
다사66254600,37.5137971,127.1195147,3,1718.83,65.9
다사66254625,37.5160505,127.1195033,3,4.17,0.5
다사66254725,37.5250639,127.1194575,3,87.95,23.2
다사66254750,37.5273173,127.119446,3,976.66,52.6
다사66254775,37.5295706,127.1194346,3,27.51,12.3
다사66254800,37.531824,127.1194231,3,508.58,43.0
다사66254825,37.5340773,127.1194117,3,1443.06,61.0
다사66504375,37.4935259,127.1224457,3,846.24,49.1
다사66504400,37.4957793,127.1224343,3,5832.26,98.8
다사66504425,37.4980326,127.122423,3,796.01,48.1
다사66504450,37.500286,127.1224116,3,2161.38,73.6
다사66504475,37.5025394,127.1224003,3,2063.82,72.1
다사66504500,37.5047927,127.1223889,3,907.72,51.4
다사66504525,37.5070461,127.1223776,3,2807.54,83.5
다사66504550,37.5092995,127.1223662,3,1540.63,62.5
다사66504575,37.5115528,127.1223549,3,56.79,18.0
다사66504600,37.5138062,127.1223435,3,2121.6,73.1
다사66504625,37.5160596,127.1223322,3,143.16,27.9
다사66504650,37.5183129,127.1223208,3,50.57,17.0
다사66504725,37.525073,127.1222867,3,89.86,23.7
다사66504750,37.5273263,127.1222754,3,1265.77,57.0
다사66504775,37.5295797,127.122264,3,1513.24,61.5
다사66504800,37.5318331,127.1222526,3,1551.39,62.7
다사66754400,37.4957883,127.1252625,3,2243.78,74.6
다사66754425,37.4980416,127.1252512,3,388.4,39.5
다사66754450,37.500295,127.1252399,3,2359.37,76.8
다사66754475,37.5025484,127.1252287,3,1651.11,65.2
다사66754500,37.5048017,127.1252174,3,1887.0,68.6
다사66754525,37.5070551,127.1252062,3,12.62,5.7
다사66754550,37.5093085,127.1251949,3,484.76,42.0
다사66754575,37.5115618,127.1251836,3,3700.14,90.9
다사66754600,37.5138152,127.1251724,3,20.68,10.9
다사66754625,37.5160686,127.1251611,3,352.0,38.5
다사66754650,37.5183219,127.1251498,3,91.88,24.0
다사66754675,37.5205753,127.1251385,3,193.86,32.1
다사66754700,37.5228286,127.1251273,3,19.95,10.0
다사66754725,37.525082,127.125116,3,2258.75,75.1
다사66754750,37.5273354,127.1251047,3,3638.22,89.6
다사66754775,37.5295887,127.1250934,3,542.88,44.0
다사67004425,37.4980506,127.1280794,3,2769.29,82.7
다사67004450,37.5003039,127.1280683,3,553.94,44.4
다사67004475,37.5025573,127.1280571,3,357.89,38.8
다사67004500,37.5048107,127.1280459,3,47.53,16.5
다사67004525,37.507064,127.1280347,3,175.6,29.9
다사67004550,37.5093174,127.1280236,3,4042.0,93.3
다사67004575,37.5115708,127.1280124,3,13.76,6.7
다사67004600,37.5138241,127.1280012,3,767.09,47.7
다사67004625,37.5160775,127.12799,3,172.38,29.6
다사67004650,37.5183309,127.1279788,3,454.6,41.5
다사67004675,37.5205842,127.1279676,3,5.41,1.7
다사67004700,37.5228376,127.1279564,3,149.74,28.1
다사67004725,37.525091,127.1279453,3,83.63,22.2
다사67004750,37.5273443,127.1279341,3,76.79,21.2
다사67254475,37.5025662,127.1308855,3,6.01,2.5
다사67254500,37.5048196,127.1308744,3,1843.09,67.7
다사67254525,37.5070729,127.1308633,3,197.0,32.3
다사67254550,37.5093263,127.1308522,3,2807.15,83.2
다사67254575,37.5115797,127.1308411,3,198.27,32.6
다사67254600,37.513833,127.13083,3,185.68,30.4
다사67254625,37.5160864,127.1308189,3,53.01,17.3
다사67254650,37.5183397,127.1308078,3,1297.07,57.3
다사67254675,37.5205931,127.1307967,3,15.34,6.9
다사67254700,37.5228465,127.1307856,3,1011.89,53.3
다사67504550,37.5093351,127.1336809,3,4.36,0.7
다사67504575,37.5115885,127.1336699,3,63.24,19.5
다사67504600,37.5138418,127.1336589,3,32.12,13.3
다사67504625,37.5160952,127.1336478,3,3100.96,86.9
다사61754500,37.5046087,127.0686478,4,56.64,17.6
다사61754525,37.5068621,127.0686349,4,336.58,37.1
다사61754550,37.5091154,127.0686219,4,128.28,26.7
다사61754575,37.5113688,127.0686089,4,85.4,22.3
다사61754600,37.5136221,127.068596,4,28.69,12.4
다사61754625,37.5158755,127.068583,4,15.97,7.4
다사61754650,37.5181288,127.06857,4,78.7,21.5
다사61754675,37.5203822,127.0685571,4,12.72,6.2
다사62004450,37.5001123,127.0715021,4,1129.91,55.0
다사62004475,37.5023657,127.0714892,4,76.98,21.3
다사62004500,37.504619,127.0714763,4,87.3,22.5
다사62004525,37.5068724,127.0714634,4,30.41,12.9
다사62004550,37.5091257,127.0714505,4,28.79,12.6
다사62004575,37.5113791,127.0714377,4,340.95,37.4
다사62004600,37.5136324,127.0714248,4,4.97,1.7
다사62004625,37.5158858,127.0714119,4,186.9,30.4
다사62004650,37.5181391,127.071399,4,80.61,21.8
다사62004675,37.5203925,127.0713861,4,20.08,9.7
다사62254425,37.4978692,127.0743432,4,787.35,48.3
다사62254450,37.5001225,127.0743304,4,62.83,19.1
다사62254475,37.5023759,127.0743176,4,66.95,19.6
다사62254500,37.5046292,127.0743048,4,4152.89,93.8
다사62254525,37.5068826,127.074292,4,26.93,11.6
다사62254550,37.5091359,127.0742792,4,550.91,44.1
다사62254575,37.5113893,127.0742664,4,33.47,13.6
다사62254600,37.5136426,127.0742536,4,62.71,18.8
다사62254650,37.5181493,127.074228,4,51.12,16.6
다사62254675,37.5204027,127.0742152,4,7.51,4.0
다사62254750,37.5271627,127.0741768,4,7.42,3.7
다사62254775,37.5294161,127.0741639,4,372.38,39.1
다사62504375,37.4933726,127.0771968,4,2960.93,85.1
다사62504400,37.495626,127.0771841,4,103.76,25.5
다사62504425,37.4978793,127.0771714,4,246.92,34.9
다사62504450,37.5001327,127.0771587,4,98.4,24.3
다사62504475,37.502386,127.077146,4,945.16,51.5
다사62504500,37.5046394,127.0771332,4,12.76,6.4
다사62504525,37.5068927,127.0771205,4,2113.25,72.8
다사62504550,37.5091461,127.0771078,4,988.32,52.5
다사62504575,37.5113995,127.0770951,4,1545.6,62.1
다사62504600,37.5136528,127.0770824,4,2418.69,78.0
다사62504625,37.5159062,127.0770697,4,552.74,44.3
다사62504650,37.5181595,127.077057,4,106.36,26.0
다사62504750,37.5271729,127.0770061,4,43.73,15.1
다사62504775,37.5294262,127.0769934,4,2144.97,73.5
다사62504800,37.5316796,127.0769806,4,384.3,39.4
다사62754375,37.4933827,127.0800248,4,2021.42,71.3
다사62754400,37.4956361,127.0800122,4,306.74,35.9
다사62754425,37.4978894,127.0799996,4,9.87,4.5
다사62754450,37.5001428,127.079987,4,187.19,30.7
다사62754475,37.5023961,127.0799743,4,32.8,13.4
다사62754500,37.5046495,127.0799617,4,2892.76,84.2
다사62754525,37.5069028,127.0799491,4,970.11,52.2
다사62754550,37.5091562,127.0799365,4,1747.96,66.3
다사62754575,37.5114095,127.0799238,4,1763.67,66.8
다사62754600,37.5136629,127.0799112,4,6129.61,99.3
다사62754625,37.5159162,127.0798986,4,866.04,50.2
다사62754650,37.5181696,127.0798859,4,44.8,15.6
다사62754750,37.527183,127.0798354,4,870.82,50.5
다사62754775,37.5294363,127.0798228,4,421.18,40.1
다사62754800,37.5316897,127.0798101,4,3788.88,91.6
다사62754825,37.533943,127.0797975,4,2393.22,77.0
다사63004350,37.4911394,127.0828654,4,38.6,14.1
다사63004375,37.4933927,127.0828529,4,24.24,11.4
다사63004400,37.4956461,127.0828403,4,1405.65,59.7
다사63004425,37.4978994,127.0828278,4,190.88,32.2
다사63004450,37.5001528,127.0828153,4,100.99,25.0
다사63004475,37.5024062,127.0828027,4,5.42,2.0
다사63004500,37.5046595,127.0827902,4,1930.88,69.6
다사63004525,37.5069129,127.0827776,4,2540.32,79.7
다사63004550,37.5091662,127.0827651,4,1805.89,67.1
다사63004575,37.5114196,127.0827526,4,1807.94,67.3
다사63004600,37.5136729,127.08274,4,186.41,30.2
다사63004625,37.5159263,127.0827275,4,4175.18,94.1
다사63004650,37.5181796,127.0827149,4,21.83,10.1
다사63004750,37.527193,127.0826647,4,2879.11,83.9
다사63004775,37.5294464,127.0826522,4,3730.52,90.8
다사63004800,37.5316997,127.0826396,4,3130.08,87.4
다사63004825,37.5339531,127.0826271,4,3982.52,93.1
다사63004850,37.5362064,127.0826145,4,2010.06,71.0
다사63254325,37.488896,127.0857058,4,2722.15,82.2
다사63254350,37.4911493,127.0856934,4,1865.75,68.3
다사63254375,37.4934027,127.0856809,4,1544.28,61.9
다사63254400,37.495656,127.0856685,4,1427.28,60.6
다사63254425,37.4979094,127.085656,4,152.07,28.0
다사63254450,37.5001628,127.0856436,4,38.82,14.4
다사63254475,37.5024161,127.0856311,4,1615.0,63.9
다사63254500,37.5046695,127.0856187,4,4148.14,93.6
다사63254525,37.5069228,127.0856062,4,818.54,48.8
다사63254550,37.5091762,127.0855937,4,741.38,47.3
다사63254575,37.5114295,127.0855813,4,6050.86,99.0
다사63254600,37.5136829,127.0855688,4,4417.73,95.3
다사63254625,37.5159362,127.0855564,4,3200.32,87.9
다사63254650,37.5181896,127.0855439,4,116.6,26.2
다사63254750,37.527203,127.085494,4,19.51,9.2
다사63254775,37.5294563,127.0854816,4,800.46,48.5
다사63254800,37.5317097,127.0854691,4,1672.12,65.1
다사63254825,37.533963,127.0854566,4,499.4,42.6
다사63254850,37.5362164,127.0854442,4,1617.33,64.1
다사63504325,37.4889058,127.0885337,4,68.04,20.5
다사63504350,37.4911592,127.0885213,4,3042.25,86.1
다사63504375,37.4934126,127.088509,4,671.85,46.0
다사63504400,37.4956659,127.0884966,4,97.91,24.0
다사63504425,37.4979193,127.0884842,4,95.82,23.8
다사63504450,37.5001726,127.0884719,4,2024.84,71.5
다사63504475,37.502426,127.0884595,4,3979.53,92.8
다사63504500,37.5046794,127.0884471,4,400.06,39.9
다사63504525,37.5069327,127.0884348,4,6266.1,99.5
다사63504550,37.5091861,127.0884224,4,925.14,51.2
다사63504575,37.5114394,127.08841,4,4.41,1.0
다사63504600,37.5136928,127.0883976,4,4181.43,94.3
다사63504625,37.5159461,127.0883853,4,1414.08,60.1
다사63504650,37.5181995,127.0883729,4,69.96,20.8
다사63504750,37.5272129,127.0883234,4,136.16,27.5
다사63504775,37.5294662,127.088311,4,17.67,8.2
다사63504800,37.5317196,127.0882986,4,1565.15,62.9
다사63504825,37.5339729,127.0882862,4,3846.23,92.1
다사63504850,37.5362263,127.0882738,4,1393.99,59.4
다사63504875,37.5384796,127.0882614,4,3227.19,88.4
다사63754350,37.491169,127.0913493,4,558.47,44.6
다사63754375,37.4934224,127.091337,4,2384.14,76.7
다사63754400,37.4956757,127.0913247,4,208.07,33.4
다사63754425,37.4979291,127.0913125,4,94.36,23.5
다사63754450,37.5001825,127.0913002,4,3928.16,92.6
다사63754475,37.5024358,127.0912879,4,2290.83,75.5
다사63754500,37.5046892,127.0912756,4,3266.67,88.6
다사63754525,37.5069425,127.0912633,4,1282.3,57.2
다사63754550,37.5091959,127.091251,4,2525.67,79.5
다사63754575,37.5114492,127.0912387,4,2487.74,78.7
다사63754600,37.5137026,127.0912265,4,89.39,23.0
다사63754625,37.515956,127.0912142,4,1309.6,58.2
다사63754650,37.5182093,127.0912019,4,168.93,29.2
다사63754675,37.5204627,127.0911896,4,6.46,3.0
다사63754700,37.522716,127.0911773,4,16.09,7.7
다사63754725,37.5249694,127.091165,4,175.34,29.5
다사63754750,37.5272227,127.0911527,4,20.3,9.9
다사63754775,37.5294761,127.0911404,4,852.0,49.8
다사63754800,37.5317294,127.0911281,4,18.14,8.7
다사63754825,37.5339828,127.0911158,4,1115.62,54.5
다사63754850,37.5362361,127.0911035,4,1981.64,70.5
다사63754875,37.5384894,127.0910912,4,2367.41,76.2
다사64004350,37.4911788,127.0941773,4,4.57,1.2
다사64004375,37.4934321,127.0941651,4,696.91,46.5
다사64004400,37.4956855,127.0941529,4,188.66,31.2
다사64004425,37.4979389,127.0941407,4,1393.48,59.2
다사64004450,37.5001922,127.0941285,4,2691.7,81.4
다사64004475,37.5024456,127.0941163,4,1198.15,55.9
다사64004500,37.5046989,127.0941041,4,1934.82,70.0
다사64004525,37.5069523,127.0940919,4,3639.26,89.6
다사64004550,37.5092056,127.0940797,4,4876.83,97.0
다사64004575,37.511459,127.0940675,4,2393.46,77.2
다사64004600,37.5137124,127.0940553,4,4390.74,95.0
다사64004625,37.5159657,127.0940431,4,3774.69,91.3
다사64004650,37.5182191,127.0940309,4,638.63,45.5
다사64004675,37.5204724,127.0940187,4,221.54,34.2
다사64004700,37.5227258,127.0940064,4,99.5,24.8
다사64004800,37.5317392,127.0939576,4,1248.16,56.7
다사64004825,37.5339925,127.0939454,4,330.7,36.9
다사64004850,37.5362459,127.0939332,4,1901.63,69.3
다사64004875,37.5384992,127.0939209,4,2572.7,80.0
다사64254300,37.4866817,127.0970294,4,12.64,5.7
다사64254325,37.4889351,127.0970173,4,56.66,17.8
다사64254350,37.4911884,127.0970052,4,163.99,28.7
다사64254375,37.4934418,127.0969931,4,307.46,36.1
다사64254400,37.4956952,127.096981,4,45.77,15.8
다사64254425,37.4979485,127.0969689,4,780.09,48.0
다사64254450,37.5002019,127.0969568,4,2007.42,70.8
다사64254475,37.5024553,127.0969447,4,1646.19,64.4
다사64254500,37.5047086,127.0969326,4,1708.03,65.8
다사64254525,37.506962,127.0969204,4,2931.98,84.7
다사64254550,37.5092153,127.0969083,4,458.59,41.3
다사64254575,37.5114687,127.0968962,4,2661.33,81.2
다사64254600,37.513722,127.0968841,4,642.55,45.8
다사64254625,37.5159754,127.096872,4,19.43,8.9
다사64254650,37.5182288,127.0968599,4,14.26,6.9
다사64254675,37.5204821,127.0968477,4,142.32,27.7
다사64254700,37.5227355,127.0968356,4,10.25,4.7
다사64254775,37.5294955,127.0967992,4,6.2,2.7
다사64254800,37.5317489,127.0967871,4,106.26,25.7
다사64254825,37.5340022,127.096775,4,189.25,31.9
다사64254850,37.5362556,127.0967628,4,5689.05,98.5
다사64254875,37.5385089,127.0967507,4,1075.01,53.5
다사64504300,37.4866913,127.0998572,4,28.19,12.1
다사64504325,37.4889447,127.0998452,4,5287.11,98.3
다사64504350,37.4911981,127.0998332,4,1567.17,63.1
다사64504375,37.4934514,127.0998212,4,162.92,28.5
다사64504400,37.4957048,127.0998092,4,228.41,34.4
다사64504425,37.4979581,127.0997971,4,3143.6,87.6
다사64504450,37.5002115,127.0997851,4,2611.89,80.4
다사64504475,37.5024649,127.0997731,4,2510.96,79.2
다사64504500,37.5047182,127.099761,4,3095.84,86.9
다사64504525,37.5069716,127.099749,4,950.72,52.0
다사64504550,37.509225,127.099737,4,201.16,32.9
다사64504575,37.5114783,127.0997249,4,1204.1,56.2
다사64504600,37.5137317,127.0997129,4,722.98,47.0
다사64504625,37.515985,127.0997009,4,2272.19,74.8
다사64504650,37.5182384,127.0996888,4,4812.46,96.8
다사64504675,37.5204917,127.0996768,4,23.81,10.9
다사64504700,37.5227451,127.0996648,4,17.93,8.4
다사64504725,37.5249984,127.0996527,4,6.87,3.5
다사64504750,37.5272518,127.0996407,4,41.02,14.9
다사64504775,37.5295051,127.0996286,4,62.25,18.6
다사64504850,37.5362652,127.0995925,4,128.9,27.0
다사64504875,37.5385185,127.0995804,4,3674.97,90.1
다사64754300,37.4867009,127.102685,4,1170.95,55.4
다사64754325,37.4889542,127.1026731,4,2993.39,85.4
다사64754350,37.4912076,127.1026612,4,1301.51,57.7
다사64754375,37.493461,127.1026492,4,16.83,7.9
다사64754400,37.4957143,127.1026373,4,2277.17,75.2
다사64754425,37.4979677,127.1026254,4,2343.97,75.7
다사64754450,37.5002211,127.1026134,4,2397.22,77.5
다사64754475,37.5024744,127.1026015,4,52.43,16.8
다사64754500,37.5047278,127.1025895,4,2127.49,73.0
다사64754525,37.5069811,127.1025776,4,2714.73,81.9
다사64754550,37.5092345,127.1025656,4,270.6,35.4
다사64754575,37.5114879,127.1025537,4,363.62,38.6
다사64754600,37.5137412,127.1025417,4,2237.05,74.3
다사64754625,37.5159946,127.1025298,4,1076.14,53.7
다사64754650,37.5182479,127.1025178,4,1714.65,66.1
다사64754675,37.5205013,127.1025059,4,949.89,51.7
다사64754700,37.5227546,127.1024939,4,206.67,33.2
다사64754725,37.525008,127.102482,4,67.91,20.3
다사64754825,37.5340214,127.1024341,4,38.42,13.9
다사64754850,37.5362747,127.1024222,4,50.19,16.1
다사64754875,37.5385281,127.1024102,4,9.6,4.2
다사65004300,37.4867103,127.1055128,4,548.42,43.6
다사65004325,37.4889637,127.105501,4,2470.14,78.5
다사65004350,37.4912171,127.1054891,4,5.82,2.2
다사65004375,37.4934704,127.1054773,4,822.88,49.0
다사65004400,37.4957238,127.1054654,4,2810.36,82.9
다사65004425,37.4979772,127.1054536,4,3032.51,85.6
다사65004450,37.5002305,127.1054417,4,1107.16,54.2
다사65004475,37.5024839,127.1054299,4,2648.63,80.7
다사65004500,37.5047373,127.105418,4,2380.11,76.5
다사65004525,37.5069906,127.1054061,4,2812.92,83.4
다사65004550,37.509244,127.1053943,4,1171.83,55.7
다사65004575,37.5114973,127.1053824,4,877.97,50.7
다사65004600,37.5137507,127.1053706,4,220.98,33.9
다사65004625,37.5160041,127.1053587,4,3835.87,91.8
다사65004650,37.5182574,127.1053468,4,1329.35,58.4
다사65004675,37.5205108,127.105335,4,3873.46,92.3
다사65004700,37.5227641,127.1053231,4,4.07,0.0
다사65004725,37.5250175,127.1053112,4,12.44,5.2
다사65004750,37.5272708,127.1052993,4,245.29,34.7
다사65004800,37.5317775,127.1052756,4,61.22,18.3
다사65004825,37.5340309,127.1052637,4,322.22,36.6
다사65254325,37.4889731,127.1083289,4,285.54,35.6
다사65254350,37.4912265,127.1083171,4,40.77,14.6
다사65254375,37.4934799,127.1083053,4,1673.56,65.3
다사65254400,37.4957332,127.1082936,4,102.31,25.2
다사65254425,37.4979866,127.1082818,4,7665.97,100.0
다사65254450,37.50024,127.10827,4,1825.11,67.6
다사65254475,37.5024933,127.1082583,4,1838.96,67.8
다사65254500,37.5047467,127.1082465,4,1128.66,54.7
다사65254525,37.507,127.1082347,4,2956.7,84.9
다사65254550,37.5092534,127.1082229,4,1144.62,55.2
다사65254575,37.5115068,127.1082112,4,1209.23,56.4
다사65254600,37.5137601,127.1081994,4,2041.59,72.0
다사65254625,37.5160135,127.1081876,4,4930.77,97.3
다사65254650,37.5182668,127.1081758,4,6376.25,99.8
다사65254675,37.5205202,127.108164,4,426.27,40.3
다사65254700,37.5227735,127.1081523,4,1754.4,66.6
다사65254725,37.5250269,127.1081405,4,1557.02,62.6
다사65254750,37.5272803,127.1081287,4,4560.48,95.5
다사65254775,37.5295336,127.1081169,4,189.16,31.7
다사65254800,37.531787,127.1081051,4,348.39,37.9
다사65504325,37.4889825,127.1111568,4,456.66,41.1
다사65504350,37.4912358,127.1111451,4,569.65,44.8
다사65504375,37.4934892,127.1111334,4,699.68,46.8
다사65504400,37.4957426,127.1111217,4,462.27,41.6
다사65504425,37.4979959,127.11111,4,3330.33,88.9
다사65504450,37.5002493,127.1110984,4,345.44,37.6
다사65504475,37.5025027,127.1110867,4,2174.13,73.8
다사65504500,37.504756,127.111075,4,4695.48,96.0
다사65504525,37.5070094,127.1110633,4,1416.25,60.4
다사65504550,37.5092627,127.1110516,4,1348.11,58.7
다사65504575,37.5115161,127.1110399,4,2500.83,79.0
다사65504600,37.5137695,127.1110282,4,687.49,46.3
다사65504625,37.5160228,127.1110165,4,3660.81,89.9
다사65504650,37.5182762,127.1110048,4,4388.11,94.8
다사65504675,37.5205295,127.1109931,4,847.33,49.5
다사65504700,37.5227829,127.1109814,4,4808.4,96.5
다사65504725,37.5250363,127.1109697,4,483.7,42.1
다사65504750,37.5272896,127.110958,4,349.04,38.1
다사65504775,37.529543,127.1109463,4,21.89,10.6
다사65504800,37.5317963,127.1109346,4,254.0,35.1
다사65504825,37.5340497,127.1109229,4,1945.99,70.3
다사65504850,37.536303,127.1109112,4,63.33,19.3
다사65754325,37.4889917,127.1139847,4,1933.24,69.8
다사65754350,37.4912451,127.1139731,4,547.76,43.3
다사65754375,37.4934985,127.1139615,4,1453.69,61.1
다사65754400,37.4957518,127.1139499,4,12.65,5.9
다사65754425,37.4980052,127.1139383,4,4.1,0.2
다사65754450,37.5002586,127.1139267,4,1352.2,58.9
다사65754475,37.5025119,127.1139151,4,633.48,45.3
다사65754500,37.5047653,127.1139035,4,1661.39,64.9
다사65754525,37.5070187,127.1138919,4,3041.62,85.9
다사65754550,37.509272,127.1138803,4,1106.17,54.0
다사65754575,37.5115254,127.1138686,4,5027.49,97.5
다사65754600,37.5137788,127.113857,4,1305.91,57.9
다사65754625,37.5160321,127.1138454,4,4800.13,96.3
다사65754650,37.5182855,127.1138338,4,2070.11,72.5
다사65754675,37.5205388,127.1138222,4,3724.65,90.6
다사65754700,37.5227922,127.1138106,4,852.9,50.0
다사65754725,37.5250455,127.113799,4,1874.25,68.6
다사65754750,37.5272989,127.1137874,4,14.04,6.7
다사65754775,37.5295523,127.1137757,4,2896.0,84.4
다사65754800,37.5318056,127.1137641,4,3079.84,86.6
다사65754825,37.534059,127.1137525,4,4.59,1.5
다사65754850,37.5363123,127.1137409,4,21.86,10.4
다사66004350,37.4912543,127.116801,4,3050.03,86.4
다사66004375,37.4935077,127.1167895,4,2752.12,82.4
다사66004400,37.4957611,127.116778,4,2453.27,78.2
다사66004425,37.4980144,127.1167665,4,484.3,42.3
다사66004450,37.5002678,127.116755,4,2654.24,80.9
다사66004475,37.5025212,127.1167435,4,2707.62,81.7
다사66004500,37.5047745,127.116732,4,209.05,33.7
다사66004525,37.5070279,127.1167204,4,1592.75,63.6
다사66004550,37.5092812,127.1167089,4,67.19,19.8
다사66004575,37.5115346,127.1166974,4,1898.9,69.1
다사66004600,37.513788,127.1166859,4,2586.27,80.2
다사66004650,37.5182947,127.1166628,4,59.59,18.1
다사66004675,37.520548,127.1166513,4,180.79,30.0
다사66004700,37.5228014,127.1166398,4,4236.87,94.6
다사66004725,37.5250548,127.1166282,4,308.27,36.4
다사66004750,37.5273081,127.1166167,4,1009.35,53.0
다사66004775,37.5295615,127.1166052,4,3739.09,91.1
다사66004800,37.5318148,127.1165936,4,4598.95,95.8
다사66004825,37.5340682,127.1165821,4,436.5,40.6
다사66004850,37.5363215,127.1165706,4,2067.67,72.3
다사66254350,37.4912635,127.119629,4,6.47,3.2
다사66254375,37.4935168,127.1196176,4,1430.8,60.9
다사66254400,37.4957702,127.1196062,4,121.39,26.5
다사66254425,37.4980236,127.1195947,4,3208.96,88.1
다사66254450,37.5002769,127.1195833,4,618.34,45.0
다사66254475,37.5025303,127.1195719,4,5256.48,98.0
다사66254500,37.5047837,127.1195604,4,3491.98,89.1
다사66254525,37.507037,127.119549,4,1543.98,61.6
다사66254550,37.5092904,127.1195376,4,2352.61,76.0
다사66254575,37.5115437,127.1195261,4,5082.66,97.8
다사66254600,37.5137971,127.1195147,4,1701.7,65.6
다사66254625,37.5160505,127.1195033,4,4.17,0.5
다사66254725,37.5250639,127.1194575,4,88.28,22.8
다사66254750,37.5273173,127.119446,4,990.96,52.7
다사66254775,37.5295706,127.1194346,4,27.51,11.9
다사66254800,37.531824,127.1194231,4,506.21,42.8
다사66254825,37.5340773,127.1194117,4,1411.45,59.9
다사66504375,37.4935259,127.1224457,4,840.61,49.3
다사66504400,37.4957793,127.1224343,4,5796.68,98.8
다사66504425,37.4980326,127.122423,4,778.67,47.8
다사66504450,37.500286,127.1224116,4,2208.39,74.0
다사66504475,37.5025394,127.1224003,4,2036.72,71.8
다사66504500,37.5047927,127.1223889,4,908.76,51.0
다사66504525,37.5070461,127.1223776,4,2847.36,83.7
다사66504550,37.5092995,127.1223662,4,1548.64,62.4
다사66504575,37.5115528,127.1223549,4,53.6,17.3
다사66504600,37.5138062,127.1223435,4,2130.34,73.3
다사66504625,37.5160596,127.1223322,4,135.95,27.2
다사66504650,37.5183129,127.1223208,4,50.7,16.3
다사66504725,37.525073,127.1222867,4,90.16,23.3
다사66504750,37.5273263,127.1222754,4,1255.06,56.9
다사66504775,37.5295797,127.122264,4,1512.78,61.4
다사66504800,37.5318331,127.1222526,4,1590.58,63.4
다사66754400,37.4957883,127.1252625,4,2257.65,74.5
다사66754425,37.4980416,127.1252512,4,384.72,39.6
다사66754450,37.500295,127.1252399,4,2397.26,77.7
다사66754475,37.5025484,127.1252287,4,1648.26,64.6
다사66754500,37.5048017,127.1252174,4,1878.08,68.8
다사66754525,37.5070551,127.1252062,4,12.62,5.4
다사66754550,37.5093085,127.1251949,4,470.05,41.8
다사66754575,37.5115618,127.1251836,4,3711.01,90.3
다사66754600,37.5138152,127.1251724,4,23.88,11.1
다사66754625,37.5160686,127.1251611,4,353.13,38.4
다사66754650,37.5183219,127.1251498,4,99.35,24.5
다사66754675,37.5205753,127.1251385,4,194.47,32.4
다사66754700,37.5228286,127.1251273,4,19.97,9.4
다사66754725,37.525082,127.125116,4,2273.05,75.0
다사66754750,37.5273354,127.1251047,4,3634.68,89.4
다사66754775,37.5295887,127.1250934,4,550.73,43.8
다사67004425,37.4980506,127.1280794,4,2761.5,82.7
다사67004450,37.5003039,127.1280683,4,531.27,43.1
다사67004475,37.5025573,127.1280571,4,363.72,38.9
다사67004500,37.5048107,127.1280459,4,44.51,15.3
다사67004525,37.507064,127.1280347,4,175.6,29.7
다사67004550,37.5093174,127.1280236,4,4035.55,93.3
다사67004575,37.5115708,127.1280124,4,10.69,5.0
다사67004600,37.5138241,127.1280012,4,764.24,47.5
다사67004625,37.5160775,127.12799,4,166.73,29.0
다사67004650,37.5183309,127.1279788,4,446.68,40.8
다사67004700,37.5228376,127.1279564,4,161.48,28.2
다사67004725,37.525091,127.1279453,4,82.13,22.0
다사67004750,37.5273443,127.1279341,4,76.79,21.0
다사67254475,37.5025662,127.1308855,4,6.01,2.5
다사67254500,37.5048196,127.1308744,4,1861.51,68.1
다사67254525,37.5070729,127.1308633,4,201.1,32.7
다사67254550,37.5093263,127.1308522,4,2812.81,83.2
다사67254575,37.5115797,127.1308411,4,188.52,30.9
다사67254600,37.513833,127.13083,4,188.79,31.4
다사67254625,37.5160864,127.1308189,4,53.01,17.1
다사67254650,37.5183397,127.1308078,4,1293.04,57.4
다사67254675,37.5205931,127.1307967,4,15.34,7.2
다사67254700,37.5228465,127.1307856,4,1009.85,53.2
다사67504550,37.5093351,127.1336809,4,4.36,0.7
다사67504575,37.5115885,127.1336699,4,67.26,20.0
다사67504600,37.5138418,127.1336589,4,32.12,13.1
다사67504625,37.5160952,127.1336478,4,3099.73,87.1
다사61754500,37.5046087,127.0686478,5,58.68,18.0
다사61754525,37.5068621,127.0686349,5,370.26,38.7
다사61754550,37.5091154,127.0686219,5,133.73,27.1
다사61754575,37.5113688,127.0686089,5,90.2,22.4
다사61754600,37.5136221,127.068596,5,29.94,13.1
다사61754625,37.5158755,127.068583,5,17.14,8.4
다사61754650,37.5181288,127.06857,5,13.59,6.9
다사61754675,37.5203822,127.0685571,5,12.94,6.4
다사62004450,37.5001123,127.0715021,5,1153.96,55.2
다사62004475,37.5023657,127.0714892,5,79.74,22.2
다사62004500,37.504619,127.0714763,5,90.28,22.7
다사62004525,37.5068724,127.0714634,5,29.18,12.8
다사62004550,37.5091257,127.0714505,5,27.62,12.3
다사62004575,37.5113791,127.0714377,5,422.79,39.9
다사62004600,37.5136324,127.0714248,5,16.49,7.6
다사62004625,37.5158858,127.0714119,5,207.13,33.0
다사62004675,37.5203925,127.0713861,5,20.45,9.4
다사62254425,37.4978692,127.0743432,5,778.39,48.0
다사62254450,37.5001225,127.0743304,5,63.44,19.7
다사62254475,37.5023759,127.0743176,5,68.41,20.4
다사62254500,37.5046292,127.0743048,5,4154.55,94.1
다사62254525,37.5068826,127.074292,5,37.93,14.8
다사62254550,37.5091359,127.0742792,5,569.43,44.3
다사62254575,37.5113893,127.0742664,5,37.59,14.3
다사62254600,37.5136426,127.0742536,5,63.85,20.0
다사62254650,37.5181493,127.074228,5,45.16,16.3
다사62254675,37.5204027,127.0742152,5,7.66,3.9
다사62254750,37.5271627,127.0741768,5,7.52,3.2
다사62254775,37.5294161,127.0741639,5,421.4,39.7
다사62504375,37.4933726,127.0771968,5,2943.86,85.2
다사62504400,37.495626,127.0771841,5,100.27,24.9
다사62504425,37.4978793,127.0771714,5,249.19,34.7
다사62504450,37.5001327,127.0771587,5,99.31,24.4
다사62504475,37.502386,127.077146,5,950.24,52.0
다사62504500,37.5046394,127.0771332,5,13.39,6.7
다사62504525,37.5068927,127.0771205,5,2097.88,72.9
다사62504550,37.5091461,127.0771078,5,1000.02,52.7
다사62504575,37.5113995,127.0770951,5,1578.3,62.8
다사62504600,37.5136528,127.0770824,5,2388.06,77.3
다사62504625,37.5159062,127.0770697,5,585.89,44.6
다사62504650,37.5181595,127.077057,5,108.23,26.1
다사62504750,37.5271729,127.0770061,5,44.26,16.0
다사62504775,37.5294262,127.0769934,5,2094.77,72.7
다사62504800,37.5316796,127.0769806,5,401.79,39.2
다사62754375,37.4933827,127.0800248,5,2110.9,73.2
다사62754400,37.4956361,127.0800122,5,309.62,36.2
다사62754425,37.4978894,127.0799996,5,9.99,4.2
다사62754450,37.5001428,127.079987,5,188.92,30.5
다사62754475,37.5023961,127.0799743,5,32.83,13.8
다사62754500,37.5046495,127.0799617,5,2910.04,84.0
다사62754525,37.5069028,127.0799491,5,993.67,52.5
다사62754550,37.5091562,127.0799365,5,1729.89,66.3
다사62754575,37.5114095,127.0799238,5,1640.28,64.3
다사62754600,37.5136629,127.0799112,5,6163.69,99.3
다사62754625,37.5159162,127.0798986,5,877.76,50.7
다사62754650,37.5181696,127.0798859,5,45.6,16.5
다사62754750,37.527183,127.0798354,5,891.94,51.0
다사62754775,37.5294363,127.0798228,5,429.46,40.4
다사62754800,37.5316897,127.0798101,5,3743.36,91.4
다사62754825,37.533943,127.0797975,5,2345.77,76.8
다사63004350,37.4911394,127.0828654,5,38.6,15.0
다사63004375,37.4933927,127.0828529,5,24.24,12.1
다사63004400,37.4956461,127.0828403,5,1394.45,59.4
다사63004425,37.4978994,127.0828278,5,192.67,31.5
다사63004450,37.5001528,127.0828153,5,101.75,25.1
다사63004475,37.5024062,127.0828027,5,5.42,1.0
다사63004500,37.5046595,127.0827902,5,1935.49,70.2
다사63004525,37.5069129,127.0827776,5,2507.93,79.1
다사63004550,37.5091662,127.0827651,5,1762.04,66.7
다사63004575,37.5114196,127.0827526,5,1811.43,67.5
다사63004600,37.5136729,127.08274,5,183.39,30.0
다사63004625,37.5159263,127.0827275,5,4167.95,94.3
다사63004650,37.5181796,127.0827149,5,22.21,10.8
다사63004750,37.527193,127.0826647,5,2787.05,82.5
다사63004775,37.5294464,127.0826522,5,3695.52,91.1
다사63004800,37.5316997,127.0826396,5,3107.7,87.2
다사63004825,37.5339531,127.0826271,5,3900.08,92.6
다사63004850,37.5362064,127.0826145,5,2009.48,71.4
다사63254325,37.488896,127.0857058,5,2862.7,83.7
다사63254350,37.4911493,127.0856934,5,1856.32,68.5
다사63254375,37.4934027,127.0856809,5,1497.51,61.6
다사63254400,37.495656,127.0856685,5,1445.33,61.1
다사63254425,37.4979094,127.085656,5,153.53,28.3
다사63254450,37.5001628,127.0856436,5,38.82,15.3
다사63254475,37.5024161,127.0856311,5,1619.34,63.5
다사63254500,37.5046695,127.0856187,5,4089.45,93.6
다사63254525,37.5069228,127.0856062,5,842.91,49.5
다사63254550,37.5091762,127.0855937,5,758.17,47.0
다사63254575,37.5114295,127.0855813,5,6047.95,99.0
다사63254600,37.5136829,127.0855688,5,4421.06,95.1
다사63254625,37.5159362,127.0855564,5,3194.54,88.2
다사63254650,37.5181896,127.0855439,5,144.63,27.8
다사63254750,37.527203,127.085494,5,23.26,11.1
다사63254775,37.5294563,127.0854816,5,841.09,49.3
다사63254800,37.5317097,127.0854691,5,1685.03,65.5
다사63254825,37.533963,127.0854566,5,515.42,42.9
다사63254850,37.5362164,127.0854442,5,1724.19,66.0
다사63504325,37.4889058,127.0885337,5,73.41,21.4
다사63504350,37.4911592,127.0885213,5,3074.2,86.5
다사63504375,37.4934126,127.088509,5,684.52,46.3
다사63504400,37.4956659,127.0884966,5,99.34,24.6
다사63504425,37.4979193,127.0884842,5,96.75,24.1
다사63504450,37.5001726,127.0884719,5,2004.9,71.2
다사63504475,37.502426,127.0884595,5,4009.77,93.1
다사63504500,37.5046794,127.0884471,5,406.54,39.4
다사63504525,37.5069327,127.0884348,5,6297.49,99.8
다사63504550,37.5091861,127.0884224,5,943.2,51.7
다사63504575,37.5114394,127.08841,5,16.75,7.9
다사63504600,37.5136928,127.0883976,5,4098.14,93.8
다사63504625,37.5159461,127.0883853,5,1458.9,61.3
다사63504650,37.5181995,127.0883729,5,71.18,21.2
다사63504750,37.5272129,127.0883234,5,143.17,27.3
다사63504775,37.5294662,127.088311,5,10.54,4.9
다사63504800,37.5317196,127.0882986,5,1566.51,62.3
다사63504825,37.5339729,127.0882862,5,3868.94,92.4
다사63504850,37.5362263,127.0882738,5,1401.72,59.9
다사63504875,37.5384796,127.0882614,5,3273.41,88.7
다사63754325,37.4889157,127.0913616,5,4.08,0.2
다사63754350,37.491169,127.0913493,5,544.99,43.6
다사63754375,37.4934224,127.091337,5,2334.86,76.4
다사63754400,37.4956757,127.0913247,5,211.97,33.3
다사63754425,37.4979291,127.0913125,5,94.97,23.9
다사63754450,37.5001825,127.0913002,5,3863.39,92.1
다사63754475,37.5024358,127.0912879,5,2290.78,74.9
다사63754500,37.5046892,127.0912756,5,3247.18,88.4
다사63754525,37.5069425,127.0912633,5,1286.7,57.4
다사63754550,37.5091959,127.091251,5,2543.22,79.8
다사63754575,37.5114492,127.0912387,5,2502.28,78.8
다사63754600,37.5137026,127.0912265,5,104.79,25.9
다사63754625,37.515956,127.0912142,5,1301.57,57.6
다사63754650,37.5182093,127.0912019,5,184.16,30.3
다사63754675,37.5204627,127.0911896,5,6.55,2.5
다사63754700,37.522716,127.0911773,5,16.39,7.4
다사63754725,37.5249694,127.091165,5,174.16,29.3
다사63754750,37.5272227,127.0911527,5,20.62,9.9
다사63754775,37.5294761,127.0911404,5,819.71,48.8
다사63754800,37.5317294,127.0911281,5,21.79,10.1
다사63754825,37.5339828,127.0911158,5,1134.34,54.7
다사63754850,37.5362361,127.0911035,5,1978.07,70.9
다사63754875,37.5384894,127.0910912,5,2314.37,75.9
다사64004350,37.4911788,127.0941773,5,4.57,0.7
다사64004375,37.4934321,127.0941651,5,710.03,46.6
다사64004400,37.4956855,127.0941529,5,192.21,31.0
다사64004425,37.4979389,127.0941407,5,1407.64,60.3
다사64004450,37.5001922,127.0941285,5,2658.45,81.3
다사64004475,37.5024456,127.0941163,5,1191.63,55.7
다사64004500,37.5046989,127.0941041,5,1895.22,69.2
다사64004525,37.5069523,127.0940919,5,3690.61,90.6
다사64004550,37.5092056,127.0940797,5,4854.33,96.8
다사64004575,37.511459,127.0940675,5,2390.59,77.6
다사64004600,37.5137124,127.0940553,5,4369.76,94.8
다사64004625,37.5159657,127.0940431,5,3759.37,91.6
다사64004650,37.5182191,127.0940309,5,636.25,45.6
다사64004675,37.5204724,127.0940187,5,228.6,33.7
다사64004700,37.5227258,127.0940064,5,92.27,23.4
다사64004800,37.5317392,127.0939576,5,1260.94,56.9
다사64004825,37.5339925,127.0939454,5,349.45,37.7
다사64004850,37.5362459,127.0939332,5,1960.87,70.4
다사64004875,37.5384992,127.0939209,5,2621.84,80.8
다사64254300,37.4866817,127.0970294,5,12.64,6.2
다사64254325,37.4889351,127.0970173,5,60.75,18.7
다사64254350,37.4911884,127.0970052,5,175.86,29.6
다사64254375,37.4934418,127.0969931,5,313.25,36.5
다사64254400,37.4956952,127.096981,5,46.83,16.7
다사64254425,37.4979485,127.0969689,5,772.49,47.8
다사64254450,37.5002019,127.0969568,5,2017.86,71.9
다사64254475,37.5024553,127.0969447,5,1678.66,65.3
다사64254500,37.5047086,127.0969326,5,1669.11,64.8
다사64254525,37.506962,127.0969204,5,2982.65,85.5
다사64254550,37.5092153,127.0969083,5,457.84,41.1
다사64254575,37.5114687,127.0968962,5,2695.29,81.5
다사64254600,37.513722,127.0968841,5,652.22,45.8
다사64254625,37.5159754,127.096872,5,23.43,11.3
다사64254650,37.5182288,127.0968599,5,21.94,10.6
다사64254675,37.5204821,127.0968477,5,145.56,28.1
다사64254700,37.5227355,127.0968356,5,10.52,4.7
다사64254775,37.5294955,127.0967992,5,6.27,2.0
다사64254800,37.5317489,127.0967871,5,76.31,21.9
다사64254825,37.5340022,127.096775,5,193.18,31.8
다사64254850,37.5362556,127.0967628,5,5655.96,98.5
다사64254875,37.5385089,127.0967507,5,1085.06,53.7
다사64504300,37.4866913,127.0998572,5,31.67,13.3
다사64504325,37.4889447,127.0998452,5,5397.05,98.3
다사64504350,37.4911981,127.0998332,5,1571.73,62.6
다사64504375,37.4934514,127.0998212,5,169.79,28.6
다사64504400,37.4957048,127.0998092,5,229.76,34.2
다사64504425,37.4979581,127.0997971,5,3131.79,87.7
다사64504450,37.5002115,127.0997851,5,2568.83,80.0
다사64504475,37.5024649,127.0997731,5,2501.56,78.6
다사64504500,37.5047182,127.099761,5,3076.4,86.9
다사64504525,37.5069716,127.099749,5,897.86,51.2
다사64504550,37.509225,127.099737,5,193.42,32.0
다사64504575,37.5114783,127.0997249,5,1214.81,56.4
다사64504600,37.5137317,127.0997129,5,786.45,48.3
다사64504625,37.515985,127.0997009,5,2307.26,75.6
다사64504650,37.5182384,127.0996888,5,4838.92,96.6
다사64504675,37.5204917,127.0996768,5,23.81,11.6
다사64504700,37.5227451,127.0996648,5,19.91,9.1
다사64504725,37.5249984,127.0996527,5,6.97,2.7
다사64504750,37.5272518,127.0996407,5,34.85,14.0
다사64504775,37.5295051,127.0996286,5,58.82,18.2
다사64504850,37.5362652,127.0995925,5,131.54,26.8
다사64504875,37.5385185,127.0995804,5,3660.13,89.7
다사64754300,37.4867009,127.102685,5,1217.45,56.7
다사64754325,37.4889542,127.1026731,5,3065.54,86.2
다사64754350,37.4912076,127.1026612,5,1301.8,57.9
다사64754375,37.493461,127.1026492,5,16.83,8.1
다사64754400,37.4957143,127.1026373,5,2294.48,75.4
다사64754425,37.4979677,127.1026254,5,2284.26,74.6
다사64754450,37.5002211,127.1026134,5,2511.42,79.3
다사64754475,37.5024744,127.1026015,5,59.55,18.5
다사64754500,37.5047278,127.1025895,5,2119.35,73.4
다사64754525,37.5069811,127.1025776,5,2702.63,82.0
다사64754550,37.5092345,127.1025656,5,283.37,35.7
다사64754575,37.5114879,127.1025537,5,361.91,38.2
다사64754600,37.5137412,127.1025417,5,2292.6,75.1
다사64754625,37.5159946,127.1025298,5,1128.21,54.4
다사64754650,37.5182479,127.1025178,5,1778.8,67.0
다사64754675,37.5205013,127.1025059,5,961.03,52.2
다사64754700,37.5227546,127.1024939,5,196.87,32.5
다사64754725,37.525008,127.102482,5,69.01,20.7
다사64754825,37.5340214,127.1024341,5,39.07,15.5
다사64754850,37.5362747,127.1024222,5,51.08,17.2
다사64754875,37.5385281,127.1024102,5,6.51,2.2
다사65004300,37.4867103,127.1055128,5,873.5,50.5
다사65004325,37.4889637,127.105501,5,2462.19,78.1
다사65004350,37.4912171,127.1054891,5,5.82,1.5
다사65004375,37.4934704,127.1054773,5,743.8,46.8
다사65004400,37.4957238,127.1054654,5,2821.58,83.3
다사65004425,37.4979772,127.1054536,5,2937.59,85.0
다사65004450,37.5002305,127.1054417,5,1117.2,54.2
다사65004475,37.5024839,127.1054299,5,2598.21,80.5
다사65004500,37.5047373,127.105418,5,2406.53,77.8
다사65004525,37.5069906,127.1054061,5,2830.25,83.5
다사65004550,37.509244,127.1053943,5,1195.81,55.9
다사65004575,37.5114973,127.1053824,5,869.36,50.2
다사65004600,37.5137507,127.1053706,5,275.61,35.2
다사65004625,37.5160041,127.1053587,5,3863.16,91.9
다사65004650,37.5182574,127.1053468,5,1366.07,58.6
다사65004675,37.5205108,127.105335,5,3906.94,92.9
다사65004700,37.5227641,127.1053231,5,1880.02,69.0
다사65004725,37.5250175,127.1053112,5,12.44,5.7
다사65004750,37.5272708,127.1052993,5,229.53,34.0
다사65004800,37.5317775,127.1052756,5,62.24,19.2
다사65004825,37.5340309,127.1052637,5,343.79,37.4
다사65254325,37.4889731,127.1083289,5,309.32,36.0
다사65254350,37.4912265,127.1083171,5,57.82,17.7
다사65254375,37.4934799,127.1083053,5,1798.57,67.2
다사65254400,37.4957332,127.1082936,5,112.77,26.4
다사65254425,37.4979866,127.1082818,5,7701.6,100.0
다사65254450,37.50024,127.10827,5,1824.02,67.7
다사65254475,37.5024933,127.1082583,5,1737.52,66.5
다사65254500,37.5047467,127.1082465,5,1188.68,55.4
다사65254525,37.507,127.1082347,5,2929.09,84.7
다사65254550,37.5092534,127.1082229,5,1149.65,54.9
다사65254575,37.5115068,127.1082112,5,1204.61,56.2
다사65254600,37.5137601,127.1081994,5,1971.09,70.7
다사65254625,37.5160135,127.1081876,5,4958.58,97.3
다사65254650,37.5182668,127.1081758,5,6274.68,99.5
다사65254675,37.5205202,127.108164,5,449.16,40.9
다사65254725,37.5250269,127.1081405,5,1625.39,64.0
다사65254750,37.5272803,127.1081287,5,4918.96,97.0
다사65254775,37.5295336,127.1081169,5,192.31,31.3
다사65254800,37.531787,127.1081051,5,331.68,36.9
다사65254825,37.5340403,127.1080933,5,4.01,0.0
다사65504325,37.4889825,127.1111568,5,463.43,41.6
다사65504350,37.4912358,127.1111451,5,586.39,44.8
다사65504375,37.4934892,127.1111334,5,799.85,48.5
다사65504400,37.4957426,127.1111217,5,476.21,42.1
다사65504425,37.4979959,127.11111,5,3346.88,88.9
다사65504450,37.5002493,127.1110984,5,354.68,37.9
다사65504475,37.5025027,127.1110867,5,2182.36,73.9
다사65504500,37.504756,127.111075,5,4674.57,95.8
다사65504525,37.5070094,127.1110633,5,1397.92,59.6
다사65504550,37.5092627,127.1110516,5,1327.59,58.4
다사65504575,37.5115161,127.1110399,5,2498.84,78.3
다사65504600,37.5137695,127.1110282,5,657.95,46.1
다사65504625,37.5160228,127.1110165,5,3661.13,89.9
다사65504650,37.5182762,127.1110048,5,4443.99,95.3
다사65504675,37.5205295,127.1109931,5,826.95,49.0
다사65504700,37.5227829,127.1109814,5,4806.62,96.3
다사65504725,37.5250363,127.1109697,5,479.53,42.4
다사65504750,37.5272896,127.110958,5,336.77,37.2
다사65504775,37.529543,127.1109463,5,21.89,10.3
다사65504800,37.5317963,127.1109346,5,258.2,35.0
다사65504825,37.5340497,127.1109229,5,1934.97,70.0
다사65504850,37.536303,127.1109112,5,64.37,20.2
다사65754325,37.4889917,127.1139847,5,1911.44,69.7
다사65754350,37.4912451,127.1139731,5,562.6,44.1
다사65754375,37.4934985,127.1139615,5,1438.68,60.8
다사65754400,37.4957518,127.1139499,5,28.89,12.6
다사65754425,37.4980052,127.1139383,5,4.1,0.5
다사65754450,37.5002586,127.1139267,5,1367.33,58.9
다사65754475,37.5025119,127.1139151,5,625.05,45.1
다사65754500,37.5047653,127.1139035,5,1664.51,64.5
다사65754525,37.5070187,127.1138919,5,3032.61,85.7
다사65754550,37.509272,127.1138803,5,1096.45,53.9
다사65754575,37.5115254,127.1138686,5,4999.85,97.5
다사65754600,37.5137788,127.113857,5,1312.6,58.1
다사65754625,37.5160321,127.1138454,5,4795.2,96.1
다사65754650,37.5182855,127.1138338,5,2017.38,71.7
다사65754675,37.5205388,127.1138222,5,3671.4,90.1
다사65754700,37.5227922,127.1138106,5,845.46,49.8
다사65754725,37.5250455,127.113799,5,1837.93,68.0
다사65754750,37.5272989,127.1137874,5,10.04,4.4
다사65754775,37.5295523,127.1137757,5,2927.71,84.5
다사65754800,37.5318056,127.1137641,5,3048.45,86.0
다사65754825,37.534059,127.1137525,5,7.42,3.0
다사65754850,37.5363123,127.1137409,5,18.61,8.9
다사66004350,37.4912543,127.116801,5,3074.98,86.7
다사66004375,37.4935077,127.1167895,5,2913.06,84.2
다사66004400,37.4957611,127.116778,5,2513.84,79.6
다사66004425,37.4980144,127.1167665,5,475.83,41.9
다사66004450,37.5002678,127.116755,5,2648.68,81.0
다사66004475,37.5025212,127.1167435,5,2697.48,81.8
다사66004500,37.5047745,127.116732,5,212.61,33.5
다사66004525,37.5070279,127.1167204,5,1624.06,63.8
다사66004550,37.5092812,127.1167089,5,73.55,21.7
다사66004575,37.5115346,127.1166974,5,1898.63,69.5
다사66004600,37.513788,127.1166859,5,2571.65,80.3
다사66004625,37.5160413,127.1166743,5,11.83,5.4
다사66004650,37.5182947,127.1166628,5,61.47,19.0
다사66004675,37.520548,127.1166513,5,282.94,35.5
다사66004700,37.5228014,127.1166398,5,4213.89,94.6
다사66004725,37.5250548,127.1166282,5,313.73,36.7
다사66004750,37.5273081,127.1166167,5,1036.09,53.0
다사66004775,37.5295615,127.1166052,5,3679.69,90.4
다사66004800,37.5318148,127.1165936,5,4595.13,95.6
다사66004825,37.5340682,127.1165821,5,426.18,40.1
다사66004850,37.5363215,127.1165706,5,2079.93,72.4
다사66254350,37.4912635,127.119629,5,7.64,3.7
다사66254375,37.4935168,127.1196176,5,1430.01,60.6
다사66254400,37.4957702,127.1196062,5,127.92,26.6
다사66254425,37.4980236,127.1195947,5,3165.94,87.9
다사66254450,37.5002769,127.1195833,5,631.12,45.3
다사66254475,37.5025303,127.1195719,5,5232.76,98.0
다사66254500,37.5047837,127.1195604,5,3496.7,89.2
다사66254525,37.507037,127.119549,5,1509.24,61.8
다사66254550,37.5092904,127.1195376,5,2339.45,76.6
다사66254575,37.5115437,127.1195261,5,5040.62,97.8
다사66254600,37.5137971,127.1195147,5,1712.85,65.8
다사66254625,37.5160505,127.1195033,5,7.6,3.4
다사66254725,37.5250639,127.1194575,5,90.82,22.9
다사66254750,37.5273173,127.119446,5,1063.29,53.4
다사66254775,37.5295706,127.1194346,5,41.19,15.8
다사66254800,37.531824,127.1194231,5,517.3,43.1
다사66254825,37.5340773,127.1194117,5,1405.96,60.1
다사66504375,37.4935259,127.1224457,5,863.86,50.0
다사66504400,37.4957793,127.1224343,5,5859.23,98.8
다사66504425,37.4980326,127.122423,5,760.04,47.3
다사66504450,37.500286,127.1224116,5,2190.94,74.1
다사66504475,37.5025394,127.1224003,5,2041.86,72.2
다사66504500,37.5047927,127.1223889,5,917.52,51.5
다사66504525,37.5070461,127.1223776,5,2809.64,82.8
다사66504550,37.5092995,127.1223662,5,1603.77,63.1
다사66504575,37.5115528,127.1223549,5,49.9,17.0
다사66504600,37.5138062,127.1223435,5,2125.12,73.6
다사66504625,37.5160596,127.1223322,5,143.27,27.6
다사66504650,37.5183129,127.1223208,5,52.29,17.5
다사66504725,37.525073,127.1222867,5,92.96,23.6
다사66504750,37.5273263,127.1222754,5,1279.43,57.1
다사66504775,37.5295797,127.122264,5,1520.47,62.1
다사66504800,37.5318331,127.1222526,5,1614.94,63.3
다사66754400,37.4957883,127.1252625,5,2325.44,76.1
다사66754425,37.4980416,127.1252512,5,385.57,38.9
다사66754450,37.500295,127.1252399,5,2385.2,77.1
다사66754475,37.5025484,127.1252287,5,1677.97,65.0
다사66754500,37.5048017,127.1252174,5,1858.24,68.7
다사66754525,37.5070551,127.1252062,5,12.62,5.9
다사66754550,37.5093085,127.1251949,5,486.45,42.6
다사66754575,37.5115618,127.1251836,5,3694.51,90.9
다사66754600,37.5138152,127.1251724,5,23.91,11.8
다사66754625,37.5160686,127.1251611,5,364.18,38.4
다사66754650,37.5183219,127.1251498,5,103.06,25.4
다사66754675,37.5205753,127.1251385,5,200.59,32.8
다사66754700,37.5228286,127.1251273,5,20.61,9.6
다사66754725,37.525082,127.125116,5,2250.78,74.4
다사66754750,37.5273354,127.1251047,5,3652.24,89.4
다사66754775,37.5295887,127.1250934,5,543.59,43.3
다사67004425,37.4980506,127.1280794,5,2747.28,82.3
다사67004450,37.5003039,127.1280683,5,547.08,43.8
다사67004475,37.5025573,127.1280571,5,437.11,40.6
다사67004500,37.5048107,127.1280459,5,37.71,14.5
다사67004525,37.507064,127.1280347,5,196.47,32.3
다사67004550,37.5093174,127.1280236,5,4041.17,93.3
다사67004575,37.5115708,127.1280124,5,17.98,8.6
다사67004600,37.5138241,127.1280012,5,760.29,47.5
다사67004625,37.5160775,127.12799,5,189.13,30.8
다사67004650,37.5183309,127.1279788,5,459.58,41.4
다사67004675,37.5205842,127.1279676,5,5.71,1.2
다사67004700,37.5228376,127.1279564,5,170.5,28.8
다사67004725,37.525091,127.1279453,5,103.24,25.6
다사67004750,37.5273443,127.1279341,5,91.82,23.2
다사67254475,37.5025662,127.1308855,5,6.01,1.7
다사67254500,37.5048196,127.1308744,5,1855.82,68.2
다사67254525,37.5070729,127.1308633,5,236.42,34.5
다사67254550,37.5093263,127.1308522,5,2816.06,83.0
다사67254575,37.5115797,127.1308411,5,179.77,29.8
다사67254600,37.513833,127.13083,5,170.81,29.1
다사67254625,37.5160864,127.1308189,5,63.39,19.5
다사67254650,37.5183397,127.1308078,5,1372.51,59.1
다사67254675,37.5205931,127.1307967,5,15.34,7.1
다사67254700,37.5228465,127.1307856,5,1036.55,53.2
다사67504550,37.5093351,127.1336809,5,10.78,5.2
다사67504575,37.5115885,127.1336699,5,70.28,20.9
다사67504600,37.5138418,127.1336589,5,32.12,13.5
다사67504625,37.5160952,127.1336478,5,3108.26,87.4
다사61754500,37.5046087,127.0686478,6,66.51,18.9
다사61754525,37.5068621,127.0686349,6,459.6,38.8
다사61754550,37.5091154,127.0686219,6,153.7,27.8
다사61754575,37.5113688,127.0686089,6,110.7,24.8
다사61754600,37.5136221,127.068596,6,35.15,13.3
다사61754625,37.5158755,127.068583,6,58.17,18.4
다사61754650,37.5181288,127.06857,6,12.89,4.7
다사61754675,37.5203822,127.0685571,6,14.24,5.2
다사62004450,37.5001123,127.0715021,6,1173.21,54.3
다사62004475,37.5023657,127.0714892,6,89.16,22.4
다사62004500,37.504619,127.0714763,6,95.12,22.9
다사62004525,37.5068724,127.0714634,6,29.22,10.8
다사62004550,37.5091257,127.0714505,6,39.98,14.5
다사62004575,37.5113791,127.0714377,6,433.01,38.6
다사62004600,37.5136324,127.0714248,6,52.63,16.2
다사62004625,37.5158858,127.0714119,6,395.86,37.1
다사62004650,37.5181391,127.071399,6,14.66,5.4
다사62004675,37.5203925,127.0713861,6,22.49,8.1
다사62254425,37.4978692,127.0743432,6,821.22,48.2
다사62254450,37.5001225,127.0743304,6,67.55,19.2
다사62254475,37.5023759,127.0743176,6,72.88,20.6
다사62254500,37.5046292,127.0743048,6,4184.96,94.1
다사62254525,37.5068826,127.074292,6,57.11,17.7
다사62254550,37.5091359,127.0742792,6,600.09,43.5
다사62254575,37.5113893,127.0742664,6,53.95,16.5
다사62254600,37.5136426,127.0742536,6,70.22,20.4
다사62254625,37.515896,127.0742408,6,649.79,44.2
다사62254650,37.5181493,127.074228,6,86.24,22.1
다사62254675,37.5204027,127.0742152,6,8.4,3.2
다사62254750,37.5271627,127.0741768,6,7.82,2.2
다사62254775,37.5294161,127.0741639,6,500.57,40.5
다사62504375,37.4933726,127.0771968,6,3270.93,88.2
다사62504400,37.495626,127.0771841,6,74.19,21.0
다사62504425,37.4978793,127.0771714,6,265.44,34.4
다사62504450,37.5001327,127.0771587,6,6.74,1.2
다사62504475,37.502386,127.077146,6,967.18,51.8
다사62504500,37.5046394,127.0771332,6,29.76,11.1
다사62504525,37.5068927,127.0771205,6,2133.33,73.5
다사62504550,37.5091461,127.0771078,6,980.98,52.1
다사62504575,37.5113995,127.0770951,6,1604.41,62.2
다사62504600,37.5136528,127.0770824,6,2365.16,76.4
다사62504625,37.5159062,127.0770697,6,835.52,48.6
다사62504650,37.5181595,127.077057,6,119.09,25.3
다사62504750,37.5271729,127.0770061,6,46.17,15.5
다사62504775,37.5294262,127.0769934,6,2088.71,72.7
다사62504800,37.5316796,127.0769806,6,411.38,38.1
다사62754375,37.4933827,127.0800248,6,2210.16,74.2
다사62754400,37.4956361,127.0800122,6,329.78,35.4
다사62754425,37.4978894,127.0799996,6,10.62,3.4
다사62754450,37.5001428,127.079987,6,201.22,30.2
다사62754475,37.5023961,127.0799743,6,34.91,12.8
다사62754500,37.5046495,127.0799617,6,2930.79,84.5
다사62754525,37.5069028,127.0799491,6,998.21,52.6
다사62754550,37.5091562,127.0799365,6,1716.95,65.1
다사62754575,37.5114095,127.0799238,6,1707.34,64.9
다사62754600,37.5136629,127.0799112,6,6273.76,99.3
다사62754625,37.5159162,127.0798986,6,910.14,50.9
다사62754650,37.5181696,127.0798859,6,50.19,16.0
다사62754750,37.527183,127.0798354,6,887.39,49.9
다사62754775,37.5294363,127.0798228,6,406.09,37.8
다사62754800,37.5316897,127.0798101,6,3759.32,91.6
다사62754825,37.533943,127.0797975,6,2279.81,74.4
다사63004350,37.4911394,127.0828654,6,34.69,12.5
다사63004375,37.4933927,127.0828529,6,35.5,13.5
다사63004400,37.4956461,127.0828403,6,1382.01,58.5
다사63004425,37.4978994,127.0828278,6,205.22,31.0
다사63004450,37.5001528,127.0828153,6,108.25,24.3
다사63004500,37.5046595,127.0827902,6,1943.0,69.3
다사63004525,37.5069129,127.0827776,6,2463.23,77.6
다사63004550,37.5091662,127.0827651,6,1772.21,65.6
다사63004575,37.5114196,127.0827526,6,1938.06,69.0
다사63004600,37.5136729,127.08274,6,211.69,32.2
다사63004625,37.5159263,127.0827275,6,4106.49,93.9
다사63004650,37.5181796,127.0827149,6,24.43,8.8
다사63004750,37.527193,127.0826647,6,2784.79,82.3
다사63004775,37.5294464,127.0826522,6,3580.24,89.4
다사63004800,37.5316997,127.0826396,6,3140.79,86.5
다사63004825,37.5339531,127.0826271,6,3865.73,92.4
다사63004850,37.5362064,127.0826145,6,2055.73,71.7
다사63254325,37.488896,127.0857058,6,3486.84,89.2
다사63254350,37.4911493,127.0856934,6,1832.82,66.6
다사63254375,37.4934027,127.0856809,6,1460.86,59.5
다사63254400,37.495656,127.0856685,6,1459.04,59.2
다사63254425,37.4979094,127.085656,6,163.52,28.3
다사63254450,37.5001628,127.0856436,6,39.15,14.3
다사63254475,37.5024161,127.0856311,6,1611.61,62.4
다사63254500,37.5046695,127.0856187,6,4201.66,94.3
다사63254525,37.5069228,127.0856062,6,833.92,48.4
다사63254550,37.5091762,127.0855937,6,801.73,47.7
다사63254575,37.5114295,127.0855813,6,6183.97,98.8
다사63254600,37.5136829,127.0855688,6,4307.92,94.8
다사63254625,37.5159362,127.0855564,6,3160.3,87.0
다사63254650,37.5181896,127.0855439,6,166.94,28.5
다사63254750,37.527203,127.085494,6,30.87,11.8
다사63254775,37.5294563,127.0854816,6,861.86,49.1
다사63254800,37.5317097,127.0854691,6,1650.39,63.4
다사63254825,37.533963,127.0854566,6,531.56,42.0
다사63254850,37.5362164,127.0854442,6,1776.63,65.8
다사63504325,37.4889058,127.0885337,6,136.93,26.5
다사63504350,37.4911592,127.0885213,6,3103.9,86.2
다사63504375,37.4934126,127.088509,6,747.86,46.2
다사63504400,37.4956659,127.0884966,6,107.45,24.1
다사63504425,37.4979193,127.0884842,6,103.23,23.8
다사63504450,37.5001726,127.0884719,6,1973.54,70.5
다사63504475,37.502426,127.0884595,6,3948.64,92.9
다사63504500,37.5046794,127.0884471,6,484.98,40.0
다사63504525,37.5069327,127.0884348,6,6278.09,99.5
다사63504550,37.5091861,127.0884224,6,880.55,49.6
다사63504575,37.5114394,127.08841,6,56.51,17.2
다사63504600,37.5136928,127.0883976,6,4036.21,93.4
다사63504625,37.5159461,127.0883853,6,1646.18,63.1
다사63504650,37.5181995,127.0883729,6,13.74,4.9
다사63504750,37.5272129,127.0883234,6,134.53,26.3
다사63504775,37.5294662,127.088311,6,10.63,3.7
다사63504800,37.5317196,127.0882986,6,1587.55,61.7
다사63504825,37.5339729,127.0882862,6,3846.52,92.1
다사63504850,37.5362263,127.0882738,6,1504.77,60.7
다사63504875,37.5384796,127.0882614,6,3300.31,88.5
다사63754325,37.4889157,127.0913616,6,4.11,0.0
다사63754350,37.491169,127.0913493,6,526.65,41.8
다사63754375,37.4934224,127.091337,6,2353.68,75.7
다사63754400,37.4956757,127.0913247,6,7.98,2.9
다사63754425,37.4979291,127.0913125,6,98.34,23.1
다사63754450,37.5001825,127.0913002,6,3804.18,91.9
다사63754475,37.5024358,127.0912879,6,2354.29,75.9
다사63754500,37.5046892,127.0912756,6,3197.73,87.7
다사63754525,37.5069425,127.0912633,6,1315.12,56.8
다사63754550,37.5091959,127.091251,6,2604.12,79.9
다사63754575,37.5114492,127.0912387,6,2501.65,78.4
다사63754600,37.5137026,127.0912265,6,126.41,25.8
다사63754625,37.515956,127.0912142,6,1364.87,57.2
다사63754650,37.5182093,127.0912019,6,222.73,33.4
다사63754675,37.5204627,127.0911896,6,7.08,1.7
다사63754700,37.522716,127.0911773,6,18.01,6.4
다사63754725,37.5249694,127.091165,6,149.2,27.0
다사63754750,37.5272227,127.0911527,6,21.85,7.6
다사63754775,37.5294761,127.0911404,6,812.14,47.9
다사63754800,37.5317294,127.0911281,6,21.98,7.9
다사63754825,37.5339828,127.0911158,6,1191.13,54.5
다사63754850,37.5362361,127.0911035,6,1921.75,68.8
다사63754875,37.5384894,127.0910912,6,2405.35,76.9
다사64004350,37.4911788,127.0941773,6,109.24,24.6
다사64004375,37.4934321,127.0941651,6,775.76,46.4
다사64004400,37.4956855,127.0941529,6,210.02,31.4
다사64004425,37.4979389,127.0941407,6,1464.68,60.0
다사64004450,37.5001922,127.0941285,6,2646.54,80.8
다사64004475,37.5024456,127.0941163,6,1212.89,55.0
다사64004500,37.5046989,127.0941041,6,1871.35,67.8
다사64004525,37.5069523,127.0940919,6,3683.61,90.7
다사64004550,37.5092056,127.0940797,6,4825.41,96.6
다사64004575,37.511459,127.0940675,6,2496.18,78.1
다사64004600,37.5137124,127.0940553,6,4279.87,94.6
다사64004625,37.5159657,127.0940431,6,3651.39,89.7
다사64004650,37.5182191,127.0940309,6,673.81,45.2
다사64004675,37.5204724,127.0940187,6,248.51,34.2
다사64004700,37.5227258,127.0940064,6,89.97,22.6
다사64004800,37.5317392,127.0939576,6,1343.33,57.0
다사64004825,37.5339925,127.0939454,6,535.26,42.5
다사64004850,37.5362459,127.0939332,6,2086.08,72.5
다사64004875,37.5384992,127.0939209,6,2708.5,81.6
다사64254300,37.4866817,127.0970294,6,19.45,6.6
다사64254325,37.4889351,127.0970173,6,77.68,21.6
다사64254350,37.4911884,127.0970052,6,224.89,33.7
다사64254375,37.4934418,127.0969931,6,342.28,36.4
다사64254400,37.4956952,127.096981,6,50.07,15.7
다사64254425,37.4979485,127.0969689,6,800.42,47.2
다사64254450,37.5002019,127.0969568,6,2023.44,71.3
다사64254475,37.5024553,127.0969447,6,1746.41,65.4
다사64254500,37.5047086,127.0969326,6,1667.01,63.9
다사64254525,37.506962,127.0969204,6,2837.26,83.5
다사64254550,37.5092153,127.0969083,6,472.63,39.6
다사64254575,37.5114687,127.0968962,6,2830.13,83.3
다사64254600,37.513722,127.0968841,6,701.97,45.5
다사64254625,37.5159754,127.096872,6,59.29,18.7
다사64254650,37.5182288,127.0968599,6,26.87,9.6
다사64254675,37.5204821,127.0968477,6,163.32,28.0
다사64254700,37.5227355,127.0968356,6,11.8,3.9
다사64254775,37.5294955,127.0967992,6,7.05,1.5
다사64254800,37.5317489,127.0967871,6,55.44,17.0
다사64254825,37.5340022,127.096775,6,207.76,31.2
다사64254850,37.5362556,127.0967628,6,5711.2,98.0
다사64254875,37.5385089,127.0967507,6,1087.17,53.1
다사64504300,37.4866913,127.0998572,6,38.51,14.0
다사64504325,37.4889447,127.0998452,6,6053.7,98.3
다사64504350,37.4911981,127.0998332,6,1585.02,61.4
다사64504375,37.4934514,127.0998212,6,199.59,30.0
다사64504400,37.4957048,127.0998092,6,211.35,31.9
다사64504425,37.4979581,127.0997971,6,3011.38,85.5
다사64504450,37.5002115,127.0997851,6,2513.34,78.6
다사64504475,37.5024649,127.0997731,6,2542.57,79.1
다사64504500,37.5047182,127.099761,6,3032.61,85.7
다사64504525,37.5069716,127.099749,6,871.44,49.4
다사64504550,37.509225,127.099737,6,198.8,29.7
다사64504575,37.5114783,127.0997249,6,1464.23,59.7
다사64504600,37.5137317,127.0997129,6,901.72,50.6
다사64504625,37.515985,127.0997009,6,2577.95,79.6
다사64504650,37.5182384,127.0996888,6,4678.21,96.1
다사64504675,37.5204917,127.0996768,6,21.55,7.1
다사64504700,37.5227451,127.0996648,6,27.07,9.8
다사64504725,37.5249984,127.0996527,6,7.86,2.7
다사64504750,37.5272518,127.0996407,6,23.63,8.6
다사64504775,37.5295051,127.0996286,6,41.7,14.7
다사64504850,37.5362652,127.0995925,6,141.49,26.8
다사64504875,37.5385185,127.0995804,6,3723.87,91.4
다사64754300,37.4867009,127.102685,6,1392.17,59.0
다사64754325,37.4889542,127.1026731,6,3150.8,86.7
다사64754350,37.4912076,127.1026612,6,1279.13,55.5
다사64754375,37.493461,127.1026492,6,16.97,6.1
다사64754400,37.4957143,127.1026373,6,2307.33,75.2
다사64754425,37.4979677,127.1026254,6,2359.31,76.2
다사64754450,37.5002211,127.1026134,6,2551.96,79.4
다사64754475,37.5024744,127.1026015,6,54.36,16.7
다사64754500,37.5047278,127.1025895,6,2067.24,72.2
다사64754525,37.5069811,127.1025776,6,2769.87,81.8
다사64754550,37.5092345,127.1025656,6,330.95,35.9
다사64754575,37.5114879,127.1025537,6,474.29,39.8
다사64754600,37.5137412,127.1025417,6,2646.89,81.1
다사64754625,37.5159946,127.1025298,6,1369.06,57.5
다사64754650,37.5182479,127.1025178,6,1843.79,67.3
다사64754675,37.5205013,127.1025059,6,945.41,51.6
다사64754700,37.5227546,127.1024939,6,196.17,29.5
다사64754725,37.525008,127.102482,6,77.45,21.4
다사64754825,37.5340214,127.1024341,6,43.82,15.2
다사64754850,37.5362747,127.1024222,6,56.67,17.4
다사64754875,37.5385281,127.1024102,6,6.56,1.0
다사65004300,37.4867103,127.1055128,6,2064.23,72.0
다사65004325,37.4889637,127.105501,6,2609.08,80.1
다사65004350,37.4912171,127.1054891,6,5.88,0.5
다사65004375,37.4934704,127.1054773,6,745.27,45.9
다사65004400,37.4957238,127.1054654,6,2780.78,82.1
다사65004425,37.4979772,127.1054536,6,2924.17,84.3
다사65004450,37.5002305,127.1054417,6,1089.01,53.3
다사65004475,37.5024839,127.1054299,6,2610.37,80.3
다사65004500,37.5047373,127.105418,6,2407.15,77.1
다사65004525,37.5069906,127.1054061,6,2877.78,84.0
다사65004550,37.509244,127.1053943,6,1192.05,54.8
다사65004575,37.5114973,127.1053824,6,898.03,50.4
다사65004600,37.5137507,127.1053706,6,465.38,39.1
다사65004625,37.5160041,127.1053587,6,4026.61,93.1
다사65004650,37.5182574,127.1053468,6,1373.28,58.0
다사65004675,37.5205108,127.105335,6,3904.7,92.6
다사65004700,37.5227641,127.1053231,6,1965.29,69.8
다사65004725,37.5250175,127.1053112,6,14.92,5.7
다사65004750,37.5272708,127.1052993,6,216.72,32.7
다사65004800,37.5317775,127.1052756,6,69.84,20.1
다사65004825,37.5340309,127.1052637,6,311.8,34.9
다사65254325,37.4889731,127.1083289,6,330.32,35.6
다사65254350,37.4912265,127.1083171,6,41.89,15.0
다사65254375,37.4934799,127.1083053,6,1961.77,69.5
다사65254400,37.4957332,127.1082936,6,85.67,21.9
다사65254425,37.4979866,127.1082818,6,7650.98,100.0
다사65254450,37.50024,127.10827,6,1879.07,68.1
다사65254475,37.5024933,127.1082583,6,1673.33,64.1
다사65254500,37.5047467,127.1082465,6,1294.11,56.0
다사65254525,37.507,127.1082347,6,3003.42,84.8
다사65254550,37.5092534,127.1082229,6,1164.46,54.1
다사65254575,37.5115068,127.1082112,6,1231.73,55.3
다사65254600,37.5137601,127.1081994,6,1970.79,70.0
다사65254625,37.5160135,127.1081876,6,5019.56,97.3
다사65254650,37.5182668,127.1081758,6,6199.73,99.0
다사65254675,37.5205202,127.108164,6,512.01,41.3
다사65254700,37.5227735,127.1081523,6,1838.41,66.8
다사65254725,37.5250269,127.1081405,6,2188.88,74.0
다사65254750,37.5272803,127.1081287,6,6721.27,99.8
다사65254775,37.5295336,127.1081169,6,215.81,32.4
다사65254800,37.531787,127.1081051,6,320.46,35.1
다사65254825,37.5340403,127.1080933,6,4.5,0.2
다사65504325,37.4889825,127.1111568,6,498.87,40.3
다사65504375,37.4934892,127.1111334,6,933.29,51.1
다사65504400,37.4957426,127.1111217,6,507.3,40.8
다사65504425,37.4979959,127.11111,6,3328.0,88.7
다사65504450,37.5002493,127.1110984,6,411.71,38.3
다사65504475,37.5025027,127.1110867,6,2151.65,73.7
다사65504500,37.504756,127.111075,6,4579.38,95.8
다사65504525,37.5070094,127.1110633,6,1372.93,57.7
다사65504550,37.5092627,127.1110516,6,1299.98,56.5
다사65504575,37.5115161,127.1110399,6,2442.05,77.4
다사65504600,37.5137695,127.1110282,6,656.34,44.5
다사65504625,37.5160228,127.1110165,6,3670.5,90.4
다사65504650,37.5182762,127.1110048,6,4447.53,95.6
다사65504675,37.5205295,127.1109931,6,788.97,46.9
다사65504700,37.5227829,127.1109814,6,4784.87,96.3
다사65504725,37.5250363,127.1109697,6,521.17,41.5
다사65504750,37.5272896,127.110958,6,332.03,36.1
다사65504775,37.529543,127.1109463,6,30.84,11.5
다사65504800,37.5317963,127.1109346,6,289.75,34.6
다사65504825,37.5340497,127.1109229,6,1902.32,68.6
다사65504850,37.536303,127.1109112,6,69.79,19.9
다사65754325,37.4889917,127.1139847,6,1971.53,70.3
다사65754350,37.4912451,127.1139731,6,609.91,43.7
다사65754375,37.4934985,127.1139615,6,1546.2,61.2
다사65754400,37.4957518,127.1139499,6,30.26,11.3
다사65754425,37.4980052,127.1139383,6,7.84,2.5
다사65754450,37.5002586,127.1139267,6,1384.06,58.7
다사65754475,37.5025119,127.1139151,6,667.79,44.7
다사65754500,37.5047653,127.1139035,6,1681.33,64.4
다사65754525,37.5070187,127.1138919,6,3010.22,85.0
다사65754550,37.509272,127.1138803,6,1067.42,52.8
다사65754575,37.5115254,127.1138686,6,5016.14,97.1
다사65754600,37.5137788,127.113857,6,1292.69,55.8
다사65754625,37.5160321,127.1138454,6,4913.58,96.8
다사65754650,37.5182855,127.1138338,6,2007.85,70.8
다사65754675,37.5205388,127.1138222,6,3668.34,90.2
다사65754700,37.5227922,127.1138106,6,853.23,48.9
다사65754725,37.5250455,127.113799,6,1823.82,66.3
다사65754750,37.5272989,127.1137874,6,20.48,6.9
다사65754775,37.5295523,127.1137757,6,2866.17,83.8
다사65754800,37.5318056,127.1137641,6,3044.94,86.0
다사65754825,37.534059,127.1137525,6,7.49,2.0
다사65754850,37.5363123,127.1137409,6,21.71,7.4
다사66004350,37.4912543,127.116801,6,3248.06,88.0
다사66004375,37.4935077,127.1167895,6,3010.24,85.3
다사66004400,37.4957611,127.116778,6,2481.67,77.9
다사66004425,37.4980144,127.1167665,6,470.43,39.3
다사66004450,37.5002678,127.116755,6,2687.44,81.3
다사66004475,37.5025212,127.1167435,6,2619.08,80.6
다사66004500,37.5047745,127.116732,6,202.64,30.7
다사66004525,37.5070279,127.1167204,6,1682.47,64.6
다사66004550,37.5092812,127.1167089,6,74.19,21.0
다사66004575,37.5115346,127.1166974,6,1896.43,68.3
다사66004600,37.513788,127.1166859,6,2528.33,78.9
다사66004625,37.5160413,127.1166743,6,15.71,5.9
다사66004650,37.5182947,127.1166628,6,68.02,19.7
다사66004675,37.520548,127.1166513,6,616.44,44.0
다사66004700,37.5228014,127.1166398,6,4358.25,95.1
다사66004725,37.5250548,127.1166282,6,351.68,36.6
다사66004750,37.5273081,127.1166167,6,985.63,52.3
다사66004775,37.5295615,127.1166052,6,3711.72,91.2
다사66004800,37.5318148,127.1165936,6,4431.9,95.3
다사66004825,37.5340682,127.1165821,6,402.81,37.3
다사66004850,37.5363215,127.1165706,6,2024.88,71.5
다사66254350,37.4912635,127.119629,6,33.1,12.3
다사66254375,37.4935168,127.1196176,6,1500.38,60.4
다사66254400,37.4957702,127.1196062,6,152.34,27.5
다사66254425,37.4980236,127.1195947,6,3175.78,87.5
다사66254450,37.5002769,127.1195833,6,668.64,45.0
다사66254475,37.5025303,127.1195719,6,5181.62,97.8
다사66254500,37.5047837,127.1195604,6,3468.53,88.9
다사66254525,37.507037,127.119549,6,1515.45,60.9
다사66254550,37.5092904,127.1195376,6,2302.79,74.9
다사66254575,37.5115437,127.1195261,6,5068.89,97.5
다사66254600,37.5137971,127.1195147,6,1663.72,63.6
다사66254625,37.5160505,127.1195033,6,24.96,9.1
다사66254725,37.5250639,127.1194575,6,100.84,23.3
다사66254750,37.5273173,127.119446,6,1108.39,53.6
다사66254775,37.5295706,127.1194346,6,28.45,10.6
다사66254800,37.531824,127.1194231,6,510.35,41.0
다사66254825,37.5340773,127.1194117,6,1373.94,58.2
다사66504375,37.4935259,127.1224457,6,890.91,50.1
다사66504400,37.4957793,127.1224343,6,6152.13,98.5
다사66504425,37.4980326,127.122423,6,788.47,46.7
다사66504450,37.500286,127.1224116,6,2091.68,73.0
다사66504475,37.5025394,127.1224003,6,2015.24,71.0
다사66504500,37.5047927,127.1223889,6,945.35,51.4
다사66504525,37.5070461,127.1223776,6,2798.79,82.8
다사66504550,37.5092995,127.1223662,6,1613.45,62.7
다사66504575,37.5115528,127.1223549,6,57.24,17.9
다사66504600,37.5138062,127.1223435,6,2131.3,73.2
다사66504625,37.5160596,127.1223322,6,167.39,28.7
다사66504650,37.5183129,127.1223208,6,57.93,18.2
다사66504725,37.525073,127.1222867,6,102.93,23.6
다사66504750,37.5273263,127.1222754,6,1296.26,56.3
다사66504775,37.5295797,127.122264,6,1594.61,61.9
다사66504800,37.5318331,127.1222526,6,1622.04,62.9
다사66754400,37.4957883,127.1252625,6,2314.07,75.4
다사66754425,37.4980416,127.1252512,6,380.73,36.9
다사66754450,37.500295,127.1252399,6,2397.75,76.7
다사66754475,37.5025484,127.1252287,6,1793.23,66.1
다사66754500,37.5048017,127.1252174,6,1838.45,67.1
다사66754525,37.5070551,127.1252062,6,12.72,4.4
다사66754550,37.5093085,127.1251949,6,557.67,42.8
다사66754575,37.5115618,127.1251836,6,3700.96,90.9
다사66754600,37.5138152,127.1251724,6,27.18,10.1
다사66754625,37.5160686,127.1251611,6,403.28,37.6
다사66754650,37.5183219,127.1251498,6,128.8,26.0
다사66754675,37.5205753,127.1251385,6,222.09,32.9
다사66754700,37.5228286,127.1251273,6,22.83,8.4
다사66754725,37.525082,127.125116,6,2298.05,74.7
다사66754750,37.5273354,127.1251047,6,3656.95,89.9
다사66754775,37.5295887,127.1250934,6,582.08,43.0
다사67004425,37.4980506,127.1280794,6,2817.01,83.0
다사67004450,37.5003039,127.1280683,6,594.31,43.2
다사67004475,37.5025573,127.1280571,6,713.71,45.7
다사67004500,37.5048107,127.1280459,6,35.05,13.0
다사67004525,37.507064,127.1280347,6,222.37,33.2
다사67004550,37.5093174,127.1280236,6,4053.83,93.6
다사67004575,37.5115708,127.1280124,6,25.59,9.3
다사67004600,37.5138241,127.1280012,6,801.62,47.4
다사67004625,37.5160775,127.12799,6,210.15,31.7
다사67004650,37.5183309,127.1279788,6,532.32,42.3
다사67004675,37.5205842,127.1279676,6,12.61,4.2
다사67004700,37.5228376,127.1279564,6,201.72,30.5
다사67004725,37.525091,127.1279453,6,150.93,27.3
다사67004750,37.5273443,127.1279341,6,117.62,25.1
다사67254475,37.5025662,127.1308855,6,6.05,0.7
다사67254500,37.5048196,127.1308744,6,1866.28,67.6
다사67254525,37.5070729,127.1308633,6,239.13,33.9
다사67254550,37.5093263,127.1308522,6,2798.4,82.6
다사67254575,37.5115797,127.1308411,6,170.03,29.0
다사67254600,37.513833,127.13083,6,180.44,29.2
다사67254625,37.5160864,127.1308189,6,121.66,25.6
다사67254650,37.5183397,127.1308078,6,1473.13,60.2
다사67254675,37.5205931,127.1307967,6,38.42,13.8
다사67254700,37.5228465,127.1307856,6,1113.64,53.8
다사67504550,37.5093351,127.1336809,6,27.81,10.3
다사67504575,37.5115885,127.1336699,6,67.84,19.4
다사67504600,37.5138418,127.1336589,6,32.4,12.0
다사67504625,37.5160952,127.1336478,6,3171.29,87.2
다사61754500,37.5046087,127.0686478,7,89.84,20.6
다사61754525,37.5068621,127.0686349,7,514.55,38.7
다사61754550,37.5091154,127.0686219,7,211.13,28.8
다사61754575,37.5113688,127.0686089,7,155.37,25.6
다사61754600,37.5136221,127.068596,7,47.02,14.1
다사61754625,37.5158755,127.068583,7,114.71,22.1
다사61754650,37.5181288,127.06857,7,42.38,12.9
다사61754675,37.5203822,127.0685571,7,16.22,4.7
다사62004450,37.5001123,127.0715021,7,1147.54,52.6
다사62004475,37.5023657,127.0714892,7,118.3,23.3
다사62004500,37.504619,127.0714763,7,115.45,22.3
다사62004525,37.5068724,127.0714634,7,20.83,6.5
다사62004550,37.5091257,127.0714505,7,30.22,9.4
다사62004575,37.5113791,127.0714377,7,615.97,41.2
다사62004600,37.5136324,127.0714248,7,81.87,19.9
다사62004625,37.5158858,127.0714119,7,527.04,39.0
다사62004650,37.5181391,127.071399,7,23.41,7.4
다사62004675,37.5203925,127.0713861,7,25.6,8.7
다사62254425,37.4978692,127.0743432,7,947.22,49.4
다사62254450,37.5001225,127.0743304,7,76.39,18.9
다사62254475,37.5023759,127.0743176,7,85.98,20.3
다사62254500,37.5046292,127.0743048,7,4120.31,94.3
다사62254525,37.5068826,127.074292,7,61.32,16.6
다사62254550,37.5091359,127.0742792,7,728.36,43.9
다사62254575,37.5113893,127.0742664,7,148.07,25.3
다사62254600,37.5136426,127.0742536,7,79.94,19.4
다사62254650,37.5181493,127.074228,7,139.05,24.6
다사62254675,37.5204027,127.0742152,7,9.58,2.5
다사62254750,37.5271627,127.0741768,7,8.56,2.0
다사62254775,37.5294161,127.0741639,7,538.92,39.2
다사62504375,37.4933726,127.0771968,7,3474.46,88.8
다사62504400,37.495626,127.0771841,7,67.9,17.9
다사62504425,37.4978793,127.0771714,7,300.13,34.2
다사62504450,37.5001327,127.0771587,7,9.89,3.0
다사62504475,37.502386,127.077146,7,985.45,49.6
다사62504500,37.5046394,127.0771332,7,40.79,12.7
다사62504525,37.5068927,127.0771205,7,2110.9,71.7
다사62504550,37.5091461,127.0771078,7,1012.46,50.9
다사62504575,37.5113995,127.0770951,7,1807.82,64.9
다사62504600,37.5136528,127.0770824,7,2346.56,74.9
다사62504625,37.5159062,127.0770697,7,1179.92,53.3
다사62504650,37.5181595,127.077057,7,135.54,24.3
다사62504750,37.5271729,127.0770061,7,50.41,14.6
다사62504775,37.5294262,127.0769934,7,2046.58,71.0
다사62504800,37.5316796,127.0769806,7,399.03,36.7
다사62754375,37.4933827,127.0800248,7,2953.97,83.9
다사62754400,37.4956361,127.0800122,7,372.87,35.5
다사62754425,37.4978894,127.0799996,7,12.01,3.2
다사62754450,37.5001428,127.079987,7,227.53,29.8
다사62754475,37.5023961,127.0799743,7,37.62,11.9
다사62754500,37.5046495,127.0799617,7,2813.76,81.6
다사62754525,37.5069028,127.0799491,7,1013.96,51.1
다사62754550,37.5091562,127.0799365,7,1807.82,64.9
다사62754575,37.5114095,127.0799238,7,1690.05,62.0
다사62754600,37.5136629,127.0799112,7,6041.24,98.5
다사62754625,37.5159162,127.0798986,7,994.3,50.4
다사62754650,37.5181696,127.0798859,7,57.11,15.9
다사62754750,37.527183,127.0798354,7,867.21,47.4
다사62754775,37.5294363,127.0798228,7,390.18,36.5
다사62754800,37.5316897,127.0798101,7,3586.63,90.3
다사62754825,37.533943,127.0797975,7,2220.62,73.4
다사63004350,37.4911394,127.0828654,7,31.46,9.9
다사63004375,37.4933927,127.0828529,7,35.0,10.9
다사63004400,37.4956461,127.0828403,7,1283.1,55.8
다사63004425,37.4978994,127.0828278,7,232.04,30.5
다사63004450,37.5001528,127.0828153,7,121.08,23.6
다사63004500,37.5046595,127.0827902,7,1889.7,67.7
다사63004525,37.5069129,127.0827776,7,2457.3,77.2
다사63004550,37.5091662,127.0827651,7,1763.7,63.8
다사63004575,37.5114196,127.0827526,7,1929.4,69.0
다사63004600,37.5136729,127.08274,7,236.53,31.0
다사63004625,37.5159263,127.0827275,7,3899.78,92.6
다사63004650,37.5181796,127.0827149,7,27.83,9.2
다사63004750,37.527193,127.0826647,7,2725.44,81.1
다사63004775,37.5294464,127.0826522,7,3520.98,89.6
다사63004800,37.5316997,127.0826396,7,3087.62,85.9
다사63004825,37.5339531,127.0826271,7,3783.59,91.8
다사63004850,37.5362064,127.0826145,7,2225.41,73.7
다사63254325,37.488896,127.0857058,7,5427.71,97.8
다사63254350,37.4911493,127.0856934,7,1703.65,62.3
다사63254375,37.4934027,127.0856809,7,1388.78,57.3
다사63254400,37.495656,127.0856685,7,1396.38,57.6
다사63254425,37.4979094,127.085656,7,184.84,27.3
다사63254450,37.5001628,127.0856436,7,43.29,13.2
다사63254475,37.5024161,127.0856311,7,1538.19,60.3
다사63254500,37.5046695,127.0856187,7,3983.92,93.3
다사63254525,37.5069228,127.0856062,7,812.89,46.2
다사63254550,37.5091762,127.0855937,7,833.96,46.4
다사63254575,37.5114295,127.0855813,7,6177.17,99.0
다사63254600,37.5136829,127.0855688,7,4087.81,94.0
다사63254625,37.5159362,127.0855564,7,2984.57,84.4
다사63254650,37.5181896,127.0855439,7,181.38,27.0
다사63254750,37.527203,127.085494,7,48.06,14.4
다사63254775,37.5294563,127.0854816,7,846.11,46.7
다사63254800,37.5317097,127.0854691,7,1798.37,64.3
다사63254825,37.533963,127.0854566,7,577.06,40.7
다사63254850,37.5362164,127.0854442,7,1872.54,67.5
다사63504325,37.4889058,127.0885337,7,287.28,34.0
다사63504350,37.4911592,127.0885213,7,2996.27,84.6
다사63504375,37.4934126,127.088509,7,911.72,48.1
다사63504400,37.4956659,127.0884966,7,127.14,24.1
다사63504425,37.4979193,127.0884842,7,117.2,23.1
다사63504450,37.5001726,127.0884719,7,1843.27,66.5
다사63504475,37.502426,127.0884595,7,3878.4,92.3
다사63504500,37.5046794,127.0884471,7,584.56,40.9
다사63504525,37.5069327,127.0884348,7,6164.96,98.8
다사63504550,37.5091861,127.0884224,7,894.58,47.9
다사63504575,37.5114394,127.08841,7,91.59,20.8
다사63504600,37.5136928,127.0883976,7,3982.92,93.1
다사63504625,37.5159461,127.0883853,7,1776.29,64.0
다사63504750,37.5272129,127.0883234,7,96.01,21.3
다사63504775,37.5294662,127.088311,7,14.0,3.7
다사63504800,37.5317196,127.0882986,7,1568.78,60.8
다사63504825,37.5339729,127.0882862,7,3710.43,91.6
다사63504850,37.5362263,127.0882738,7,1843.16,66.3
다사63504875,37.5384796,127.0882614,7,3312.27,87.1
다사63754325,37.4889157,127.0913616,7,4.15,0.0
다사63754350,37.491169,127.0913493,7,499.43,38.5
다사63754375,37.4934224,127.091337,7,2293.28,74.4
다사63754425,37.4979291,127.0913125,7,104.26,21.6
다사63754450,37.5001825,127.0913002,7,3665.93,90.8
다사63754475,37.5024358,127.0912879,7,2314.99,74.7
다사63754500,37.5046892,127.0912756,7,3136.89,86.1
다사63754525,37.5069425,127.0912633,7,1261.07,55.1
다사63754550,37.5091959,127.091251,7,2482.9,77.4
다사63754575,37.5114492,127.0912387,7,2392.34,75.4
다사63754600,37.5137026,127.0912265,7,140.07,24.8
다사63754625,37.515956,127.0912142,7,1312.21,56.6
다사63754650,37.5182093,127.0912019,7,202.41,28.3
다사63754675,37.5204627,127.0911896,7,8.0,1.7
다사63754700,37.522716,127.0911773,7,21.59,6.7
다사63754725,37.5249694,127.091165,7,147.36,25.1
다사63754750,37.5272227,127.0911527,7,24.29,8.2
다사63754775,37.5294761,127.0911404,7,858.44,46.9
다사63754800,37.5317294,127.0911281,7,18.44,5.7
다사63754825,37.5339828,127.0911158,7,1262.52,55.3
다사63754850,37.5362361,127.0911035,7,1840.89,66.0
다사63754875,37.5384894,127.0910912,7,2453.99,76.9
다사64004375,37.4934321,127.0941651,7,945.72,49.1
다사64004400,37.4956855,127.0941529,7,256.01,32.0
다사64004425,37.4979389,127.0941407,7,1414.76,58.1
다사64004450,37.5001922,127.0941285,7,2611.56,79.4
다사64004475,37.5024456,127.0941163,7,1259.11,54.8
다사64004500,37.5046989,127.0941041,7,1805.27,64.5
다사64004525,37.5069523,127.0940919,7,3548.0,89.8
다사64004550,37.5092056,127.0940797,7,4568.41,95.8
다사64004575,37.511459,127.0940675,7,2595.1,79.2
다사64004600,37.5137124,127.0940553,7,4167.93,94.5
다사64004625,37.5159657,127.0940431,7,3428.74,88.6
다사64004650,37.5182191,127.0940309,7,728.11,43.7
다사64004675,37.5204724,127.0940187,7,271.33,33.3
다사64004700,37.5227258,127.0940064,7,70.7,18.4
다사64004800,37.5317392,127.0939576,7,1468.12,58.6
다사64004825,37.5339925,127.0939454,7,693.87,42.9
다사64004850,37.5362459,127.0939332,7,2152.31,72.7
다사64004875,37.5384992,127.0939209,7,2675.96,80.4
다사64254300,37.4866817,127.0970294,7,32.15,10.7
다사64254325,37.4889351,127.0970173,7,111.07,21.8
다사64254350,37.4911884,127.0970052,7,321.62,35.0
다사64254375,37.4934418,127.0969931,7,417.25,37.0
다사64254400,37.4956952,127.096981,7,56.56,15.6
다사64254425,37.4979485,127.0969689,7,941.18,48.9
다사64254450,37.5002019,127.0969568,7,2076.02,71.5
다사64254475,37.5024553,127.0969447,7,1834.93,65.5
다사64254500,37.5047086,127.0969326,7,1567.48,60.5
다사64254525,37.506962,127.0969204,7,2838.27,82.1
다사64254550,37.5092153,127.0969083,7,423.43,37.2
다사64254575,37.5114687,127.0968962,7,2996.45,84.9
다사64254600,37.513722,127.0968841,7,792.22,45.4
다사64254625,37.5159754,127.096872,7,74.25,18.6
다사64254650,37.5182288,127.0968599,7,51.23,14.9
다사64254675,37.5204821,127.0968477,7,210.78,28.5
다사64254700,37.5227355,127.0968356,7,15.22,4.2
다사64254775,37.5294955,127.0967992,7,8.63,2.2
다사64254800,37.5317489,127.0967871,7,55.03,15.4
다사64254825,37.5340022,127.096775,7,231.81,30.3
다사64254850,37.5362556,127.0967628,7,5674.16,98.0
다사64254875,37.5385089,127.0967507,7,1078.29,52.4
다사64504300,37.4866913,127.0998572,7,43.39,13.6
다사64504325,37.4889447,127.0998452,7,7832.41,99.8
다사64504350,37.4911981,127.0998332,7,1658.2,61.8
다사64504375,37.4934514,127.0998212,7,263.66,32.5
다사64504400,37.4957048,127.0998092,7,221.23,29.5
다사64504425,37.4979581,127.0997971,7,2868.84,82.4
다사64504450,37.5002115,127.0997851,7,2402.64,75.9
다사64504475,37.5024649,127.0997731,7,2487.02,77.7
다사64504500,37.5047182,127.099761,7,2941.42,83.6
다사64504525,37.5069716,127.099749,7,893.65,47.6
다사64504550,37.509225,127.099737,7,258.11,32.3
다사64504575,37.5114783,127.0997249,7,1903.26,68.2
다사64504600,37.5137317,127.0997129,7,1227.82,53.8
다사64504625,37.515985,127.0997009,7,3413.06,88.1
다사64504650,37.5182384,127.0996888,7,4611.9,96.0
다사64504675,37.5204917,127.0996768,7,16.37,5.0
다사64504700,37.5227451,127.0996648,7,24.08,7.9
다사64504725,37.5249984,127.0996527,7,9.62,2.7
다사64504750,37.5272518,127.0996407,7,20.07,6.2
다사64504775,37.5295051,127.0996286,7,31.89,10.2
다사64504850,37.5362652,127.0995925,7,157.93,25.8
다사64504875,37.5385185,127.0995804,7,3821.04,92.1
다사64754300,37.4867009,127.102685,7,1891.45,68.0
다사64754325,37.4889542,127.1026731,7,3583.18,90.1
다사64754350,37.4912076,127.1026612,7,1530.35,59.8
다사64754375,37.493461,127.1026492,7,17.95,5.2
다사64754400,37.4957143,127.1026373,7,2233.35,73.9
다사64754425,37.4979677,127.1026254,7,2395.87,75.7
다사64754450,37.5002211,127.1026134,7,2569.6,78.2
다사64754475,37.5024744,127.1026015,7,63.68,17.1
다사64754500,37.5047278,127.1025895,7,1942.72,69.5
다사64754525,37.5069811,127.1025776,7,2698.29,80.9
다사64754550,37.5092345,127.1025656,7,385.82,36.2
다사64754575,37.5114879,127.1025537,7,994.42,50.6
다사64754600,37.5137412,127.1025417,7,3410.01,87.8
다사64754625,37.5159946,127.1025298,7,1962.14,70.2
다사64754650,37.5182479,127.1025178,7,1945.9,69.7
다사64754675,37.5205013,127.1025059,7,927.24,48.4
다사64754700,37.5227546,127.1024939,7,232.81,30.8
다사64754725,37.525008,127.102482,7,94.89,21.1
다사64754825,37.5340214,127.1024341,7,53.67,15.1
다사64754850,37.5362747,127.1024222,7,67.87,17.6
다사64754875,37.5385281,127.1024102,7,6.62,1.0
다사65004300,37.4867103,127.1055128,7,3417.54,88.3
다사65004325,37.4889637,127.105501,7,2814.34,81.9
다사65004350,37.4912171,127.1054891,7,5.92,0.7
다사65004375,37.4934704,127.1054773,7,750.11,44.2
다사65004400,37.4957238,127.1054654,7,2631.48,79.7
다사65004425,37.4979772,127.1054536,7,2873.12,82.6
다사65004450,37.5002305,127.1054417,7,1067.79,52.1
다사65004475,37.5024839,127.1054299,7,2587.39,78.9
다사65004500,37.5047373,127.105418,7,2551.85,77.9
다사65004525,37.5069906,127.1054061,7,2928.82,83.4
다사65004550,37.509244,127.1053943,7,1257.53,54.3
다사65004575,37.5114973,127.1053824,7,785.02,44.9
다사65004600,37.5137507,127.1053706,7,761.47,44.4
다사65004625,37.5160041,127.1053587,7,4069.08,93.8
다사65004650,37.5182574,127.1053468,7,1306.69,56.3
다사65004675,37.5205108,127.105335,7,4063.56,93.5
다사65004700,37.5227641,127.1053231,7,2131.87,72.2
다사65004725,37.5250175,127.1053112,7,14.03,4.0
다사65004750,37.5272708,127.1052993,7,267.26,33.0
다사65004775,37.5295242,127.1052875,7,4.5,0.2
다사65004800,37.5317775,127.1052756,7,85.57,20.1
다사65004825,37.5340309,127.1052637,7,285.15,33.5
다사65254325,37.4889731,127.1083289,7,286.41,33.7
다사65254350,37.4912265,127.1083171,7,36.28,11.7
다사65254375,37.4934799,127.1083053,7,2031.45,70.5
다사65254400,37.4957332,127.1082936,7,57.66,16.4
다사65254425,37.4979866,127.1082818,7,7228.64,99.5
다사65254450,37.50024,127.10827,7,1863.66,67.0
다사65254475,37.5024933,127.1082583,7,1592.22,61.3
다사65254500,37.5047467,127.1082465,7,1478.36,58.8
다사65254525,37.507,127.1082347,7,2977.91,84.1
다사65254550,37.5092534,127.1082229,7,1157.88,52.9
다사65254575,37.5115068,127.1082112,7,1258.58,54.6
다사65254600,37.5137601,127.1081994,7,2119.69,72.0
다사65254625,37.5160135,127.1081876,7,5014.46,97.3
다사65254650,37.5182668,127.1081758,7,5870.81,98.3
다사65254675,37.5205202,127.108164,7,562.13,40.2
다사65254700,37.5227735,127.1081523,7,7.34,1.2
다사65254725,37.5250269,127.1081405,7,3283.24,86.8
다사65254750,37.5272803,127.1081287,7,10173.49,100.0
다사65254775,37.5295336,127.1081169,7,264.38,32.8
다사65254800,37.531787,127.1081051,7,241.28,31.3
다사65254825,37.5340403,127.1080933,7,5.51,0.5
다사65504325,37.4889825,127.1111568,7,541.53,39.5
다사65504375,37.4934892,127.1111334,7,939.23,48.6
다사65504400,37.4957426,127.1111217,7,551.1,39.7
다사65504425,37.4979959,127.11111,7,3277.0,86.6
다사65504450,37.5002493,127.1110984,7,467.68,38.2
다사65504475,37.5025027,127.1110867,7,2175.6,73.0
다사65504500,37.504756,127.111075,7,4390.49,95.3
다사65504525,37.5070094,127.1110633,7,1316.85,56.8
다사65504550,37.5092627,127.1110516,7,1263.72,55.6
다사65504575,37.5115161,127.1110399,7,2407.39,76.2
다사65504600,37.5137695,127.1110282,7,680.07,42.4
다사65504625,37.5160228,127.1110165,7,3604.55,90.6
다사65504650,37.5182762,127.1110048,7,4394.85,95.5
다사65504675,37.5205295,127.1109931,7,719.42,43.4
다사65504700,37.5227829,127.1109814,7,4653.56,96.3
다사65504725,37.5250363,127.1109697,7,554.64,40.0
다사65504750,37.5272896,127.110958,7,314.22,34.7
다사65504775,37.529543,127.1109463,7,31.98,10.4
다사65504800,37.5317963,127.1109346,7,354.99,35.2
다사65504825,37.5340497,127.1109229,7,1817.0,65.3
다사65504850,37.536303,127.1109112,7,80.9,19.6
다사65754325,37.4889917,127.1139847,7,1961.44,70.0
다사65754350,37.4912451,127.1139731,7,687.19,42.7
다사65754375,37.4934985,127.1139615,7,1526.72,59.6
다사65754400,37.4957518,127.1139499,7,15.81,4.5
다사65754425,37.4980052,127.1139383,7,7.91,1.5
다사65754450,37.5002586,127.1139267,7,1411.59,57.8
다사65754475,37.5025119,127.1139151,7,657.21,41.7
다사65754500,37.5047653,127.1139035,7,1576.56,61.0
다사65754525,37.5070187,127.1138919,7,2926.75,83.1
다사65754550,37.509272,127.1138803,7,1038.97,51.6
다사65754575,37.5115254,127.1138686,7,5118.93,97.5
다사65754600,37.5137788,127.113857,7,1284.63,56.1
다사65754625,37.5160321,127.1138454,7,4954.86,96.8
다사65754650,37.5182855,127.1138338,7,1929.27,68.7
다사65754675,37.5205388,127.1138222,7,3515.54,89.3
다사65754700,37.5227922,127.1138106,7,794.93,45.7
다사65754725,37.5250455,127.113799,7,1743.34,63.0
다사65754750,37.5272989,127.1137874,7,18.67,6.0
다사65754775,37.5295523,127.1137757,7,2654.14,79.9
다사65754800,37.5318056,127.1137641,7,3061.98,85.4
다사65754825,37.534059,127.1137525,7,1213.16,53.6
다사65754850,37.5363123,127.1137409,7,23.98,7.7
다사66004350,37.4912543,127.116801,7,3378.49,87.6
다사66004375,37.4935077,127.1167895,7,3059.23,85.1
다사66004400,37.4957611,127.116778,7,2576.47,78.7
다사66004425,37.4980144,127.1167665,7,455.99,38.0
다사66004450,37.5002678,127.116755,7,2696.53,80.6
다사66004475,37.5025212,127.1167435,7,2672.35,80.1
다사66004500,37.5047745,127.116732,7,220.51,29.3
다사66004525,37.5070279,127.1167204,7,1756.1,63.5
다사66004550,37.5092812,127.1167089,7,63.24,16.9
다사66004575,37.5115346,127.1166974,7,1837.5,65.8
다사66004600,37.513788,127.1166859,7,2418.29,76.4
다사66004625,37.5160413,127.1166743,7,39.32,12.4
다사66004650,37.5182947,127.1166628,7,76.6,19.1
다사66004675,37.520548,127.1166513,7,861.22,47.1
다사66004700,37.5228014,127.1166398,7,4189.4,94.8
다사66004725,37.5250548,127.1166282,7,428.11,37.5
다사66004750,37.5273081,127.1166167,7,1063.41,51.9
다사66004775,37.5295615,127.1166052,7,3513.32,89.1
다사66004800,37.5318148,127.1165936,7,4216.47,95.0
다사66004825,37.5340682,127.1165821,7,383.84,36.0
다사66004850,37.5363215,127.1165706,7,1909.04,68.5
다사66254350,37.4912635,127.119629,7,57.18,16.1
다사66254375,37.4935168,127.1196176,7,1736.65,62.8
다사66254400,37.4957702,127.1196062,7,177.72,26.8
다사66254425,37.4980236,127.1195947,7,3144.78,86.4
다사66254450,37.5002769,127.1195833,7,762.19,44.7
다사66254475,37.5025303,127.1195719,7,5002.77,97.0
다사66254500,37.5047837,127.1195604,7,3357.07,87.3
다사66254525,37.507037,127.119549,7,1486.25,59.1
다사66254550,37.5092904,127.1195376,7,2249.95,74.2
다사66254575,37.5115437,127.1195261,7,4952.5,96.5
다사66254600,37.5137971,127.1195147,7,1633.93,61.5
다사66254625,37.5160505,127.1195033,7,18.42,5.5
다사66254725,37.5250639,127.1194575,7,115.65,22.6
다사66254750,37.5273173,127.119446,7,1178.54,53.1
다사66254775,37.5295706,127.1194346,7,22.18,6.9
다사66254800,37.531824,127.1194231,7,572.46,40.4
다사66254825,37.5340773,127.1194117,7,1344.48,57.1
다사66504375,37.4935259,127.1224457,7,991.29,49.9
다사66504400,37.4957793,127.1224343,7,7086.89,99.3
다사66504425,37.4980326,127.122423,7,788.09,45.2
다사66504450,37.500286,127.1224116,7,2060.2,71.2
다사66504475,37.5025394,127.1224003,7,1869.29,67.2
다사66504500,37.5047927,127.1223889,7,1034.17,51.4
다사66504525,37.5070461,127.1223776,7,2893.96,82.9
다사66504550,37.5092995,127.1223662,7,1512.76,59.3
다사66504575,37.5115528,127.1223549,7,45.84,13.9
다사66504600,37.5138062,127.1223435,7,2144.47,72.5
다사66504625,37.5160596,127.1223322,7,201.58,27.8
다사66504650,37.5183129,127.1223208,7,65.18,17.4
다사66504725,37.525073,127.1222867,7,115.87,22.8
다사66504750,37.5273263,127.1222754,7,1418.42,58.3
다사66504775,37.5295797,127.122264,7,1724.27,62.5
다사66504800,37.5318331,127.1222526,7,1746.65,63.3
다사66754400,37.4957883,127.1252625,7,2352.7,75.2
다사66754425,37.4980416,127.1252512,7,380.95,35.7
다사66754450,37.500295,127.1252399,7,2424.62,76.7
다사66754475,37.5025484,127.1252287,7,1929.71,69.2
다사66754500,37.5048017,127.1252174,7,1849.06,66.7
다사66754525,37.5070551,127.1252062,7,12.82,3.5
다사66754550,37.5093085,127.1251949,7,659.57,41.9
다사66754575,37.5115618,127.1251836,7,3695.48,91.3
다사66754600,37.5138152,127.1251724,7,24.67,8.4
다사66754625,37.5160686,127.1251611,7,453.97,37.7
다사66754650,37.5183219,127.1251498,7,195.34,27.5
다사66754675,37.5205753,127.1251385,7,250.02,31.5
다사66754700,37.5228286,127.1251273,7,25.7,8.9
다사66754725,37.525082,127.125116,7,2180.06,73.2
다사66754750,37.5273354,127.1251047,7,3672.12,91.1
다사66754775,37.5295887,127.1250934,7,636.28,41.4
다사67004425,37.4980506,127.1280794,7,2739.44,81.4
다사67004450,37.5003039,127.1280683,7,660.35,42.2
다사67004475,37.5025573,127.1280571,7,993.35,50.1
다사67004500,37.5048107,127.1280459,7,35.37,11.2
다사67004525,37.507064,127.1280347,7,230.01,30.0
다사67004550,37.5093174,127.1280236,7,3908.29,92.8
다사67004575,37.5115708,127.1280124,7,43.38,13.4
다사67004600,37.5138241,127.1280012,7,812.38,45.9
다사67004625,37.5160775,127.12799,7,303.17,34.5
다사67004650,37.5183309,127.1279788,7,714.05,43.2
다사67004675,37.5205842,127.1279676,7,35.93,11.4
다사67004700,37.5228376,127.1279564,7,214.91,29.0
다사67004725,37.525091,127.1279453,7,201.95,28.0
다사67004750,37.5273443,127.1279341,7,158.13,26.1
다사67254500,37.5048196,127.1308744,7,2036.54,70.7
다사67254525,37.5070729,127.1308633,7,250.58,31.8
다사67254550,37.5093263,127.1308522,7,2571.6,78.4
다사67254575,37.5115797,127.1308411,7,160.53,26.3
다사67254600,37.513833,127.13083,7,167.57,26.6
다사67254625,37.5160864,127.1308189,7,121.86,23.8
다사67254650,37.5183397,127.1308078,7,1532.07,60.0
다사67254675,37.5205931,127.1307967,7,39.29,12.2
다사67254700,37.5228465,127.1307856,7,1229.57,54.1
다사67504550,37.5093351,127.1336809,7,31.22,9.7
다사67504575,37.5115885,127.1336699,7,69.57,18.1
다사67504600,37.5138418,127.1336589,7,23.25,7.2
다사67504625,37.5160952,127.1336478,7,3071.48,85.6
다사61754500,37.5046087,127.0686478,8,135.87,22.8
다사61754525,37.5068621,127.0686349,8,704.31,42.6
다사61754550,37.5091154,127.0686219,8,328.38,32.8
다사61754575,37.5113688,127.0686089,8,251.71,29.9
다사61754600,37.5136221,127.068596,8,71.85,18.6
다사61754625,37.5158755,127.068583,8,119.47,22.1
다사61754650,37.5181288,127.06857,8,38.53,12.7
다사61754675,37.5203822,127.0685571,8,18.95,6.1
다사62004450,37.5001123,127.0715021,8,900.59,46.3
다사62004475,37.5023657,127.0714892,8,175.15,26.7
다사62004500,37.504619,127.0714763,8,152.58,25.0
다사62004525,37.5068724,127.0714634,8,24.54,7.8
다사62004550,37.5091257,127.0714505,8,34.13,11.5
다사62004575,37.5113791,127.0714377,8,947.57,47.1
다사62004600,37.5136324,127.0714248,8,94.86,20.3
다사62004625,37.5158858,127.0714119,8,716.84,42.9
다사62004650,37.5181391,127.071399,8,35.81,12.0
다사62004675,37.5203925,127.0713861,8,29.92,10.3
다사62254425,37.4978692,127.0743432,8,1024.9,49.5
다사62254450,37.5001225,127.0743304,8,90.99,19.6
다사62254475,37.5023759,127.0743176,8,110.06,21.1
다사62254500,37.5046292,127.0743048,8,4551.08,94.9
다사62254525,37.5068826,127.074292,8,55.17,15.4
다사62254550,37.5091359,127.0742792,8,962.46,47.8
다사62254575,37.5113893,127.0742664,8,241.53,29.7
다사62254600,37.5136426,127.0742536,8,93.48,20.1
다사62254625,37.515896,127.0742408,8,18.23,5.6
다사62254650,37.5181493,127.074228,8,173.9,26.5
다사62254675,37.5204027,127.0742152,8,11.19,2.7
다사62254750,37.5271627,127.0741768,8,9.85,2.0
다사62254775,37.5294161,127.0741639,8,544.04,39.2
다사62504375,37.4933726,127.0771968,8,3764.83,91.9
다사62504400,37.495626,127.0771841,8,81.91,19.1
다사62504425,37.4978793,127.0771714,8,357.56,36.0
다사62504450,37.5001327,127.0771587,8,13.97,4.2
다사62504475,37.502386,127.077146,8,1171.56,52.5
다사62504500,37.5046394,127.0771332,8,55.05,15.2
다사62504525,37.5068927,127.0771205,8,2039.28,68.9
다사62504550,37.5091461,127.0771078,8,1055.05,50.2
다사62504575,37.5113995,127.0770951,8,1988.9,67.9
다사62504600,37.5136528,127.0770824,8,1839.9,65.2
다사62504625,37.5159062,127.0770697,8,1876.46,65.9
다사62504650,37.5181595,127.077057,8,158.48,25.2
다사62504675,37.5204128,127.0770442,8,4.07,0.0
다사62504750,37.5271729,127.0770061,8,58.09,16.2
다사62504775,37.5294262,127.0769934,8,1892.15,66.4
다사62504800,37.5316796,127.0769806,8,346.0,34.6
다사62754375,37.4933827,127.0800248,8,4567.95,95.3
다사62754400,37.4956361,127.0800122,8,444.24,37.0
다사62754425,37.4978894,127.0799996,8,14.32,4.4
다사62754450,37.5001428,127.079987,8,271.09,30.4
다사62754475,37.5023961,127.0799743,8,42.97,14.0
다사62754500,37.5046495,127.0799617,8,2448.17,77.0
다사62754525,37.5069028,127.0799491,8,1032.66,49.8
다사62754550,37.5091562,127.0799365,8,1881.5,66.2
다사62754575,37.5114095,127.0799238,8,1712.04,63.7
다사62754600,37.5136629,127.0799112,8,5422.98,97.8
다사62754625,37.5159162,127.0798986,8,1285.45,54.2
다사62754650,37.5181696,127.0798859,8,66.78,17.2
다사62754750,37.527183,127.0798354,8,752.71,44.1
다사62754775,37.5294363,127.0798228,8,331.7,33.6
다사62754800,37.5316897,127.0798101,8,3272.73,87.0
다사62754825,37.533943,127.0797975,8,2014.6,68.6
다사63004350,37.4911394,127.0828654,8,42.33,13.2
다사63004375,37.4933927,127.0828529,8,42.86,13.7
다사63004400,37.4956461,127.0828403,8,1115.05,51.2
다사63004425,37.4978994,127.0828278,8,276.45,30.6
다사63004450,37.5001528,127.0828153,8,142.86,24.0
다사63004475,37.5024062,127.0828027,8,5.61,0.2
다사63004500,37.5046595,127.0827902,8,1757.07,64.2
다사63004525,37.5069129,127.0827776,8,2347.13,73.8
다사63004550,37.5091662,127.0827651,8,1716.47,64.0
다사63004575,37.5114196,127.0827526,8,1946.17,67.2
다사63004600,37.5136729,127.08274,8,222.72,28.4
다사63004625,37.5159263,127.0827275,8,3639.66,90.2
다사63004650,37.5181796,127.0827149,8,32.52,11.3
다사63004750,37.527193,127.0826647,8,2616.05,80.4
다사63004775,37.5294464,127.0826522,8,3018.8,85.5
다사63004800,37.5316997,127.0826396,8,2960.17,84.6
다사63004825,37.5339531,127.0826271,8,3454.36,89.5
다사63004850,37.5362064,127.0826145,8,2489.35,78.4
다사63254325,37.488896,127.0857058,8,6854.04,99.3
다사63254350,37.4911493,127.0856934,8,1508.85,58.1
다사63254375,37.4934027,127.0856809,8,1330.65,55.1
다사63254400,37.495656,127.0856685,8,1344.06,56.1
다사63254425,37.4979094,127.085656,8,220.24,28.2
다사63254450,37.5001628,127.0856436,8,37.04,12.3
다사63254475,37.5024161,127.0856311,8,1414.9,57.1
다사63254500,37.5046695,127.0856187,8,3794.11,92.2
다사63254525,37.5069228,127.0856062,8,717.5,43.1
다사63254550,37.5091762,127.0855937,8,754.34,44.4
다사63254575,37.5114295,127.0855813,8,5742.84,98.3
다사63254600,37.5136829,127.0855688,8,3437.71,89.0
다사63254625,37.5159362,127.0855564,8,2489.17,78.2
다사63254650,37.5181896,127.0855439,8,234.55,29.2
다사63254750,37.527203,127.085494,8,28.1,8.6
다사63254775,37.5294563,127.0854816,8,974.01,48.8
다사63254800,37.5317097,127.0854691,8,1855.25,65.7
다사63254825,37.533963,127.0854566,8,649.68,41.7
다사63254850,37.5362164,127.0854442,8,1919.02,66.7
다사63504325,37.4889058,127.0885337,8,443.83,36.8
다사63504350,37.4911592,127.0885213,8,2825.97,82.6
다사63504375,37.4934126,127.088509,8,1091.63,51.0
다사63504400,37.4956659,127.0884966,8,151.91,24.8
다사63504425,37.4979193,127.0884842,8,139.69,23.3
다사63504450,37.5001726,127.0884719,8,1595.98,59.8
다사63504475,37.502426,127.0884595,8,3616.98,90.0
다사63504500,37.5046794,127.0884471,8,549.15,39.7
다사63504525,37.5069327,127.0884348,8,6086.97,98.5
다사63504550,37.5091861,127.0884224,8,878.09,46.1
다사63504575,37.5114394,127.08841,8,132.1,22.5
다사63504600,37.5136928,127.0883976,8,3935.9,93.1
다사63504625,37.5159461,127.0883853,8,2272.15,72.5
다사63504750,37.5272129,127.0883234,8,101.15,20.8
다사63504775,37.5294662,127.088311,8,6.79,0.7
다사63504800,37.5317196,127.0882986,8,1619.64,60.8
다사63504825,37.5339729,127.0882862,8,3446.3,89.2
다사63504850,37.5362263,127.0882738,8,2859.33,83.6
다사63504875,37.5384796,127.0882614,8,2996.69,84.8
다사63754325,37.4889157,127.0913616,8,12.48,3.4
다사63754350,37.491169,127.0913493,8,473.27,38.2
다사63754375,37.4934224,127.091337,8,2136.19,70.1
다사63754400,37.4956757,127.0913247,8,338.02,33.8
다사63754425,37.4979291,127.0913125,8,116.73,21.6
다사63754450,37.5001825,127.0913002,8,3384.46,88.5
다사63754475,37.5024358,127.0912879,8,2391.19,74.8
다사63754500,37.5046892,127.0912756,8,2860.75,84.1
다사63754525,37.5069425,127.0912633,8,1169.55,52.2
다사63754550,37.5091959,127.091251,8,2120.86,69.9
다사63754575,37.5114492,127.0912387,8,2199.31,70.6
다사63754600,37.5137026,127.0912265,8,147.33,24.3
다사63754625,37.515956,127.0912142,8,1135.9,51.7
다사63754650,37.5182093,127.0912019,8,192.78,27.2
다사63754675,37.5204627,127.0911896,8,9.74,1.7
다사63754700,37.522716,127.0911773,8,29.46,9.8
다사63754725,37.5249694,127.091165,8,117.14,21.8
다사63754750,37.5272227,127.0911527,8,28.98,8.8
다사63754775,37.5294761,127.0911404,8,956.32,47.3
다사63754800,37.5317294,127.0911281,8,18.75,5.9
다사63754825,37.5339828,127.0911158,8,1279.33,53.9
다사63754850,37.5362361,127.0911035,8,1799.14,64.7
다사63754875,37.5384894,127.0910912,8,2486.22,77.9
다사64004325,37.4889254,127.0941894,8,8.69,1.5
다사64004375,37.4934321,127.0941651,8,1132.36,51.5
다사64004400,37.4956855,127.0941529,8,306.55,32.4
다사64004425,37.4979389,127.0941407,8,1673.77,62.7
다사64004450,37.5001922,127.0941285,8,2382.46,74.3
다사64004475,37.5024456,127.0941163,8,1313.64,54.7
다사64004500,37.5046989,127.0941041,8,1624.31,61.3
다사64004525,37.5069523,127.0940919,8,3320.12,87.5
다사64004550,37.5092056,127.0940797,8,3815.36,92.4
다사64004575,37.511459,127.0940675,8,2466.08,77.5
다사64004600,37.5137124,127.0940553,8,3722.34,91.2
다사64004625,37.5159657,127.0940431,8,2851.05,83.1
다사64004650,37.5182191,127.0940309,8,625.97,41.4
다사64004675,37.5204724,127.0940187,8,218.14,27.9
다사64004700,37.5227258,127.0940064,8,56.35,15.7
다사64004800,37.5317392,127.0939576,8,1518.02,58.6
다사64004825,37.5339925,127.0939454,8,965.77,48.3
다사64004850,37.5362459,127.0939332,8,2227.53,71.3
다사64004875,37.5384992,127.0939209,8,2434.52,76.0
다사64254300,37.4866817,127.0970294,8,37.22,12.5
다사64254325,37.4889351,127.0970173,8,159.1,25.5
다사64254350,37.4911884,127.0970052,8,460.67,37.7
다사64254375,37.4934418,127.0969931,8,499.58,38.7
다사64254400,37.4956952,127.096981,8,67.14,17.4
다사64254425,37.4979485,127.0969689,8,1333.99,55.4
다사64254450,37.5002019,127.0969568,8,2010.36,68.4
다사64254475,37.5024553,127.0969447,8,1842.51,65.4
다사64254500,37.5047086,127.0969326,8,1529.29,58.8
다사64254525,37.506962,127.0969204,8,2593.91,79.7
다사64254550,37.5092153,127.0969083,8,374.54,36.5
다사64254575,37.5114687,127.0968962,8,3396.43,88.7
다사64254600,37.513722,127.0968841,8,970.67,48.5
다사64254625,37.5159754,127.096872,8,58.19,16.4
다사64254650,37.5182288,127.0968599,8,57.23,15.9
다사64254675,37.5204821,127.0968477,8,319.01,32.6
다사64254700,37.5227355,127.0968356,8,23.06,7.4
다사64254775,37.5294955,127.0967992,8,11.14,2.5
다사64254800,37.5317489,127.0967871,8,44.42,14.5
다사64254825,37.5340022,127.096775,8,288.65,31.6
다사64254850,37.5362556,127.0967628,8,6378.15,99.0
다사64254875,37.5385089,127.0967507,8,963.29,48.0
다사64504300,37.4866913,127.0998572,8,70.9,18.4
다사64504325,37.4889447,127.0998452,8,10418.52,99.8
다사64504350,37.4911981,127.0998332,8,2082.42,69.1
다사64504375,37.4934514,127.0998212,8,348.22,35.0
다사64504400,37.4957048,127.0998092,8,341.1,34.3
다사64504425,37.4979581,127.0997971,8,2662.95,80.9
다사64504450,37.5002115,127.0997851,8,2107.48,69.6
다사64504475,37.5024649,127.0997731,8,2252.36,72.1
다사64504500,37.5047182,127.099761,8,2520.4,78.9
다사64504525,37.5069716,127.099749,8,1036.53,50.0
다사64504550,37.509225,127.099737,8,298.32,32.1
다사64504575,37.5114783,127.0997249,8,2435.35,76.2
다사64504600,37.5137317,127.0997129,8,1516.62,58.3
다사64504625,37.515985,127.0997009,8,5095.83,96.8
다사64504650,37.5182384,127.0996888,8,4745.05,96.1
다사64504675,37.5204917,127.0996768,8,16.65,4.7
다사64504700,37.5227451,127.0996648,8,31.22,10.8
다사64504725,37.5249984,127.0996527,8,12.36,3.2
다사64504750,37.5272518,127.0996407,8,23.46,7.6
다사64504775,37.5295051,127.0996286,8,25.04,8.1
다사64504850,37.5362652,127.0995925,8,196.59,27.5
다사64504875,37.5385185,127.0995804,8,3915.56,92.9
다사64754300,37.4867009,127.102685,8,2471.45,77.7
다사64754325,37.4889542,127.1026731,8,4935.73,96.3
다사64754350,37.4912076,127.1026612,8,2087.59,69.4
다사64754375,37.493461,127.1026492,8,13.31,3.9
다사64754400,37.4957143,127.1026373,8,1954.97,67.4
다사64754425,37.4979677,127.1026254,8,2595.42,80.1
다사64754450,37.5002211,127.1026134,8,2390.52,74.5
다사64754475,37.5024744,127.1026015,8,67.18,17.6
다사64754500,37.5047278,127.1025895,8,1670.15,62.5
다사64754525,37.5069811,127.1025776,8,2543.31,79.4
다사64754550,37.5092345,127.1025656,8,356.5,35.8
다사64754575,37.5114879,127.1025537,8,3332.7,88.0
다사64754600,37.5137412,127.1025417,8,4347.27,94.6
다사64754625,37.5159946,127.1025298,8,3671.89,90.4
다사64754650,37.5182479,127.1025178,8,2413.37,75.2
다사64754675,37.5205013,127.1025059,8,870.87,45.6
다사64754700,37.5227546,127.1024939,8,235.07,29.4
다사64754725,37.525008,127.102482,8,122.15,22.3
다사64754825,37.5340214,127.1024341,8,69.15,18.1
다사64754850,37.5362747,127.1024222,8,86.7,19.4
다사64754875,37.5385281,127.1024102,8,10.04,2.2
다사65004300,37.4867103,127.1055128,8,3853.44,92.6
다사65004325,37.4889637,127.105501,8,3196.7,86.5
다사65004375,37.4934704,127.1054773,8,664.2,42.2
다사65004400,37.4957238,127.1054654,8,2291.78,72.8
다사65004425,37.4979772,127.1054536,8,2392.82,75.0
다사65004450,37.5002305,127.1054417,8,1055.8,50.5
다사65004475,37.5024839,127.1054299,8,2438.63,76.5
다사65004500,37.5047373,127.105418,8,3000.44,85.0
다사65004525,37.5069906,127.1054061,8,2856.71,83.3
다사65004550,37.509244,127.1053943,8,1218.69,52.9
다사65004575,37.5114973,127.1053824,8,740.18,43.9
다사65004600,37.5137507,127.1053706,8,1697.4,63.2
다사65004625,37.5160041,127.1053587,8,4643.21,95.8
다사65004650,37.5182574,127.1053468,8,998.39,49.3
다사65004675,37.5205108,127.105335,8,4143.54,94.1
다사65004700,37.5227641,127.1053231,8,2439.55,76.7
다사65004725,37.5250175,127.1053112,8,17.72,5.4
다사65004750,37.5272708,127.1052993,8,226.43,28.7
다사65004775,37.5295242,127.1052875,8,5.79,0.5
다사65004800,37.5317775,127.1052756,8,110.14,21.3
다사65004825,37.5340309,127.1052637,8,228.04,28.9
다사65254325,37.4889731,127.1083289,8,270.41,30.1
다사65254350,37.4912265,127.1083171,8,38.69,13.0
다사65254375,37.4934799,127.1083053,8,2741.72,81.6
다사65254400,37.4957332,127.1082936,8,48.11,15.0
다사65254425,37.4979866,127.1082818,8,6271.09,98.8
다사65254450,37.50024,127.10827,8,1981.24,67.6
다사65254475,37.5024933,127.1082583,8,1543.68,59.1
다사65254500,37.5047467,127.1082465,8,1554.07,59.6
다사65254525,37.507,127.1082347,8,2849.46,82.8
다사65254550,37.5092534,127.1082229,8,1072.67,50.7
다사65254575,37.5115068,127.1082112,8,1478.27,57.6
다사65254600,37.5137601,127.1081994,8,2369.93,74.0
다사65254625,37.5160135,127.1081876,8,5174.88,97.1
다사65254650,37.5182668,127.1081758,8,4948.54,96.6
다사65254675,37.5205202,127.108164,8,622.92,40.7
다사65254700,37.5227735,127.1081523,8,17.6,5.1
다사65254725,37.5250269,127.1081405,8,5198.71,97.3
다사65254750,37.5272803,127.1081287,8,15118.3,100.0
다사65254775,37.5295336,127.1081169,8,340.35,34.1
다사65254800,37.531787,127.1081051,8,179.68,27.0
다사65254825,37.5340403,127.1080933,8,7.1,1.0
다사65504325,37.4889825,127.1111568,8,572.65,40.2
다사65504350,37.4912358,127.1111451,8,17.07,4.9
다사65504375,37.4934892,127.1111334,8,860.34,45.3
다사65504400,37.4957426,127.1111217,8,660.19,41.9
다사65504425,37.4979959,127.11111,8,2806.66,82.1
다사65504450,37.5002493,127.1110984,8,479.75,38.5
다사65504475,37.5025027,127.1110867,8,2706.4,81.4
다사65504500,37.504756,127.111075,8,3944.28,93.4
다사65504525,37.5070094,127.1110633,8,1285.7,54.4
다사65504550,37.5092627,127.1110516,8,1180.66,52.7
다사65504575,37.5115161,127.1110399,8,2304.13,73.5
다사65504600,37.5137695,127.1110282,8,623.44,40.9
다사65504625,37.5160228,127.1110165,8,3335.95,88.2
다사65504650,37.5182762,127.1110048,8,4085.41,93.9
다사65504675,37.5205295,127.1109931,8,620.38,40.4
다사65504700,37.5227829,127.1109814,8,4207.1,94.4
다사65504725,37.5250363,127.1109697,8,726.44,43.4
다사65504750,37.5272896,127.110958,8,347.88,34.8
다사65504775,37.529543,127.1109463,8,25.6,8.3
다사65504800,37.5317963,127.1109346,8,457.01,37.5
다사65504825,37.5340497,127.1109229,8,1614.88,60.3
다사65504850,37.536303,127.1109112,8,98.77,20.6
다사65754325,37.4889917,127.1139847,8,2298.44,73.3
다사65754350,37.4912451,127.1139731,8,872.3,45.8
다사65754375,37.4934985,127.1139615,8,1681.92,63.0
다사65754400,37.4957518,127.1139499,8,21.33,6.9
다사65754425,37.4980052,127.1139383,8,8.05,1.2
다사65754450,37.5002586,127.1139267,8,1823.79,65.0
다사65754475,37.5025119,127.1139151,8,625.05,41.2
다사65754500,37.5047653,127.1139035,8,1412.79,56.9
다사65754525,37.5070187,127.1138919,8,2669.59,81.1
다사65754550,37.509272,127.1138803,8,931.35,46.6
다사65754575,37.5115254,127.1138686,8,5505.29,98.0
다사65754600,37.5137788,127.113857,8,1164.34,52.0
다사65754625,37.5160321,127.1138454,8,5292.55,97.5
다사65754650,37.5182855,127.1138338,8,1648.2,61.5
다사65754675,37.5205388,127.1138222,8,3134.98,86.3
다사65754700,37.5227922,127.1138106,8,560.09,40.0
다사65754725,37.5250455,127.113799,8,1758.3,64.5
다사65754750,37.5272989,127.1137874,8,29.15,9.3
다사65754775,37.5295523,127.1137757,8,2421.34,75.7
다사65754800,37.5318056,127.1137641,8,2643.56,80.6
다사65754825,37.534059,127.1137525,8,1548.55,59.3
다사65754850,37.5363123,127.1137409,8,21.31,6.6
다사66004350,37.4912543,127.116801,8,3695.72,90.9
다사66004375,37.4935077,127.1167895,8,3275.39,87.3
다사66004400,37.4957611,127.116778,8,2921.69,84.3
다사66004425,37.4980144,127.1167665,8,448.23,37.3
다사66004450,37.5002678,127.116755,8,3014.66,85.3
다사66004475,37.5025212,127.1167435,8,2810.91,82.4
다사66004500,37.5047745,127.116732,8,162.93,25.7
다사66004525,37.5070279,127.1167204,8,1998.69,68.1
다사66004550,37.5092812,127.1167089,8,62.27,16.9
다사66004575,37.5115346,127.1166974,8,1655.27,62.0
다사66004600,37.513788,127.1166859,8,2236.63,71.6
다사66004625,37.5160413,127.1166743,8,29.57,10.0
다사66004650,37.5182947,127.1166628,8,91.07,19.9
다사66004675,37.520548,127.1166513,8,1221.21,53.2
다사66004700,37.5228014,127.1166398,8,3730.36,91.7
다사66004725,37.5250548,127.1166282,8,547.95,39.5
다사66004750,37.5273081,127.1166167,8,1373.44,56.4
다사66004775,37.5295615,127.1166052,8,3234.49,86.8
다사66004800,37.5318148,127.1165936,8,3727.84,91.4
다사66004825,37.5340682,127.1165821,8,361.32,36.3
다사66004850,37.5363215,127.1165706,8,1702.21,63.5
다사66254350,37.4912635,127.119629,8,67.67,17.9
다사66254375,37.4935168,127.1196176,8,2505.43,78.7
다사66254400,37.4957702,127.1196062,8,277.3,31.1
다사66254425,37.4980236,127.1195947,8,3321.58,87.7
다사66254450,37.5002769,127.1195833,8,982.51,49.0
다사66254475,37.5025303,127.1195719,8,4627.88,95.6
다사66254500,37.5047837,127.1195604,8,3065.27,86.0
다사66254525,37.507037,127.119549,8,1392.2,56.6
다사66254550,37.5092904,127.1195376,8,2243.04,71.8
다사66254575,37.5115437,127.1195261,8,4560.28,95.1
다사66254600,37.5137971,127.1195147,8,1452.91,57.4
다사66254625,37.5160505,127.1195033,8,32.15,11.0
다사66254725,37.5250639,127.1194575,8,140.04,23.5
다사66254750,37.5273173,127.119446,8,1221.61,53.4
다사66254775,37.5295706,127.1194346,8,42.39,13.5
다사66254800,37.531824,127.1194231,8,771.38,44.6
다사66254825,37.5340773,127.1194117,8,1337.42,55.6
다사66504375,37.4935259,127.1224457,8,1326.33,54.9
다사66504400,37.4957793,127.1224343,8,9202.83,99.5
다사66504425,37.4980326,127.122423,8,693.82,42.4
다사66504450,37.500286,127.1224116,8,2194.16,70.3
다사66504475,37.5025394,127.1224003,8,1611.22,60.0
다사66504500,37.5047927,127.1223889,8,1226.4,53.7
다사66504525,37.5070461,127.1223776,8,3043.93,85.8
다사66504550,37.5092995,127.1223662,8,1651.11,61.8
다사66504575,37.5115528,127.1223549,8,43.06,14.2
다사66504600,37.5138062,127.1223435,8,2225.66,71.1
다사66504625,37.5160596,127.1223322,8,467.08,38.0
다사66504650,37.5183129,127.1223208,8,77.51,18.9
다사66504725,37.525073,127.1222867,8,137.78,23.0
다사66504750,37.5273263,127.1222754,8,1623.05,61.0
다사66504775,37.5295797,127.122264,8,2523.04,79.2
다사66504800,37.5318331,127.1222526,8,2252.7,72.3
다사66754400,37.4957883,127.1252625,8,2418.4,75.5
다사66754425,37.4980416,127.1252512,8,353.28,35.5
다사66754450,37.500295,127.1252399,8,2449.44,77.2
다사66754475,37.5025484,127.1252287,8,2225.2,70.8
다사66754500,37.5048017,127.1252174,8,1666.67,62.3
다사66754525,37.5070551,127.1252062,8,13.05,3.7
다사66754550,37.5093085,127.1251949,8,784.63,44.9
다사66754575,37.5115618,127.1251836,8,3687.32,90.7
다사66754600,37.5138152,127.1251724,8,34.34,11.8
다사66754625,37.5160686,127.1251611,8,539.79,39.0
다사66754650,37.5183219,127.1251498,8,213.55,27.7
다사66754675,37.5205753,127.1251385,8,297.31,31.9
다사66754700,37.5228286,127.1251273,8,30.53,10.5
다사66754725,37.525082,127.125116,8,1937.89,66.9
다사66754750,37.5273354,127.1251047,8,3601.98,89.7
다사66754775,37.5295887,127.1250934,8,811.59,45.1
다사67004425,37.4980506,127.1280794,8,2594.97,79.9
다사67004450,37.5003039,127.1280683,8,934.24,46.8
다사67004475,37.5025573,127.1280571,8,1343.64,55.9
다사67004500,37.5048107,127.1280459,8,29.0,9.1
다사67004525,37.507064,127.1280347,8,277.65,31.4
다사67004550,37.5093174,127.1280236,8,4058.23,93.6
다사67004575,37.5115708,127.1280124,8,29.39,9.6
다사67004600,37.5138241,127.1280012,8,729.25,43.6
다사67004625,37.5160775,127.12799,8,351.49,35.3
다사67004650,37.5183309,127.1279788,8,958.64,47.5
다사67004675,37.5205842,127.1279676,8,19.38,6.4
다사67004700,37.5228376,127.1279564,8,329.49,33.3
다사67004725,37.525091,127.1279453,8,276.88,30.9
다사67004750,37.5273443,127.1279341,8,147.98,24.5
다사67254500,37.5048196,127.1308744,8,2860.62,83.8
다사67254525,37.5070729,127.1308633,8,328.5,33.1
다사67254550,37.5093263,127.1308522,8,2297.11,73.0
다사67254575,37.5115797,127.1308411,8,142.75,23.8
다사67254600,37.513833,127.13083,8,164.58,26.0
다사67254625,37.5160864,127.1308189,8,170.05,26.2
다사67254650,37.5183397,127.1308078,8,1618.17,60.5
다사67254675,37.5205931,127.1307967,8,46.03,14.7
다사67254700,37.5228465,127.1307856,8,1501.92,57.8
다사67504550,37.5093351,127.1336809,8,22.82,7.1
다사67504575,37.5115885,127.1336699,8,59.44,16.7
다사67504600,37.5138418,127.1336589,8,11.77,2.9
다사67504625,37.5160952,127.1336478,8,2780.04,81.9
다사61754500,37.5046087,127.0686478,9,191.38,27.3
다사61754525,37.5068621,127.0686349,9,1003.56,47.6
다사61754550,37.5091154,127.0686219,9,475.59,37.6
다사61754575,37.5113688,127.0686089,9,378.94,34.1
다사61754600,37.5136221,127.068596,9,105.07,20.7
다사61754625,37.5158755,127.068583,9,130.04,22.4
다사61754650,37.5181288,127.06857,9,25.56,8.0
다사61754675,37.5203822,127.0685571,9,21.22,7.1
다사62004450,37.5001123,127.0715021,9,791.72,44.4
다사62004475,37.5023657,127.0714892,9,240.88,29.3
다사62004500,37.504619,127.0714763,9,179.75,26.8
다사62004525,37.5068724,127.0714634,9,8.74,2.7
다사62004550,37.5091257,127.0714505,9,41.97,14.1
다사62004575,37.5113791,127.0714377,9,1128.2,50.2
다사62004600,37.5136324,127.0714248,9,104.03,20.0
다사62004625,37.5158858,127.0714119,9,1181.32,51.7
다사62004650,37.5181391,127.071399,9,33.3,11.0
다사62004675,37.5203925,127.0713861,9,33.5,11.2
다사62254425,37.4978692,127.0743432,9,1056.21,48.8
다사62254450,37.5001225,127.0743304,9,102.12,19.8
다사62254475,37.5023759,127.0743176,9,133.09,22.9
다사62254500,37.5046292,127.0743048,9,4165.85,93.9
다사62254525,37.5068826,127.074292,9,55.84,16.1
다사62254550,37.5091359,127.0742792,9,1134.05,51.0
다사62254575,37.5113893,127.0742664,9,129.62,22.2
다사62254600,37.5136426,127.0742536,9,104.57,20.2
다사62254625,37.515896,127.0742408,9,18.68,6.8
다사62254650,37.5181493,127.074228,9,168.07,25.9
다사62254675,37.5204027,127.0742152,9,12.53,4.4
다사62254750,37.5271627,127.0741768,9,12.08,3.9
다사62254775,37.5294161,127.0741639,9,536.11,38.0
다사62504375,37.4933726,127.0771968,9,4207.91,94.1
다사62504400,37.495626,127.0771841,9,90.46,19.0
다사62504425,37.4978793,127.0771714,9,401.12,35.1
다사62504450,37.5001327,127.0771587,9,22.01,7.3
다사62504475,37.502386,127.077146,9,1101.78,49.5
다사62504500,37.5046394,127.0771332,9,70.24,16.8
다사62504525,37.5068927,127.0771205,9,1939.68,66.6
다사62504550,37.5091461,127.0771078,9,1103.51,49.8
다사62504575,37.5113995,127.0770951,9,2039.87,69.3
다사62504600,37.5136528,127.0770824,9,1422.94,58.8
다사62504625,37.5159062,127.0770697,9,2097.89,70.0
다사62504650,37.5181595,127.077057,9,177.28,26.6
다사62504675,37.5204128,127.0770442,9,4.54,0.5
다사62504750,37.5271729,127.0770061,9,71.25,17.3
다사62504775,37.5294262,127.0769934,9,1630.92,62.2
다사62504800,37.5316796,127.0769806,9,317.04,31.7
다사62754375,37.4933827,127.0800248,9,5050.79,95.1
다사62754400,37.4956361,127.0800122,9,498.35,37.8
다사62754425,37.4978894,127.0799996,9,16.07,5.6
다사62754450,37.5001428,127.079987,9,304.09,31.0
다사62754475,37.5023961,127.0799743,9,52.21,15.6
다사62754500,37.5046495,127.0799617,9,2142.3,70.7
다사62754525,37.5069028,127.0799491,9,1027.33,48.3
다사62754550,37.5091562,127.0799365,9,2252.38,73.2
다사62754575,37.5114095,127.0799238,9,2087.15,69.8
다사62754600,37.5136629,127.0799112,9,5091.81,95.4
다사62754625,37.5159162,127.0798986,9,1393.29,58.3
다사62754650,37.5181696,127.0798859,9,74.68,17.6
다사62754750,37.527183,127.0798354,9,612.59,40.5
다사62754775,37.5294363,127.0798228,9,256.73,30.2
다사62754800,37.5316897,127.0798101,9,2897.25,83.4
다사62754825,37.533943,127.0797975,9,1804.01,65.1
다사63004350,37.4911394,127.0828654,9,39.65,13.2
다사63004375,37.4933927,127.0828529,9,45.41,14.9
다사63004400,37.4956461,127.0828403,9,1015.88,48.0
다사63004425,37.4978994,127.0828278,9,310.12,31.2
다사63004450,37.5001528,127.0828153,9,163.31,25.1
다사63004500,37.5046595,127.0827902,9,1551.39,60.7
다사63004525,37.5069129,127.0827776,9,2198.46,72.2
다사63004550,37.5091662,127.0827651,9,1635.28,62.4
다사63004575,37.5114196,127.0827526,9,2269.34,73.9
다사63004600,37.5136729,127.08274,9,180.97,27.1
다사63004625,37.5159263,127.0827275,9,3159.39,86.3
다사63004650,37.5181796,127.0827149,9,36.38,12.4
다사63004750,37.527193,127.0826647,9,2387.19,75.9
다사63004775,37.5294464,127.0826522,9,2594.99,80.5
다사63004800,37.5316997,127.0826396,9,2823.78,82.0
다사63004825,37.5339531,127.0826271,9,3112.07,86.1
다사63004850,37.5362064,127.0826145,9,2653.58,81.0
다사63254325,37.488896,127.0857058,9,8348.12,99.3
다사63254350,37.4911493,127.0856934,9,1383.24,57.8
다사63254375,37.4934027,127.0856809,9,1170.48,51.2
다사63254400,37.495656,127.0856685,9,1275.94,53.4
다사63254425,37.4979094,127.085656,9,247.07,29.5
다사63254450,37.5001628,127.0856436,9,17.63,6.6
다사63254475,37.5024161,127.0856311,9,1350.45,56.3
다사63254500,37.5046695,127.0856187,9,3510.02,89.0
다사63254525,37.5069228,127.0856062,9,622.57,41.2
다사63254550,37.5091762,127.0855937,9,729.1,42.9
다사63254575,37.5114295,127.0855813,9,5452.36,96.1
다사63254600,37.5136829,127.0855688,9,2901.98,83.7
다사63254625,37.5159362,127.0855564,9,2004.12,68.3
다사63254650,37.5181896,127.0855439,9,215.97,28.5
다사63254750,37.527203,127.085494,9,39.78,13.4
다사63254775,37.5294563,127.0854816,9,887.65,45.9
다사63254800,37.5317097,127.0854691,9,1764.42,64.1
다사63254825,37.533963,127.0854566,9,749.83,43.7
다사63254850,37.5362164,127.0854442,9,2194.41,71.7
다사63504325,37.4889058,127.0885337,9,649.31,42.0
다사63504350,37.4911592,127.0885213,9,2707.84,81.7
다사63504375,37.4934126,127.088509,9,1272.14,53.2
다사63504400,37.4956659,127.0884966,9,174.48,26.3
다사63504425,37.4979193,127.0884842,9,157.03,24.9
다사63504450,37.5001726,127.0884719,9,1302.1,54.4
다사63504475,37.502426,127.0884595,9,3046.35,85.1
다사63504500,37.5046794,127.0884471,9,745.8,43.4
다사63504525,37.5069327,127.0884348,9,5816.59,97.1
다사63504550,37.5091861,127.0884224,9,772.76,44.1
다사63504575,37.5114394,127.08841,9,200.17,27.8
다사63504600,37.5136928,127.0883976,9,3564.33,89.5
다사63504625,37.5159461,127.0883853,9,2265.91,73.7
다사63504650,37.5181995,127.0883729,9,8.94,2.9
다사63504750,37.5272129,127.0883234,9,77.03,17.8
다사63504775,37.5294662,127.088311,9,6.96,1.2
다사63504800,37.5317196,127.0882986,9,1515.69,60.0
다사63504825,37.5339729,127.0882862,9,3227.82,87.1
다사63504850,37.5362263,127.0882738,9,5299.89,95.6
다사63504875,37.5384796,127.0882614,9,2497.1,78.0
다사63754325,37.4889157,127.0913616,9,4.32,0.2
다사63754350,37.491169,127.0913493,9,445.52,36.6
다사63754375,37.4934224,127.091337,9,2004.1,68.0
다사63754400,37.4956757,127.0913247,9,393.93,34.9
다사63754425,37.4979291,127.0913125,9,137.51,23.4
다사63754450,37.5001825,127.0913002,9,2968.02,84.1
다사63754475,37.5024358,127.0912879,9,2534.54,78.8
다사63754500,37.5046892,127.0912756,9,2553.67,79.3
다사63754525,37.5069425,127.0912633,9,1132.06,50.7
다사63754550,37.5091959,127.091251,9,2122.99,70.2
다사63754575,37.5114492,127.0912387,9,1800.78,64.9
다사63754600,37.5137026,127.0912265,9,154.3,24.6
다사63754625,37.515956,127.0912142,9,946.66,46.6
다사63754650,37.5182093,127.0912019,9,174.26,26.1
다사63754675,37.5204627,127.0911896,9,12.19,4.1
다사63754700,37.522716,127.0911773,9,40.18,13.7
다사63754725,37.5249694,127.091165,9,95.97,19.5
다사63754750,37.5272227,127.0911527,9,35.89,12.2
다사63754775,37.5294761,127.0911404,9,992.45,47.1
다사63754800,37.5317294,127.0911281,9,15.64,5.1
다사63754825,37.5339828,127.0911158,9,1315.09,54.9
다사63754850,37.5362361,127.0911035,9,1776.21,64.6
다사63754875,37.5384894,127.0910912,9,2591.64,80.2
다사64004325,37.4889254,127.0941894,9,10.19,3.2
다사64004350,37.4911788,127.0941773,9,260.48,30.5
다사64004375,37.4934321,127.0941651,9,1319.6,55.1
다사64004400,37.4956855,127.0941529,9,357.24,33.4
다사64004425,37.4979389,127.0941407,9,1769.41,64.4
다사64004450,37.5001922,127.0941285,9,1979.95,67.6
다사64004475,37.5024456,127.0941163,9,1572.04,61.0
다사64004500,37.5046989,127.0941041,9,1371.17,56.8
다사64004525,37.5069523,127.0940919,9,3082.52,85.9
다사64004550,37.5092056,127.0940797,9,3337.55,87.8
다사64004575,37.511459,127.0940675,9,2240.45,72.9
다사64004600,37.5137124,127.0940553,9,3371.89,88.0
다사64004625,37.5159657,127.0940431,9,2406.98,76.6
다사64004650,37.5182191,127.0940309,9,449.21,36.8
다사64004675,37.5204724,127.0940187,9,200.89,28.0
다사64004700,37.5227258,127.0940064,9,33.2,10.7
다사64004800,37.5317392,127.0939576,9,1544.18,60.5
다사64004825,37.5339925,127.0939454,9,1174.52,51.5
다사64004850,37.5362459,127.0939332,9,2273.85,74.4
다사64004875,37.5384992,127.0939209,9,2174.25,71.5
다사64254300,37.4866817,127.0970294,9,43.96,14.4
다사64254325,37.4889351,127.0970173,9,202.65,28.3
다사64254350,37.4911884,127.0970052,9,586.77,40.0
다사64254375,37.4934418,127.0969931,9,582.17,39.8
다사64254400,37.4956952,127.096981,9,79.39,18.0
다사64254425,37.4979485,127.0969689,9,1238.17,52.4
다사64254450,37.5002019,127.0969568,9,1851.03,66.1
다사64254475,37.5024553,127.0969447,9,1978.53,67.3
다사64254500,37.5047086,127.0969326,9,1419.53,58.5
다사64254525,37.506962,127.0969204,9,2421.0,77.1
다사64254550,37.5092153,127.0969083,9,327.45,32.0
다사64254575,37.5114687,127.0968962,9,4836.78,94.9
다사64254600,37.513722,127.0968841,9,1211.91,52.0
다사64254625,37.5159754,127.096872,9,64.99,16.3
다사64254650,37.5182288,127.0968599,9,53.48,15.9
다사64254675,37.5204821,127.0968477,9,466.6,37.3
다사64254700,37.5227355,127.0968356,9,33.74,11.5
다사64254775,37.5294955,127.0967992,9,13.41,4.6
다사64254800,37.5317489,127.0967871,9,40.52,13.9
다사64254825,37.5340022,127.096775,9,369.89,33.7
다사64254850,37.5362556,127.0967628,9,8327.67,99.0
다사64254875,37.5385089,127.0967507,9,811.68,45.1
다사64504300,37.4866913,127.0998572,9,135.1,23.2
다사64504325,37.4889447,127.0998452,9,12620.09,99.8
다사64504350,37.4911981,127.0998332,9,2396.68,76.1
다사64504375,37.4934514,127.0998212,9,427.25,35.9
다사64504400,37.4957048,127.0998092,9,656.91,42.2
다사64504425,37.4979581,127.0997971,9,2308.24,75.1
다사64504450,37.5002115,127.0997851,9,1644.79,62.9
다사64504475,37.5024649,127.0997731,9,2152.96,71.0
다사64504500,37.5047182,127.099761,9,2037.28,69.0
다사64504525,37.5069716,127.099749,9,1263.95,52.9
다사64504550,37.509225,127.099737,9,551.46,39.0
다사64504575,37.5114783,127.0997249,9,3465.25,88.3
다사64504600,37.5137317,127.0997129,9,1847.6,65.6
다사64504625,37.515985,127.0997009,9,7467.46,98.8
다사64504650,37.5182384,127.0996888,9,4361.56,94.4
다사64504675,37.5204917,127.0996768,9,8.56,2.2
다사64504700,37.5227451,127.0996648,9,70.36,17.1
다사64504725,37.5249984,127.0996527,9,14.87,4.9
다사64504750,37.5272518,127.0996407,9,27.09,8.8
다사64504775,37.5295051,127.0996286,9,32.22,10.2
다사64504850,37.5362652,127.0995925,9,251.91,29.8
다사64504875,37.5385185,127.0995804,9,3637.74,90.5
다사64754300,37.4867009,127.102685,9,3228.36,87.3
다사64754325,37.4889542,127.1026731,9,5845.95,97.3
다사64754350,37.4912076,127.1026612,9,2134.67,70.5
다사64754375,37.493461,127.1026492,9,8.73,2.4
다사64754400,37.4957143,127.1026373,9,1623.33,62.0
다사64754425,37.4979677,127.1026254,9,2566.8,79.5
다사64754450,37.5002211,127.1026134,9,2197.42,72.0
다사64754475,37.5024744,127.1026015,9,84.6,18.8
다사64754500,37.5047278,127.1025895,9,1444.04,59.0
다사64754525,37.5069811,127.1025776,9,2444.05,77.3
다사64754550,37.5092345,127.1025656,9,350.8,32.4
다사64754575,37.5114879,127.1025537,9,5813.97,96.8
다사64754600,37.5137412,127.1025417,9,5962.19,97.8
다사64754625,37.5159946,127.1025298,9,6112.21,98.0
다사64754650,37.5182479,127.1025178,9,2655.31,81.2
다사64754675,37.5205013,127.1025059,9,908.44,46.1
다사64754700,37.5227546,127.1024939,9,252.79,30.0
다사64754725,37.525008,127.102482,9,146.9,24.4
다사64754825,37.5340214,127.1024341,9,83.14,18.5
다사64754850,37.5362747,127.1024222,9,105.83,21.0
다사64754875,37.5385281,127.1024102,9,10.28,3.4
다사65004300,37.4867103,127.1055128,9,4126.32,93.4
다사65004325,37.4889637,127.105501,9,3627.19,90.2
다사65004350,37.4912171,127.1054891,9,6.21,0.7
다사65004375,37.4934704,127.1054773,9,620.42,41.0
다사65004400,37.4957238,127.1054654,9,1908.93,66.3
다사65004425,37.4979772,127.1054536,9,2005.43,68.5
다사65004450,37.5002305,127.1054417,9,1078.97,49.0
다사65004475,37.5024839,127.1054299,9,2302.82,74.9
다사65004500,37.5047373,127.105418,9,3575.74,89.8
다사65004525,37.5069906,127.1054061,9,3000.99,84.6
다사65004550,37.509244,127.1053943,9,1281.83,53.9
다사65004575,37.5114973,127.1053824,9,765.84,43.9
다사65004600,37.5137507,127.1053706,9,2889.19,83.2
다사65004625,37.5160041,127.1053587,9,6286.48,98.3
다사65004650,37.5182574,127.1053468,9,910.96,46.3
다사65004675,37.5205108,127.105335,9,3745.98,91.2
다사65004700,37.5227641,127.1053231,9,2944.21,83.9
다사65004725,37.5250175,127.1053112,9,26.59,8.5
다사65004750,37.5272708,127.1052993,9,220.74,28.8
다사65004775,37.5295242,127.1052875,9,6.98,1.5
다사65004800,37.5317775,127.1052756,9,132.48,22.7
다사65004825,37.5340309,127.1052637,9,222.66,29.0
다사65254325,37.4889731,127.1083289,9,335.68,32.2
다사65254350,37.4912265,127.1083171,9,25.78,8.3
다사65254375,37.4934799,127.1083053,9,3902.4,92.2
다사65254400,37.4957332,127.1082936,9,29.12,9.5
다사65254425,37.4979866,127.1082818,9,5389.37,95.9
다사65254450,37.50024,127.10827,9,2270.0,74.1
다사65254475,37.5024933,127.1082583,9,1347.96,56.1
다사65254500,37.5047467,127.1082465,9,1604.07,61.2
다사65254525,37.507,127.1082347,9,3058.26,85.6
다사65254550,37.5092534,127.1082229,9,1004.87,47.8
다사65254575,37.5115068,127.1082112,9,1834.63,65.4
다사65254600,37.5137601,127.1081994,9,3053.42,85.4
다사65254625,37.5160135,127.1081876,9,5741.67,96.6
다사65254650,37.5182668,127.1081758,9,4147.72,93.7
다사65254675,37.5205202,127.108164,9,599.44,40.2
다사65254700,37.5227735,127.1081523,9,27.76,9.0
다사65254725,37.5250269,127.1081405,9,6896.25,98.5
다사65254750,37.5272803,127.1081287,9,18712.82,100.0
다사65254775,37.5295336,127.1081169,9,4.27,0.0
다사65254800,37.531787,127.1081051,9,195.35,27.6
다사65254825,37.5340403,127.1080933,9,8.54,2.0
다사65504325,37.4889825,127.1111568,9,618.62,40.7
다사65504350,37.4912358,127.1111451,9,15.87,5.4
다사65504375,37.4934892,127.1111334,9,838.49,45.6
다사65504400,37.4957426,127.1111217,9,798.66,44.6
다사65504425,37.4979959,127.11111,9,2451.83,77.6
다사65504450,37.5002493,127.1110984,9,571.62,39.5
다사65504475,37.5025027,127.1110867,9,2865.7,82.9
다사65504500,37.504756,127.111075,9,3466.39,88.5
다사65504525,37.5070094,127.1110633,9,1373.31,57.1
다사65504550,37.5092627,127.1110516,9,1117.71,50.0
다사65504575,37.5115161,127.1110399,9,2071.1,69.5
다사65504600,37.5137695,127.1110282,9,538.83,38.3
다사65504625,37.5160228,127.1110165,9,3009.71,84.9
다사65504650,37.5182762,127.1110048,9,3886.21,91.7
다사65504675,37.5205295,127.1109931,9,556.22,39.3
다사65504700,37.5227829,127.1109814,9,3770.04,91.5
다사65504725,37.5250363,127.1109697,9,809.64,44.9
다사65504750,37.5272896,127.110958,9,352.61,32.9
다사65504775,37.529543,127.1109463,9,16.65,6.1
다사65504800,37.5317963,127.1109346,9,549.62,38.8
다사65504825,37.5340497,127.1109229,9,1490.25,59.5
다사65504850,37.536303,127.1109112,9,117.28,21.5
다사65754325,37.4889917,127.1139847,9,2550.72,79.0
다사65754350,37.4912451,127.1139731,9,1100.28,49.3
다사65754375,37.4934985,127.1139615,9,1650.69,63.2
다사65754400,37.4957518,127.1139499,9,32.98,10.5
다사65754425,37.4980052,127.1139383,9,8.24,1.7
다사65754450,37.5002586,127.1139267,9,1762.56,63.9
다사65754475,37.5025119,127.1139151,9,541.41,38.5
다사65754500,37.5047653,127.1139035,9,1333.6,55.9
다사65754525,37.5070187,127.1138919,9,2378.85,75.6
다사65754550,37.509272,127.1138803,9,741.04,43.2
다사65754575,37.5115254,127.1138686,9,5872.13,97.6
다사65754600,37.5137788,127.113857,9,1002.74,47.3
다사65754625,37.5160321,127.1138454,9,5583.53,96.3
다사65754650,37.5182855,127.1138338,9,1466.77,59.3
다사65754675,37.5205388,127.1138222,9,2839.79,82.7
다사65754700,37.5227922,127.1138106,9,453.62,37.1
다사65754725,37.5250455,127.113799,9,1643.58,62.7
다사65754750,37.5272989,127.1137874,9,28.24,9.3
다사65754775,37.5295523,127.1137757,9,2253.26,73.4
다사65754800,37.5318056,127.1137641,9,2367.39,75.4
다사65754850,37.5363123,127.1137409,9,22.97,7.6
다사66004350,37.4912543,127.116801,9,4583.89,94.6
다사66004375,37.4935077,127.1167895,9,3641.98,91.0
다사66004400,37.4957611,127.116778,9,3244.26,87.6
다사66004425,37.4980144,127.1167665,9,412.44,35.6
다사66004450,37.5002678,127.116755,9,3174.81,86.6
다사66004475,37.5025212,127.1167435,9,2483.4,77.8
다사66004500,37.5047745,127.116732,9,143.38,24.1
다사66004525,37.5070279,127.1167204,9,2300.26,74.6
다사66004550,37.5092812,127.1167089,9,65.64,16.6
다사66004575,37.5115346,127.1166974,9,1378.91,57.3
다사66004600,37.513788,127.1166859,9,2017.64,68.8
다사66004625,37.5160413,127.1166743,9,29.74,9.8
다사66004650,37.5182947,127.1166628,9,109.18,21.2
다사66004675,37.520548,127.1166513,9,2168.06,71.2
다사66004700,37.5228014,127.1166398,9,3499.02,88.8
다사66004725,37.5250548,127.1166282,9,658.79,42.4
다사66004750,37.5273081,127.1166167,9,1683.09,63.4
다사66004775,37.5295615,127.1166052,9,2984.24,84.4
다사66004800,37.5318148,127.1165936,9,3217.45,86.8
다사66004825,37.5340682,127.1165821,9,384.31,34.4
다사66004850,37.5363215,127.1165706,9,1534.36,60.2
다사66254350,37.4912635,127.119629,9,80.55,18.3
다사66254375,37.4935168,127.1196176,9,3641.89,90.7
다사66254400,37.4957702,127.1196062,9,402.45,35.4
다사66254425,37.4980236,127.1195947,9,3599.45,90.0
다사66254450,37.5002769,127.1195833,9,1234.68,52.2
다사66254475,37.5025303,127.1195719,9,3930.53,92.4
다사66254500,37.5047837,127.1195604,9,2674.9,81.5
다사66254525,37.507037,127.119549,9,1286.88,54.1
다사66254550,37.5092904,127.1195376,9,2213.63,72.4
다사66254575,37.5115437,127.1195261,9,4112.59,92.9
다사66254600,37.5137971,127.1195147,9,1322.61,55.4
다사66254625,37.5160505,127.1195033,9,23.18,7.8
다사66254725,37.5250639,127.1194575,9,167.97,25.6
다사66254750,37.5273173,127.119446,9,1310.97,54.6
다사66254775,37.5295706,127.1194346,9,44.28,14.6
다사66254800,37.531824,127.1194231,9,822.77,45.4
다사66254825,37.5340773,127.1194117,9,1356.22,56.6
다사66504375,37.4935259,127.1224457,9,1940.56,66.8
다사66504400,37.4957793,127.1224343,9,12398.97,99.5
다사66504425,37.4980326,127.122423,9,622.77,41.5
다사66504450,37.500286,127.1224116,9,2229.92,72.7
다사66504475,37.5025394,127.1224003,9,1328.67,55.6
다사66504500,37.5047927,127.1223889,9,1379.69,57.6
다사66504525,37.5070461,127.1223776,9,2828.0,82.2
다사66504550,37.5092995,127.1223662,9,1615.87,61.7
다사66504575,37.5115528,127.1223549,9,38.19,12.9
다사66504600,37.5138062,127.1223435,9,2508.89,78.3
다사66504625,37.5160596,127.1223322,9,954.96,46.8
다사66504650,37.5183129,127.1223208,9,92.9,19.3
다사66504725,37.525073,127.1222867,9,165.12,25.4
다사66504750,37.5273263,127.1222754,9,1957.08,67.1
다사66504775,37.5295797,127.122264,9,3541.36,89.3
다사66504800,37.5318331,127.1222526,9,2583.32,79.8
다사66754400,37.4957883,127.1252625,9,2526.03,78.5
다사66754425,37.4980416,127.1252512,9,283.34,30.7
다사66754450,37.500295,127.1252399,9,2646.57,80.7
다사66754475,37.5025484,127.1252287,9,2400.23,76.3
다사66754500,37.5048017,127.1252174,9,1512.68,59.8
다사66754525,37.5070551,127.1252062,9,11.33,3.7
다사66754550,37.5093085,127.1251949,9,1037.07,48.5
다사66754575,37.5115618,127.1251836,9,4123.35,93.2
다사66754600,37.5138152,127.1251724,9,45.58,15.1
다사66754625,37.5160686,127.1251611,9,646.91,41.7
다사66754650,37.5183219,127.1251498,9,386.0,34.6
다사66754675,37.5205753,127.1251385,9,356.31,33.2
다사66754700,37.5228286,127.1251273,9,36.6,12.7
다사66754725,37.525082,127.125116,9,1759.66,63.7
다사66754750,37.5273354,127.1251047,9,3898.17,92.0
다사66754775,37.5295887,127.1250934,9,1131.74,50.5
다사67004425,37.4980506,127.1280794,9,2420.4,76.8
다사67004450,37.5003039,127.1280683,9,1280.23,53.7
다사67004475,37.5025573,127.1280571,9,1263.01,52.7
다사67004500,37.5048107,127.1280459,9,31.83,10.0
다사67004525,37.507064,127.1280347,9,351.74,32.7
다사67004550,37.5093174,127.1280236,9,4110.61,92.7
다사67004575,37.5115708,127.1280124,9,35.01,12.0
다사67004600,37.5138241,127.1280012,9,721.02,42.7
다사67004625,37.5160775,127.12799,9,311.23,31.5
다사67004650,37.5183309,127.1279788,9,1387.74,58.0
다사67004675,37.5205842,127.1279676,9,17.03,6.3
다사67004700,37.5228376,127.1279564,9,377.14,33.9
다사67004725,37.525091,127.1279453,9,431.68,36.3
다사67004750,37.5273443,127.1279341,9,142.91,23.9
다사67254475,37.5025662,127.1308855,9,6.37,1.0
다사67254500,37.5048196,127.1308744,9,2837.26,82.4
다사67254525,37.5070729,127.1308633,9,429.32,36.1
다사67254550,37.5093263,127.1308522,9,1985.96,67.8
다사67254575,37.5115797,127.1308411,9,119.41,21.7
다사67254600,37.513833,127.13083,9,141.79,23.7
다사67254625,37.5160864,127.1308189,9,120.24,22.0
다사67254650,37.5183397,127.1308078,9,1615.69,61.5
다사67254675,37.5205931,127.1307967,9,104.71,20.5
다사67254700,37.5228465,127.1307856,9,1847.81,65.9
다사67504550,37.5093351,127.1336809,9,34.82,11.7
다사67504575,37.5115885,127.1336699,9,50.37,15.4
다사67504600,37.5138418,127.1336589,9,16.26,5.9
다사67504625,37.5160952,127.1336478,9,2584.36,80.0
다사61754500,37.5046087,127.0686478,10,222.83,28.1
다사61754525,37.5068621,127.0686349,10,1228.48,52.5
다사61754550,37.5091154,127.0686219,10,557.09,38.7
다사61754575,37.5113688,127.0686089,10,446.44,34.7
다사61754600,37.5136221,127.068596,10,123.04,21.2
다사61754625,37.5158755,127.068583,10,107.82,20.0
다사61754650,37.5181288,127.06857,10,24.22,7.6
다사61754675,37.5203822,127.0685571,10,22.71,7.1
다사62004450,37.5001123,127.0715021,10,727.48,42.4
다사62004475,37.5023657,127.0714892,10,277.83,29.8
다사62004500,37.504619,127.0714763,10,193.13,26.6
다사62004525,37.5068724,127.0714634,10,14.55,4.9
다사62004550,37.5091257,127.0714505,10,16.36,5.9
다사62004575,37.5113791,127.0714377,10,1224.47,52.2
다사62004600,37.5136324,127.0714248,10,101.97,19.5
다사62004625,37.5158858,127.0714119,10,1482.0,60.3
다사62004650,37.5181391,127.071399,10,43.32,12.8
다사62004675,37.5203925,127.0713861,10,35.88,10.6
다사62254425,37.4978692,127.0743432,10,1024.23,47.0
다사62254450,37.5001225,127.0743304,10,106.86,19.7
다사62254475,37.5023759,127.0743176,10,146.02,23.2
다사62254500,37.5046292,127.0743048,10,3880.6,91.9
다사62254525,37.5068826,127.074292,10,55.59,15.3
다사62254550,37.5091359,127.0742792,10,1218.28,52.0
다사62254575,37.5113893,127.0742664,10,159.15,24.4
다사62254600,37.5136426,127.0742536,10,112.0,20.2
다사62254625,37.515896,127.0742408,10,12.59,3.4
다사62254650,37.5181493,127.074228,10,193.43,26.8
다사62254675,37.5204027,127.0742152,10,13.38,4.2
다사62254750,37.5271627,127.0741768,10,12.97,3.9
다사62254775,37.5294161,127.0741639,10,480.03,36.0
다사62504375,37.4933726,127.0771968,10,4308.89,93.8
다사62504400,37.495626,127.0771841,10,81.13,17.7
다사62504425,37.4978793,127.0771714,10,419.86,33.7
다사62504450,37.5001327,127.0771587,10,35.48,10.3
다사62504475,37.502386,127.077146,10,1067.26,47.5
다사62504500,37.5046394,127.0771332,10,76.86,16.7
다사62504525,37.5068927,127.0771205,10,1721.43,64.0
다사62504550,37.5091461,127.0771078,10,1185.81,50.0
다사62504575,37.5113995,127.0770951,10,2036.1,69.5
다사62504600,37.5136528,127.0770824,10,1209.45,51.5
다사62504625,37.5159062,127.0770697,10,2170.23,72.4
다사62504650,37.5181595,127.077057,10,189.92,26.4
다사62504675,37.5204128,127.0770442,10,4.86,0.5
다사62504750,37.5271729,127.0770061,10,76.3,16.5
다사62504775,37.5294262,127.0769934,10,1558.92,61.1
다사62504800,37.5316796,127.0769806,10,288.5,30.3
다사62754375,37.4933827,127.0800248,10,5173.42,95.1
다사62754400,37.4956361,127.0800122,10,521.65,37.7
다사62754425,37.4978894,127.0799996,10,16.82,6.7
다사62754450,37.5001428,127.079987,10,318.32,30.8
다사62754475,37.5023961,127.0799743,10,58.91,15.8
다사62754500,37.5046495,127.0799617,10,1945.97,68.0
다사62754525,37.5069028,127.0799491,10,994.56,46.6
다사62754550,37.5091562,127.0799365,10,2469.31,78.8
다사62754575,37.5114095,127.0799238,10,2350.42,76.1
다사62754600,37.5136629,127.0799112,10,5005.42,94.8
다사62754625,37.5159162,127.0798986,10,1443.75,59.6
다사62754650,37.5181696,127.0798859,10,80.03,17.2
다사62754750,37.527183,127.0798354,10,580.9,39.2
다사62754775,37.5294363,127.0798228,10,215.33,27.8
다사62754800,37.5316897,127.0798101,10,2705.01,82.5
다사62754825,37.533943,127.0797975,10,1822.14,65.5
다사63004350,37.4911394,127.0828654,10,39.97,11.8
다사63004375,37.4933927,127.0828529,10,52.76,15.0
다사63004400,37.4956461,127.0828403,10,1001.79,46.8
다사63004425,37.4978994,127.0828278,10,324.61,31.0
다사63004450,37.5001528,127.0828153,10,174.19,25.1
다사63004500,37.5046595,127.0827902,10,1438.08,59.4
다사63004525,37.5069129,127.0827776,10,2230.47,73.6
다사63004550,37.5091662,127.0827651,10,1644.21,62.3
다사63004575,37.5114196,127.0827526,10,2567.59,80.5
다사63004600,37.5136729,127.08274,10,118.98,20.9
다사63004625,37.5159263,127.0827275,10,2902.74,84.5
다사63004650,37.5181796,127.0827149,10,39.0,10.8
다사63004750,37.527193,127.0826647,10,2214.05,73.2
다사63004775,37.5294464,127.0826522,10,2417.23,77.8
다사63004800,37.5316997,127.0826396,10,2704.28,82.3
다사63004825,37.5339531,127.0826271,10,2909.25,84.7
다사63004850,37.5362064,127.0826145,10,2758.43,83.0
다사63254325,37.488896,127.0857058,10,9154.47,99.0
다사63254350,37.4911493,127.0856934,10,1316.54,54.9
다사63254375,37.4934027,127.0856809,10,1106.58,47.8
다사63254400,37.495656,127.0856685,10,1274.68,53.4
다사63254425,37.4979094,127.085656,10,258.61,29.1
다사63254450,37.5001628,127.0856436,10,12.73,3.7
다사63254475,37.5024161,127.0856311,10,1213.38,51.7
다사63254500,37.5046695,127.0856187,10,3399.88,88.7
다사63254525,37.5069228,127.0856062,10,580.1,38.9
다사63254550,37.5091762,127.0855937,10,813.16,43.6
다사63254575,37.5114295,127.0855813,10,5541.98,95.6
다사63254600,37.5136829,127.0855688,10,2510.32,79.3
다사63254625,37.5159362,127.0855564,10,1750.9,64.8
다사63254650,37.5181896,127.0855439,10,275.79,29.6
다사63254750,37.527203,127.085494,10,5.63,1.0
다사63254775,37.5294563,127.0854816,10,738.41,43.1
다사63254800,37.5317097,127.0854691,10,1686.69,63.1
다사63254825,37.533963,127.0854566,10,815.68,44.1
다사63254850,37.5362164,127.0854442,10,2385.42,76.4
다사63504325,37.4889058,127.0885337,10,814.09,43.8
다사63504350,37.4911592,127.0885213,10,2689.61,82.0
다사63504375,37.4934126,127.088509,10,1374.54,57.6
다사63504400,37.4956659,127.0884966,10,186.3,26.1
다사63504425,37.4979193,127.0884842,10,164.73,24.6
다사63504450,37.5001726,127.0884719,10,1133.34,48.5
다사63504475,37.502426,127.0884595,10,2858.27,84.0
다사63504500,37.5046794,127.0884471,10,883.17,45.3
다사63504525,37.5069327,127.0884348,10,5658.97,95.8
다사63504550,37.5091861,127.0884224,10,674.77,40.6
다사63504575,37.5114394,127.08841,10,248.84,28.8
다사63504600,37.5136928,127.0883976,10,3260.77,87.7
다사63504625,37.5159461,127.0883853,10,2174.8,72.7
다사63504650,37.5181995,127.0883729,10,9.01,2.7
다사63504750,37.5272129,127.0883234,10,78.42,17.0
다사63504775,37.5294662,127.088311,10,663.5,40.4
다사63504800,37.5317196,127.0882986,10,1369.63,57.1
다사63504825,37.5339729,127.0882862,10,3073.08,85.5
다사63504850,37.5362263,127.0882738,10,5967.6,97.0
다사63504875,37.5384796,127.0882614,10,2338.2,75.6
다사63754325,37.4889157,127.0913616,10,4.35,0.2
다사63754350,37.491169,127.0913493,10,426.39,34.2
다사63754375,37.4934224,127.091337,10,1871.33,67.0
다사63754400,37.4956757,127.0913247,10,6.53,1.5
다사63754425,37.4979291,127.0913125,10,146.17,23.4
다사63754450,37.5001825,127.0913002,10,2527.8,79.8
다사63754475,37.5024358,127.0912879,10,2477.54,79.1
다사63754500,37.5046892,127.0912756,10,2461.49,78.3
다사63754525,37.5069425,127.0912633,10,1140.39,48.8
다사63754550,37.5091959,127.091251,10,2114.4,71.4
다사63754575,37.5114492,127.0912387,10,1579.22,61.3
다사63754600,37.5137026,127.0912265,10,142.45,22.7
다사63754625,37.515956,127.0912142,10,777.09,43.3
다사63754650,37.5182093,127.0912019,10,148.75,23.6
다사63754675,37.5204627,127.0911896,10,14.4,4.4
다사63754700,37.522716,127.0911773,10,47.35,14.0
다사63754725,37.5249694,127.091165,10,100.53,19.2
다사63754750,37.5272227,127.0911527,10,40.72,12.3
다사63754775,37.5294761,127.0911404,10,1039.58,47.3
다사63754800,37.5317294,127.0911281,10,15.78,5.4
다사63754825,37.5339828,127.0911158,10,1251.63,52.7
다사63754850,37.5362361,127.0911035,10,1667.59,62.6
다사63754875,37.5384894,127.0910912,10,2439.99,78.1
다사64004325,37.4889254,127.0941894,10,5.29,0.7
다사64004375,37.4934321,127.0941651,10,1425.81,58.9
다사64004400,37.4956855,127.0941529,10,386.0,32.8
다사64004425,37.4979389,127.0941407,10,1809.16,65.3
다사64004450,37.5001922,127.0941285,10,1825.19,66.0
다사64004475,37.5024456,127.0941163,10,1733.49,64.5
다사64004500,37.5046989,127.0941041,10,1185.31,49.8
다사64004525,37.5069523,127.0940919,10,2875.54,84.2
다사64004550,37.5092056,127.0940797,10,2788.3,83.3
다사64004575,37.511459,127.0940675,10,2151.87,71.9
다사64004600,37.5137124,127.0940553,10,3119.4,86.7
다사64004625,37.5159657,127.0940431,10,2136.91,71.7
다사64004650,37.5182191,127.0940309,10,413.81,33.5
다사64004675,37.5204724,127.0940187,10,205.74,27.6
다사64004700,37.5227258,127.0940064,10,31.38,9.6
다사64004800,37.5317392,127.0939576,10,1555.46,60.8
다사64004825,37.5339925,127.0939454,10,1338.26,55.4
다사64004850,37.5362459,127.0939332,10,2295.03,75.1
다사64004875,37.5384992,127.0939209,10,1999.57,68.5
다사64254300,37.4866817,127.0970294,10,23.55,7.4
다사64254325,37.4889351,127.0970173,10,224.14,28.3
다사64254350,37.4911884,127.0970052,10,649.04,40.1
다사64254375,37.4934418,127.0969931,10,629.04,39.9
다사64254400,37.4956952,127.096981,10,85.58,18.0
다사64254425,37.4979485,127.0969689,10,1189.9,50.2
다사64254450,37.5002019,127.0969568,10,1824.51,65.8
다사64254475,37.5024553,127.0969447,10,2037.18,69.7
다사64254500,37.5047086,127.0969326,10,1322.99,55.2
다사64254525,37.506962,127.0969204,10,2311.24,75.4
다사64254550,37.5092153,127.0969083,10,290.97,30.5
다사64254575,37.5114687,127.0968962,10,6018.6,97.3
다사64254600,37.513722,127.0968841,10,1432.81,59.1
다사64254625,37.5159754,127.096872,10,61.01,16.0
다사64254650,37.5182288,127.0968599,10,27.18,8.6
다사64254675,37.5204821,127.0968477,10,549.18,38.4
다사64254700,37.5227355,127.0968356,10,39.66,11.6
다사64254775,37.5294955,127.0967992,10,14.45,4.7
다사64254800,37.5317489,127.0967871,10,39.44,11.3
다사64254825,37.5340022,127.096775,10,421.39,34.0
다사64254850,37.5362556,127.0967628,10,10112.14,99.3
다사64254875,37.5385089,127.0967507,10,734.99,42.9
다사64504300,37.4866913,127.0998572,10,184.22,25.9
다사64504325,37.4889447,127.0998452,10,13872.68,99.5
다사64504350,37.4911981,127.0998332,10,2154.44,72.2
다사64504375,37.4934514,127.0998212,10,468.09,35.5
다사64504400,37.4957048,127.0998092,10,729.05,42.6
다사64504425,37.4979581,127.0997971,10,2079.57,70.4
다사64504450,37.5002115,127.0997851,10,1462.07,59.9
다사64504475,37.5024649,127.0997731,10,2011.68,69.0
다사64504500,37.5047182,127.099761,10,1901.58,67.5
다사64504525,37.5069716,127.099749,10,1272.34,53.2
다사64504550,37.509225,127.099737,10,1379.48,58.1
다사64504575,37.5114783,127.0997249,10,4831.35,94.1
다사64504600,37.5137317,127.0997129,10,2092.54,70.9
다사64504625,37.515985,127.0997009,10,8289.36,98.8
다사64504650,37.5182384,127.0996888,10,4153.92,93.1
다사64504675,37.5204917,127.0996768,10,8.63,2.5
다사64504700,37.5227451,127.0996648,10,55.94,15.5
다사64504725,37.5249984,127.0996527,10,16.02,5.7
다사64504750,37.5272518,127.0996407,10,16.38,6.2
다사64504775,37.5295051,127.0996286,10,29.22,8.9
다사64504850,37.5362652,127.0995925,10,286.98,30.0
다사64504875,37.5385185,127.0995804,10,3382.94,88.4
다사64754300,37.4867009,127.102685,10,3814.85,91.4
다사64754325,37.4889542,127.1026731,10,5922.42,96.6
다사64754350,37.4912076,127.1026612,10,2083.75,70.7
다사64754400,37.4957143,127.1026373,10,1349.89,56.4
다사64754425,37.4979677,127.1026254,10,2409.68,77.1
다사64754450,37.5002211,127.1026134,10,2057.62,70.2
다사64754475,37.5024744,127.1026015,10,85.6,18.2
다사64754500,37.5047278,127.1025895,10,1293.29,53.9
다사64754525,37.5069811,127.1025776,10,2396.32,76.8
다사64754550,37.5092345,127.1025656,10,446.81,35.0
다사64754575,37.5114879,127.1025537,10,7744.44,98.5
다사64754600,37.5137412,127.1025417,10,7644.48,98.3
다사64754625,37.5159946,127.1025298,10,7174.62,97.8
다사64754650,37.5182479,127.1025178,10,3085.33,86.0
다사64754675,37.5205013,127.1025059,10,893.5,45.6
다사64754700,37.5227546,127.1024939,10,200.57,27.1
다사64754725,37.525008,127.102482,10,158.17,23.9
다사64754825,37.5340214,127.1024341,10,89.53,18.5
다사64754850,37.5362747,127.1024222,10,115.54,20.4
다사64754875,37.5385281,127.1024102,10,6.96,1.7
다사65004300,37.4867103,127.1055128,10,4837.64,94.3
다사65004325,37.4889637,127.105501,10,3609.42,89.9
다사65004375,37.4934704,127.1054773,10,519.01,37.4
다사65004400,37.4957238,127.1054654,10,1623.64,61.8
다사65004425,37.4979772,127.1054536,10,1698.27,63.3
다사65004450,37.5002305,127.1054417,10,1115.76,48.0
다사65004475,37.5024839,127.1054299,10,2199.67,72.9
다사65004500,37.5047373,127.105418,10,3653.98,90.1
다사65004525,37.5069906,127.1054061,10,3077.25,85.7
다사65004550,37.509244,127.1053943,10,1401.89,58.4
다사65004575,37.5114973,127.1053824,10,869.63,45.1
다사65004600,37.5137507,127.1053706,10,3367.7,88.2
다사65004625,37.5160041,127.1053587,10,6381.99,97.5
다사65004650,37.5182574,127.1053468,10,822.87,44.3
다사65004675,37.5205108,127.105335,10,3697.0,90.4
다사65004700,37.5227641,127.1053231,10,3085.5,86.2
다사65004725,37.5250175,127.1053112,10,45.42,13.3
다사65004750,37.5272708,127.1052993,10,233.84,28.6
다사65004775,37.5295242,127.1052875,10,7.51,2.0
다사65004800,37.5317775,127.1052756,10,142.63,22.9
다사65004825,37.5340309,127.1052637,10,204.59,27.3
다사65254325,37.4889731,127.1083289,10,348.04,31.3
다사65254350,37.4912265,127.1083171,10,47.77,14.3
다사65254375,37.4934799,127.1083053,10,4209.7,93.6
다사65254400,37.4957332,127.1082936,10,25.32,7.9
다사65254425,37.4979866,127.1082818,10,4882.94,94.6
다사65254450,37.50024,127.10827,10,2388.21,76.6
다사65254475,37.5024933,127.1082583,10,1293.7,54.2
다사65254500,37.5047467,127.1082465,10,1754.33,65.0
다사65254525,37.507,127.1082347,10,3206.4,87.2
다사65254550,37.5092534,127.1082229,10,935.97,46.1
다사65254575,37.5115068,127.1082112,10,1882.36,67.2
다사65254600,37.5137601,127.1081994,10,3543.65,89.2
다사65254625,37.5160135,127.1081876,10,5943.24,96.8
다사65254650,37.5182668,127.1081758,10,3799.33,91.1
다사65254675,37.5205202,127.108164,10,533.96,37.9
다사65254700,37.5227735,127.1081523,10,49.54,14.5
다사65254725,37.5250269,127.1081405,10,7632.28,98.0
다사65254750,37.5272803,127.1081287,10,20652.97,100.0
다사65254775,37.5295336,127.1081169,10,4.3,0.0
다사65254800,37.531787,127.1081051,10,167.84,24.9
다사65254825,37.5340403,127.1080933,10,9.19,3.0
다사65504325,37.4889825,127.1111568,10,606.99,39.7
다사65504350,37.4912358,127.1111451,10,15.1,5.2
다사65504375,37.4934892,127.1111334,10,725.66,42.1
다사65504400,37.4957426,127.1111217,10,863.51,44.8
다사65504425,37.4979959,127.11111,10,2262.0,74.4
다사65504450,37.5002493,127.1110984,10,685.95,40.9
다사65504475,37.5025027,127.1110867,10,3060.42,85.2
다사65504500,37.504756,127.111075,10,3275.0,87.9
다사65504525,37.5070094,127.1110633,10,1343.6,55.9
다사65504550,37.5092627,127.1110516,10,1176.42,49.5
다사65504575,37.5115161,127.1110399,10,1987.86,68.2
다사65504600,37.5137695,127.1110282,10,490.85,36.7
다사65504625,37.5160228,127.1110165,10,2831.93,83.7
다사65504650,37.5182762,127.1110048,10,3729.6,90.6
다사65504675,37.5205295,127.1109931,10,475.29,35.7
다사65504700,37.5227829,127.1109814,10,3412.63,88.9
다사65504725,37.5250363,127.1109697,10,977.75,46.3
다사65504750,37.5272896,127.110958,10,375.37,32.0
다사65504775,37.529543,127.1109463,10,16.78,6.4
다사65504800,37.5317963,127.1109346,10,591.8,39.4
다사65504825,37.5340497,127.1109229,10,1377.6,57.9
다사65504850,37.536303,127.1109112,10,125.7,21.9
다사65754325,37.4889917,127.1139847,10,2416.62,77.6
다사65754350,37.4912451,127.1139731,10,1201.14,51.0
다사65754375,37.4934985,127.1139615,10,1727.27,64.3
다사65754400,37.4957518,127.1139499,10,26.04,8.4
다사65754450,37.5002586,127.1139267,10,1671.83,62.8
다사65754475,37.5025119,127.1139151,10,500.64,36.9
다사65754500,37.5047653,127.1139035,10,1358.27,56.9
다사65754525,37.5070187,127.1138919,10,2339.28,75.9
다사65754550,37.509272,127.1138803,10,703.12,41.4
다사65754575,37.5115254,127.1138686,10,5834.54,96.3
다사65754600,37.5137788,127.113857,10,903.48,45.8
다사65754625,37.5160321,127.1138454,10,5664.22,96.1
다사65754650,37.5182855,127.1138338,10,1299.25,54.4
다사65754675,37.5205388,127.1138222,10,2651.09,81.5
다사65754700,37.5227922,127.1138106,10,403.02,33.3
다사65754725,37.5250455,127.113799,10,1535.8,60.6
다사65754750,37.5272989,127.1137874,10,26.03,8.1
다사65754775,37.5295523,127.1137757,10,2010.07,68.7
다사65754800,37.5318056,127.1137641,10,2237.22,73.9
다사65754850,37.5363123,127.1137409,10,19.5,6.9
다사66004350,37.4912543,127.116801,10,5184.1,95.3
다사66004375,37.4935077,127.1167895,10,4114.84,92.9
다사66004400,37.4957611,127.116778,10,3234.12,87.4
다사66004425,37.4980144,127.1167665,10,389.91,33.0
다사66004450,37.5002678,127.116755,10,3103.38,86.5
다사66004475,37.5025212,127.1167435,10,2266.5,74.6
다사66004500,37.5047745,127.116732,10,133.81,22.2
다사66004525,37.5070279,127.1167204,10,2528.32,80.0
다사66004550,37.5092812,127.1167089,10,62.17,16.3
다사66004575,37.5115346,127.1166974,10,1338.5,55.7
다사66004600,37.513788,127.1166859,10,1827.94,66.3
다사66004625,37.5160413,127.1166743,10,47.17,13.8
다사66004650,37.5182947,127.1166628,10,116.54,20.7
다사66004675,37.520548,127.1166513,10,2412.87,77.3
다사66004700,37.5228014,127.1166398,10,3174.9,86.9
다사66004725,37.5250548,127.1166282,10,708.96,41.6
다사66004750,37.5273081,127.1166167,10,1861.85,66.7
다사66004775,37.5295615,127.1166052,10,2808.74,83.5
다사66004800,37.5318148,127.1165936,10,2959.94,85.0
다사66004825,37.5340682,127.1165821,10,370.54,31.8
다사66004850,37.5363215,127.1165706,10,1344.9,56.2
다사66254350,37.4912635,127.119629,10,80.74,17.5
다사66254375,37.4935168,127.1196176,10,4171.37,93.3
다사66254400,37.4957702,127.1196062,10,502.85,37.2
다사66254425,37.4980236,127.1195947,10,3563.46,89.4
다사66254450,37.5002769,127.1195833,10,1356.59,56.7
다사66254475,37.5025303,127.1195719,10,3603.59,89.7
다사66254500,37.5047837,127.1195604,10,2464.52,78.6
다사66254525,37.507037,127.119549,10,1201.81,51.2
다사66254550,37.5092904,127.1195376,10,2046.57,70.0
다사66254575,37.5115437,127.1195261,10,3906.9,92.1
다사66254600,37.5137971,127.1195147,10,1194.47,50.5
다사66254625,37.5160505,127.1195033,10,35.3,10.1
다사66254725,37.5250639,127.1194575,10,179.67,25.6
다사66254750,37.5273173,127.119446,10,1302.63,54.7
다사66254775,37.5295706,127.1194346,10,43.06,12.6
다사66254800,37.531824,127.1194231,10,827.07,44.6
다사66254825,37.5340773,127.1194117,10,1281.4,53.7
다사66504375,37.4935259,127.1224457,10,2104.56,71.2
다사66504400,37.4957793,127.1224343,10,14437.8,99.8
다사66504425,37.4980326,127.122423,10,538.71,38.2
다사66504450,37.500286,127.1224116,10,2218.93,73.4
다사66504475,37.5025394,127.1224003,10,1196.85,50.7
다사66504500,37.5047927,127.1223889,10,1465.41,60.1
다사66504525,37.5070461,127.1223776,10,2644.33,81.3
다사66504550,37.5092995,127.1223662,10,1624.29,62.1
다사66504575,37.5115528,127.1223549,10,44.13,13.1
다사66504600,37.5138062,127.1223435,10,2578.64,80.8
다사66504625,37.5160596,127.1223322,10,1120.17,48.3
다사66504650,37.5183129,127.1223208,10,99.2,19.0
다사66504725,37.525073,127.1222867,10,176.3,25.4
다사66504750,37.5273263,127.1222754,10,1906.42,67.7
다사66504775,37.5295797,127.122264,10,3831.49,91.6
다사66504800,37.5318331,127.1222526,10,2678.63,81.8
다사66754400,37.4957883,127.1252625,10,2564.93,80.3
다사66754425,37.4980416,127.1252512,10,275.54,29.3
다사66754450,37.500295,127.1252399,10,2605.49,81.0
다사66754475,37.5025484,127.1252287,10,2520.93,79.6
다사66754500,37.5048017,127.1252174,10,1373.38,57.4
다사66754525,37.5070551,127.1252062,10,11.42,3.2
다사66754550,37.5093085,127.1251949,10,1152.33,49.0
다사66754575,37.5115618,127.1251836,10,4096.26,92.6
다사66754600,37.5138152,127.1251724,10,45.55,13.5
다사66754625,37.5160686,127.1251611,10,690.71,41.1
다사66754650,37.5183219,127.1251498,10,488.26,36.2
다사66754675,37.5205753,127.1251385,10,380.38,32.5
다사66754700,37.5228286,127.1251273,10,39.08,11.1
다사66754725,37.525082,127.125116,10,1720.43,63.8
다사66754750,37.5273354,127.1251047,10,3797.24,90.9
다사66754775,37.5295887,127.1250934,10,1156.92,49.3
다사67004425,37.4980506,127.1280794,10,2260.54,74.1
다사67004450,37.5003039,127.1280683,10,1418.14,58.6
다사67004475,37.5025573,127.1280571,10,1268.45,53.0
다사67004500,37.5048107,127.1280459,10,29.5,9.4
다사67004525,37.507064,127.1280347,10,357.23,31.5
다사67004550,37.5093174,127.1280236,10,3973.08,92.4
다사67004575,37.5115708,127.1280124,10,29.24,9.1
다사67004600,37.5138241,127.1280012,10,724.54,41.9
다사67004625,37.5160775,127.12799,10,379.68,32.3
다사67004650,37.5183309,127.1279788,10,1619.26,61.6
다사67004675,37.5205842,127.1279676,10,40.1,12.1
다사67004700,37.5228376,127.1279564,10,466.66,35.2
다사67004725,37.525091,127.1279453,10,489.26,36.5
다사67004750,37.5273443,127.1279341,10,142.39,22.4
다사67254475,37.5025662,127.1308855,10,6.42,1.2
다사67254500,37.5048196,127.1308744,10,2743.69,82.8
다사67254525,37.5070729,127.1308633,10,440.98,34.5
다사67254550,37.5093263,127.1308522,10,1834.57,66.5
다사67254575,37.5115797,127.1308411,10,98.73,18.7
다사67254600,37.513833,127.13083,10,125.23,21.4
다사67254625,37.5160864,127.1308189,10,158.87,24.1
다사67254650,37.5183397,127.1308078,10,1703.32,63.5
다사67254675,37.5205931,127.1307967,10,125.43,21.7
다사67254700,37.5228465,127.1307856,10,2013.57,69.2
다사67504550,37.5093351,127.1336809,10,49.98,14.8
다사67504575,37.5115885,127.1336699,10,34.85,9.9
다사67504600,37.5138418,127.1336589,10,7.91,2.2
다사67504625,37.5160952,127.1336478,10,2289.62,74.9
다사61754500,37.5046087,127.0686478,11,234.3,28.4
다사61754525,37.5068621,127.0686349,11,1204.46,51.1
다사61754550,37.5091154,127.0686219,11,588.11,39.0
다사61754575,37.5113688,127.0686089,11,473.99,35.6
다사61754600,37.5136221,127.068596,11,130.67,21.5
다사61754625,37.5158755,127.068583,11,86.42,18.0
다사61754650,37.5181288,127.06857,11,20.56,6.9
다사61754675,37.5203822,127.0685571,11,23.37,7.4
다사62004450,37.5001123,127.0715021,11,672.22,41.5
다사62004475,37.5023657,127.0714892,11,290.85,30.1
다사62004500,37.504619,127.0714763,11,195.66,27.4
다사62004525,37.5068724,127.0714634,11,7.77,2.2
다사62004550,37.5091257,127.0714505,11,12.47,3.5
다사62004575,37.5113791,127.0714377,11,1191.79,50.9
다사62004600,37.5136324,127.0714248,11,94.21,18.8
다사62004625,37.5158858,127.0714119,11,1700.74,63.5
다사62004650,37.5181391,127.071399,11,40.92,11.6
다사62004675,37.5203925,127.0713861,11,36.88,10.4
다사62254425,37.4978692,127.0743432,11,1033.23,47.2
다사62254450,37.5001225,127.0743304,11,107.67,19.3
다사62254475,37.5023759,127.0743176,11,150.09,23.2
다사62254500,37.5046292,127.0743048,11,3814.48,90.6
다사62254525,37.5068826,127.074292,11,81.74,17.5
다사62254550,37.5091359,127.0742792,11,1234.47,52.6
다사62254575,37.5113893,127.0742664,11,120.65,20.7
다사62254600,37.5136426,127.0742536,11,115.18,20.0
다사62254625,37.515896,127.0742408,11,16.4,5.9
다사62254650,37.5181493,127.074228,11,132.3,22.0
다사62254675,37.5204027,127.0742152,11,13.77,4.4
다사62254750,37.5271627,127.0741768,11,13.32,4.2
다사62254775,37.5294161,127.0741639,11,465.07,34.6
다사62504375,37.4933726,127.0771968,11,4273.13,93.6
다사62504400,37.495626,127.0771841,11,70.65,15.8
다사62504425,37.4978793,127.0771714,11,423.13,33.3
다사62504450,37.5001327,127.0771587,11,30.49,8.6
다사62504475,37.502386,127.077146,11,1086.18,47.7
다사62504500,37.5046394,127.0771332,11,74.84,16.0
다사62504525,37.5068927,127.0771205,11,1553.52,61.0
다사62504550,37.5091461,127.0771078,11,1224.81,52.1
다사62504575,37.5113995,127.0770951,11,2015.4,69.1
다사62504600,37.5136528,127.0770824,11,1117.49,48.9
다사62504625,37.5159062,127.0770697,11,2194.72,74.1
다사62504650,37.5181595,127.077057,11,195.25,27.2
다사62504675,37.5204128,127.0770442,11,4.98,0.5
다사62504750,37.5271729,127.0770061,11,78.56,16.8
다사62504775,37.5294262,127.0769934,11,1445.76,59.0
다사62504800,37.5316796,127.0769806,11,257.21,29.1
다사62754375,37.4933827,127.0800248,11,5153.2,94.8
다사62754400,37.4956361,127.0800122,11,525.67,38.3
다사62754425,37.4978894,127.0799996,11,16.94,6.2
다사62754450,37.5001428,127.079987,11,320.75,30.6
다사62754475,37.5023961,127.0799743,11,62.37,15.1
다사62754500,37.5046495,127.0799617,11,1811.84,66.7
다사62754525,37.5069028,127.0799491,11,999.86,46.2
다사62754550,37.5091562,127.0799365,11,2704.11,82.5
다사62754575,37.5114095,127.0799238,11,2421.57,78.0
다사62754600,37.5136629,127.0799112,11,5017.21,94.6
다사62754625,37.5159162,127.0798986,11,1391.26,57.5
다사62754650,37.5181696,127.0798859,11,82.27,17.8
다사62754750,37.527183,127.0798354,11,516.0,37.5
다사62754775,37.5294363,127.0798228,11,180.29,25.9
다사62754800,37.5316897,127.0798101,11,2715.41,83.2
다사62754825,37.533943,127.0797975,11,1766.06,65.2
다사63004350,37.4911394,127.0828654,11,52.96,13.6
다사63004375,37.4933927,127.0828529,11,79.73,17.3
다사63004400,37.4956461,127.0828403,11,1001.06,46.4
다사63004425,37.4978994,127.0828278,11,327.1,30.9
다사63004450,37.5001528,127.0828153,11,177.85,25.7
다사63004500,37.5046595,127.0827902,11,1404.14,58.3
다사63004525,37.5069129,127.0827776,11,2191.66,73.8
다사63004550,37.5091662,127.0827651,11,1722.55,64.0
다사63004575,37.5114196,127.0827526,11,2711.47,83.0
다사63004600,37.5136729,127.08274,11,123.5,21.0
다사63004625,37.5159263,127.0827275,11,2665.11,81.2
다사63004650,37.5181796,127.0827149,11,40.09,11.1
다사63004750,37.527193,127.0826647,11,2055.3,70.1
다사63004775,37.5294464,127.0826522,11,2342.63,76.8
다사63004800,37.5316997,127.0826396,11,2676.34,81.5
다사63004825,37.5339531,127.0826271,11,2854.03,84.9
다사63004850,37.5362064,127.0826145,11,2817.99,84.7
다사63254325,37.488896,127.0857058,11,9042.62,98.8
다사63254350,37.4911493,127.0856934,11,1283.87,54.6
다사63254375,37.4934027,127.0856809,11,1094.04,47.9
다사63254400,37.495656,127.0856685,11,1213.59,51.6
다사63254425,37.4979094,127.085656,11,260.61,29.4
다사63254450,37.5001628,127.0856436,11,12.84,3.7
다사63254475,37.5024161,127.0856311,11,1095.92,48.1
다사63254500,37.5046695,127.0856187,11,3385.86,88.4
다사63254525,37.5069228,127.0856062,11,543.8,38.5
다사63254550,37.5091762,127.0855937,11,890.2,45.4
다사63254575,37.5114295,127.0855813,11,5539.97,95.6
다사63254600,37.5136829,127.0855688,11,2351.84,77.0
다사63254625,37.5159362,127.0855564,11,1539.59,60.2
다사63254650,37.5181896,127.0855439,11,382.37,31.6
다사63254750,37.527203,127.085494,11,5.67,1.0
다사63254775,37.5294563,127.0854816,11,676.85,41.7
다사63254800,37.5317097,127.0854691,11,1748.74,64.7
다사63254825,37.533963,127.0854566,11,866.6,44.9
다사63254850,37.5362164,127.0854442,11,2509.13,79.3
다사63504325,37.4889058,127.0885337,11,747.41,43.7
다사63504350,37.4911592,127.0885213,11,2711.21,82.7
다사63504375,37.4934126,127.088509,11,1393.95,57.8
다사63504400,37.4956659,127.0884966,11,188.46,26.9
다사63504425,37.4979193,127.0884842,11,166.07,24.4
다사63504450,37.5001726,127.0884719,11,1098.12,48.4
다사63504475,37.502426,127.0884595,11,2739.25,83.5
다사63504500,37.5046794,127.0884471,11,897.93,45.7
다사63504525,37.5069327,127.0884348,11,5516.08,95.3
다사63504550,37.5091861,127.0884224,11,602.48,40.0
다사63504575,37.5114394,127.08841,11,254.5,28.9
다사63504600,37.5136928,127.0883976,11,3189.64,87.2
다사63504625,37.5159461,127.0883853,11,2074.13,71.1
다사63504650,37.5181995,127.0883729,11,8.82,2.7
다사63504750,37.5272129,127.0883234,11,77.21,16.5
다사63504775,37.5294662,127.088311,11,7.0,1.5
다사63504800,37.5317196,127.0882986,11,1341.37,56.5
다사63504825,37.5339729,127.0882862,11,3003.61,85.2
다사63504850,37.5362263,127.0882738,11,6242.09,97.3
다사63504875,37.5384796,127.0882614,11,2399.55,77.3
다사63754325,37.4889157,127.0913616,11,4.39,0.0
다사63754350,37.491169,127.0913493,11,465.42,34.8
다사63754375,37.4934224,127.091337,11,1808.62,66.2
다사63754400,37.4956757,127.0913247,11,431.63,33.6
다사63754425,37.4979291,127.0913125,11,150.44,23.5
다사63754450,37.5001825,127.0913002,11,2415.62,77.5
다사63754475,37.5024358,127.0912879,11,2309.65,75.6
다사63754500,37.5046892,127.0912756,11,2465.17,78.5
다사63754525,37.5069425,127.0912633,11,1154.88,49.6
다사63754550,37.5091959,127.091251,11,2135.41,73.1
다사63754575,37.5114492,127.0912387,11,1536.63,60.0
다사63754600,37.5137026,127.0912265,11,130.9,21.7
다사63754625,37.515956,127.0912142,11,670.09,41.2
다사63754650,37.5182093,127.0912019,11,132.99,22.2
다사63754675,37.5204627,127.0911896,11,16.09,5.4
다사63754700,37.522716,127.0911773,11,52.24,13.3
다사63754725,37.5249694,127.091165,11,107.95,19.8
다사63754750,37.5272227,127.0911527,11,44.08,12.6
다사63754775,37.5294761,127.0911404,11,1012.21,46.9
다사63754800,37.5317294,127.0911281,11,15.9,5.2
다사63754825,37.5339828,127.0911158,11,1190.52,50.6
다사63754850,37.5362361,127.0911035,11,1566.83,61.2
다사63754875,37.5384894,127.0910912,11,2330.78,76.3
다사64004375,37.4934321,127.0941651,11,1445.95,59.3
다사64004400,37.4956855,127.0941529,11,391.44,32.8
다사64004425,37.4979389,127.0941407,11,1753.84,64.9
다사64004450,37.5001922,127.0941285,11,1726.18,64.4
다사64004475,37.5024456,127.0941163,11,1785.68,65.4
다사64004500,37.5046989,127.0941041,11,1160.04,49.9
다사64004525,37.5069523,127.0940919,11,2766.24,83.7
다사64004550,37.5092056,127.0940797,11,2561.22,79.5
다사64004575,37.511459,127.0940675,11,2084.41,71.6
다사64004600,37.5137124,127.0940553,11,3078.02,85.9
다사64004625,37.5159657,127.0940431,11,2022.87,69.4
다사64004650,37.5182191,127.0940309,11,406.28,33.1
다사64004675,37.5204724,127.0940187,11,196.12,27.7
다사64004700,37.5227258,127.0940064,11,34.64,9.1
다사64004800,37.5317392,127.0939576,11,1627.66,62.2
다사64004825,37.5339925,127.0939454,11,1427.27,58.8
다사64004850,37.5362459,127.0939332,11,2269.69,75.1
다사64004875,37.5384992,127.0939209,11,1979.77,68.4
다사64254300,37.4866817,127.0970294,11,29.06,8.4
다사64254325,37.4889351,127.0970173,11,226.35,27.9
다사64254350,37.4911884,127.0970052,11,655.45,40.7
다사64254375,37.4934418,127.0969931,11,637.93,40.5
다사64254400,37.4956952,127.096981,11,87.36,18.3
다사64254425,37.4979485,127.0969689,11,1168.95,50.1
다사64254450,37.5002019,127.0969568,11,1799.58,65.9
다사64254475,37.5024553,127.0969447,11,2062.28,70.9
다사64254500,37.5047086,127.0969326,11,1383.11,57.3
다사64254525,37.506962,127.0969204,11,2419.68,77.8
다사64254550,37.5092153,127.0969083,11,244.52,28.6
다사64254575,37.5114687,127.0968962,11,8057.58,98.3
다사64254600,37.513722,127.0968841,11,1600.97,61.7
다사64254625,37.5159754,127.096872,11,60.78,14.8
다사64254650,37.5182288,127.0968599,11,39.13,10.9
다사64254675,37.5204821,127.0968477,11,599.66,39.5
다사64254700,37.5227355,127.0968356,11,43.32,12.3
다사64254775,37.5294955,127.0967992,11,14.7,4.7
다사64254800,37.5317489,127.0967871,11,41.56,11.9
다사64254825,37.5340022,127.096775,11,436.75,33.8
다사64254850,37.5362556,127.0967628,11,10612.28,99.3
다사64254875,37.5385089,127.0967507,11,703.63,42.7
다사64504300,37.4866913,127.0998572,11,184.97,26.7
다사64504325,37.4889447,127.0998452,11,14476.73,99.5
다사64504350,37.4911981,127.0998332,11,2129.32,72.3
다사64504375,37.4934514,127.0998212,11,473.53,35.3
다사64504400,37.4957048,127.0998092,11,698.62,42.5
다사64504425,37.4979581,127.0997971,11,1987.83,68.6
다사64504450,37.5002115,127.0997851,11,1403.39,58.0
다사64504475,37.5024649,127.0997731,11,1959.89,67.9
다사64504500,37.5047182,127.099761,11,1787.93,65.7
다사64504525,37.5069716,127.099749,11,1424.32,58.5
다사64504550,37.509225,127.099737,11,1551.3,60.7
다사64504575,37.5114783,127.0997249,11,5861.1,95.8
다사64504600,37.5137317,127.0997129,11,2332.28,76.5
다사64504625,37.515985,127.0997009,11,7909.12,98.0
다사64504650,37.5182384,127.0996888,11,4064.22,92.1
다사64504675,37.5204917,127.0996768,11,4.75,0.2
다사64504700,37.5227451,127.0996648,11,53.23,13.8
다사64504725,37.5249984,127.0996527,11,16.28,5.7
다사64504750,37.5272518,127.0996407,11,8.26,2.5
다사64504775,37.5295051,127.0996286,11,35.91,9.9
다사64504850,37.5362652,127.0995925,11,297.45,30.4
다사64504875,37.5385185,127.0995804,11,3216.42,87.9
다사64754300,37.4867009,127.102685,11,4165.09,92.8
다사64754325,37.4889542,127.1026731,11,6035.28,96.3
다사64754350,37.4912076,127.1026612,11,2025.62,69.6
다사64754375,37.493461,127.1026492,11,228.97,28.1
다사64754400,37.4957143,127.1026373,11,1258.83,54.3
다사64754425,37.4979677,127.1026254,11,2315.59,76.0
다사64754450,37.5002211,127.1026134,11,2004.82,68.9
다사64754475,37.5024744,127.1026015,11,79.45,17.0
다사64754500,37.5047278,127.1025895,11,1253.23,54.1
다사64754525,37.5069811,127.1025776,11,2470.04,78.8
다사64754550,37.5092345,127.1025656,11,511.88,37.3
다사64754575,37.5114879,127.1025537,11,8478.91,98.5
다사64754600,37.5137412,127.1025417,11,10092.43,99.0
다사64754625,37.5159946,127.1025298,11,7461.58,97.5
다사64754650,37.5182479,127.1025178,11,3377.06,88.1
다사64754675,37.5205013,127.1025059,11,855.53,44.4
다사64754700,37.5227546,127.1024939,11,177.47,25.4
다사64754725,37.525008,127.102482,11,160.98,24.2
다사64754825,37.5340214,127.1024341,11,91.11,18.5
다사64754850,37.5362747,127.1024222,11,118.14,20.2
다사64754875,37.5385281,127.1024102,11,7.01,1.7
다사65004300,37.4867103,127.1055128,11,4253.26,93.3
다사65004325,37.4889637,127.105501,11,3564.7,89.4
다사65004375,37.4934704,127.1054773,11,478.1,35.8
다사65004400,37.4957238,127.1054654,11,1583.28,61.5
다사65004425,37.4979772,127.1054536,11,1621.22,62.0
다사65004450,37.5002305,127.1054417,11,1205.97,51.4
다사65004475,37.5024839,127.1054299,11,2060.47,70.6
다사65004500,37.5047373,127.105418,11,3661.75,90.1
다사65004525,37.5069906,127.1054061,11,3143.1,86.9
다사65004550,37.509244,127.1053943,11,1543.14,60.5
다사65004575,37.5114973,127.1053824,11,983.03,45.9
다사65004600,37.5137507,127.1053706,11,3834.73,91.1
다사65004625,37.5160041,127.1053587,11,6112.3,96.8
다사65004650,37.5182574,127.1053468,11,744.79,43.5
다사65004675,37.5205108,127.105335,11,3542.22,89.1
다사65004700,37.5227641,127.1053231,11,3118.9,86.2
다사65004725,37.5250175,127.1053112,11,36.43,10.1
다사65004750,37.5272708,127.1052993,11,167.48,24.7
다사65004775,37.5295242,127.1052875,11,7.64,2.0
다사65004800,37.5317775,127.1052756,11,145.15,22.7
다사65004825,37.5340309,127.1052637,11,172.49,24.9
다사65254325,37.4889731,127.1083289,11,285.98,29.6
다사65254350,37.4912265,127.1083171,11,56.22,14.3
다사65254375,37.4934799,127.1083053,11,4074.8,92.6
다사65254400,37.4957332,127.1082936,11,23.94,7.7
다사65254425,37.4979866,127.1082818,11,4547.87,94.1
다사65254450,37.50024,127.10827,11,2497.66,79.0
다사65254475,37.5024933,127.1082583,11,1248.29,53.6
다사65254500,37.5047467,127.1082465,11,1855.8,67.2
다사65254525,37.507,127.1082347,11,3445.67,88.6
다사65254550,37.5092534,127.1082229,11,1035.2,47.4
다사65254575,37.5115068,127.1082112,11,2053.8,69.9
다사65254600,37.5137601,127.1081994,11,4070.13,92.3
다사65254625,37.5160135,127.1081876,11,6051.87,96.5
다사65254650,37.5182668,127.1081758,11,3756.28,90.4
다사65254675,37.5205202,127.108164,11,511.77,37.0
다사65254700,37.5227735,127.1081523,11,31.76,8.9
다사65254725,37.5250269,127.1081405,11,7584.2,97.8
다사65254750,37.5272803,127.1081287,11,21297.24,100.0
다사65254775,37.5295336,127.1081169,11,448.51,34.1
다사65254800,37.531787,127.1081051,11,158.19,24.0
다사65254825,37.5340403,127.1080933,11,9.34,3.0
다사65504325,37.4889825,127.1111568,11,597.63,39.3
다사65504350,37.4912358,127.1111451,11,20.74,7.2
다사65504375,37.4934892,127.1111334,11,681.19,42.0
다사65504400,37.4957426,127.1111217,11,884.23,45.2
다사65504425,37.4979959,127.11111,11,2227.23,74.6
다사65504450,37.5002493,127.1110984,11,657.04,41.0
다사65504475,37.5025027,127.1110867,11,3126.66,86.4
다사65504500,37.504756,127.111075,11,3215.88,87.7
다사65504525,37.5070094,127.1110633,11,1361.79,57.0
다사65504550,37.5092627,127.1110516,11,1231.38,52.3
다사65504575,37.5115161,127.1110399,11,2056.29,70.4
다사65504600,37.5137695,127.1110282,11,479.49,36.0
다사65504625,37.5160228,127.1110165,11,2782.57,84.2
다사65504650,37.5182762,127.1110048,11,3565.51,89.6
다사65504675,37.5205295,127.1109931,11,464.9,34.3
다사65504700,37.5227829,127.1109814,11,3131.87,86.7
다사65504725,37.5250363,127.1109697,11,1144.26,49.1
다사65504750,37.5272896,127.110958,11,370.88,31.4
다사65504775,37.529543,127.1109463,11,13.2,4.0
다사65504800,37.5317963,127.1109346,11,602.27,39.8
다사65504825,37.5340497,127.1109229,11,1288.55,55.3
다사65504850,37.536303,127.1109112,11,128.79,21.2
다사65754325,37.4889917,127.1139847,11,2310.95,75.8
다사65754350,37.4912451,127.1139731,11,1238.51,52.8
다사65754375,37.4934985,127.1139615,11,1655.19,63.0
다사65754400,37.4957518,127.1139499,11,15.15,4.9
다사65754450,37.5002586,127.1139267,11,1638.5,62.7
다사65754475,37.5025119,127.1139151,11,470.99,35.1
다사65754500,37.5047653,127.1139035,11,1314.82,55.8
다사65754525,37.5070187,127.1138919,11,2249.95,74.8
다사65754550,37.509272,127.1138803,11,692.38,42.2
다사65754575,37.5115254,127.1138686,11,6164.3,97.0
다사65754600,37.5137788,127.113857,11,863.26,44.7
다사65754625,37.5160321,127.1138454,11,5890.19,96.0
다사65754650,37.5182855,127.1138338,11,1247.86,53.3
다사65754675,37.5205388,127.1138222,11,2567.38,79.8
다사65754700,37.5227922,127.1138106,11,389.01,32.3
다사65754725,37.5250455,127.113799,11,1508.06,59.8
다사65754750,37.5272989,127.1137874,11,26.24,7.9
다사65754775,37.5295523,127.1137757,11,1968.01,68.1
다사65754800,37.5318056,127.1137641,11,2158.27,73.3
다사65754850,37.5363123,127.1137409,11,19.44,6.7
다사66004350,37.4912543,127.116801,11,5222.22,95.1
다사66004375,37.4935077,127.1167895,11,4580.41,94.3
다사66004400,37.4957611,127.116778,11,3215.26,87.4
다사66004425,37.4980144,127.1167665,11,351.98,31.1
다사66004450,37.5002678,127.116755,11,3072.91,85.7
다사66004475,37.5025212,127.1167435,11,2183.2,73.6
다사66004500,37.5047745,127.116732,11,154.52,23.7
다사66004525,37.5070279,127.1167204,11,2600.36,80.5
다사66004550,37.5092812,127.1167089,11,55.76,14.1
다사66004575,37.5115346,127.1166974,11,1315.22,56.0
다사66004600,37.513788,127.1166859,11,1724.35,64.2
다사66004625,37.5160413,127.1166743,11,27.02,8.1
다사66004650,37.5182947,127.1166628,11,119.6,20.5
다사66004675,37.520548,127.1166513,11,2286.92,75.3
다사66004700,37.5228014,127.1166398,11,3014.06,85.4
다사66004725,37.5250548,127.1166282,11,721.85,43.2
다사66004750,37.5273081,127.1166167,11,1809.27,66.4
다사66004775,37.5295615,127.1166052,11,2702.85,82.2
다사66004800,37.5318148,127.1165936,11,2815.14,84.4
다사66004825,37.5340682,127.1165821,11,383.17,31.9
다사66004850,37.5363215,127.1165706,11,1245.46,53.1
다사66254350,37.4912635,127.119629,11,64.59,15.3
다사66254375,37.4935168,127.1196176,11,4478.78,93.8
다사66254400,37.4957702,127.1196062,11,555.16,38.8
다사66254425,37.4980236,127.1195947,11,3598.55,89.9
다사66254475,37.5025303,127.1195719,11,3514.08,88.9
다사66254500,37.5047837,127.1195604,11,2434.73,78.3
다사66254525,37.507037,127.119549,11,1154.22,49.4
다사66254550,37.5092904,127.1195376,11,2076.27,71.4
다사66254575,37.5115437,127.1195261,11,3829.08,90.9
다사66254600,37.5137971,127.1195147,11,1214.15,51.9
다사66254625,37.5160505,127.1195033,11,66.03,15.6
다사66254725,37.5250639,127.1194575,11,183.96,26.4
다사66254750,37.5273173,127.119446,11,1283.9,54.8
다사66254775,37.5295706,127.1194346,11,45.13,12.8
다사66254800,37.531824,127.1194231,11,796.64,44.2
다사66254825,37.5340773,127.1194117,11,1285.3,55.1
다사66504375,37.4935259,127.1224457,11,2092.83,71.9
다사66504400,37.4957793,127.1224343,11,15537.55,99.8
다사66504425,37.4980326,127.122423,11,524.15,38.0
다사66504450,37.500286,127.1224116,11,2130.9,72.6
다사66504475,37.5025394,127.1224003,11,1117.3,48.6
다사66504500,37.5047927,127.1223889,11,1489.81,59.5
다사66504525,37.5070461,127.1223776,11,2644.92,81.0
다사66504550,37.5092995,127.1223662,11,1706.0,63.7
다사66504575,37.5115528,127.1223549,11,35.64,9.6
다사66504600,37.5138062,127.1223435,11,2585.82,80.2
다사66504625,37.5160596,127.1223322,11,1003.29,46.7
다사66504650,37.5183129,127.1223208,11,101.77,19.0
다사66504725,37.525073,127.1222867,11,180.88,26.2
다사66504750,37.5273263,127.1222754,11,1936.65,67.7
다사66504775,37.5295797,127.122264,11,4046.0,91.9
다사66504800,37.5318331,127.1222526,11,2676.37,81.7
다사66754400,37.4957883,127.1252625,11,2680.49,82.0
다사66754425,37.4980416,127.1252512,11,288.32,29.9
다사66754450,37.500295,127.1252399,11,2631.34,80.7
다사66754475,37.5025484,127.1252287,11,2573.8,80.0
다사66754500,37.5048017,127.1252174,11,1352.98,56.8
다사66754525,37.5070551,127.1252062,11,11.59,3.2
다사66754550,37.5093085,127.1251949,11,1251.31,53.8
다사66754575,37.5115618,127.1251836,11,4210.62,93.1
다사66754600,37.5138152,127.1251724,11,41.75,12.1
다사66754625,37.5160686,127.1251611,11,708.6,43.0
다사66754650,37.5183219,127.1251498,11,521.22,37.8
다사66754675,37.5205753,127.1251385,11,390.28,32.6
다사66754700,37.5228286,127.1251273,11,40.1,11.4
다사66754725,37.525082,127.125116,11,1678.14,63.2
다사66754750,37.5273354,127.1251047,11,3836.05,91.4
다사66754775,37.5295887,127.1250934,11,1173.12,50.4
다사67004425,37.4980506,127.1280794,11,2133.14,72.8
다사67004450,37.5003039,127.1280683,11,1323.72,56.3
다사67004475,37.5025573,127.1280571,11,1304.62,55.6
다사67004500,37.5048107,127.1280459,11,38.07,10.6
다사67004525,37.507064,127.1280347,11,383.83,32.1
다사67004550,37.5093174,127.1280236,11,3916.87,91.6
다사67004575,37.5115708,127.1280124,11,51.37,13.1
다사67004600,37.5138241,127.1280012,11,754.44,44.0
다사67004625,37.5160775,127.12799,11,511.2,36.8
다사67004650,37.5183309,127.1279788,11,1629.9,62.5
다사67004675,37.5205842,127.1279676,11,19.11,6.4
다사67004700,37.5228376,127.1279564,11,508.9,36.5
다사67004725,37.525091,127.1279453,11,624.17,40.2
다사67004750,37.5273443,127.1279341,11,145.52,23.0
다사67254475,37.5025662,127.1308855,11,6.47,1.2
다사67254500,37.5048196,127.1308744,11,2771.13,84.0
다사67254525,37.5070729,127.1308633,11,485.23,36.3
다사67254550,37.5093263,127.1308522,11,1838.76,66.9
다사67254575,37.5115797,127.1308411,11,76.23,16.3
다사67254600,37.513833,127.13083,11,107.72,19.5
다사67254625,37.5160864,127.1308189,11,172.91,25.2
다사67254650,37.5183397,127.1308078,11,1862.2,67.4
다사67254675,37.5205931,127.1307967,11,137.62,22.5
다사67254700,37.5228465,127.1307856,11,2093.61,72.1
다사67504550,37.5093351,127.1336809,11,59.48,14.6
다사67504575,37.5115885,127.1336699,11,35.4,9.4
다사67504600,37.5138418,127.1336589,11,5.07,0.7
다사67504625,37.5160952,127.1336478,11,2198.96,74.3
다사61754500,37.5046087,127.0686478,12,237.93,27.7
다사61754525,37.5068621,127.0686349,12,1147.18,48.9
다사61754550,37.5091154,127.0686219,12,600.51,38.2
다사61754575,37.5113688,127.0686089,12,488.94,34.9
다사61754600,37.5136221,127.068596,12,134.99,21.4
다사61754625,37.5158755,127.068583,12,79.93,16.7
다사61754650,37.5181288,127.06857,12,12.08,3.5
다사61754675,37.5203822,127.0685571,12,23.91,7.0
다사62004450,37.5001123,127.0715021,12,621.06,38.9
다사62004475,37.5023657,127.0714892,12,295.24,29.2
다사62004500,37.504619,127.0714763,12,197.62,26.2
다사62004525,37.5068724,127.0714634,12,7.83,1.7
다사62004550,37.5091257,127.0714505,12,12.57,3.7
다사62004575,37.5113791,127.0714377,12,1207.16,51.4
다사62004600,37.5136324,127.0714248,12,114.41,19.2
다사62004625,37.5158858,127.0714119,12,1818.88,65.6
다사62004650,37.5181391,127.071399,12,20.35,6.0
다사62004675,37.5203925,127.0713861,12,37.71,9.5
다사62254425,37.4978692,127.0743432,12,1014.62,46.4
다사62254450,37.5001225,127.0743304,12,107.32,19.0
다사62254475,37.5023759,127.0743176,12,152.47,22.9
다사62254500,37.5046292,127.0743048,12,3743.75,90.5
다사62254525,37.5068826,127.074292,12,66.09,15.7
다사62254550,37.5091359,127.0742792,12,1246.9,52.4
다사62254575,37.5113893,127.0742664,12,129.8,20.9
다사62254600,37.5136426,127.0742536,12,117.76,20.0
다사62254625,37.515896,127.0742408,12,26.92,7.5
다사62254650,37.5181493,127.074228,12,120.93,20.4
다사62254675,37.5204027,127.0742152,12,14.08,4.5
다사62254750,37.5271627,127.0741768,12,13.32,4.2
다사62254775,37.5294161,127.0741639,12,500.87,35.4
다사62504375,37.4933726,127.0771968,12,4111.26,92.3
다사62504400,37.495626,127.0771841,12,70.8,16.2
다사62504425,37.4978793,127.0771714,12,421.73,32.7
다사62504450,37.5001327,127.0771587,12,23.38,6.5
다사62504475,37.502386,127.077146,12,1109.0,47.4
다사62504500,37.5046394,127.0771332,12,59.38,14.2
다사62504525,37.5068927,127.0771205,12,1512.5,59.9
다사62504550,37.5091461,127.0771078,12,1109.64,47.6
다사62504575,37.5113995,127.0770951,12,2037.77,70.3
다사62504600,37.5136528,127.0770824,12,1155.72,49.4
다사62504625,37.5159062,127.0770697,12,2199.31,73.8
다사62504650,37.5181595,127.077057,12,199.68,26.7
다사62504675,37.5204128,127.0770442,12,5.09,0.5
다사62504750,37.5271729,127.0770061,12,78.55,16.5
다사62504775,37.5294262,127.0769934,12,1444.71,58.1
다사62504800,37.5316796,127.0769806,12,249.5,28.2
다사62754375,37.4933827,127.0800248,12,5226.31,94.8
다사62754400,37.4956361,127.0800122,12,523.92,36.9
다사62754425,37.4978894,127.0799996,12,16.9,5.2
다사62754450,37.5001428,127.079987,12,319.69,30.2
다사62754475,37.5023961,127.0799743,12,64.7,15.2
다사62754500,37.5046495,127.0799617,12,1833.96,65.8
다사62754525,37.5069028,127.0799491,12,984.98,45.6
다사62754550,37.5091562,127.0799365,12,2881.07,84.8
다사62754575,37.5114095,127.0799238,12,2573.74,80.8
다사62754600,37.5136629,127.0799112,12,4816.21,93.8
다사62754625,37.5159162,127.0798986,12,1512.81,60.1
다사62754650,37.5181696,127.0798859,12,84.12,17.2
다사62754750,37.527183,127.0798354,12,507.2,36.4
다사62754775,37.5294363,127.0798228,12,181.62,24.9
다사62754800,37.5316897,127.0798101,12,2762.28,84.0
다사62754825,37.533943,127.0797975,12,1850.11,66.1
다사63004350,37.4911394,127.0828654,12,53.91,13.0
다사63004375,37.4933927,127.0828529,12,44.95,11.0
다사63004400,37.4956461,127.0828403,12,985.14,45.9
다사63004425,37.4978994,127.0828278,12,326.05,30.4
다사63004450,37.5001528,127.0828153,12,179.16,24.4
다사63004500,37.5046595,127.0827902,12,1305.28,55.4
다사63004525,37.5069129,127.0827776,12,2263.67,75.6
다사63004550,37.5091662,127.0827651,12,1978.16,68.6
다사63004575,37.5114196,127.0827526,12,2576.99,81.0
다사63004600,37.5136729,127.08274,12,130.29,21.2
다사63004625,37.5159263,127.0827275,12,2676.82,82.3
다사63004650,37.5181796,127.0827149,12,40.99,10.5
다사63004750,37.527193,127.0826647,12,1977.56,68.3
다사63004775,37.5294464,127.0826522,12,2298.78,76.8
다사63004800,37.5316997,127.0826396,12,2533.25,79.6
다사63004825,37.5339531,127.0826271,12,2788.58,84.3
다사63004850,37.5362064,127.0826145,12,2883.36,85.0
다사63254325,37.488896,127.0857058,12,9085.16,98.5
다사63254350,37.4911493,127.0856934,12,1302.3,55.1
다사63254375,37.4934027,127.0856809,12,1113.99,48.4
다사63254400,37.495656,127.0856685,12,1230.49,52.1
다사63254425,37.4979094,127.085656,12,259.77,28.7
다사63254450,37.5001628,127.0856436,12,12.94,4.0
다사63254475,37.5024161,127.0856311,12,1111.15,48.1
다사63254500,37.5046695,127.0856187,12,3295.19,88.0
다사63254525,37.5069228,127.0856062,12,501.13,35.7
다사63254550,37.5091762,127.0855937,12,941.6,44.6
다사63254575,37.5114295,127.0855813,12,5492.59,95.5
다사63254600,37.5136829,127.0855688,12,2268.63,76.1
다사63254625,37.5159362,127.0855564,12,1522.94,60.3
다사63254650,37.5181896,127.0855439,12,316.78,29.9
다사63254750,37.527203,127.085494,12,18.22,5.7
다사63254775,37.5294563,127.0854816,12,659.35,40.9
다사63254800,37.5317097,127.0854691,12,1730.99,64.3
다사63254825,37.533963,127.0854566,12,846.57,43.9
다사63254850,37.5362164,127.0854442,12,2530.6,79.3
다사63504325,37.4889058,127.0885337,12,750.93,43.1
다사63504350,37.4911592,127.0885213,12,2676.35,82.0
다사63504375,37.4934126,127.088509,12,1404.41,57.4
다사63504400,37.4956659,127.0884966,12,189.16,25.4
다사63504425,37.4979193,127.0884842,12,165.64,24.2
다사63504450,37.5001726,127.0884719,12,1063.6,46.9
다사63504475,37.502426,127.0884595,12,2705.66,82.8
다사63504500,37.5046794,127.0884471,12,948.12,45.1
다사63504525,37.5069327,127.0884348,12,5442.91,95.3
다사63504550,37.5091861,127.0884224,12,629.34,39.7
다사63504575,37.5114394,127.08841,12,269.67,28.9
다사63504600,37.5136928,127.0883976,12,3043.33,86.8
다사63504625,37.5159461,127.0883853,12,1994.05,69.3
다사63504650,37.5181995,127.0883729,12,7.8,1.5
다사63504750,37.5272129,127.0883234,12,46.58,11.7
다사63504800,37.5317196,127.0882986,12,1322.32,55.6
다사63504825,37.5339729,127.0882862,12,2973.56,85.8
다사63504850,37.5362263,127.0882738,12,6009.46,96.5
다사63504875,37.5384796,127.0882614,12,2604.71,81.3
다사63754325,37.4889157,127.0913616,12,4.42,0.0
다사63754350,37.491169,127.0913493,12,454.17,33.9
다사63754375,37.4934224,127.091337,12,1614.42,61.6
다사63754400,37.4956757,127.0913247,12,434.89,32.9
다사63754425,37.4979291,127.0913125,12,151.67,22.7
다사63754450,37.5001825,127.0913002,12,2369.42,77.1
다사63754475,37.5024358,127.0912879,12,2257.58,75.1
다사63754500,37.5046892,127.0912756,12,2392.57,77.3
다사63754525,37.5069425,127.0912633,12,1199.14,50.6
다사63754550,37.5091959,127.091251,12,2264.3,75.8
다사63754575,37.5114492,127.0912387,12,1456.09,58.4
다사63754600,37.5137026,127.0912265,12,145.26,21.9
다사63754625,37.515956,127.0912142,12,718.6,42.6
다사63754650,37.5182093,127.0912019,12,147.15,22.2
다사63754675,37.5204627,127.0911896,12,17.3,5.5
다사63754700,37.522716,127.0911773,12,55.84,13.5
다사63754725,37.5249694,127.091165,12,104.48,18.7
다사63754750,37.5272227,127.0911527,12,46.08,11.2
다사63754775,37.5294761,127.0911404,12,992.22,46.1
다사63754800,37.5317294,127.0911281,12,12.06,3.2
다사63754825,37.5339828,127.0911158,12,1258.61,53.4
다사63754850,37.5362361,127.0911035,12,1670.51,62.8
다사63754875,37.5384894,127.0910912,12,2427.23,77.6
다사64004350,37.4911788,127.0941773,12,299.5,29.4
다사64004375,37.4934321,127.0941651,12,1456.8,58.6
다사64004400,37.4956855,127.0941529,12,394.37,32.2
다사64004425,37.4979389,127.0941407,12,1700.66,63.6
다사64004450,37.5001922,127.0941285,12,1657.9,62.3
다사64004475,37.5024456,127.0941163,12,1758.73,64.8
다사64004500,37.5046989,127.0941041,12,1151.38,49.1
다사64004525,37.5069523,127.0940919,12,2759.99,83.8
다사64004550,37.5092056,127.0940797,12,2467.14,78.1
다사64004575,37.511459,127.0940675,12,2022.97,69.8
다사64004600,37.5137124,127.0940553,12,3024.18,86.3
다사64004625,37.5159657,127.0940431,12,1938.23,67.8
다사64004650,37.5182191,127.0940309,12,380.26,31.7
다사64004675,37.5204724,127.0940187,12,195.13,25.9
다사64004700,37.5227258,127.0940064,12,56.25,13.7
다사64004800,37.5317392,127.0939576,12,1660.81,62.6
다사64004825,37.5339925,127.0939454,12,1481.56,59.1
다사64004850,37.5362459,127.0939332,12,2229.72,74.6
다사64004875,37.5384992,127.0939209,12,1993.35,69.1
다사64254300,37.4866817,127.0970294,12,34.35,9.0
다사64254325,37.4889351,127.0970173,12,4.44,0.2
다사64254350,37.4911884,127.0970052,12,680.56,41.6
다사64254375,37.4934418,127.0969931,12,642.7,40.4
다사64254400,37.4956952,127.096981,12,88.02,17.5
다사64254425,37.4979485,127.0969689,12,1145.94,48.6
다사64254450,37.5002019,127.0969568,12,1775.91,65.1
다사64254475,37.5024553,127.0969447,12,1990.96,68.8
다사64254500,37.5047086,127.0969326,12,1414.58,57.6
다사64254525,37.506962,127.0969204,12,2479.02,78.3
다사64254550,37.5092153,127.0969083,12,236.16,27.4
다사64254575,37.5114687,127.0968962,12,9527.19,98.8
다사64254600,37.513722,127.0968841,12,1719.73,64.1
다사64254625,37.5159754,127.096872,12,65.31,15.5
다사64254650,37.5182288,127.0968599,12,61.31,14.7
다사64254675,37.5204821,127.0968477,12,637.97,40.1
다사64254700,37.5227355,127.0968356,12,46.09,11.5
다사64254800,37.5317489,127.0967871,12,46.86,12.2
다사64254825,37.5340022,127.096775,12,442.95,33.7
다사64254850,37.5362556,127.0967628,12,10591.22,99.0
다사64254875,37.5385089,127.0967507,12,672.0,41.4
다사64504300,37.4866913,127.0998572,12,243.62,27.9
다사64504325,37.4889447,127.0998452,12,14392.51,99.5
다사64504350,37.4911981,127.0998332,12,1928.58,67.1
다사64504375,37.4934514,127.0998212,12,485.78,34.7
다사64504400,37.4957048,127.0998092,12,596.86,37.9
다사64504425,37.4979581,127.0997971,12,1968.43,68.1
다사64504450,37.5002115,127.0997851,12,1380.15,56.6
다사64504475,37.5024649,127.0997731,12,1888.07,66.6
다사64504500,37.5047182,127.099761,12,1707.29,63.8
다사64504525,37.5069716,127.099749,12,1470.37,58.9
다사64504550,37.509225,127.099737,12,1630.47,61.8
다사64504575,37.5114783,127.0997249,12,6990.12,97.5
다사64504600,37.5137317,127.0997129,12,2249.91,74.8
다사64504625,37.515985,127.0997009,12,7711.07,98.0
다사64504650,37.5182384,127.0996888,12,4081.63,91.8
다사64504675,37.5204917,127.0996768,12,8.92,2.5
다사64504700,37.5227451,127.0996648,12,49.66,12.7
다사64504725,37.5249984,127.0996527,12,15.94,4.7
다사64504750,37.5272518,127.0996407,12,16.73,5.0
다사64504775,37.5295051,127.0996286,12,35.99,9.2
다사64504850,37.5362652,127.0995925,12,301.67,29.7
다사64504875,37.5385185,127.0995804,12,3163.59,87.3
다사64754300,37.4867009,127.102685,12,4819.63,94.0
다사64754325,37.4889542,127.1026731,12,5928.72,96.0
다사64754350,37.4912076,127.1026612,12,2044.84,70.6
다사64754400,37.4957143,127.1026373,12,1204.69,50.9
다사64754425,37.4979677,127.1026254,12,2257.58,75.3
다사64754450,37.5002211,127.1026134,12,2085.63,71.8
다사64754475,37.5024744,127.1026015,12,62.46,15.0
다사64754500,37.5047278,127.1025895,12,1272.93,54.1
다사64754525,37.5069811,127.1025776,12,2536.32,80.0
다사64754550,37.5092345,127.1025656,12,749.78,42.9
다사64754575,37.5114879,127.1025537,12,8456.26,98.3
다사64754600,37.5137412,127.1025417,12,12287.8,99.3
다사64754625,37.5159946,127.1025298,12,6975.16,97.3
다사64754650,37.5182479,127.1025178,12,3688.44,90.0
다사64754675,37.5205013,127.1025059,12,949.97,45.4
다사64754700,37.5227546,127.1024939,12,198.55,26.4
다사64754725,37.525008,127.102482,12,157.37,23.2
다사64754825,37.5340214,127.1024341,12,89.06,17.7
다사64754850,37.5362747,127.1024222,12,116.6,19.7
다사64754875,37.5385281,127.1024102,12,7.07,1.0
다사65004300,37.4867103,127.1055128,12,5194.55,94.5
다사65004325,37.4889637,127.105501,12,3420.59,88.5
다사65004375,37.4934704,127.1054773,12,454.54,34.2
다사65004400,37.4957238,127.1054654,12,1565.07,61.1
다사65004425,37.4979772,127.1054536,12,1561.9,60.8
다사65004450,37.5002305,127.1054417,12,1228.14,51.9
다사65004475,37.5024839,127.1054299,12,2068.58,71.3
다사65004500,37.5047373,127.105418,12,3562.58,89.3
다사65004525,37.5069906,127.1054061,12,3028.71,86.5
다사65004550,37.509244,127.1053943,12,1932.49,67.3
다사65004575,37.5114973,127.1053824,12,1028.59,46.6
다사65004600,37.5137507,127.1053706,12,4435.98,92.8
다사65004625,37.5160041,127.1053587,12,5604.46,95.8
다사65004650,37.5182574,127.1053468,12,775.11,43.4
다사65004675,37.5205108,127.105335,12,3549.49,89.0
다사65004725,37.5250175,127.1053112,12,28.53,8.0
다사65004750,37.5272708,127.1052993,12,157.87,23.4
다사65004775,37.5295242,127.1052875,12,7.48,1.2
다사65004800,37.5317775,127.1052756,12,141.93,21.7
다사65004825,37.5340309,127.1052637,12,158.59,23.7
다사65254325,37.4889731,127.1083289,12,232.45,27.2
다사65254350,37.4912265,127.1083171,12,46.7,12.0
다사65254375,37.4934799,127.1083053,12,3873.5,91.3
다사65254400,37.4957332,127.1082936,12,38.4,9.7
다사65254425,37.4979866,127.1082818,12,4582.93,93.3
다사65254450,37.50024,127.10827,12,2499.03,78.8
다사65254475,37.5024933,127.1082583,12,1288.54,54.6
다사65254500,37.5047467,127.1082465,12,1814.42,65.3
다사65254525,37.507,127.1082347,12,3581.38,89.5
다사65254550,37.5092534,127.1082229,12,1186.59,50.4
다사65254575,37.5115068,127.1082112,12,2215.51,74.3
다사65254600,37.5137601,127.1081994,12,4557.63,93.0
다사65254625,37.5160135,127.1081876,12,6101.02,96.8
다사65254650,37.5182668,127.1081758,12,3647.16,89.8
다사65254675,37.5205202,127.108164,12,506.43,36.2
다사65254700,37.5227735,127.1081523,12,28.47,7.7
다사65254725,37.5250269,127.1081405,12,7131.38,97.8
다사65254750,37.5272803,127.1081287,12,20756.27,100.0
다사65254775,37.5295336,127.1081169,12,438.46,33.2
다사65254800,37.531787,127.1081051,12,191.93,25.7
다사65254825,37.5340403,127.1080933,12,9.14,2.7
다사65504325,37.4889825,127.1111568,12,623.49,39.4
다사65504350,37.4912358,127.1111451,12,23.42,6.7
다사65504375,37.4934892,127.1111334,12,622.23,39.2
다사65504400,37.4957426,127.1111217,12,890.41,44.4
다사65504425,37.4979959,127.11111,12,2136.92,72.6
다사65504450,37.5002493,127.1110984,12,665.23,41.1
다사65504475,37.5025027,127.1110867,12,3178.82,87.5
다사65504500,37.504756,127.111075,12,3214.17,87.8
다사65504525,37.5070094,127.1110633,12,1365.55,56.4
다사65504550,37.5092627,127.1110516,12,1401.15,57.1
다사65504575,37.5115161,127.1110399,12,2208.07,74.1
다사65504600,37.5137695,127.1110282,12,490.89,35.2
다사65504625,37.5160228,127.1110165,12,2751.83,83.5
다사65504650,37.5182762,127.1110048,12,3520.6,88.8
다사65504675,37.5205295,127.1109931,12,515.66,36.7
다사65504700,37.5227829,127.1109814,12,2940.69,85.5
다사65504725,37.5250363,127.1109697,12,1164.7,49.6
다사65504750,37.5272896,127.110958,12,353.69,31.2
다사65504800,37.5317963,127.1109346,12,588.7,37.7
다사65504825,37.5340497,127.1109229,12,1218.94,51.6
다사65504850,37.536303,127.1109112,12,126.59,20.7
다사65754325,37.4889917,127.1139847,12,2296.34,76.6
다사65754350,37.4912451,127.1139731,12,1254.34,52.9
다사65754375,37.4934985,127.1139615,12,1497.57,59.6
다사65754400,37.4957518,127.1139499,12,10.22,3.0
다사65754450,37.5002586,127.1139267,12,1573.82,61.3
다사65754475,37.5025119,127.1139151,12,475.85,34.4
다사65754500,37.5047653,127.1139035,12,1278.71,54.4
다사65754525,37.5070187,127.1138919,12,2093.65,72.1
다사65754550,37.509272,127.1138803,12,688.85,41.9
다사65754575,37.5115254,127.1138686,12,6307.71,97.0
다사65754600,37.5137788,127.113857,12,875.76,44.1
다사65754625,37.5160321,127.1138454,12,5929.2,96.3
다사65754650,37.5182855,127.1138338,12,1173.26,50.1
다사65754675,37.5205388,127.1138222,12,2515.4,79.1
다사65754700,37.5227922,127.1138106,12,406.94,32.4
다사65754725,37.5250455,127.113799,12,1433.91,57.9
다사65754750,37.5272989,127.1137874,12,20.82,6.2
다사65754775,37.5295523,127.1137757,12,2000.97,69.6
다사65754800,37.5318056,127.1137641,12,2067.44,71.1
다사65754850,37.5363123,127.1137409,12,8.64,2.2
다사66004350,37.4912543,127.116801,12,5280.65,95.0
다사66004375,37.4935077,127.1167895,12,4909.88,94.3
다사66004400,37.4957611,127.116778,12,3073.92,87.0
다사66004425,37.4980144,127.1167665,12,331.91,30.7
다사66004450,37.5002678,127.116755,12,3011.5,86.0
다사66004475,37.5025212,127.1167435,12,2145.63,73.1
다사66004500,37.5047745,127.116732,12,149.26,22.4
다사66004525,37.5070279,127.1167204,12,2492.29,78.6
다사66004550,37.5092812,127.1167089,12,66.7,16.0
다사66004575,37.5115346,127.1166974,12,1323.04,55.9
다사66004600,37.513788,127.1166859,12,1652.11,62.1
다사66004625,37.5160413,127.1166743,12,41.18,10.7
다사66004650,37.5182947,127.1166628,12,119.36,20.2
다사66004675,37.520548,127.1166513,12,1746.44,64.6
다사66004700,37.5228014,127.1166398,12,2905.74,85.3
다사66004725,37.5250548,127.1166282,12,706.69,42.1
다사66004750,37.5273081,127.1166167,12,1686.48,63.3
다사66004775,37.5295615,127.1166052,12,2652.56,81.8
다사66004800,37.5318148,127.1165936,12,2837.5,84.5
다사66004825,37.5340682,127.1165821,12,357.41,31.4
다사66004850,37.5363215,127.1165706,12,1205.32,51.1
다사66254350,37.4912635,127.119629,12,39.58,10.0
다사66254375,37.4935168,127.1196176,12,4734.06,93.5
다사66254400,37.4957702,127.1196062,12,602.57,38.4
다사66254425,37.4980236,127.1195947,12,3721.07,90.3
다사66254475,37.5025303,127.1195719,12,3332.67,88.3
다사66254500,37.5047837,127.1195604,12,2427.54,77.8
다사66254525,37.507037,127.119549,12,1099.16,47.1
다사66254550,37.5092904,127.1195376,12,2076.08,71.6
다사66254575,37.5115437,127.1195261,12,3805.66,91.0
다사66254600,37.5137971,127.1195147,12,1351.29,56.1
다사66254625,37.5160505,127.1195033,12,57.23,14.0
다사66254725,37.5250639,127.1194575,12,182.71,25.2
다사66254750,37.5273173,127.119446,12,1269.96,53.9
다사66254775,37.5295706,127.1194346,12,61.25,14.5
다사66254800,37.531824,127.1194231,12,828.01,43.6
다사66254825,37.5340773,127.1194117,12,1247.83,52.6
다사66504375,37.4935259,127.1224457,12,2177.9,73.3
다사66504400,37.4957793,127.1224343,12,15801.47,99.8
다사66504425,37.4980326,127.122423,12,532.16,37.2
다사66504450,37.500286,127.1224116,12,2125.09,72.3
다사66504475,37.5025394,127.1224003,12,1110.69,47.9
다사66504500,37.5047927,127.1223889,12,1486.0,59.4
다사66504525,37.5070461,127.1223776,12,2688.41,82.5
다사66504550,37.5092995,127.1223662,12,1856.71,66.3
다사66504575,37.5115528,127.1223549,12,30.06,8.2
다사66504600,37.5138062,127.1223435,12,2537.09,80.3
다사66504625,37.5160596,127.1223322,12,944.96,44.9
다사66504650,37.5183129,127.1223208,12,101.61,18.2
다사66504725,37.525073,127.1222867,12,180.54,24.7
다사66504750,37.5273263,127.1222754,12,1935.77,67.6
다사66504775,37.5295797,127.122264,12,4103.45,92.0
다사66504800,37.5318331,127.1222526,12,2728.33,83.0
다사66754400,37.4957883,127.1252625,12,2534.93,79.8
다사66754425,37.4980416,127.1252512,12,251.04,28.4
다사66754450,37.500295,127.1252399,12,2644.95,81.5
다사66754475,37.5025484,127.1252287,12,2552.07,80.5
다사66754500,37.5048017,127.1252174,12,1267.96,53.6
다사66754525,37.5070551,127.1252062,12,7.91,2.0
다사66754550,37.5093085,127.1251949,12,1297.62,54.9
다사66754575,37.5115618,127.1251836,12,4348.27,92.5
다사66754600,37.5138152,127.1251724,12,54.33,13.2
다사66754625,37.5160686,127.1251611,12,707.37,42.4
다사66754650,37.5183219,127.1251498,12,505.53,35.9
다사66754675,37.5205753,127.1251385,12,389.53,31.9
다사66754700,37.5228286,127.1251273,12,40.03,10.2
다사66754725,37.525082,127.125116,12,1671.47,63.1
다사66754750,37.5273354,127.1251047,12,3753.33,90.8
다사66754775,37.5295887,127.1250934,12,1170.66,49.9
다사67004425,37.4980506,127.1280794,12,2196.09,73.6
다사67004450,37.5003039,127.1280683,12,1256.34,53.1
다사67004475,37.5025573,127.1280571,12,1398.57,56.9
다사67004500,37.5048107,127.1280459,12,31.95,8.7
다사67004525,37.507064,127.1280347,12,345.53,30.9
다사67004550,37.5093174,127.1280236,12,3893.59,91.5
다사67004575,37.5115708,127.1280124,12,49.18,12.5
다사67004600,37.5138241,127.1280012,12,658.53,40.6
다사67004625,37.5160775,127.12799,12,562.37,37.4
다사67004650,37.5183309,127.1279788,12,1533.99,60.6
다사67004675,37.5205842,127.1279676,12,26.53,7.2
다사67004700,37.5228376,127.1279564,12,621.05,38.7
다사67004725,37.525091,127.1279453,12,631.3,39.9
다사67004750,37.5273443,127.1279341,12,101.1,18.0
다사67254475,37.5025662,127.1308855,12,6.52,0.7
다사67254500,37.5048196,127.1308744,12,2739.11,83.3
다사67254525,37.5070729,127.1308633,12,441.82,33.4
다사67254550,37.5093263,127.1308522,12,1909.04,66.8
다사67254575,37.5115797,127.1308411,12,83.93,17.0
다사67254600,37.513833,127.13083,12,103.64,18.5
다사67254625,37.5160864,127.1308189,12,210.41,26.9
다사67254650,37.5183397,127.1308078,12,2028.79,70.1
다사67254675,37.5205931,127.1307967,12,158.97,23.9
다사67254700,37.5228465,127.1307856,12,2140.26,72.8
다사67504550,37.5093351,127.1336809,12,116.42,19.5
다사67504575,37.5115885,127.1336699,12,30.67,8.5
다사67504600,37.5138418,127.1336589,12,2275.43,76.3
다사67504625,37.5160952,127.1336478,12,2048.06,70.8
다사61754500,37.5046087,127.0686478,13,243.77,28.2
다사61754525,37.5068621,127.0686349,13,1201.08,51.4
다사61754550,37.5091154,127.0686219,13,612.53,38.7
다사61754575,37.5113688,127.0686089,13,494.46,35.2
다사61754600,37.5136221,127.068596,13,135.85,21.9
다사61754625,37.5158755,127.068583,13,98.97,17.7
다사61754650,37.5181288,127.06857,13,12.08,3.7
다사61754675,37.5203822,127.0685571,13,23.73,7.0
다사62004450,37.5001123,127.0715021,13,582.02,37.7
다사62004475,37.5023657,127.0714892,13,302.41,29.9
다사62004500,37.504619,127.0714763,13,202.12,27.4
다사62004525,37.5068724,127.0714634,13,7.78,2.2
다사62004550,37.5091257,127.0714505,13,16.9,5.5
다사62004575,37.5113791,127.0714377,13,1082.3,46.9
다사62004600,37.5136324,127.0714248,13,117.28,20.0
다사62004625,37.5158858,127.0714119,13,1725.93,64.6
다사62004650,37.5181391,127.071399,13,35.09,9.5
다사62004675,37.5203925,127.0713861,13,37.48,10.2
다사62254425,37.4978692,127.0743432,13,965.06,44.9
다사62254450,37.5001225,127.0743304,13,107.15,19.2
다사62254475,37.5023759,127.0743176,13,154.75,23.2
다사62254500,37.5046292,127.0743048,13,3763.25,90.5
다사62254525,37.5068826,127.074292,13,75.41,15.7
다사62254550,37.5091359,127.0742792,13,1275.17,54.6
다사62254575,37.5113893,127.0742664,13,162.17,23.9
다사62254600,37.5136426,127.0742536,13,116.95,19.7
다사62254625,37.515896,127.0742408,13,20.39,6.7
다사62254650,37.5181493,127.074228,13,191.88,26.7
다사62254675,37.5204027,127.0742152,13,14.0,4.7
다사62254750,37.5271627,127.0741768,13,13.56,4.5
다사62254775,37.5294161,127.0741639,13,498.84,35.4
다사62504375,37.4933726,127.0771968,13,4010.94,92.3
다사62504400,37.495626,127.0771841,13,87.19,16.7
다사62504425,37.4978793,127.0771714,13,420.97,32.9
다사62504450,37.5001327,127.0771587,13,29.83,8.2
다사62504475,37.502386,127.077146,13,1094.45,47.4
다사62504500,37.5046394,127.0771332,13,59.26,14.5
다사62504525,37.5068927,127.0771205,13,1478.6,59.4
다사62504550,37.5091461,127.0771078,13,1194.33,51.1
다사62504575,37.5113995,127.0770951,13,2123.54,72.1
다사62504600,37.5136528,127.0770824,13,1190.62,50.4
다사62504625,37.5159062,127.0770697,13,2269.29,75.8
다사62504650,37.5181595,127.077057,13,198.32,26.9
다사62504675,37.5204128,127.0770442,13,5.08,0.7
다사62504750,37.5271729,127.0770061,13,80.14,16.0
다사62504775,37.5294262,127.0769934,13,1482.13,59.6
다사62504800,37.5316796,127.0769806,13,275.83,28.9
다사62754375,37.4933827,127.0800248,13,5198.17,94.8
다사62754400,37.4956361,127.0800122,13,523.01,35.9
다사62754425,37.4978894,127.0799996,13,16.86,5.2
다사62754450,37.5001428,127.079987,13,319.12,30.4
다사62754475,37.5023961,127.0799743,13,64.94,15.2
다사62754500,37.5046495,127.0799617,13,1802.74,65.3
다사62754525,37.5069028,127.0799491,13,1050.75,46.1
다사62754550,37.5091562,127.0799365,13,2758.75,83.5
다사62754575,37.5114095,127.0799238,13,2567.6,80.5
다사62754600,37.5136629,127.0799112,13,4767.03,94.0
다사62754625,37.5159162,127.0798986,13,1415.67,58.1
다사62754650,37.5181696,127.0798859,13,83.54,16.5
다사62754750,37.527183,127.0798354,13,529.68,36.2
다사62754775,37.5294363,127.0798228,13,181.63,24.9
다사62754800,37.5316897,127.0798101,13,2722.7,83.3
다사62754825,37.533943,127.0797975,13,1809.05,65.6
다사63004350,37.4911394,127.0828654,13,46.69,11.7
다사63004375,37.4933927,127.0828529,13,62.31,15.0
다사63004400,37.4956461,127.0828403,13,987.6,45.6
다사63004425,37.4978994,127.0828278,13,325.46,30.7
다사63004450,37.5001528,127.0828153,13,179.11,24.7
다사63004500,37.5046595,127.0827902,13,1303.39,55.1
다사63004525,37.5069129,127.0827776,13,2204.79,74.6
다사63004550,37.5091662,127.0827651,13,1981.32,68.3
다사63004575,37.5114196,127.0827526,13,2643.87,81.8
다사63004600,37.5136729,127.08274,13,118.68,20.4
다사63004625,37.5159263,127.0827275,13,2679.45,82.3
다사63004650,37.5181796,127.0827149,13,40.73,11.0
다사63004750,37.527193,127.0826647,13,1965.7,67.6
다사63004775,37.5294464,127.0826522,13,2228.45,74.8
다사63004800,37.5316997,127.0826396,13,2567.05,80.3
다사63004825,37.5339531,127.0826271,13,2778.94,84.3
다사63004850,37.5362064,127.0826145,13,2880.29,85.0
다사63254325,37.488896,127.0857058,13,9150.31,98.3
다사63254350,37.4911493,127.0856934,13,1252.18,53.1
다사63254375,37.4934027,127.0856809,13,1118.24,48.1
다사63254400,37.495656,127.0856685,13,1261.97,53.9
다사63254425,37.4979094,127.085656,13,259.3,28.7
다사63254450,37.5001628,127.0856436,13,9.32,2.6
다사63254475,37.5024161,127.0856311,13,1102.08,47.9
다사63254500,37.5046695,127.0856187,13,3345.89,88.3
다사63254525,37.5069228,127.0856062,13,478.99,34.4
다사63254550,37.5091762,127.0855937,13,879.29,44.4
다사63254575,37.5114295,127.0855813,13,5352.23,95.3
다사63254600,37.5136829,127.0855688,13,2237.01,75.3
다사63254625,37.5159362,127.0855564,13,1538.3,60.1
다사63254650,37.5181896,127.0855439,13,291.01,29.4
다사63254750,37.527203,127.085494,13,10.02,3.2
다사63254775,37.5294563,127.0854816,13,653.84,39.7
다사63254800,37.5317097,127.0854691,13,1679.1,63.6
다사63254825,37.533963,127.0854566,13,801.4,43.4
다사63254850,37.5362164,127.0854442,13,2471.05,79.1
다사63504325,37.4889058,127.0885337,13,841.83,43.9
다사63504350,37.4911592,127.0885213,13,2581.45,81.0
다사63504375,37.4934126,127.088509,13,1397.0,57.6
다사63504400,37.4956659,127.0884966,13,188.39,26.2
다사63504425,37.4979193,127.0884842,13,165.29,24.2
다사63504450,37.5001726,127.0884719,13,1004.01,45.9
다사63504475,37.502426,127.0884595,13,2710.58,83.0
다사63504500,37.5046794,127.0884471,13,979.89,45.4
다사63504525,37.5069327,127.0884348,13,5475.13,95.5
다사63504550,37.5091861,127.0884224,13,675.32,40.9
다사63504575,37.5114394,127.08841,13,278.45,29.2
다사63504600,37.5136928,127.0883976,13,3115.34,87.0
다사63504625,37.5159461,127.0883853,13,1970.35,67.8
다사63504650,37.5181995,127.0883729,13,4.19,0.0
다사63504750,37.5272129,127.0883234,13,59.64,14.7
다사63504775,37.5294662,127.088311,13,7.66,2.0
다사63504800,37.5317196,127.0882986,13,1327.1,55.6
다사63504825,37.5339729,127.0882862,13,2991.4,86.0
다사63504850,37.5362263,127.0882738,13,6710.01,97.0
다사63504875,37.5384796,127.0882614,13,2469.95,78.8
다사63754325,37.4889157,127.0913616,13,4.42,0.2
다사63754350,37.491169,127.0913493,13,458.39,33.7
다사63754375,37.4934224,127.091337,13,1641.16,61.8
다사63754425,37.4979291,127.0913125,13,153.15,22.9
다사63754450,37.5001825,127.0913002,13,2363.8,77.3
다사63754475,37.5024358,127.0912879,13,2363.93,77.6
다사63754500,37.5046892,127.0912756,13,2348.13,77.1
다사63754525,37.5069425,127.0912633,13,1123.3,48.4
다사63754550,37.5091959,127.091251,13,2288.92,76.1
다사63754575,37.5114492,127.0912387,13,1436.44,58.9
다사63754600,37.5137026,127.0912265,13,134.92,21.7
다사63754625,37.515956,127.0912142,13,701.36,41.4
다사63754650,37.5182093,127.0912019,13,122.46,20.9
다사63754675,37.5204627,127.0911896,13,17.99,6.0
다사63754700,37.522716,127.0911773,13,57.86,14.0
다사63754725,37.5249694,127.091165,13,106.45,19.0
다사63754750,37.5272227,127.0911527,13,47.57,12.0
다사63754775,37.5294761,127.0911404,13,972.38,45.1
다사63754800,37.5317294,127.0911281,13,12.06,3.5
다사63754825,37.5339828,127.0911158,13,1175.7,49.6
다사63754850,37.5362361,127.0911035,13,1695.64,64.3
다사63754875,37.5384894,127.0910912,13,2291.01,76.3
다사64004350,37.4911788,127.0941773,13,301.47,29.7
다사64004375,37.4934321,127.0941651,13,1449.11,59.1
다사64004400,37.4956855,127.0941529,13,392.29,32.2
다사64004425,37.4979389,127.0941407,13,1612.61,61.3
다사64004450,37.5001922,127.0941285,13,1660.41,62.8
다사64004475,37.5024456,127.0941163,13,1682.96,63.8
다사64004500,37.5046989,127.0941041,13,1189.34,50.1
다사64004525,37.5069523,127.0940919,13,2774.75,84.0
다사64004550,37.5092056,127.0940797,13,2618.78,81.3
다사64004575,37.511459,127.0940675,13,2026.67,69.8
다사64004600,37.5137124,127.0940553,13,3042.49,86.5
다사64004625,37.5159657,127.0940431,13,1944.83,67.1
다사64004650,37.5182191,127.0940309,13,395.62,32.4
다사64004675,37.5204724,127.0940187,13,161.33,23.7
다사64004700,37.5227258,127.0940064,13,57.06,13.7
다사64004800,37.5317392,127.0939576,13,1659.71,62.6
다사64004825,37.5339925,127.0939454,13,1576.02,60.8
다사64004850,37.5362459,127.0939332,13,2151.67,73.1
다사64004875,37.5384992,127.0939209,13,1960.25,67.3
다사64254300,37.4866817,127.0970294,13,18.71,6.2
다사64254325,37.4889351,127.0970173,13,4.44,0.5
다사64254350,37.4911884,127.0970052,13,686.63,41.1
다사64254375,37.4934418,127.0969931,13,639.32,39.2
다사64254400,37.4956952,127.096981,13,88.22,17.0
다사64254425,37.4979485,127.0969689,13,1157.8,49.1
다사64254450,37.5002019,127.0969568,13,1765.98,64.8
다사64254475,37.5024553,127.0969447,13,2074.57,71.1
다사64254500,37.5047086,127.0969326,13,1371.95,57.1
다사64254525,37.506962,127.0969204,13,2472.78,79.3
다사64254550,37.5092153,127.0969083,13,233.99,27.9
다사64254575,37.5114687,127.0968962,13,9803.28,98.5
다사64254600,37.513722,127.0968841,13,1789.15,65.1
다사64254625,37.5159754,127.096872,13,99.93,18.2
다사64254650,37.5182288,127.0968599,13,57.02,13.5
다사64254675,37.5204821,127.0968477,13,659.7,40.1
다사64254700,37.5227355,127.0968356,13,47.68,12.2
다사64254800,37.5317489,127.0967871,13,37.28,10.0
다사64254825,37.5340022,127.096775,13,446.83,33.4
다사64254850,37.5362556,127.0967628,13,10768.4,99.0
다사64254875,37.5385089,127.0967507,13,665.22,40.4
다사64504300,37.4866913,127.0998572,13,230.43,27.7
다사64504325,37.4889447,127.0998452,13,14681.33,99.5
다사64504350,37.4911981,127.0998332,13,2006.66,69.1
다사64504375,37.4934514,127.0998212,13,487.36,34.7
다사64504400,37.4957048,127.0998092,13,601.43,38.4
다사64504425,37.4979581,127.0997971,13,2017.36,69.3
다사64504450,37.5002115,127.0997851,13,1337.16,56.1
다사64504475,37.5024649,127.0997731,13,1882.81,66.6
다사64504500,37.5047182,127.099761,13,1685.34,64.1
다사64504525,37.5069716,127.099749,13,1372.2,57.4
다사64504550,37.509225,127.099737,13,1669.11,63.1
다사64504575,37.5114783,127.0997249,13,7197.66,97.3
다사64504600,37.5137317,127.0997129,13,2186.36,74.1
다사64504625,37.515985,127.0997009,13,8334.96,98.0
다사64504650,37.5182384,127.0996888,13,3939.53,91.5
다사64504675,37.5204917,127.0996768,13,12.91,4.2
다사64504700,37.5227451,127.0996648,13,39.83,10.5
다사64504725,37.5249984,127.0996527,13,16.27,5.0
다사64504750,37.5272518,127.0996407,13,26.68,7.7
다사64504775,37.5295051,127.0996286,13,30.01,8.5
다사64504850,37.5362652,127.0995925,13,304.32,30.2
다사64504875,37.5385185,127.0995804,13,3104.07,86.8
다사64754300,37.4867009,127.102685,13,4680.59,93.5
다사64754325,37.4889542,127.1026731,13,6003.93,96.3
다사64754350,37.4912076,127.1026612,13,2029.66,70.1
다사64754400,37.4957143,127.1026373,13,1151.15,48.9
다사64754425,37.4979677,127.1026254,13,2241.64,75.6
다사64754450,37.5002211,127.1026134,13,2136.98,72.8
다사64754475,37.5024744,127.1026015,13,55.46,13.2
다사64754500,37.5047278,127.1025895,13,1229.03,51.9
다사64754525,37.5069811,127.1025776,13,2619.64,81.5
다사64754550,37.5092345,127.1025656,13,717.37,41.9
다사64754575,37.5114879,127.1025537,13,10105.85,98.8
다사64754600,37.5137412,127.1025417,13,12704.9,99.3
다사64754625,37.5159946,127.1025298,13,7337.76,97.5
다사64754650,37.5182479,127.1025178,13,3430.67,89.3
다사64754675,37.5205013,127.1025059,13,870.12,44.1
다사64754700,37.5227546,127.1024939,13,150.47,22.7
다사64754725,37.525008,127.102482,13,160.56,23.4
다사64754825,37.5340214,127.1024341,13,90.87,17.5
다사64754850,37.5362747,127.1024222,13,118.6,20.2
다사64754875,37.5385281,127.1024102,13,7.07,1.0
다사65004300,37.4867103,127.1055128,13,5137.71,94.5
다사65004325,37.4889637,127.105501,13,3432.63,89.5
다사65004375,37.4934704,127.1054773,13,477.45,34.2
다사65004400,37.4957238,127.1054654,13,1540.54,60.3
다사65004425,37.4979772,127.1054536,13,1547.44,60.6
다사65004450,37.5002305,127.1054417,13,1239.54,52.1
다사65004475,37.5024839,127.1054299,13,2050.82,70.3
다사65004500,37.5047373,127.105418,13,3404.6,88.5
다사65004525,37.5069906,127.1054061,13,3123.4,87.3
다사65004550,37.509244,127.1053943,13,1834.55,66.1
다사65004575,37.5114973,127.1053824,13,1072.27,46.6
다사65004600,37.5137507,127.1053706,13,4241.21,92.5
다사65004625,37.5160041,127.1053587,13,5935.51,96.0
다사65004650,37.5182574,127.1053468,13,766.08,42.9
다사65004675,37.5205108,127.105335,13,3559.61,90.0
다사65004700,37.5227641,127.1053231,13,7.57,1.5
다사65004725,37.5250175,127.1053112,13,24.57,7.5
다사65004750,37.5272708,127.1052993,13,187.63,25.9
다사65004775,37.5295242,127.1052875,13,7.62,1.7
다사65004800,37.5317775,127.1052756,13,144.74,22.4
다사65004825,37.5340309,127.1052637,13,143.73,22.2
다사65254325,37.4889731,127.1083289,13,198.76,27.2
다사65254350,37.4912265,127.1083171,13,40.52,10.7
다사65254375,37.4934799,127.1083053,13,3984.61,91.8
다사65254400,37.4957332,127.1082936,13,42.29,11.5
다사65254425,37.4979866,127.1082818,13,4622.83,93.3
다사65254450,37.50024,127.10827,13,2392.05,78.1
다사65254475,37.5024933,127.1082583,13,1341.31,56.4
다사65254500,37.5047467,127.1082465,13,1864.82,66.3
다사65254525,37.507,127.1082347,13,3428.67,89.0
다사65254550,37.5092534,127.1082229,13,1191.44,50.6
다사65254575,37.5115068,127.1082112,13,2157.78,73.8
다사65254600,37.5137601,127.1081994,13,4366.16,92.8
다사65254625,37.5160135,127.1081876,13,6019.51,96.5
다사65254650,37.5182668,127.1081758,13,3498.54,89.8
다사65254675,37.5205202,127.108164,13,551.61,36.9
다사65254700,37.5227735,127.1081523,13,27.4,8.0
다사65254725,37.5250269,127.1081405,13,7627.25,97.8
다사65254750,37.5272803,127.1081287,13,21065.25,100.0
다사65254775,37.5295336,127.1081169,13,7.08,1.2
다사65254800,37.531787,127.1081051,13,186.37,25.4
다사65254825,37.5340403,127.1080933,13,9.32,2.6
다사65504325,37.4889825,127.1111568,13,672.48,40.6
다사65504350,37.4912358,127.1111451,13,19.2,6.5
다사65504375,37.4934892,127.1111334,13,556.7,37.2
다사65504400,37.4957426,127.1111217,13,895.81,44.6
다사65504425,37.4979959,127.11111,13,2097.98,71.3
다사65504450,37.5002493,127.1110984,13,739.82,42.6
다사65504475,37.5025027,127.1110867,13,3167.45,87.8
다사65504500,37.504756,127.111075,13,3134.94,87.5
다사65504525,37.5070094,127.1110633,13,1355.53,56.9
다사65504550,37.5092627,127.1110516,13,1268.79,54.4
다사65504575,37.5115161,127.1110399,13,2193.19,74.3
다사65504600,37.5137695,127.1110282,13,518.82,35.7
다사65504625,37.5160228,127.1110165,13,2771.46,83.8
다사65504650,37.5182762,127.1110048,13,3407.64,88.8
다사65504675,37.5205295,127.1109931,13,491.64,34.9
다사65504700,37.5227829,127.1109814,13,2975.75,85.8
다사65504725,37.5250363,127.1109697,13,1192.42,50.9
다사65504750,37.5272896,127.110958,13,362.74,31.2
다사65504800,37.5317963,127.1109346,13,600.61,38.2
다사65504825,37.5340497,127.1109229,13,1185.83,49.9
다사65504850,37.536303,127.1109112,13,128.79,21.2
다사65754325,37.4889917,127.1139847,13,2307.79,76.6
다사65754350,37.4912451,127.1139731,13,1260.46,53.6
다사65754375,37.4934985,127.1139615,13,1430.75,58.4
다사65754400,37.4957518,127.1139499,13,17.66,5.7
다사65754450,37.5002586,127.1139267,13,1654.94,62.1
다사65754475,37.5025119,127.1139151,13,437.25,33.2
다사65754500,37.5047653,127.1139035,13,1313.41,55.4
다사65754525,37.5070187,127.1138919,13,2126.78,72.3
다사65754550,37.509272,127.1138803,13,635.14,38.9
다사65754575,37.5115254,127.1138686,13,6198.28,96.8
다사65754600,37.5137788,127.113857,13,826.66,43.6
다사65754625,37.5160321,127.1138454,13,5858.34,95.8
다사65754650,37.5182855,127.1138338,13,1124.34,48.6
다사65754675,37.5205388,127.1138222,13,2648.27,82.0
다사65754700,37.5227922,127.1138106,13,391.87,31.9
다사65754725,37.5250455,127.113799,13,1401.26,57.9
다사65754750,37.5272989,127.1137874,13,12.18,4.0
다사65754775,37.5295523,127.1137757,13,2000.74,68.8
다사65754800,37.5318056,127.1137641,13,2071.33,70.8
다사65754850,37.5363123,127.1137409,13,9.93,3.0
다사66004350,37.4912543,127.116801,13,5202.33,95.0
다사66004375,37.4935077,127.1167895,13,4770.73,94.3
다사66004400,37.4957611,127.116778,13,3035.66,86.3
다사66004425,37.4980144,127.1167665,13,328.11,30.9
다사66004450,37.5002678,127.116755,13,2882.27,85.3
다사66004475,37.5025212,127.1167435,13,2113.07,71.8
다사66004500,37.5047745,127.116732,13,133.43,21.4
다사66004525,37.5070279,127.1167204,13,2482.6,79.6
다사66004550,37.5092812,127.1167089,13,73.09,15.5
다사66004575,37.5115346,127.1166974,13,1329.88,55.9
다사66004600,37.513788,127.1166859,13,1655.61,62.3
다사66004625,37.5160413,127.1166743,13,36.02,9.7
다사66004650,37.5182947,127.1166628,13,122.3,20.7
다사66004675,37.520548,127.1166513,13,1996.42,68.6
다사66004700,37.5228014,127.1166398,13,2969.35,85.5
다사66004725,37.5250548,127.1166282,13,721.23,42.1
다사66004750,37.5273081,127.1166167,13,1672.61,63.3
다사66004775,37.5295615,127.1166052,13,2568.5,80.8
다사66004800,37.5318148,127.1165936,13,2790.17,84.5
다사66004825,37.5340682,127.1165821,13,369.44,31.4
다사66004850,37.5363215,127.1165706,13,1218.63,51.6
다사66254350,37.4912635,127.119629,13,51.79,12.7
다사66254375,37.4935168,127.1196176,13,4712.69,93.8
다사66254400,37.4957702,127.1196062,13,579.21,37.4
다사66254425,37.4980236,127.1195947,13,3586.54,90.3
다사66254450,37.5002769,127.1195833,13,1435.43,58.6
다사66254475,37.5025303,127.1195719,13,3264.44,88.0
다사66254500,37.5047837,127.1195604,13,2398.9,78.3
다사66254525,37.507037,127.119549,13,1095.1,47.6
다사66254550,37.5092904,127.1195376,13,2110.81,71.6
다사66254575,37.5115437,127.1195261,13,3912.92,91.3
다사66254600,37.5137971,127.1195147,13,1259.83,53.4
다사66254625,37.5160505,127.1195033,13,83.08,16.2
다사66254725,37.5250639,127.1194575,13,187.03,25.7
다사66254750,37.5273173,127.119446,13,1249.37,52.6
다사66254775,37.5295706,127.1194346,13,48.14,12.5
다사66254800,37.531824,127.1194231,13,795.02,43.1
다사66254825,37.5340773,127.1194117,13,1248.97,52.4
다사66504375,37.4935259,127.1224457,13,2153.74,73.3
다사66504400,37.4957793,127.1224343,13,15812.79,99.8
다사66504425,37.4980326,127.122423,13,530.2,36.4
다사66504450,37.500286,127.1224116,13,2134.89,72.6
다사66504475,37.5025394,127.1224003,13,1092.18,47.1
다사66504500,37.5047927,127.1223889,13,1498.26,59.9
다사66504525,37.5070461,127.1223776,13,2696.57,82.5
다사66504550,37.5092995,127.1223662,13,1830.43,65.8
다사66504575,37.5115528,127.1223549,13,24.03,7.2
다사66504600,37.5138062,127.1223435,13,2530.72,80.0
다사66504625,37.5160596,127.1223322,13,1066.52,46.4
다사66504650,37.5183129,127.1223208,13,104.1,18.7
다사66504725,37.525073,127.1222867,13,184.97,25.2
다사66504750,37.5273263,127.1222754,13,1978.2,68.1
다사66504775,37.5295797,127.122264,13,4009.58,92.0
다사66504800,37.5318331,127.1222526,13,2809.59,84.8
다사66754400,37.4957883,127.1252625,13,2449.24,78.6
다사66754425,37.4980416,127.1252512,13,256.29,28.4
다사66754450,37.500295,127.1252399,13,2510.4,79.8
다사66754475,37.5025484,127.1252287,13,2390.79,77.8
다사66754500,37.5048017,127.1252174,13,1251.5,52.9
다사66754550,37.5093085,127.1251949,13,1268.7,54.1
다사66754575,37.5115618,127.1251836,13,4597.07,93.0
다사66754600,37.5138152,127.1251724,13,59.06,14.2
다사66754625,37.5160686,127.1251611,13,724.69,42.4
다사66754650,37.5183219,127.1251498,13,534.53,36.7
다사66754675,37.5205753,127.1251385,13,399.13,32.7
다사66754700,37.5228286,127.1251273,13,41.02,11.2
다사66754725,37.525082,127.125116,13,1583.84,61.1
다사66754750,37.5273354,127.1251047,13,3811.34,90.8
다사66754775,37.5295887,127.1250934,13,1166.96,49.4
다사67004425,37.4980506,127.1280794,13,2235.08,75.1
다사67004450,37.5003039,127.1280683,13,1286.14,54.9
다사67004475,37.5025573,127.1280571,13,1349.44,56.6
다사67004500,37.5048107,127.1280459,13,31.95,9.0
다사67004525,37.507064,127.1280347,13,383.32,31.7
다사67004550,37.5093174,127.1280236,13,3859.94,91.0
다사67004575,37.5115708,127.1280124,13,53.98,13.0
다사67004600,37.5138241,127.1280012,13,702.95,41.6
다사67004625,37.5160775,127.12799,13,643.34,39.4
다사67004650,37.5183309,127.1279788,13,1624.94,61.6
다사67004675,37.5205842,127.1279676,13,31.35,8.7
다사67004700,37.5228376,127.1279564,13,655.43,39.9
다사67004725,37.525091,127.1279453,13,593.82,37.9
다사67004750,37.5273443,127.1279341,13,111.59,19.5
다사67254500,37.5048196,127.1308744,13,2698.21,82.8
다사67254525,37.5070729,127.1308633,13,477.28,33.9
다사67254550,37.5093263,127.1308522,13,1915.9,66.8
다사67254575,37.5115797,127.1308411,13,90.33,17.2
다사67254600,37.513833,127.13083,13,102.93,18.5
다사67254625,37.5160864,127.1308189,13,190.15,26.4
다사67254650,37.5183397,127.1308078,13,2018.05,69.6
다사67254675,37.5205931,127.1307967,13,175.97,24.4
다사67254700,37.5228465,127.1307856,13,2155.58,73.6
다사67504550,37.5093351,127.1336809,13,99.07,18.0
다사67504575,37.5115885,127.1336699,13,32.46,9.2
다사67504600,37.5138418,127.1336589,13,2331.28,76.8
다사67504625,37.5160952,127.1336478,13,2053.68,70.6
다사61754500,37.5046087,127.0686478,14,247.38,29.1
다사61754525,37.5068621,127.0686349,14,1146.44,49.0
다사61754550,37.5091154,127.0686219,14,618.68,38.6
다사61754575,37.5113688,127.0686089,14,494.67,35.3
다사61754600,37.5136221,127.068596,14,136.54,22.4
다사61754625,37.5158755,127.068583,14,97.47,18.4
다사61754650,37.5181288,127.06857,14,14.62,5.2
다사61754675,37.5203822,127.0685571,14,24.52,8.5
다사62004450,37.5001123,127.0715021,14,615.06,38.3
다사62004475,37.5023657,127.0714892,14,306.45,30.1
다사62004500,37.504619,127.0714763,14,202.63,27.4
다사62004525,37.5068724,127.0714634,14,5.22,1.5
다사62004550,37.5091257,127.0714505,14,20.68,7.2
다사62004575,37.5113791,127.0714377,14,960.91,46.0
다사62004600,37.5136324,127.0714248,14,110.39,20.6
다사62004625,37.5158858,127.0714119,14,1865.32,66.2
다사62004650,37.5181391,127.071399,14,31.0,9.7
다사62004675,37.5203925,127.0713861,14,38.7,11.2
다사62254425,37.4978692,127.0743432,14,905.62,44.8
다사62254450,37.5001225,127.0743304,14,106.05,19.9
다사62254475,37.5023759,127.0743176,14,155.89,23.9
다사62254500,37.5046292,127.0743048,14,3674.04,90.8
다사62254525,37.5068826,127.074292,14,101.24,18.7
다사62254550,37.5091359,127.0742792,14,1278.28,55.2
다사62254575,37.5113893,127.0742664,14,177.33,25.4
다사62254600,37.5136426,127.0742536,14,120.87,21.1
다사62254625,37.515896,127.0742408,14,26.93,9.2
다사62254650,37.5181493,127.074228,14,177.13,25.1
다사62254675,37.5204027,127.0742152,14,14.46,5.0
다사62254750,37.5271627,127.0741768,14,13.53,4.5
다사62254775,37.5294161,127.0741639,14,478.71,34.3
다사62504375,37.4933726,127.0771968,14,4111.3,92.3
다사62504400,37.495626,127.0771841,14,102.13,19.2
다사62504425,37.4978793,127.0771714,14,416.73,33.6
다사62504450,37.5001327,127.0771587,14,37.08,10.7
다사62504475,37.502386,127.077146,14,1066.28,47.0
다사62504500,37.5046394,127.0771332,14,85.77,17.2
다사62504525,37.5068927,127.0771205,14,1456.12,59.5
다사62504550,37.5091461,127.0771078,14,1260.0,54.2
다사62504575,37.5113995,127.0770951,14,2315.5,76.6
다사62504600,37.5136528,127.0770824,14,1163.84,49.5
다사62504625,37.5159062,127.0770697,14,2150.09,73.9
다사62504650,37.5181595,127.077057,14,204.91,27.6
다사62504675,37.5204128,127.0770442,14,5.23,1.7
다사62504750,37.5271729,127.0770061,14,79.79,16.4
다사62504775,37.5294262,127.0769934,14,1420.37,58.5
다사62504800,37.5316796,127.0769806,14,290.4,29.9
다사62754375,37.4933827,127.0800248,14,5194.43,94.8
다사62754400,37.4956361,127.0800122,14,517.71,36.8
다사62754425,37.4978894,127.0799996,14,16.68,6.0
다사62754450,37.5001428,127.079987,14,315.91,30.8
다사62754475,37.5023961,127.0799743,14,66.38,15.7
다사62754500,37.5046495,127.0799617,14,1754.46,64.7
다사62754525,37.5069028,127.0799491,14,977.85,46.3
다사62754550,37.5091562,127.0799365,14,2682.46,82.6
다사62754575,37.5114095,127.0799238,14,2638.59,82.1
다사62754600,37.5136629,127.0799112,14,4882.06,94.3
다사62754625,37.5159162,127.0798986,14,1518.5,60.4
다사62754650,37.5181696,127.0798859,14,86.35,17.4
다사62754750,37.527183,127.0798354,14,532.5,37.3
다사62754775,37.5294363,127.0798228,14,188.72,26.4
다사62754800,37.5316897,127.0798101,14,2698.96,83.1
다사62754825,37.533943,127.0797975,14,1772.22,65.2
다사63004350,37.4911394,127.0828654,14,56.27,14.2
다사63004375,37.4933927,127.0828529,14,62.93,15.2
다사63004400,37.4956461,127.0828403,14,958.37,45.5
다사63004425,37.4978994,127.0828278,14,322.17,31.1
다사63004450,37.5001528,127.0828153,14,178.92,25.6
다사63004500,37.5046595,127.0827902,14,1343.64,57.0
다사63004525,37.5069129,127.0827776,14,2153.89,74.1
다사63004550,37.5091662,127.0827651,14,1921.61,66.9
다사63004575,37.5114196,127.0827526,14,2929.84,85.6
다사63004600,37.5136729,127.08274,14,129.57,21.9
다사63004625,37.5159263,127.0827275,14,2607.24,81.8
다사63004650,37.5181796,127.0827149,14,42.06,11.9
다사63004750,37.527193,127.0826647,14,1974.6,68.7
다사63004775,37.5294464,127.0826522,14,2180.09,74.9
다사63004800,37.5316997,127.0826396,14,2607.04,81.6
다사63004825,37.5339531,127.0826271,14,2601.16,81.3
다사63004850,37.5362064,127.0826145,14,2974.82,85.8
다사63254325,37.488896,127.0857058,14,9235.58,98.3
다사63254350,37.4911493,127.0856934,14,1231.68,52.7
다사63254375,37.4934027,127.0856809,14,1117.35,48.5
다사63254400,37.495656,127.0856685,14,1179.71,50.0
다사63254425,37.4979094,127.085656,14,256.65,29.6
다사63254450,37.5001628,127.0856436,14,13.38,4.2
다사63254475,37.5024161,127.0856311,14,1101.57,48.0
다사63254500,37.5046695,127.0856187,14,3325.0,88.3
다사63254525,37.5069228,127.0856062,14,495.8,35.6
다사63254550,37.5091762,127.0855937,14,894.89,44.5
다사63254575,37.5114295,127.0855813,14,5584.45,95.5
다사63254600,37.5136829,127.0855688,14,2188.59,75.1
다사63254625,37.5159362,127.0855564,14,1582.83,61.2
다사63254650,37.5181896,127.0855439,14,310.09,30.3
다사63254750,37.527203,127.085494,14,14.19,4.7
다사63254775,37.5294563,127.0854816,14,637.56,39.1
다사63254800,37.5317097,127.0854691,14,1663.13,63.9
다사63254825,37.533963,127.0854566,14,838.86,43.8
다사63254850,37.5362164,127.0854442,14,2492.67,79.9
다사63504325,37.4889058,127.0885337,14,881.61,44.3
다사63504350,37.4911592,127.0885213,14,2567.14,80.8
다사63504375,37.4934126,127.088509,14,1402.94,58.0
다사63504400,37.4956659,127.0884966,14,188.2,25.9
다사63504425,37.4979193,127.0884842,14,163.82,24.1
다사63504450,37.5001726,127.0884719,14,1031.6,46.5
다사63504475,37.502426,127.0884595,14,2579.05,81.1
다사63504500,37.5046794,127.0884471,14,1058.49,46.8
다사63504525,37.5069327,127.0884348,14,5453.02,95.3
다사63504550,37.5091861,127.0884224,14,660.17,39.8
다사63504575,37.5114394,127.08841,14,225.2,28.4
다사63504600,37.5136928,127.0883976,14,3078.19,86.6
다사63504625,37.5159461,127.0883853,14,1965.88,68.2
다사63504650,37.5181995,127.0883729,14,4.19,0.2
다사63504750,37.5272129,127.0883234,14,66.73,15.9
다사63504775,37.5294662,127.088311,14,7.78,2.9
다사63504800,37.5317196,127.0882986,14,1288.93,55.7
다사63504825,37.5339729,127.0882862,14,2905.79,85.3
다사63504850,37.5362263,127.0882738,14,6594.73,97.0
다사63504875,37.5384796,127.0882614,14,2394.8,78.6
다사63754325,37.4889157,127.0913616,14,4.42,0.7
다사63754350,37.491169,127.0913493,14,446.0,33.8
다사63754375,37.4934224,127.091337,14,1597.1,61.4
다사63754400,37.4956757,127.0913247,14,4.24,0.5
다사63754425,37.4979291,127.0913125,14,153.71,23.6
다사63754450,37.5001825,127.0913002,14,2341.42,77.1
다사63754475,37.5024358,127.0912879,14,2371.0,77.6
다사63754500,37.5046892,127.0912756,14,2310.3,76.4
다사63754525,37.5069425,127.0912633,14,1133.71,48.8
다사63754550,37.5091959,127.091251,14,2387.9,78.4
다사63754575,37.5114492,127.0912387,14,1429.35,58.7
다사63754600,37.5137026,127.0912265,14,138.92,22.6
다사63754625,37.515956,127.0912142,14,705.86,41.5
다사63754650,37.5182093,127.0912019,14,153.69,23.4
다사63754675,37.5204627,127.0911896,14,18.52,6.7
다사63754700,37.522716,127.0911773,14,59.27,14.4
다사63754725,37.5249694,127.091165,14,109.45,20.4
다사63754750,37.5272227,127.0911527,14,48.45,12.7
다사63754775,37.5294761,127.0911404,14,959.18,45.8
다사63754800,37.5317294,127.0911281,14,12.06,3.7
다사63754825,37.5339828,127.0911158,14,1218.76,52.5
다사63754850,37.5362361,127.0911035,14,1642.44,62.4
다사63754875,37.5384894,127.0910912,14,2321.44,76.9
다사64004350,37.4911788,127.0941773,14,4.04,0.0
다사64004375,37.4934321,127.0941651,14,1455.22,59.2
다사64004400,37.4956855,127.0941529,14,393.96,32.8
다사64004425,37.4979389,127.0941407,14,1537.69,60.7
다사64004450,37.5001922,127.0941285,14,1657.12,63.3
다사64004475,37.5024456,127.0941163,14,1657.12,63.3
다사64004500,37.5046989,127.0941041,14,1173.97,49.8
다사64004525,37.5069523,127.0940919,14,2784.16,84.1
다사64004550,37.5092056,127.0940797,14,2741.98,83.3
다사64004575,37.511459,127.0940675,14,2044.52,70.9
다사64004600,37.5137124,127.0940553,14,2893.18,84.8
다사64004625,37.5159657,127.0940431,14,1936.18,67.2
다사64004650,37.5182191,127.0940309,14,377.07,32.6
다사64004675,37.5204724,127.0940187,14,172.33,24.6
다사64004700,37.5227258,127.0940064,14,60.89,14.9
다사64004800,37.5317392,127.0939576,14,1542.31,60.9
다사64004825,37.5339925,127.0939454,14,1617.79,61.7
다사64004850,37.5362459,127.0939332,14,2236.36,75.6
다사64004875,37.5384992,127.0939209,14,1966.13,68.4
다사64254300,37.4866817,127.0970294,14,23.67,8.0
다사64254325,37.4889351,127.0970173,14,4.44,1.0
다사64254350,37.4911884,127.0970052,14,667.7,40.4
다사64254375,37.4934418,127.0969931,14,642.04,39.3
다사64254400,37.4956952,127.096981,14,89.02,17.9
다사64254425,37.4979485,127.0969689,14,1185.64,51.0
다사64254450,37.5002019,127.0969568,14,1768.86,64.9
다사64254475,37.5024553,127.0969447,14,1991.98,69.7
다사64254500,37.5047086,127.0969326,14,1382.13,57.5
다사64254525,37.506962,127.0969204,14,2379.98,77.9
다사64254550,37.5092153,127.0969083,14,236.49,28.9
다사64254575,37.5114687,127.0968962,14,9772.62,98.5
다사64254600,37.513722,127.0968841,14,1842.97,65.9
다사64254625,37.5159754,127.096872,14,88.34,17.7
다사64254650,37.5182288,127.0968599,14,44.03,12.2
다사64254675,37.5204821,127.0968477,14,673.08,41.3
다사64254700,37.5227355,127.0968356,14,48.63,13.2
다사64254800,37.5317489,127.0967871,14,38.53,10.9
다사64254825,37.5340022,127.096775,14,455.71,34.1
다사64254850,37.5362556,127.0967628,14,11257.74,99.0
다사64254875,37.5385089,127.0967507,14,664.4,40.0
다사64504300,37.4866913,127.0998572,14,207.6,27.9
다사64504325,37.4889447,127.0998452,14,14434.82,99.5
다사64504350,37.4911981,127.0998332,14,1991.38,69.4
다사64504375,37.4934514,127.0998212,14,480.0,34.6
다사64504400,37.4957048,127.0998092,14,714.79,42.0
다사64504425,37.4979581,127.0997971,14,1981.14,68.9
다사64504450,37.5002115,127.0997851,14,1261.27,54.5
다사64504475,37.5024649,127.0997731,14,1919.7,66.7
다사64504500,37.5047182,127.099761,14,1621.01,61.9
다사64504525,37.5069716,127.099749,14,1272.76,55.0
다사64504550,37.509225,127.099737,14,2006.18,69.9
다사64504575,37.5114783,127.0997249,14,7568.37,97.5
다사64504600,37.5137317,127.0997129,14,2232.21,75.4
다사64504625,37.515985,127.0997009,14,8454.38,98.0
다사64504650,37.5182384,127.0996888,14,3678.89,91.0
다사64504675,37.5204917,127.0996768,14,17.7,6.2
다사64504700,37.5227451,127.0996648,14,51.64,13.4
다사64504725,37.5249984,127.0996527,14,16.62,5.7
다사64504750,37.5272518,127.0996407,14,25.17,8.7
다사64504775,37.5295051,127.0996286,14,18.41,6.5
다사64504850,37.5362652,127.0995925,14,310.36,30.6
다사64504875,37.5385185,127.0995804,14,3124.1,87.3
다사64754300,37.4867009,127.102685,14,4141.46,92.5
다사64754325,37.4889542,127.1026731,14,6064.9,96.3
다사64754350,37.4912076,127.1026612,14,2012.72,70.1
다사64754400,37.4957143,127.1026373,14,1205.34,52.0
다사64754425,37.4979677,127.1026254,14,2289.53,76.1
다사64754450,37.5002211,127.1026134,14,2062.11,71.1
다사64754475,37.5024744,127.1026015,14,63.8,15.4
다사64754500,37.5047278,127.1025895,14,1254.59,54.0
다사64754525,37.5069811,127.1025776,14,2521.65,80.3
다사64754550,37.5092345,127.1025656,14,865.52,44.0
다사64754575,37.5114879,127.1025537,14,10807.37,98.8
다사64754600,37.5137412,127.1025417,14,12788.93,99.3
다사64754625,37.5159946,127.1025298,14,7460.12,97.3
다사64754650,37.5182479,127.1025178,14,3493.82,89.6
다사64754675,37.5205013,127.1025059,14,939.0,45.3
다사64754700,37.5227546,127.1024939,14,147.45,22.9
다사64754725,37.525008,127.102482,14,168.13,24.4
다사64754825,37.5340214,127.1024341,14,92.91,18.2
다사64754850,37.5362747,127.1024222,14,121.18,21.4
다사64754875,37.5385281,127.1024102,14,7.07,2.0
다사65004300,37.4867103,127.1055128,14,4969.75,94.5
다사65004325,37.4889637,127.105501,14,3325.63,88.6
다사65004375,37.4934704,127.1054773,14,517.46,36.6
다사65004400,37.4957238,127.1054654,14,1511.63,60.2
다사65004425,37.4979772,127.1054536,14,1653.06,62.9
다사65004450,37.5002305,127.1054417,14,1303.77,56.2
다사65004475,37.5024839,127.1054299,14,2024.92,70.6
다사65004500,37.5047373,127.105418,14,3480.38,89.1
다사65004525,37.5069906,127.1054061,14,3114.28,87.1
다사65004550,37.509244,127.1053943,14,1713.02,64.2
다사65004575,37.5114973,127.1053824,14,1108.29,48.3
다사65004600,37.5137507,127.1053706,14,4320.91,92.8
다사65004625,37.5160041,127.1053587,14,6125.52,96.5
다사65004650,37.5182574,127.1053468,14,671.21,41.0
다사65004675,37.5205108,127.105335,14,3549.45,90.0
다사65004725,37.5250175,127.1053112,14,25.75,9.0
다사65004750,37.5272708,127.1052993,14,191.04,26.9
다사65004775,37.5295242,127.1052875,14,7.78,2.9
다사65004825,37.5340309,127.1052637,14,150.96,23.1
다사65254325,37.4889731,127.1083289,14,175.28,24.9
다사65254350,37.4912265,127.1083171,14,21.29,7.5
다사65254375,37.4934799,127.1083053,14,3931.77,91.5
다사65254400,37.4957332,127.1082936,14,55.96,13.9
다사65254425,37.4979866,127.1082818,14,4520.64,93.3
다사65254450,37.50024,127.10827,14,2488.19,79.6
다사65254475,37.5024933,127.1082583,14,1281.89,55.5
다사65254500,37.5047467,127.1082465,14,1987.29,69.2
다사65254525,37.507,127.1082347,14,3522.84,89.8
다사65254550,37.5092534,127.1082229,14,1203.27,51.7
다사65254575,37.5115068,127.1082112,14,2063.94,71.4
다사65254600,37.5137601,127.1081994,14,4418.38,93.0
다사65254625,37.5160135,127.1081876,14,5933.65,96.0
다사65254650,37.5182668,127.1081758,14,3481.75,89.3
다사65254675,37.5205202,127.108164,14,511.47,36.3
다사65254700,37.5227735,127.1081523,14,20.05,7.0
다사65254725,37.5250269,127.1081405,14,7919.66,97.8
다사65254750,37.5272803,127.1081287,14,21492.44,100.0
다사65254775,37.5295336,127.1081169,14,7.08,2.2
다사65254800,37.531787,127.1081051,14,195.91,27.1
다사65254825,37.5340403,127.1080933,14,9.55,3.5
다사65504325,37.4889825,127.1111568,14,667.7,40.4
다사65504350,37.4912358,127.1111451,14,16.12,5.5
다사65504375,37.4934892,127.1111334,14,502.22,35.8
다사65504400,37.4957426,127.1111217,14,908.24,45.0
다사65504425,37.4979959,127.11111,14,2135.6,73.1
다사65504450,37.5002493,127.1110984,14,810.24,43.3
다사65504475,37.5025027,127.1110867,14,3113.42,86.8
다사65504500,37.504756,127.111075,14,3059.15,86.3
다사65504525,37.5070094,127.1110633,14,1353.74,57.2
다사65504550,37.5092627,127.1110516,14,1182.14,50.7
다사65504575,37.5115161,127.1110399,14,2121.56,72.9
다사65504600,37.5137695,127.1110282,14,490.05,35.1
다사65504625,37.5160228,127.1110165,14,2900.05,85.1
다사65504650,37.5182762,127.1110048,14,3438.02,88.8
다사65504675,37.5205295,127.1109931,14,520.78,37.1
다사65504700,37.5227829,127.1109814,14,3015.41,86.1
다사65504725,37.5250363,127.1109697,14,1253.79,53.7
다사65504750,37.5272896,127.110958,14,345.86,31.8
다사65504775,37.529543,127.1109463,14,7.34,2.5
다사65504800,37.5317963,127.1109346,14,614.1,38.1
다사65504825,37.5340497,127.1109229,14,1180.97,50.2
다사65504850,37.536303,127.1109112,14,130.46,22.1
다사65754325,37.4889917,127.1139847,14,2275.08,75.9
다사65754350,37.4912451,127.1139731,14,1270.26,54.7
다사65754375,37.4934985,127.1139615,14,1181.41,50.5
다사65754400,37.4957518,127.1139499,14,24.24,8.2
다사65754450,37.5002586,127.1139267,14,1645.09,62.7
다사65754475,37.5025119,127.1139151,14,409.56,33.3
다사65754500,37.5047653,127.1139035,14,1416.07,58.2
다사65754525,37.5070187,127.1138919,14,2083.53,72.1
다사65754550,37.509272,127.1138803,14,605.02,37.6
다사65754575,37.5115254,127.1138686,14,6158.29,96.8
다사65754600,37.5137788,127.113857,14,815.1,43.5
다사65754625,37.5160321,127.1138454,14,5659.09,95.8
다사65754650,37.5182855,127.1138338,14,1197.73,51.5
다사65754675,37.5205388,127.1138222,14,2758.9,83.8
다사65754700,37.5227922,127.1138106,14,357.56,32.1
다사65754725,37.5250455,127.113799,14,1457.99,59.7
다사65754750,37.5272989,127.1137874,14,23.27,7.7
다사65754775,37.5295523,127.1137757,14,1943.78,67.4
다사65754800,37.5318056,127.1137641,14,2140.58,73.4
다사65754825,37.534059,127.1137525,14,4.98,1.2
다사65754850,37.5363123,127.1137409,14,12.61,4.0
다사66004350,37.4912543,127.116801,14,5244.44,95.0
다사66004375,37.4935077,127.1167895,14,4644.34,93.8
다사66004400,37.4957611,127.116778,14,3235.43,87.8
다사66004425,37.4980144,127.1167665,14,322.54,31.3
다사66004450,37.5002678,127.116755,14,2863.98,84.6
다사66004475,37.5025212,127.1167435,14,2086.25,72.4
다사66004500,37.5047745,127.116732,14,106.98,20.1
다사66004525,37.5070279,127.1167204,14,2498.35,80.1
다사66004550,37.5092812,127.1167089,14,59.5,14.7
다사66004575,37.5115346,127.1166974,14,1338.7,56.7
다사66004600,37.513788,127.1166859,14,1662.82,63.7
다사66004625,37.5160413,127.1166743,14,36.23,10.4
다사66004650,37.5182947,127.1166628,14,124.47,21.6
다사66004675,37.520548,127.1166513,14,2016.62,70.4
다사66004700,37.5228014,127.1166398,14,3160.15,87.6
다사66004725,37.5250548,127.1166282,14,737.09,42.5
다사66004750,37.5273081,127.1166167,14,1828.09,65.7
다사66004775,37.5295615,127.1166052,14,2551.36,80.6
다사66004800,37.5318148,127.1165936,14,2754.58,83.6
다사66004825,37.5340682,127.1165821,14,361.48,32.3
다사66004850,37.5363215,127.1165706,14,1232.29,53.0
다사66254350,37.4912635,127.119629,14,48.48,12.9
다사66254375,37.4935168,127.1196176,14,4761.11,94.0
다사66254400,37.4957702,127.1196062,14,605.33,37.8
다사66254425,37.4980236,127.1195947,14,3583.48,90.3
다사66254450,37.5002769,127.1195833,14,1438.66,59.0
다사66254475,37.5025303,127.1195719,14,3324.5,88.1
다사66254500,37.5047837,127.1195604,14,2384.14,78.1
다사66254525,37.507037,127.119549,14,1147.16,49.3
다사66254550,37.5092904,127.1195376,14,2165.13,74.4
다사66254575,37.5115437,127.1195261,14,3939.62,92.0
다사66254600,37.5137971,127.1195147,14,1252.68,53.5
다사66254625,37.5160505,127.1195033,14,103.68,19.4
다사66254725,37.5250639,127.1194575,14,190.59,26.6
다사66254750,37.5273173,127.119446,14,1235.91,53.2
다사66254775,37.5295706,127.1194346,14,82.77,16.9
다사66254800,37.531824,127.1194231,14,783.82,43.0
다사66254825,37.5340773,127.1194117,14,1209.17,52.2
다사66504375,37.4935259,127.1224457,14,2076.61,71.6
다사66504400,37.4957793,127.1224343,14,16115.78,99.8
다사66504425,37.4980326,127.122423,14,488.67,34.8
다사66504450,37.500286,127.1224116,14,2081.06,71.9
다사66504475,37.5025394,127.1224003,14,1089.15,47.3
다사66504500,37.5047927,127.1223889,14,1510.78,60.0
다사66504525,37.5070461,127.1223776,14,2652.34,82.3
다사66504550,37.5092995,127.1223662,14,1819.19,65.4
다사66504575,37.5115528,127.1223549,14,28.33,9.5
다사66504600,37.5138062,127.1223435,14,2404.84,79.1
다사66504625,37.5160596,127.1223322,14,1089.36,47.5
다사66504650,37.5183129,127.1223208,14,105.92,19.7
다사66504725,37.525073,127.1222867,14,188.28,26.1
다사66504750,37.5273263,127.1222754,14,1947.19,67.7
다사66504775,37.5295797,127.122264,14,3936.29,91.8
다사66504800,37.5318331,127.1222526,14,2846.2,84.3
다사66754400,37.4957883,127.1252625,14,2397.63,78.9
다사66754425,37.4980416,127.1252512,14,236.05,28.6
다사66754450,37.500295,127.1252399,14,2483.25,79.4
다사66754475,37.5025484,127.1252287,14,2353.71,77.4
다사66754500,37.5048017,127.1252174,14,1197.11,51.2
다사66754525,37.5070551,127.1252062,14,7.91,3.2
다사66754550,37.5093085,127.1251949,14,1386.57,57.7
다사66754575,37.5115618,127.1251836,14,4613.15,93.5
다사66754600,37.5138152,127.1251724,14,45.64,12.4
다사66754625,37.5160686,127.1251611,14,737.65,42.8
다사66754650,37.5183219,127.1251498,14,620.4,38.8
다사66754675,37.5205753,127.1251385,14,406.28,33.1
다사66754700,37.5228286,127.1251273,14,41.72,11.7
다사66754725,37.525082,127.125116,14,1621.75,62.2
다사66754750,37.5273354,127.1251047,14,3630.61,90.5
다사66754775,37.5295887,127.1250934,14,1100.73,47.8
다사67004425,37.4980506,127.1280794,14,2140.96,73.6
다사67004450,37.5003039,127.1280683,14,1301.86,56.0
다사67004475,37.5025573,127.1280571,14,1326.12,56.5
다사67004500,37.5048107,127.1280459,14,35.52,10.2
다사67004525,37.507064,127.1280347,14,340.52,31.6
다사67004550,37.5093174,127.1280236,14,3885.58,91.3
다사67004575,37.5115708,127.1280124,14,40.38,11.4
다사67004600,37.5138241,127.1280012,14,668.63,40.8
다사67004625,37.5160775,127.12799,14,735.8,42.3
다사67004650,37.5183309,127.1279788,14,1724.2,64.4
다사67004675,37.5205842,127.1279676,14,51.85,13.7
다사67004700,37.5228376,127.1279564,14,706.94,41.8
다사67004725,37.525091,127.1279453,14,656.28,39.6
다사67004750,37.5273443,127.1279341,14,113.0,20.9
다사67254500,37.5048196,127.1308744,14,2688.56,82.8
다사67254525,37.5070729,127.1308633,14,502.94,36.1
다사67254550,37.5093263,127.1308522,14,1882.8,66.4
다사67254575,37.5115797,127.1308411,14,73.76,16.2
다사67254600,37.513833,127.13083,14,101.55,18.9
다사67254625,37.5160864,127.1308189,14,252.33,29.4
다사67254650,37.5183397,127.1308078,14,1949.14,67.9
다사67254675,37.5205931,127.1307967,14,209.89,28.1
다사67254700,37.5228465,127.1307856,14,2179.56,74.6
다사67504550,37.5093351,127.1336809,14,82.75,16.7
다사67504575,37.5115885,127.1336699,14,32.84,10.0
다사67504625,37.5160952,127.1336478,14,2093.04,72.6
다사61754500,37.5046087,127.0686478,15,249.53,27.9
다사61754525,37.5068621,127.0686349,15,1187.31,50.6
다사61754550,37.5091154,127.0686219,15,619.38,38.2
다사61754575,37.5113688,127.0686089,15,487.92,34.7
다사61754600,37.5136221,127.068596,15,135.34,21.2
다사61754625,37.5158755,127.068583,15,103.93,19.0
다사61754650,37.5181288,127.06857,15,13.35,3.7
다사61754675,37.5203822,127.0685571,15,24.93,7.7
다사62004450,37.5001123,127.0715021,15,657.5,39.9
다사62004475,37.5023657,127.0714892,15,308.5,29.7
다사62004500,37.504619,127.0714763,15,200.36,27.2
다사62004525,37.5068724,127.0714634,15,23.48,6.7
다사62004550,37.5091257,127.0714505,15,24.84,7.5
다사62004575,37.5113791,127.0714377,15,874.16,44.1
다사62004600,37.5136324,127.0714248,15,120.42,20.0
다사62004625,37.5158858,127.0714119,15,1973.03,67.8
다사62004650,37.5181391,127.071399,15,30.44,8.7
다사62004675,37.5203925,127.0713861,15,39.39,10.0
다사62254425,37.4978692,127.0743432,15,974.71,45.1
다사62254450,37.5001225,127.0743304,15,106.54,19.5
다사62254475,37.5023759,127.0743176,15,155.86,22.4
다사62254500,37.5046292,127.0743048,15,3698.46,90.5
다사62254525,37.5068826,127.074292,15,91.29,18.5
다사62254550,37.5091359,127.0742792,15,1264.26,54.1
다사62254575,37.5113893,127.0742664,15,221.55,27.7
다사62254600,37.5136426,127.0742536,15,122.95,20.4
다사62254625,37.515896,127.0742408,15,34.22,9.7
다사62254650,37.5181493,127.074228,15,160.74,22.7
다사62254675,37.5204027,127.0742152,15,14.7,4.7
다사62254750,37.5271627,127.0741768,15,13.66,4.2
다사62254775,37.5294161,127.0741639,15,445.45,33.4
다사62504375,37.4933726,127.0771968,15,4042.8,92.0
다사62504400,37.495626,127.0771841,15,86.15,17.0
다사62504425,37.4978793,127.0771714,15,418.62,33.2
다사62504450,37.5001327,127.0771587,15,26.72,8.0
다사62504475,37.502386,127.077146,15,1082.05,47.6
다사62504500,37.5046394,127.0771332,15,76.53,16.2
다사62504525,37.5068927,127.0771205,15,1532.82,60.3
다사62504550,37.5091461,127.0771078,15,1157.85,49.1
다사62504575,37.5113995,127.0770951,15,2298.53,75.6
다사62504600,37.5136528,127.0770824,15,1168.66,49.4
다사62504625,37.5159062,127.0770697,15,1916.93,66.1
다사62504650,37.5181595,127.077057,15,208.48,27.4
다사62504675,37.5204128,127.0770442,15,5.33,1.0
다사62504750,37.5271729,127.0770061,15,80.5,16.7
다사62504775,37.5294262,127.0769934,15,1431.01,58.1
다사62504800,37.5316796,127.0769806,15,265.93,28.7
다사62754375,37.4933827,127.0800248,15,5061.75,94.3
다사62754400,37.4956361,127.0800122,15,520.11,35.7
다사62754425,37.4978894,127.0799996,15,16.77,5.2
다사62754450,37.5001428,127.079987,15,317.37,30.2
다사62754475,37.5023961,127.0799743,15,67.25,14.5
다사62754500,37.5046495,127.0799617,15,1743.35,64.8
다사62754525,37.5069028,127.0799491,15,981.7,45.4
다사62754550,37.5091562,127.0799365,15,2613.73,81.0
다사62754575,37.5114095,127.0799238,15,2713.73,83.3
다사62754600,37.5136629,127.0799112,15,5267.85,94.5
다사62754625,37.5159162,127.0798986,15,1552.97,60.6
다사62754650,37.5181696,127.0798859,15,87.87,17.2
다사62754750,37.527183,127.0798354,15,574.22,37.2
다사62754775,37.5294363,127.0798228,15,183.78,25.2
다사62754800,37.5316897,127.0798101,15,2700.4,82.8
다사62754825,37.533943,127.0797975,15,1905.08,65.8
다사63004350,37.4911394,127.0828654,15,52.29,12.5
다사63004375,37.4933927,127.0828529,15,80.1,16.5
다사63004400,37.4956461,127.0828403,15,1013.68,46.4
다사63004425,37.4978994,127.0828278,15,323.67,30.4
다사63004450,37.5001528,127.0828153,15,180.21,24.7
다사63004475,37.5024062,127.0828027,15,1135.86,48.4
다사63004500,37.5046595,127.0827902,15,1322.67,56.4
다사63004525,37.5069129,127.0827776,15,2100.94,72.6
다사63004550,37.5091662,127.0827651,15,1934.43,66.6
다사63004575,37.5114196,127.0827526,15,3181.67,87.0
다사63004600,37.5136729,127.08274,15,137.43,21.4
다사63004625,37.5159263,127.0827275,15,2365.52,77.8
다사63004650,37.5181796,127.0827149,15,42.79,11.2
다사63004750,37.527193,127.0826647,15,1993.86,69.1
다사63004775,37.5294464,127.0826522,15,2337.19,77.1
다사63004800,37.5316997,127.0826396,15,2602.71,80.8
다사63004825,37.5339531,127.0826271,15,2647.73,81.8
다사63004850,37.5362064,127.0826145,15,2976.0,86.0
다사63254325,37.488896,127.0857058,15,9132.74,98.3
다사63254350,37.4911493,127.0856934,15,1264.43,54.4
다사63254375,37.4934027,127.0856809,15,1064.29,46.9
다사63254400,37.495656,127.0856685,15,1218.52,52.1
다사63254425,37.4979094,127.085656,15,257.87,28.4
다사63254450,37.5001628,127.0856436,15,13.38,4.0
다사63254475,37.5024161,127.0856311,15,1172.1,50.1
다사63254500,37.5046695,127.0856187,15,3422.84,88.8
다사63254525,37.5069228,127.0856062,15,530.37,36.4
다사63254550,37.5091762,127.0855937,15,917.15,44.9
다사63254575,37.5114295,127.0855813,15,5893.68,95.5
다사63254600,37.5136829,127.0855688,15,2280.76,75.3
다사63254625,37.5159362,127.0855564,15,1605.36,61.1
다사63254650,37.5181896,127.0855439,15,371.8,31.7
다사63254750,37.527203,127.085494,15,24.03,7.2
다사63254775,37.5294563,127.0854816,15,697.99,40.9
다사63254800,37.5317097,127.0854691,15,1674.11,62.8
다사63254825,37.533963,127.0854566,15,835.49,43.6
다사63254850,37.5362164,127.0854442,15,2622.86,81.3
다사63504325,37.4889058,127.0885337,15,813.17,42.6
다사63504350,37.4911592,127.0885213,15,2513.05,79.6
다사63504375,37.4934126,127.088509,15,1393.02,57.6
다사63504400,37.4956659,127.0884966,15,187.67,25.7
다사63504425,37.4979193,127.0884842,15,164.47,23.2
다사63504450,37.5001726,127.0884719,15,1088.45,47.9
다사63504475,37.502426,127.0884595,15,2652.22,82.0
다사63504500,37.5046794,127.0884471,15,985.23,45.6
다사63504525,37.5069327,127.0884348,15,5510.77,95.0
다사63504550,37.5091861,127.0884224,15,605.99,37.7
다사63504575,37.5114394,127.08841,15,288.88,29.2
다사63504600,37.5136928,127.0883976,15,2884.73,84.8
다사63504625,37.5159461,127.0883853,15,1718.12,64.1
다사63504750,37.5272129,127.0883234,15,63.86,14.2
다사63504775,37.5294662,127.088311,15,7.78,2.0
다사63504800,37.5317196,127.0882986,15,1247.77,53.1
다사63504825,37.5339729,127.0882862,15,2943.77,85.5
다사63504850,37.5362263,127.0882738,15,6601.15,97.0
다사63504875,37.5384796,127.0882614,15,2395.44,78.6
다사63754325,37.4889157,127.0913616,15,4.42,0.2
다사63754350,37.491169,127.0913493,15,410.37,32.7
다사63754375,37.4934224,127.091337,15,1699.8,63.6
다사63754425,37.4979291,127.0913125,15,155.1,22.2
다사63754450,37.5001825,127.0913002,15,2255.69,74.8
다사63754475,37.5024358,127.0912879,15,2352.7,77.6
다사63754500,37.5046892,127.0912756,15,2311.51,76.1
다사63754525,37.5069425,127.0912633,15,1198.91,51.4
다사63754550,37.5091959,127.091251,15,2718.69,83.5
다사63754575,37.5114492,127.0912387,15,1481.12,58.9
다사63754600,37.5137026,127.0912265,15,167.46,23.9
다사63754625,37.515956,127.0912142,15,742.98,42.1
다사63754650,37.5182093,127.0912019,15,185.87,25.4
다사63754675,37.5204627,127.0911896,15,18.65,6.2
다사63754700,37.522716,127.0911773,15,59.35,13.2
다사63754725,37.5249694,127.091165,15,91.93,18.7
다사63754750,37.5272227,127.0911527,15,48.76,12.0
다사63754775,37.5294761,127.0911404,15,900.16,44.4
다사63754800,37.5317294,127.0911281,15,7.99,2.5
다사63754825,37.5339828,127.0911158,15,1222.84,52.4
다사63754850,37.5362361,127.0911035,15,1573.91,60.8
다사63754875,37.5384894,127.0910912,15,2332.72,76.8
다사64004350,37.4911788,127.0941773,15,4.04,0.0
다사64004375,37.4934321,127.0941651,15,1444.98,58.6
다사64004400,37.4956855,127.0941529,15,391.18,31.9
다사64004425,37.4979389,127.0941407,15,1250.11,53.4
다사64004450,37.5001922,127.0941285,15,1666.35,62.6
다사64004475,37.5024456,127.0941163,15,1698.69,63.3
다사64004500,37.5046989,127.0941041,15,1154.77,48.9
다사64004525,37.5069523,127.0940919,15,2928.54,85.0
다사64004550,37.5092056,127.0940797,15,2706.53,83.0
다사64004575,37.511459,127.0940675,15,2031.67,70.3
다사64004600,37.5137124,127.0940553,15,2958.6,85.8
다사64004625,37.5159657,127.0940431,15,2030.57,70.1
다사64004650,37.5182191,127.0940309,15,415.91,32.9
다사64004675,37.5204724,127.0940187,15,170.02,24.2
다사64004700,37.5227258,127.0940064,15,68.75,15.0
다사64004800,37.5317392,127.0939576,15,1634.57,61.8
다사64004825,37.5339925,127.0939454,15,1739.85,64.6
다사64004850,37.5362459,127.0939332,15,2300.39,75.8
다사64004875,37.5384992,127.0939209,15,2076.55,71.8
다사64254300,37.4866817,127.0970294,15,23.67,7.0
다사64254325,37.4889351,127.0970173,15,4.44,0.5
다사64254350,37.4911884,127.0970052,15,661.65,40.1
다사64254375,37.4934418,127.0969931,15,637.5,38.9
다사64254400,37.4956952,127.096981,15,88.83,17.7
다사64254425,37.4979485,127.0969689,15,1216.75,51.6
다사64254450,37.5002019,127.0969568,15,1703.4,63.8
다사64254475,37.5024553,127.0969447,15,2169.71,73.6
다사64254500,37.5047086,127.0969326,15,1390.16,57.4
다사64254525,37.506962,127.0969204,15,2389.12,78.3
다사64254550,37.5092153,127.0969083,15,277.6,28.9
다사64254575,37.5114687,127.0968962,15,9698.71,98.5
다사64254600,37.513722,127.0968841,15,1852.07,65.3
다사64254625,37.5159754,127.096872,15,72.24,15.7
다사64254650,37.5182288,127.0968599,15,29.24,8.5
다사64254675,37.5204821,127.0968477,15,671.83,40.4
다사64254700,37.5227355,127.0968356,15,48.54,11.7
다사64254800,37.5317489,127.0967871,15,31.13,9.0
다사64254825,37.5340022,127.096775,15,459.14,33.7
다사64254850,37.5362556,127.0967628,15,11324.85,99.0
다사64254875,37.5385089,127.0967507,15,741.27,41.9
다사64504300,37.4866913,127.0998572,15,193.03,26.9
다사64504325,37.4889447,127.0998452,15,13587.11,99.5
다사64504350,37.4911981,127.0998332,15,2028.99,69.8
다사64504375,37.4934514,127.0998212,15,476.03,34.4
다사64504400,37.4957048,127.0998092,15,691.91,40.6
다사64504425,37.4979581,127.0997971,15,1974.74,68.1
다사64504450,37.5002115,127.0997851,15,1319.94,55.9
다사64504475,37.5024649,127.0997731,15,1952.14,67.6
다사64504500,37.5047182,127.099761,15,1651.73,62.3
다사64504525,37.5069716,127.099749,15,1217.85,51.9
다사64504550,37.509225,127.099737,15,2068.24,71.6
다사64504575,37.5114783,127.0997249,15,7585.2,97.8
다사64504600,37.5137317,127.0997129,15,2323.8,76.6
다사64504625,37.515985,127.0997009,15,8474.23,98.0
다사64504650,37.5182384,127.0996888,15,3493.54,89.8
다사64504675,37.5204917,127.0996768,15,17.7,5.7
다사64504700,37.5227451,127.0996648,15,55.42,12.7
다사64504725,37.5249984,127.0996527,15,16.26,5.0
다사64504750,37.5272518,127.0996407,15,17.32,5.5
다사64504775,37.5295051,127.0996286,15,22.52,6.5
다사64504850,37.5362652,127.0995925,15,312.69,29.9
다사64504875,37.5385185,127.0995804,15,2588.29,80.3
다사64754300,37.4867009,127.102685,15,4104.56,92.3
다사64754325,37.4889542,127.1026731,15,5956.74,95.8
다사64754350,37.4912076,127.1026612,15,1947.52,67.1
다사64754400,37.4957143,127.1026373,15,1380.31,56.9
다사64754425,37.4979677,127.1026254,15,2205.75,74.1
다사64754450,37.5002211,127.1026134,15,2056.75,71.1
다사64754475,37.5024744,127.1026015,15,59.37,13.5
다사64754500,37.5047278,127.1025895,15,1377.93,56.6
다사64754525,37.5069811,127.1025776,15,2555.07,80.0
다사64754550,37.5092345,127.1025656,15,829.79,43.4
다사64754575,37.5114879,127.1025537,15,10512.64,98.8
다사64754600,37.5137412,127.1025417,15,12982.41,99.3
다사64754625,37.5159946,127.1025298,15,7478.29,97.5
다사64754650,37.5182479,127.1025178,15,3388.46,88.5
다사64754675,37.5205013,127.1025059,15,1077.92,47.4
다사64754700,37.5227546,127.1024939,15,176.77,24.4
다사64754725,37.525008,127.102482,15,164.61,23.4
다사64754825,37.5340214,127.1024341,15,90.91,18.2
다사64754850,37.5362747,127.1024222,15,119.47,19.7
다사65004300,37.4867103,127.1055128,15,5976.78,96.0
다사65004325,37.4889637,127.105501,15,3314.55,88.0
다사65004375,37.4934704,127.1054773,15,503.83,34.9
다사65004400,37.4957238,127.1054654,15,1487.44,59.1
다사65004425,37.4979772,127.1054536,15,1732.17,64.3
다사65004450,37.5002305,127.1054417,15,1381.46,57.1
다사65004475,37.5024839,127.1054299,15,1939.49,66.8
다사65004500,37.5047373,127.105418,15,3463.55,89.5
다사65004525,37.5069906,127.1054061,15,3149.04,86.8
다사65004550,37.509244,127.1053943,15,1635.54,62.1
다사65004575,37.5114973,127.1053824,15,1012.98,46.1
다사65004600,37.5137507,127.1053706,15,4355.16,92.8
다사65004625,37.5160041,127.1053587,15,6166.55,96.5
다사65004650,37.5182574,127.1053468,15,762.32,42.4
다사65004675,37.5205108,127.105335,15,3287.38,87.8
다사65004725,37.5250175,127.1053112,15,18.51,6.0
다사65004750,37.5272708,127.1052993,15,187.86,25.9
다사65004775,37.5295242,127.1052875,15,7.63,1.7
다사65004800,37.5317775,127.1052756,15,144.85,21.7
다사65004825,37.5340309,127.1052637,15,166.7,23.7
다사65254325,37.4889731,127.1083289,15,163.98,22.9
다사65254350,37.4912265,127.1083171,15,12.56,3.5
다사65254375,37.4934799,127.1083053,15,3799.57,91.5
다사65254400,37.4957332,127.1082936,15,71.8,15.5
다사65254425,37.4979866,127.1082818,15,4574.51,93.3
다사65254450,37.50024,127.10827,15,2591.11,80.5
다사65254475,37.5024933,127.1082583,15,1273.11,55.1
다사65254500,37.5047467,127.1082465,15,2024.29,69.6
다사65254525,37.507,127.1082347,15,3457.42,89.3
다사65254550,37.5092534,127.1082229,15,1170.16,49.6
다사65254575,37.5115068,127.1082112,15,2050.6,70.6
다사65254600,37.5137601,127.1081994,15,4559.01,93.0
다사65254625,37.5160135,127.1081876,15,6018.1,96.3
다사65254650,37.5182668,127.1081758,15,3734.76,91.0
다사65254675,37.5205202,127.108164,15,525.6,35.9
다사65254700,37.5227735,127.1081523,15,5.36,1.2
다사65254725,37.5250269,127.1081405,15,7380.32,97.3
다사65254750,37.5272803,127.1081287,15,20566.14,100.0
다사65254775,37.5295336,127.1081169,15,11.17,3.2
다사65254800,37.531787,127.1081051,15,181.85,24.9
다사65254825,37.5340403,127.1080933,15,9.31,2.7
다사65504325,37.4889825,127.1111568,15,644.9,39.4
다사65504350,37.4912358,127.1111451,15,10.27,3.0
다사65504375,37.4934892,127.1111334,15,514.37,35.4
다사65504400,37.4957426,127.1111217,15,906.89,44.6
다사65504425,37.4979959,127.11111,15,2224.55,74.6
다사65504450,37.5002493,127.1110984,15,824.08,43.1
다사65504475,37.5025027,127.1110867,15,3114.52,86.5
다사65504500,37.504756,127.111075,15,3085.83,86.3
다사65504525,37.5070094,127.1110633,15,1258.33,53.6
다사65504550,37.5092627,127.1110516,15,1180.61,50.4
다사65504575,37.5115161,127.1110399,15,2078.74,72.1
다사65504600,37.5137695,127.1110282,15,529.77,36.2
다사65504625,37.5160228,127.1110165,15,2941.04,85.3
다사65504650,37.5182762,127.1110048,15,3597.12,90.3
다사65504675,37.5205295,127.1109931,15,531.41,36.7
다사65504700,37.5227829,127.1109814,15,3237.07,87.5
다사65504725,37.5250363,127.1109697,15,1232.44,52.9
다사65504750,37.5272896,127.110958,15,331.17,31.2
다사65504800,37.5317963,127.1109346,15,600.9,37.4
다사65504825,37.5340497,127.1109229,15,1189.4,50.9
다사65504850,37.536303,127.1109112,15,129.11,20.9
다사65754325,37.4889917,127.1139847,15,2323.34,76.3
다사65754350,37.4912451,127.1139731,15,1261.3,53.9
다사65754375,37.4934985,127.1139615,15,995.41,45.9
다사65754400,37.4957518,127.1139499,15,28.54,8.2
다사65754450,37.5002586,127.1139267,15,1620.66,61.3
다사65754475,37.5025119,127.1139151,15,460.29,33.9
다사65754500,37.5047653,127.1139035,15,1510.08,59.6
다사65754525,37.5070187,127.1138919,15,2021.08,69.3
다사65754550,37.509272,127.1138803,15,609.23,37.9
다사65754575,37.5115254,127.1138686,15,6204.85,96.8
다사65754600,37.5137788,127.113857,15,816.39,42.9
다사65754625,37.5160321,127.1138454,15,5588.46,95.3
다사65754650,37.5182855,127.1138338,15,1192.5,51.1
다사65754675,37.5205388,127.1138222,15,2779.67,84.0
다사65754700,37.5227922,127.1138106,15,391.49,32.2
다사65754725,37.5250455,127.113799,15,1532.21,60.1
다사65754750,37.5272989,127.1137874,15,33.3,9.5
다사65754775,37.5295523,127.1137757,15,2055.96,70.8
다사65754800,37.5318056,127.1137641,15,2262.86,75.1
다사65754825,37.534059,127.1137525,15,4.98,0.7
다사65754850,37.5363123,127.1137409,15,14.0,4.5
다사66004350,37.4912543,127.116801,15,5296.83,94.8
다사66004375,37.4935077,127.1167895,15,4630.55,93.5
다사66004400,37.4957611,127.116778,15,3227.14,87.3
다사66004425,37.4980144,127.1167665,15,326.04,30.7
다사66004450,37.5002678,127.116755,15,2838.83,84.5
다사66004475,37.5025212,127.1167435,15,2137.21,73.1
다사66004500,37.5047745,127.116732,15,121.9,20.2
다사66004525,37.5070279,127.1167204,15,2524.81,79.8
다사66004550,37.5092812,127.1167089,15,56.29,13.0
다사66004575,37.5115346,127.1166974,15,1417.85,57.9
다사66004600,37.513788,127.1166859,15,1693.94,63.1
다사66004625,37.5160413,127.1166743,15,61.63,14.0
다사66004650,37.5182947,127.1166628,15,124.86,20.7
다사66004675,37.520548,127.1166513,15,1951.71,67.3
다사66004700,37.5228014,127.1166398,15,3457.28,89.0
다사66004725,37.5250548,127.1166282,15,722.55,41.4
다사66004750,37.5273081,127.1166167,15,1923.95,66.3
다사66004775,37.5295615,127.1166052,15,2667.87,82.3
다사66004800,37.5318148,127.1165936,15,2789.31,84.3
다사66004825,37.5340682,127.1165821,15,355.83,31.4
다사66004850,37.5363215,127.1165706,15,1226.63,52.6
다사66254350,37.4912635,127.119629,15,49.2,12.2
다사66254375,37.4935168,127.1196176,15,4732.95,93.8
다사66254400,37.4957702,127.1196062,15,622.17,38.4
다사66254425,37.4980236,127.1195947,15,3740.17,91.3
다사66254450,37.5002769,127.1195833,15,1431.07,58.4
다사66254475,37.5025303,127.1195719,15,3324.04,88.3
다사66254500,37.5047837,127.1195604,15,2437.22,78.8
다사66254525,37.507037,127.119549,15,1147.56,48.6
다사66254550,37.5092904,127.1195376,15,2222.34,74.3
다사66254575,37.5115437,127.1195261,15,3891.23,91.8
다사66254600,37.5137971,127.1195147,15,1271.27,54.9
다사66254625,37.5160505,127.1195033,15,74.14,16.0
다사66254725,37.5250639,127.1194575,15,190.06,26.7
다사66254750,37.5273173,127.119446,15,1280.02,55.6
다사66254775,37.5295706,127.1194346,15,70.23,15.2
다사66254800,37.531824,127.1194231,15,560.21,36.9
다사66254825,37.5340773,127.1194117,15,1171.09,49.9
다사66504375,37.4935259,127.1224457,15,2125.77,72.8
다사66504400,37.4957793,127.1224343,15,16105.23,99.8
다사66504425,37.4980326,127.122423,15,461.75,34.2
다사66504450,37.500286,127.1224116,15,2058.26,71.3
다사66504475,37.5025394,127.1224003,15,1069.23,47.1
다사66504500,37.5047927,127.1223889,15,1522.26,59.9
다사66504525,37.5070461,127.1223776,15,2629.55,81.5
다사66504550,37.5092995,127.1223662,15,1894.19,65.6
다사66504575,37.5115528,127.1223549,15,46.24,11.5
다사66504600,37.5138062,127.1223435,15,2375.16,78.1
다사66504625,37.5160596,127.1223322,15,1093.57,48.1
다사66504650,37.5183129,127.1223208,15,106.26,19.2
다사66504725,37.525073,127.1222867,15,188.87,26.3
다사66504750,37.5273263,127.1222754,15,1976.26,68.3
다사66504775,37.5295797,127.122264,15,3727.85,90.8
다사66504800,37.5318331,127.1222526,15,2697.85,82.5
다사66754400,37.4957883,127.1252625,15,2453.27,79.3
다사66754425,37.4980416,127.1252512,15,254.71,28.2
다사66754450,37.500295,127.1252399,15,2442.14,79.1
다사66754475,37.5025484,127.1252287,15,2342.06,77.3
다사66754500,37.5048017,127.1252174,15,1279.2,55.4
다사66754525,37.5070551,127.1252062,15,7.91,2.2
다사66754550,37.5093085,127.1251949,15,1503.48,59.4
다사66754575,37.5115618,127.1251836,15,4957.46,94.0
다사66754600,37.5138152,127.1251724,15,39.72,10.2
다사66754625,37.5160686,127.1251611,15,739.95,41.6
다사66754650,37.5183219,127.1251498,15,637.97,39.2
다사66754675,37.5205753,127.1251385,15,407.53,32.4
다사66754700,37.5228286,127.1251273,15,41.89,10.7
다사66754725,37.525082,127.125116,15,1632.84,61.6
다사66754750,37.5273354,127.1251047,15,3551.23,90.0
다사66754775,37.5295887,127.1250934,15,1062.43,46.6
다사67004425,37.4980506,127.1280794,15,2100.62,72.3
다사67004450,37.5003039,127.1280683,15,1270.54,54.6
다사67004475,37.5025573,127.1280571,15,1321.55,56.1
다사67004500,37.5048107,127.1280459,15,31.95,9.2
다사67004525,37.507064,127.1280347,15,330.21,30.9
다사67004550,37.5093174,127.1280236,15,4132.49,92.5
다사67004575,37.5115708,127.1280124,15,41.0,10.5
다사67004600,37.5138241,127.1280012,15,645.55,39.7
다사67004625,37.5160775,127.12799,15,861.73,43.9
다사67004650,37.5183309,127.1279788,15,1808.37,65.1
다사67004675,37.5205842,127.1279676,15,67.5,14.7
다사67004700,37.5228376,127.1279564,15,700.9,41.1
다사67004725,37.525091,127.1279453,15,636.88,38.7
다사67004750,37.5273443,127.1279341,15,150.74,21.9
다사67254500,37.5048196,127.1308744,15,2740.74,83.8
다사67254525,37.5070729,127.1308633,15,507.05,35.2
다사67254550,37.5093263,127.1308522,15,1984.06,68.6
다사67254575,37.5115797,127.1308411,15,59.53,13.7
다사67254600,37.513833,127.13083,15,88.06,17.5
다사67254625,37.5160864,127.1308189,15,291.69,29.4
다사67254650,37.5183397,127.1308078,15,1991.15,68.8
다사67254675,37.5205931,127.1307967,15,188.87,26.3
다사67254700,37.5228465,127.1307856,15,2179.11,73.8
다사67504550,37.5093351,127.1336809,15,89.21,18.0
다사67504575,37.5115885,127.1336699,15,42.58,11.0
다사67504600,37.5138418,127.1336589,15,5.58,1.5
다사67504625,37.5160952,127.1336478,15,2145.93,73.3
다사61754500,37.5046087,127.0686478,16,244.9,28.2
다사61754525,37.5068621,127.0686349,16,1096.49,48.3
다사61754550,37.5091154,127.0686219,16,602.9,38.6
다사61754575,37.5113688,127.0686089,16,467.1,34.7
다사61754600,37.5136221,127.068596,16,130.08,21.5
다사61754625,37.5158755,127.068583,16,54.83,12.6
다사61754650,37.5181288,127.06857,16,17.4,6.4
다사61754675,37.5203822,127.0685571,16,24.58,7.7
다사62004450,37.5001123,127.0715021,16,746.3,43.1
다사62004475,37.5023657,127.0714892,16,301.99,29.2
다사62004500,37.504619,127.0714763,16,191.98,26.2
다사62004525,37.5068724,127.0714634,16,16.01,5.4
다사62004550,37.5091257,127.0714505,16,30.06,8.4
다사62004575,37.5113791,127.0714377,16,561.76,37.6
다사62004600,37.5136324,127.0714248,16,128.71,21.3
다사62004625,37.5158858,127.0714119,16,2068.42,70.3
다사62004650,37.5181391,127.071399,16,37.97,9.7
다사62004675,37.5203925,127.0713861,16,38.8,9.9
다사62254425,37.4978692,127.0743432,16,1000.87,46.3
다사62254450,37.5001225,127.0743304,16,106.85,19.6
다사62254475,37.5023759,127.0743176,16,152.2,22.5
다사62254500,37.5046292,127.0743048,16,3067.78,86.1
다사62254525,37.5068826,127.074292,16,105.29,19.1
다사62254550,37.5091359,127.0742792,16,1211.21,51.7
다사62254575,37.5113893,127.0742664,16,223.06,27.5
다사62254600,37.5136426,127.0742536,16,121.13,20.3
다사62254625,37.515896,127.0742408,16,23.43,7.4
다사62254650,37.5181493,127.074228,16,123.45,20.8
다사62254675,37.5204027,127.0742152,16,14.49,4.5
다사62254750,37.5271627,127.0741768,16,13.38,4.0
다사62254775,37.5294161,127.0741639,16,446.67,33.9
다사62504375,37.4933726,127.0771968,16,4115.61,92.8
다사62504400,37.495626,127.0771841,16,72.93,16.1
다사62504425,37.4978793,127.0771714,16,419.92,33.2
다사62504450,37.5001327,127.0771587,16,39.28,10.1
다사62504475,37.502386,127.077146,16,989.75,46.0
다사62504500,37.5046394,127.0771332,16,93.78,18.3
다사62504525,37.5068927,127.0771205,16,1591.18,61.6
다사62504550,37.5091461,127.0771078,16,1134.13,49.8
다사62504575,37.5113995,127.0770951,16,2293.74,74.8
다사62504600,37.5136528,127.0770824,16,1329.33,55.4
다사62504625,37.5159062,127.0770697,16,1395.94,58.7
다사62504650,37.5181595,127.077057,16,205.41,27.0
다사62504675,37.5204128,127.0770442,16,5.26,0.7
다사62504750,37.5271729,127.0770061,16,78.82,16.3
다사62504775,37.5294262,127.0769934,16,1501.89,59.4
다사62504800,37.5316796,127.0769806,16,311.43,30.0
다사62754375,37.4933827,127.0800248,16,4114.12,92.3
다사62754400,37.4956361,127.0800122,16,521.68,36.9
다사62754425,37.4978894,127.0799996,16,16.83,5.9
다사62754450,37.5001428,127.079987,16,318.34,30.2
다사62754475,37.5023961,127.0799743,16,66.86,15.3
다사62754500,37.5046495,127.0799617,16,1799.61,64.4
다사62754525,37.5069028,127.0799491,16,1020.35,46.5
다사62754550,37.5091562,127.0799365,16,2539.02,80.2
다사62754575,37.5114095,127.0799238,16,2805.99,83.4
다사62754600,37.5136629,127.0799112,16,5447.52,94.8
다사62754625,37.5159162,127.0798986,16,1325.24,55.2
다사62754650,37.5181696,127.0798859,16,86.53,17.6
다사62754750,37.527183,127.0798354,16,605.36,38.9
다사62754775,37.5294363,127.0798228,16,160.66,23.3
다사62754800,37.5316897,127.0798101,16,2833.09,83.9
다사62754825,37.533943,127.0797975,16,1856.98,65.8
다사63004350,37.4911394,127.0828654,16,56.76,13.4
다사63004375,37.4933927,127.0828529,16,60.48,14.1
다사63004400,37.4956461,127.0828403,16,1029.93,46.8
다사63004425,37.4978994,127.0828278,16,324.65,30.4
다사63004450,37.5001528,127.0828153,16,180.28,25.0
다사63004475,37.5024062,127.0828027,16,1129.09,49.3
다사63004500,37.5046595,127.0827902,16,1333.48,55.7
다사63004525,37.5069129,127.0827776,16,2169.7,73.0
다사63004550,37.5091662,127.0827651,16,1965.68,68.8
다사63004575,37.5114196,127.0827526,16,3245.55,87.9
다사63004600,37.5136729,127.08274,16,120.59,20.0
다사63004625,37.5159263,127.0827275,16,2269.02,74.5
다사63004650,37.5181796,127.0827149,16,42.17,10.9
다사63004750,37.527193,127.0826647,16,1801.44,64.6
다사63004775,37.5294464,127.0826522,16,2510.29,79.7
다사63004800,37.5316997,127.0826396,16,2729.41,82.7
다사63004825,37.5339531,127.0826271,16,2721.82,82.4
다사63004850,37.5362064,127.0826145,16,3035.45,85.6
다사63254325,37.488896,127.0857058,16,8080.04,98.0
다사63254350,37.4911493,127.0856934,16,1257.42,53.7
다사63254375,37.4934027,127.0856809,16,1155.29,50.2
다사63254400,37.495656,127.0856685,16,1245.01,52.5
다사63254425,37.4979094,127.085656,16,258.64,28.5
다사63254450,37.5001628,127.0856436,16,13.28,3.7
다사63254475,37.5024161,127.0856311,16,1152.1,50.0
다사63254500,37.5046695,127.0856187,16,3399.56,89.6
다사63254525,37.5069228,127.0856062,16,528.28,37.1
다사63254550,37.5091762,127.0855937,16,963.51,45.8
다사63254575,37.5114295,127.0855813,16,6088.21,96.3
다사63254600,37.5136829,127.0855688,16,2503.98,79.2
다사63254625,37.5159362,127.0855564,16,1935.01,67.6
다사63254650,37.5181896,127.0855439,16,391.76,32.4
다사63254750,37.527203,127.085494,16,22.43,7.2
다사63254775,37.5294563,127.0854816,16,627.71,39.9
다사63254800,37.5317097,127.0854691,16,1513.38,60.1
다사63254825,37.533963,127.0854566,16,829.23,44.3
다사63254850,37.5362164,127.0854442,16,2699.58,81.9
다사63504325,37.4889058,127.0885337,16,675.12,41.3
다사63504350,37.4911592,127.0885213,16,2611.58,81.2
다사63504375,37.4934126,127.088509,16,1314.26,54.7
다사63504400,37.4956659,127.0884966,16,181.18,25.5
다사63504425,37.4979193,127.0884842,16,164.31,23.5
다사63504450,37.5001726,127.0884719,16,1187.02,51.5
다사63504475,37.502426,127.0884595,16,2777.43,83.2
다사63504500,37.5046794,127.0884471,16,1030.83,47.0
다사63504525,37.5069327,127.0884348,16,5617.7,95.0
다사63504550,37.5091861,127.0884224,16,517.26,36.1
다사63504575,37.5114394,127.08841,16,337.11,30.7
다사63504600,37.5136928,127.0883976,16,2670.61,81.7
다사63504625,37.5159461,127.0883853,16,1361.6,57.2
다사63504750,37.5272129,127.0883234,16,66.8,15.1
다사63504775,37.5294662,127.088311,16,7.72,2.0
다사63504800,37.5317196,127.0882986,16,1112.87,49.0
다사63504825,37.5339729,127.0882862,16,2882.47,84.7
다사63504850,37.5362263,127.0882738,16,6386.51,97.0
다사63504875,37.5384796,127.0882614,16,2576.81,80.7
다사63754325,37.4889157,127.0913616,16,8.01,2.7
다사63754350,37.491169,127.0913493,16,366.94,31.7
다사63754375,37.4934224,127.091337,16,1810.1,65.1
다사63754400,37.4956757,127.0913247,16,406.99,32.9
다사63754425,37.4979291,127.0913125,16,154.92,22.8
다사63754450,37.5001825,127.0913002,16,2313.5,75.0
다사63754475,37.5024358,127.0912879,16,2363.86,76.5
다사63754500,37.5046892,127.0912756,16,2401.3,77.2
다사63754525,37.5069425,127.0912633,16,1351.32,56.4
다사63754550,37.5091959,127.091251,16,3322.22,88.4
다사63754575,37.5114492,127.0912387,16,1541.27,60.6
다사63754600,37.5137026,127.0912265,16,172.33,24.3
다사63754625,37.515956,127.0912142,16,797.38,43.6
다사63754650,37.5182093,127.0912019,16,197.41,26.5
다사63754675,37.5204627,127.0911896,16,18.44,6.7
다사63754700,37.522716,127.0911773,16,58.19,13.9
다사63754725,37.5249694,127.091165,16,97.62,18.6
다사63754750,37.5272227,127.0911527,16,48.09,12.1
다사63754775,37.5294761,127.0911404,16,771.82,43.3
다사63754800,37.5317294,127.0911281,16,7.93,2.5
다사63754825,37.5339828,127.0911158,16,1110.29,48.8
다사63754850,37.5362361,127.0911035,16,1505.67,59.7
다사63754875,37.5384894,127.0910912,16,2447.47,78.0
다사64004325,37.4889254,127.0941894,16,5.34,1.0
다사64004350,37.4911788,127.0941773,16,272.91,28.7
다사64004375,37.4934321,127.0941651,16,1363.3,57.4
다사64004400,37.4956855,127.0941529,16,369.11,31.9
다사64004425,37.4979389,127.0941407,16,1157.68,50.7
다사64004450,37.5001922,127.0941285,16,1799.42,64.1
다사64004475,37.5024456,127.0941163,16,1777.28,63.9
다사64004500,37.5046989,127.0941041,16,1172.83,51.0
다사64004525,37.5069523,127.0940919,16,3156.67,86.6
다사64004550,37.5092056,127.0940797,16,2893.05,85.4
다사64004575,37.511459,127.0940675,16,2085.11,70.8
다사64004600,37.5137124,127.0940553,16,3051.62,85.9
다사64004625,37.5159657,127.0940431,16,1983.72,69.6
다사64004650,37.5182191,127.0940309,16,470.7,34.9
다사64004675,37.5204724,127.0940187,16,171.39,24.0
다사64004700,37.5227258,127.0940064,16,54.03,12.4
다사64004800,37.5317392,127.0939576,16,1565.02,61.4
다사64004825,37.5339925,127.0939454,16,1654.26,62.9
다사64004850,37.5362459,127.0939332,16,2359.94,76.2
다사64004875,37.5384992,127.0939209,16,2207.61,73.3
다사64254300,37.4866817,127.0970294,16,26.24,8.2
다사64254325,37.4889351,127.0970173,16,4.4,0.0
다사64254350,37.4911884,127.0970052,16,616.57,39.1
다사64254375,37.4934418,127.0969931,16,601.46,38.4
다사64254400,37.4956952,127.096981,16,85.47,17.1
다사64254425,37.4979485,127.0969689,16,928.51,45.0
다사64254450,37.5002019,127.0969568,16,1637.42,62.6
다사64254475,37.5024553,127.0969447,16,2139.79,72.3
다사64254500,37.5047086,127.0969326,16,1414.18,58.9
다사64254525,37.506962,127.0969204,16,2467.74,78.5
다사64254550,37.5092153,127.0969083,16,243.46,27.7
다사64254575,37.5114687,127.0968962,16,9648.27,98.5
다사64254600,37.513722,127.0968841,16,1834.77,65.6
다사64254625,37.5159754,127.096872,16,68.64,15.8
다사64254650,37.5182288,127.0968599,16,30.29,8.7
다사64254675,37.5204821,127.0968477,16,653.35,40.6
다사64254700,37.5227355,127.0968356,16,47.22,11.9
다사64254800,37.5317489,127.0967871,16,45.05,11.1
다사64254825,37.5340022,127.096775,16,452.79,34.2
다사64254850,37.5362556,127.0967628,16,11135.08,99.0
다사64254875,37.5385089,127.0967507,16,740.8,42.6
다사64504300,37.4866913,127.0998572,16,205.89,27.2
다사64504325,37.4889447,127.0998452,16,12151.3,99.3
다사64504350,37.4911981,127.0998332,16,2038.49,69.8
다사64504375,37.4934514,127.0998212,16,445.87,33.7
다사64504400,37.4957048,127.0998092,16,637.61,40.3
다사64504425,37.4979581,127.0997971,16,1979.27,69.3
다사64504450,37.5002115,127.0997851,16,1386.02,58.2
다사64504475,37.5024649,127.0997731,16,2060.52,70.0
다사64504500,37.5047182,127.099761,16,1702.05,63.1
다사64504525,37.5069716,127.099749,16,1231.83,52.2
다사64504550,37.509225,127.099737,16,2412.11,77.7
다사64504575,37.5114783,127.0997249,16,7358.38,97.5
다사64504600,37.5137317,127.0997129,16,2338.38,75.5
다사64504625,37.515985,127.0997009,16,8367.1,98.3
다사64504650,37.5182384,127.0996888,16,3207.58,87.6
다사64504675,37.5204917,127.0996768,16,13.6,4.2
다사64504700,37.5227451,127.0996648,16,32.54,9.2
다사64504725,37.5249984,127.0996527,16,15.15,4.7
다사64504750,37.5272518,127.0996407,16,7.7,1.7
다사64504775,37.5295051,127.0996286,16,26.12,7.9
다사64504850,37.5362652,127.0995925,16,308.36,29.7
다사64504875,37.5385185,127.0995804,16,2555.56,80.4
다사64754300,37.4867009,127.102685,16,3913.95,91.6
다사64754325,37.4889542,127.1026731,16,5664.63,95.3
다사64754350,37.4912076,127.1026612,16,1518.66,60.4
다사64754375,37.493461,127.1026492,16,5.0,0.5
다사64754400,37.4957143,127.1026373,16,1388.5,58.4
다사64754425,37.4979677,127.1026254,16,1923.94,67.3
다사64754450,37.5002211,127.1026134,16,2150.52,72.5
다사64754475,37.5024744,127.1026015,16,61.01,14.4
다사64754500,37.5047278,127.1025895,16,1545.62,60.9
다사64754525,37.5069811,127.1025776,16,2534.74,80.0
다사64754550,37.5092345,127.1025656,16,744.26,42.8
다사64754575,37.5114879,127.1025537,16,9965.5,98.8
다사64754600,37.5137412,127.1025417,16,12404.66,99.5
다사64754625,37.5159946,127.1025298,16,7361.72,97.8
다사64754650,37.5182479,127.1025178,16,3301.94,88.1
다사64754675,37.5205013,127.1025059,16,1074.24,48.0
다사64754700,37.5227546,127.1024939,16,201.9,26.7
다사64754725,37.525008,127.102482,16,149.68,22.3
다사64754825,37.5340214,127.1024341,16,84.72,16.8
다사64754850,37.5362747,127.1024222,16,113.07,19.8
다사65004300,37.4867103,127.1055128,16,6047.32,95.8
다사65004325,37.4889637,127.105501,16,3351.89,89.1
다사65004375,37.4934704,127.1054773,16,504.53,35.6
다사65004400,37.4957238,127.1054654,16,1595.47,61.9
다사65004425,37.4979772,127.1054536,16,1936.07,67.8
다사65004450,37.5002305,127.1054417,16,1348.88,56.2
다사65004475,37.5024839,127.1054299,16,1961.99,68.6
다사65004500,37.5047373,127.105418,16,3343.49,88.9
다사65004525,37.5069906,127.1054061,16,3150.78,86.4
다사65004550,37.509244,127.1053943,16,1613.19,62.1
다사65004575,37.5114973,127.1053824,16,1061.18,47.5
다사65004600,37.5137507,127.1053706,16,4128.88,93.1
다사65004625,37.5160041,127.1053587,16,6085.99,96.0
다사65004650,37.5182574,127.1053468,16,809.23,44.1
다사65004675,37.5205108,127.105335,16,3196.7,87.1
다사65004725,37.5250175,127.1053112,16,15.92,5.2
다사65004750,37.5272708,127.1052993,16,243.94,28.0
다사65004775,37.5295242,127.1052875,16,7.11,1.2
다사65004800,37.5317775,127.1052756,16,134.99,21.8
다사65004825,37.5340309,127.1052637,16,180.82,25.2
다사65254325,37.4889731,127.1083289,16,149.45,22.0
다사65254350,37.4912265,127.1083171,16,16.22,5.7
다사65254375,37.4934799,127.1083053,16,3508.08,89.9
다사65254400,37.4957332,127.1082936,16,85.96,17.3
다사65254425,37.4979866,127.1082818,16,4739.73,94.1
다사65254450,37.50024,127.10827,16,2729.82,82.9
다사65254475,37.5024933,127.1082583,16,1338.82,55.9
다사65254500,37.5047467,127.1082465,16,1949.25,68.1
다사65254525,37.507,127.1082347,16,3564.39,90.1
다사65254550,37.5092534,127.1082229,16,1130.32,49.5
다사65254575,37.5115068,127.1082112,16,2101.46,71.8
다사65254600,37.5137601,127.1081994,16,4695.54,93.8
다사65254625,37.5160135,127.1081876,16,6033.96,95.5
다사65254650,37.5182668,127.1081758,16,3920.79,91.8
다사65254675,37.5205202,127.108164,16,520.96,36.6
다사65254700,37.5227735,127.1081523,16,17.37,6.2
다사65254725,37.5250269,127.1081405,16,6354.13,96.8
다사65254750,37.5272803,127.1081287,16,17825.47,100.0
다사65254775,37.5295336,127.1081169,16,8.4,3.0
다사65254800,37.531787,127.1081051,16,172.62,24.5
다사65254825,37.5340403,127.1080933,16,8.71,3.2
다사65504325,37.4889825,127.1111568,16,656.88,40.8
다사65504350,37.4912358,127.1111451,16,9.78,3.5
다사65504375,37.4934892,127.1111334,16,498.56,35.4
다사65504400,37.4957426,127.1111217,16,876.31,44.8
다사65504425,37.4979959,127.11111,16,2343.16,75.7
다사65504450,37.5002493,127.1110984,16,956.36,45.5
다사65504475,37.5025027,127.1110867,16,2849.68,84.2
다사65504500,37.504756,127.111075,16,3203.75,87.4
다사65504525,37.5070094,127.1110633,16,1246.67,53.0
다사65504550,37.5092627,127.1110516,16,1250.8,53.2
다사65504575,37.5115161,127.1110399,16,2239.02,73.8
다사65504600,37.5137695,127.1110282,16,618.73,39.4
다사65504625,37.5160228,127.1110165,16,2879.95,84.4
다사65504650,37.5182762,127.1110048,16,3618.92,90.8
다사65504675,37.5205295,127.1109931,16,584.48,37.9
다사65504700,37.5227829,127.1109814,16,3398.97,89.4
다사65504725,37.5250363,127.1109697,16,1183.31,51.2
다사65504750,37.5272896,127.110958,16,340.92,30.9
다사65504775,37.529543,127.1109463,16,7.21,1.5
다사65504800,37.5317963,127.1109346,16,560.08,37.4
다사65504825,37.5340497,127.1109229,16,1245.11,52.7
다사65504850,37.536303,127.1109112,16,122.96,20.5
다사65754325,37.4889917,127.1139847,16,2410.62,77.5
다사65754350,37.4912451,127.1139731,16,1217.86,52.0
다사65754375,37.4934985,127.1139615,16,862.37,44.6
다사65754400,37.4957518,127.1139499,16,19.96,6.9
다사65754450,37.5002586,127.1139267,16,1380.16,57.9
다사65754475,37.5025119,127.1139151,16,487.1,35.1
다사65754500,37.5047653,127.1139035,16,1625.98,62.4
다사65754525,37.5070187,127.1138919,16,2074.07,70.5
다사65754550,37.509272,127.1138803,16,676.01,41.6
다사65754575,37.5115254,127.1138686,16,6393.12,97.3
다사65754600,37.5137788,127.113857,16,807.35,43.8
다사65754625,37.5160321,127.1138454,16,5427.12,94.6
다사65754650,37.5182855,127.1138338,16,1254.06,53.5
다사65754675,37.5205388,127.1138222,16,2892.19,85.1
다사65754700,37.5227922,127.1138106,16,437.96,33.4
다사65754725,37.5250455,127.113799,16,1545.86,61.1
다사65754750,37.5272989,127.1137874,16,30.38,8.9
다사65754775,37.5295523,127.1137757,16,2138.89,72.0
다사65754800,37.5318056,127.1137641,16,2383.18,77.0
다사65754825,37.534059,127.1137525,16,4.94,0.2
다사65754850,37.5363123,127.1137409,16,15.7,5.0
다사66004350,37.4912543,127.116801,16,5170.09,94.3
다사66004375,37.4935077,127.1167895,16,4115.26,92.6
다사66004400,37.4957611,127.116778,16,3166.85,86.9
다사66004425,37.4980144,127.1167665,16,385.48,32.2
다사66004450,37.5002678,127.116755,16,2642.37,81.4
다사66004475,37.5025212,127.1167435,16,1739.28,63.6
다사66004500,37.5047745,127.116732,16,167.78,23.8
다사66004525,37.5070279,127.1167204,16,2474.6,78.7
다사66004550,37.5092812,127.1167089,16,55.95,13.1
다사66004575,37.5115346,127.1166974,16,1433.16,59.2
다사66004600,37.513788,127.1166859,16,1811.28,65.3
다사66004625,37.5160413,127.1166743,16,68.11,15.6
다사66004650,37.5182947,127.1166628,16,124.44,21.0
다사66004675,37.520548,127.1166513,16,1874.65,66.6
다사66004700,37.5228014,127.1166398,16,3618.6,90.6
다사66004725,37.5250548,127.1166282,16,676.76,41.8
다사66004750,37.5273081,127.1166167,16,1868.31,66.1
다사66004775,37.5295615,127.1166052,16,2888.65,84.9
다사66004800,37.5318148,127.1165936,16,2822.49,83.7
다사66004825,37.5340682,127.1165821,16,348.8,31.2
다사66004850,37.5363215,127.1165706,16,1355.86,56.9
다사66254350,37.4912635,127.119629,16,61.74,14.6
다사66254375,37.4935168,127.1196176,16,4494.73,93.6
다사66254400,37.4957702,127.1196062,16,629.7,40.1
다사66254425,37.4980236,127.1195947,16,3771.63,91.3
다사66254475,37.5025303,127.1195719,16,3337.57,88.6
다사66254500,37.5047837,127.1195604,16,2597.65,80.9
다사66254525,37.507037,127.119549,16,1324.38,55.0
다사66254550,37.5092904,127.1195376,16,2250.34,74.3
다사66254575,37.5115437,127.1195261,16,4006.47,92.1
다사66254600,37.5137971,127.1195147,16,1258.19,54.0
다사66254625,37.5160505,127.1195033,16,102.94,18.8
다사66254725,37.5250639,127.1194575,16,186.58,25.7
다사66254750,37.5273173,127.119446,16,1286.96,54.2
다사66254775,37.5295706,127.1194346,16,57.25,13.6
다사66254800,37.531824,127.1194231,16,453.0,34.4
다사66254825,37.5340773,127.1194117,16,1157.5,50.5
다사66504375,37.4935259,127.1224457,16,2101.19,71.5
다사66504400,37.4957793,127.1224343,16,15898.97,99.8
다사66504425,37.4980326,127.122423,16,519.15,36.4
다사66504450,37.500286,127.1224116,16,1961.94,68.3
다사66504475,37.5025394,127.1224003,16,1099.18,48.5
다사66504500,37.5047927,127.1223889,16,1511.88,59.9
다사66504525,37.5070461,127.1223776,16,2343.23,76.0
다사66504550,37.5092995,127.1223662,16,2100.73,71.3
다사66504575,37.5115528,127.1223549,16,55.1,12.9
다사66504600,37.5138062,127.1223435,16,2705.5,82.2
다사66504625,37.5160596,127.1223322,16,1073.51,47.8
다사66504650,37.5183129,127.1223208,16,105.89,19.3
다사66504725,37.525073,127.1222867,16,188.19,26.0
다사66504750,37.5273263,127.1222754,16,1903.03,67.1
다사66504775,37.5295797,127.122264,16,3591.64,90.3
다사66504800,37.5318331,127.1222526,16,2450.69,78.2
다사66754400,37.4957883,127.1252625,16,2496.55,79.0
다사66754425,37.4980416,127.1252512,16,282.63,29.0
다사66754450,37.500295,127.1252399,16,2510.24,79.5
다사66754475,37.5025484,127.1252287,16,2315.89,75.2
다사66754500,37.5048017,127.1252174,16,1370.72,57.7
다사66754525,37.5070551,127.1252062,16,7.85,2.2
다사66754550,37.5093085,127.1251949,16,1889.43,66.8
다사66754575,37.5115618,127.1251836,16,6172.6,96.5
다사66754600,37.5138152,127.1251724,16,45.95,11.4
다사66754625,37.5160686,127.1251611,16,737.22,42.3
다사66754650,37.5183219,127.1251498,16,587.89,38.1
다사66754675,37.5205753,127.1251385,16,406.02,32.7
다사66754700,37.5228286,127.1251273,16,41.74,10.6
다사66754725,37.525082,127.125116,16,1708.27,63.4
다사66754750,37.5273354,127.1251047,16,3627.24,91.1
다사66754775,37.5295887,127.1250934,16,1043.05,47.3
다사67004425,37.4980506,127.1280794,16,2091.04,71.0
다사67004450,37.5003039,127.1280683,16,1293.8,54.5
다사67004475,37.5025573,127.1280571,16,1355.4,56.7
다사67004500,37.5048107,127.1280459,16,39.76,10.4
다사67004525,37.507064,127.1280347,16,305.75,29.5
다사67004550,37.5093174,127.1280236,16,4252.98,93.3
다사67004575,37.5115708,127.1280124,16,37.03,9.4
다사67004600,37.5138241,127.1280012,16,662.76,41.1
다사67004625,37.5160775,127.12799,16,943.11,45.3
다사67004650,37.5183309,127.1279788,16,1804.27,64.9
다사67004675,37.5205842,127.1279676,16,91.32,17.8
다사67004700,37.5228376,127.1279564,16,729.05,42.1
다사67004725,37.525091,127.1279453,16,624.34,39.6
다사67004750,37.5273443,127.1279341,16,174.11,24.8
다사67254500,37.5048196,127.1308744,16,1973.33,69.1
다사67254525,37.5070729,127.1308633,16,507.73,35.9
다사67254550,37.5093263,127.1308522,16,2238.39,73.5
다사67254575,37.5115797,127.1308411,16,64.96,14.9
다사67254600,37.513833,127.13083,16,92.51,18.1
다사67254625,37.5160864,127.1308189,16,360.24,31.4
다사67254650,37.5183397,127.1308078,16,1872.67,66.3
다사67254675,37.5205931,127.1307967,16,157.91,23.0
다사67254700,37.5228465,127.1307856,16,2153.25,72.8
다사67504550,37.5093351,127.1336809,16,81.25,16.6
다사67504575,37.5115885,127.1336699,16,46.62,11.6
다사67504600,37.5138418,127.1336589,16,2371.56,76.7
다사67504625,37.5160952,127.1336478,16,2249.47,74.0
다사61754500,37.5046087,127.0686478,17,237.3,27.4
다사61754525,37.5068621,127.0686349,17,982.52,46.7
다사61754550,37.5091154,127.0686219,17,576.84,39.3
다사61754575,37.5113688,127.0686089,17,435.5,33.7
다사61754600,37.5136221,127.068596,17,122.06,21.5
다사61754625,37.5158755,127.068583,17,34.08,9.4
다사61754650,37.5181288,127.06857,17,15.8,5.7
다사61754675,37.5203822,127.0685571,17,24.2,7.4
다사62004450,37.5001123,127.0715021,17,831.82,44.2
다사62004475,37.5023657,127.0714892,17,292.06,29.6
다사62004500,37.504619,127.0714763,17,182.69,25.7
다사62004525,37.5068724,127.0714634,17,22.66,7.2
다사62004550,37.5091257,127.0714505,17,14.98,5.4
다사62004575,37.5113791,127.0714377,17,355.06,31.6
다사62004600,37.5136324,127.0714248,17,91.5,18.0
다사62004625,37.5158858,127.0714119,17,2048.2,69.1
다사62004650,37.5181391,127.071399,17,70.11,15.1
다사62004675,37.5203925,127.0713861,17,38.18,9.9
다사62254425,37.4978692,127.0743432,17,1173.04,51.6
다사62254450,37.5001225,127.0743304,17,103.31,19.5
다사62254475,37.5023759,127.0743176,17,147.33,22.7
다사62254500,37.5046292,127.0743048,17,2792.11,82.5
다사62254525,37.5068826,127.074292,17,93.26,18.3
다사62254550,37.5091359,127.0742792,17,1152.52,50.1
다사62254575,37.5113893,127.0742664,17,291.15,29.4
다사62254600,37.5136426,127.0742536,17,119.26,21.0
다사62254625,37.515896,127.0742408,17,9.06,3.2
다사62254650,37.5181493,127.074228,17,318.77,30.6
다사62254675,37.5204027,127.0742152,17,14.23,5.2
다사62254750,37.5271627,127.0741768,17,13.02,4.0
다사62254775,37.5294161,127.0741639,17,517.13,36.5
다사62504375,37.4933726,127.0771968,17,4076.81,92.3
다사62504400,37.495626,127.0771841,17,72.47,15.6
다사62504425,37.4978793,127.0771714,17,405.94,33.1
다사62504450,37.5001327,127.0771587,17,39.52,10.4
다사62504475,37.502386,127.077146,17,928.74,45.9
다사62504500,37.5046394,127.0771332,17,85.79,17.5
다사62504525,37.5068927,127.0771205,17,1672.62,62.7
다사62504550,37.5091461,127.0771078,17,1115.54,48.9
다사62504575,37.5113995,127.0770951,17,2245.84,72.6
다사62504600,37.5136528,127.0770824,17,1476.12,59.5
다사62504625,37.5159062,127.0770697,17,1168.35,51.4
다사62504650,37.5181595,127.077057,17,202.17,26.2
다사62504675,37.5204128,127.0770442,17,5.16,0.7
다사62504750,37.5271729,127.0770061,17,76.72,16.0
다사62504775,37.5294262,127.0769934,17,1487.71,60.0
다사62504800,37.5316796,127.0769806,17,332.47,30.9
다사62754375,37.4933827,127.0800248,17,3352.71,88.9
다사62754400,37.4956361,127.0800122,17,504.33,36.3
다사62754425,37.4978894,127.0799996,17,16.28,5.9
다사62754450,37.5001428,127.079987,17,307.76,30.1
다사62754475,37.5023961,127.0799743,17,66.88,14.6
다사62754500,37.5046495,127.0799617,17,1839.21,66.4
다사62754525,37.5069028,127.0799491,17,980.63,46.4
다사62754550,37.5091562,127.0799365,17,2645.32,81.0
다사62754575,37.5114095,127.0799238,17,2907.4,83.7
다사62754600,37.5136629,127.0799112,17,5381.6,95.1
다사62754625,37.5159162,127.0798986,17,1218.13,52.6
다사62754650,37.5181696,127.0798859,17,85.19,17.3
다사62754750,37.527183,127.0798354,17,659.48,41.2
다사62754775,37.5294363,127.0798228,17,188.16,25.9
다사62754800,37.5316897,127.0798101,17,2996.66,85.2
다사62754825,37.533943,127.0797975,17,1823.36,65.9
다사63004350,37.4911394,127.0828654,17,57.78,13.6
다사63004375,37.4933927,127.0828529,17,48.8,12.6
다사63004400,37.4956461,127.0828403,17,1107.27,48.6
다사63004425,37.4978994,127.0828278,17,313.87,30.4
다사63004450,37.5001528,127.0828153,17,175.95,24.9
다사63004475,37.5024062,127.0828027,17,1129.72,49.4
다사63004500,37.5046595,127.0827902,17,1333.47,55.8
다사63004525,37.5069129,127.0827776,17,2201.1,72.3
다사63004550,37.5091662,127.0827651,17,2120.5,70.9
다사63004575,37.5114196,127.0827526,17,3230.65,87.9
다사63004600,37.5136729,127.08274,17,104.35,19.8
다사63004625,37.5159263,127.0827275,17,2300.59,73.8
다사63004650,37.5181796,127.0827149,17,41.49,11.6
다사63004750,37.527193,127.0826647,17,1914.05,67.4
다사63004775,37.5294464,127.0826522,17,2682.84,81.5
다사63004800,37.5316997,127.0826396,17,2613.71,80.0
다사63004825,37.5339531,127.0826271,17,2848.67,83.0
다사63004850,37.5362064,127.0826145,17,3030.91,85.9
다사63254325,37.488896,127.0857058,17,6567.67,97.0
다사63254350,37.4911493,127.0856934,17,1379.43,56.3
다사63254375,37.4934027,127.0856809,17,1155.48,50.4
다사63254400,37.495656,127.0856685,17,1342.8,56.0
다사63254425,37.4979094,127.085656,17,250.03,27.9
다사63254450,37.5001628,127.0856436,17,26.37,8.1
다사63254475,37.5024161,127.0856311,17,1156.22,50.6
다사63254500,37.5046695,127.0856187,17,3507.42,89.4
다사63254525,37.5069228,127.0856062,17,542.81,37.3
다사63254550,37.5091762,127.0855937,17,1034.49,47.4
다사63254575,37.5114295,127.0855813,17,6200.44,96.8
다사63254600,37.5136829,127.0855688,17,2583.69,79.5
다사63254625,37.5159362,127.0855564,17,2034.32,68.4
다사63254650,37.5181896,127.0855439,17,452.56,34.3
다사63254750,37.527203,127.085494,17,26.35,7.9
다사63254775,37.5294563,127.0854816,17,566.41,38.5
다사63254800,37.5317097,127.0854691,17,1481.91,59.8
다사63254825,37.533963,127.0854566,17,879.39,44.9
다사63254850,37.5362164,127.0854442,17,2946.41,84.4
다사63504325,37.4889058,127.0885337,17,479.47,35.1
다사63504350,37.4911592,127.0885213,17,2718.57,82.0
다사63504375,37.4934126,127.088509,17,1196.89,52.1
다사63504400,37.4956659,127.0884966,17,168.86,24.2
다사63504425,37.4979193,127.0884842,17,158.24,23.5
다사63504450,37.5001726,127.0884719,17,1280.31,53.8
다사63504475,37.502426,127.0884595,17,2905.97,83.5
다사63504500,37.5046794,127.0884471,17,1081.91,48.1
다사63504525,37.5069327,127.0884348,17,6004.36,96.0
다사63504550,37.5091861,127.0884224,17,562.85,38.0
다사63504575,37.5114394,127.08841,17,337.32,31.4
다사63504600,37.5136928,127.0883976,17,2720.75,82.2
다사63504625,37.5159461,127.0883853,17,1161.37,51.1
다사63504650,37.5181995,127.0883729,17,7.88,2.7
다사63504750,37.5272129,127.0883234,17,86.01,17.8
다사63504775,37.5294662,127.088311,17,7.66,2.0
다사63504800,37.5317196,127.0882986,17,1041.8,47.9
다사63504825,37.5339729,127.0882862,17,2901.03,83.2
다사63504850,37.5362263,127.0882738,17,6015.05,96.3
다사63504875,37.5384796,127.0882614,17,2699.7,81.7
다사63754325,37.4889157,127.0913616,17,7.94,3.0
다사63754350,37.491169,127.0913493,17,398.97,32.3
다사63754375,37.4934224,127.091337,17,1896.95,66.7
다사63754400,37.4956757,127.0913247,17,5.72,1.5
다사63754425,37.4979291,127.0913125,17,153.82,23.2
다사63754450,37.5001825,127.0913002,17,2359.85,75.1
다사63754475,37.5024358,127.0912879,17,2329.61,74.3
다사63754500,37.5046892,127.0912756,17,2506.26,78.5
다사63754525,37.5069425,127.0912633,17,1531.6,60.7
다사63754550,37.5091959,127.091251,17,3706.75,90.4
다사63754575,37.5114492,127.0912387,17,1586.73,61.2
다사63754600,37.5137026,127.0912265,17,152.53,23.0
다사63754625,37.515956,127.0912142,17,866.16,44.7
다사63754650,37.5182093,127.0912019,17,220.44,26.7
다사63754675,37.5204627,127.0911896,17,18.22,6.2
다사63754700,37.522716,127.0911773,17,56.55,13.3
다사63754725,37.5249694,127.091165,17,96.34,18.5
다사63754750,37.5272227,127.0911527,17,47.26,12.3
다사63754775,37.5294761,127.0911404,17,766.01,43.0
다사63754800,37.5317294,127.0911281,17,7.87,2.5
다사63754825,37.5339828,127.0911158,17,1041.14,47.7
다사63754850,37.5362361,127.0911035,17,1405.4,57.3
다사63754875,37.5384894,127.0910912,17,2447.62,78.0
다사64004325,37.4889254,127.0941894,17,5.29,1.2
다사64004350,37.4911788,127.0941773,17,247.63,27.7
다사64004375,37.4934321,127.0941651,17,1241.58,53.1
다사64004400,37.4956855,127.0941529,17,336.13,31.1
다사64004425,37.4979389,127.0941407,17,1021.78,47.2
다사64004450,37.5001922,127.0941285,17,1833.59,66.2
다사64004475,37.5024456,127.0941163,17,1785.18,65.2
다사64004500,37.5046989,127.0941041,17,1160.21,50.9
다사64004525,37.5069523,127.0940919,17,3309.16,88.4
다사64004550,37.5092056,127.0940797,17,3013.55,85.7
다사64004575,37.511459,127.0940675,17,2165.15,71.6
다사64004600,37.5137124,127.0940553,17,3137.36,86.4
다사64004625,37.5159657,127.0940431,17,2162.73,71.4
다사64004650,37.5182191,127.0940309,17,567.13,38.8
다사64004675,37.5204724,127.0940187,17,161.01,23.7
다사64004700,37.5227258,127.0940064,17,103.11,19.3
다사64004800,37.5317392,127.0939576,17,1634.2,61.7
다사64004825,37.5339925,127.0939454,17,1465.76,59.3
다사64004850,37.5362459,127.0939332,17,2340.11,74.6
다사64004875,37.5384992,127.0939209,17,2444.24,77.8
다사64254300,37.4866817,127.0970294,17,22.16,6.7
다사64254325,37.4889351,127.0970173,17,4.37,0.0
다사64254350,37.4911884,127.0970052,17,559.04,37.8
다사64254375,37.4934418,127.0969931,17,547.77,37.5
다사64254400,37.4956952,127.096981,17,80.25,16.8
다사64254425,37.4979485,127.0969689,17,753.7,42.5
다사64254450,37.5002019,127.0969568,17,1642.11,62.0
다사64254475,37.5024553,127.0969447,17,2280.18,73.6
다사64254500,37.5047086,127.0969326,17,1464.62,59.0
다사64254525,37.506962,127.0969204,17,2627.8,80.2
다사64254550,37.5092153,127.0969083,17,255.36,28.1
다사64254575,37.5114687,127.0968962,17,9244.31,98.5
다사64254600,37.513722,127.0968841,17,1812.41,65.7
다사64254625,37.5159754,127.096872,17,63.94,14.3
다사64254650,37.5182288,127.0968599,17,38.06,9.6
다사64254675,37.5204821,127.0968477,17,626.77,40.2
다사64254700,37.5227355,127.0968356,17,45.3,12.1
다사64254800,37.5317489,127.0967871,17,31.3,8.6
다사64254825,37.5340022,127.096775,17,435.5,33.7
다사64254850,37.5362556,127.0967628,17,10715.35,99.3
다사64254875,37.5385089,127.0967507,17,759.08,42.7
다사64504300,37.4866913,127.0998572,17,231.11,27.2
다사64504325,37.4889447,127.0998452,17,9902.1,99.0
다사64504350,37.4911981,127.0998332,17,1902.5,66.9
다사64504375,37.4934514,127.0998212,17,405.01,32.8
다사64504400,37.4957048,127.0998092,17,528.27,36.8
다사64504425,37.4979581,127.0997971,17,2112.43,70.6
다사64504450,37.5002115,127.0997851,17,1429.35,58.3
다사64504475,37.5024649,127.0997731,17,2151.11,71.1
다사64504500,37.5047182,127.099761,17,1784.92,64.9
다사64504525,37.5069716,127.099749,17,1262.53,53.6
다사64504550,37.509225,127.099737,17,2413.13,75.8
다사64504575,37.5114783,127.0997249,17,7421.74,97.8
다사64504600,37.5137317,127.0997129,17,2369.9,75.3
다사64504625,37.515985,127.0997009,17,7791.21,98.3
다사64504650,37.5182384,127.0996888,17,3302.62,88.1
다사64504675,37.5204917,127.0996768,17,13.49,4.4
다사64504700,37.5227451,127.0996648,17,19.34,6.4
다사64504725,37.5249984,127.0996527,17,13.46,4.2
다사64504750,37.5272518,127.0996407,17,9.55,3.7
다사64504775,37.5295051,127.0996286,17,32.33,8.9
다사64504850,37.5362652,127.0995925,17,296.59,29.9
다사64504875,37.5385185,127.0995804,17,2531.22,78.8
다사64754300,37.4867009,127.102685,17,3861.4,91.4
다사64754325,37.4889542,127.1026731,17,5463.31,95.3
다사64754350,37.4912076,127.1026612,17,1303.72,55.1
다사64754375,37.493461,127.1026492,17,4.96,0.5
다사64754400,37.4957143,127.1026373,17,1426.13,58.0
다사64754425,37.4979677,127.1026254,17,1801.26,65.4
다사64754450,37.5002211,127.1026134,17,2085.04,70.4
다사64754475,37.5024744,127.1026015,17,79.61,16.5
다사64754500,37.5047278,127.1025895,17,1600.97,61.5
다사64754525,37.5069811,127.1025776,17,2580.87,79.3
다사64754550,37.5092345,127.1025656,17,774.63,43.2
다사64754575,37.5114879,127.1025537,17,9347.51,98.8
다사64754600,37.5137412,127.1025417,17,12114.48,99.5
다사64754625,37.5159946,127.1025298,17,6654.46,97.5
다사64754650,37.5182479,127.1025178,17,3097.82,86.2
다사64754675,37.5205013,127.1025059,17,1118.81,49.1
다사64754700,37.5227546,127.1024939,17,206.7,26.4
다사64754725,37.525008,127.102482,17,133.0,21.7
다사64754825,37.5340214,127.1024341,17,75.28,15.8
다사64754850,37.5362747,127.1024222,17,102.78,19.0
다사65004300,37.4867103,127.1055128,17,6046.09,96.5
다사65004325,37.4889637,127.105501,17,3429.82,89.1
다사65004375,37.4934704,127.1054773,17,528.64,37.0
다사65004400,37.4957238,127.1054654,17,1721.75,63.7
다사65004425,37.4979772,127.1054536,17,2064.43,69.9
다사65004450,37.5002305,127.1054417,17,1294.65,54.6
다사65004475,37.5024839,127.1054299,17,2042.14,68.6
다사65004500,37.5047373,127.105418,17,3222.15,87.7
다사65004525,37.5069906,127.1054061,17,3176.46,87.2
다사65004550,37.509244,127.1053943,17,1736.73,64.2
다사65004575,37.5114973,127.1053824,17,1084.27,48.4
다사65004600,37.5137507,127.1053706,17,4078.23,92.6
다사65004625,37.5160041,127.1053587,17,5207.98,94.8
다사65004650,37.5182574,127.1053468,17,849.65,44.4
다사65004675,37.5205108,127.105335,17,3156.62,86.9
다사65004700,37.5227641,127.1053231,17,3196.09,87.4
다사65004725,37.5250175,127.1053112,17,33.7,9.1
다사65004750,37.5272708,127.1052993,17,230.63,26.9
다사65004775,37.5295242,127.1052875,17,6.32,1.7
다사65004800,37.5317775,127.1052756,17,119.91,21.2
다사65004825,37.5340309,127.1052637,17,167.59,24.0
다사65254325,37.4889731,127.1083289,17,145.62,22.2
다사65254350,37.4912265,127.1083171,17,22.34,6.9
다사65254375,37.4934799,127.1083053,17,3154.15,86.7
다사65254400,37.4957332,127.1082936,17,78.68,16.3
다사65254425,37.4979866,127.1082818,17,4908.35,94.1
다사65254450,37.50024,127.10827,17,2665.78,81.2
다사65254475,37.5024933,127.1082583,17,1388.3,57.0
다사65254500,37.5047467,127.1082465,17,2048.89,69.4
다사65254525,37.507,127.1082347,17,3724.11,90.6
다사65254550,37.5092534,127.1082229,17,1318.31,55.3
다사65254575,37.5115068,127.1082112,17,2383.46,75.6
다사65254600,37.5137601,127.1081994,17,5073.67,94.6
다사65254625,37.5160135,127.1081876,17,5958.13,95.8
다사65254650,37.5182668,127.1081758,17,4140.63,93.1
다사65254675,37.5205202,127.108164,17,571.38,39.0
다사65254700,37.5227735,127.1081523,17,5.28,1.0
다사65254725,37.5250269,127.1081405,17,4920.98,94.3
다사65254750,37.5272803,127.1081287,17,14637.54,99.8
다사65254775,37.5295336,127.1081169,17,370.57,31.9
다사65254800,37.531787,127.1081051,17,179.19,25.2
다사65254825,37.5340403,127.1080933,17,7.74,2.2
다사65504325,37.4889825,127.1111568,17,638.53,40.7
다사65504350,37.4912358,127.1111451,17,13.53,4.7
다사65504375,37.4934892,127.1111334,17,439.68,34.1
다사65504400,37.4957426,127.1111217,17,825.91,44.0
다사65504425,37.4979959,127.11111,17,2422.45,76.3
다사65504450,37.5002493,127.1110984,17,900.65,45.2
다사65504475,37.5025027,127.1110867,17,2629.28,80.5
다사65504500,37.504756,127.111075,17,3315.29,88.6
다사65504525,37.5070094,127.1110633,17,1195.52,51.9
다사65504550,37.5092627,127.1110516,17,1296.19,54.8
다사65504575,37.5115161,127.1110399,17,2542.64,79.0
다사65504600,37.5137695,127.1110282,17,677.19,41.7
다사65504625,37.5160228,127.1110165,17,2961.31,84.7
다사65504650,37.5182762,127.1110048,17,3914.86,91.6
다사65504675,37.5205295,127.1109931,17,591.34,39.5
다사65504700,37.5227829,127.1109814,17,3538.39,90.1
다사65504725,37.5250363,127.1109697,17,925.15,45.4
다사65504750,37.5272896,127.110958,17,290.33,29.1
다사65504775,37.529543,127.1109463,17,9.41,3.5
다사65504800,37.5317963,127.1109346,17,497.62,35.8
다사65504825,37.5340497,127.1109229,17,1379.97,56.5
다사65504850,37.536303,127.1109112,17,113.28,20.0
다사65754325,37.4889917,127.1139847,17,2415.29,76.0
다사65754350,37.4912451,127.1139731,17,1151.56,49.9
다사65754375,37.4934985,127.1139615,17,809.75,43.7
다사65754400,37.4957518,127.1139499,17,13.65,4.9
다사65754450,37.5002586,127.1139267,17,1236.1,52.8
다사65754475,37.5025119,127.1139151,17,493.63,35.6
다사65754500,37.5047653,127.1139035,17,1695.79,63.2
다사65754525,37.5070187,127.1138919,17,2045.73,68.9
다사65754550,37.509272,127.1138803,17,680.7,42.0
다사65754575,37.5115254,127.1138686,17,6574.37,97.3
다사65754600,37.5137788,127.113857,17,798.04,43.5
다사65754625,37.5160321,127.1138454,17,5618.39,95.6
다사65754650,37.5182855,127.1138338,17,1282.88,54.1
다사65754675,37.5205388,127.1138222,17,3010.08,85.4
다사65754700,37.5227922,127.1138106,17,478.67,34.8
다사65754725,37.5250455,127.113799,17,1506.11,60.2
다사65754750,37.5272989,127.1137874,17,27.74,8.4
다사65754775,37.5295523,127.1137757,17,2199.0,72.1
다사65754800,37.5318056,127.1137641,17,2435.73,77.3
다사65754825,37.534059,127.1137525,17,4.9,0.2
다사65754850,37.5363123,127.1137409,17,24.81,7.7
다사66004350,37.4912543,127.116801,17,4795.22,93.8
다사66004375,37.4935077,127.1167895,17,4216.73,93.3
다사66004400,37.4957611,127.116778,17,2966.82,84.9
다사66004425,37.4980144,127.1167665,17,411.73,33.3
다사66004450,37.5002678,127.116755,17,2434.73,77.0
다사66004475,37.5025212,127.1167435,17,1724.88,64.0
다사66004500,37.5047745,127.116732,17,171.08,24.4
다사66004525,37.5070279,127.1167204,17,2468.83,78.3
다사66004550,37.5092812,127.1167089,17,51.46,12.8
다사66004575,37.5115346,127.1166974,17,1448.48,58.8
다사66004600,37.513788,127.1166859,17,1994.74,67.7
다사66004625,37.5160413,127.1166743,17,41.67,11.9
다사66004650,37.5182947,127.1166628,17,118.99,20.7
다사66004675,37.520548,127.1166513,17,1586.59,61.0
다사66004700,37.5228014,127.1166398,17,4013.32,91.9
다사66004725,37.5250548,127.1166282,17,604.81,39.8
다사66004750,37.5273081,127.1166167,17,1665.87,62.5
다사66004775,37.5295615,127.1166052,17,2923.19,84.2
다사66004800,37.5318148,127.1165936,17,2920.63,84.0
다사66004825,37.5340682,127.1165821,17,402.34,32.6
다사66004850,37.5363215,127.1165706,17,1512.12,60.5
다사66254350,37.4912635,127.119629,17,69.63,14.8
다사66254375,37.4935168,127.1196176,17,4053.32,92.1
다사66254400,37.4957702,127.1196062,17,672.44,41.5
다사66254425,37.4980236,127.1195947,17,3799.51,91.1
다사66254475,37.5025303,127.1195719,17,3527.36,89.9
다사66254500,37.5047837,127.1195604,17,2641.89,80.7
다사66254525,37.507037,127.119549,17,1386.93,56.8
다사66254550,37.5092904,127.1195376,17,2172.06,71.9
다사66254575,37.5115437,127.1195261,17,4121.06,92.8
다사66254600,37.5137971,127.1195147,17,1408.97,57.5
다사66254625,37.5160505,127.1195033,17,113.77,20.2
다사66254725,37.5250639,127.1194575,17,175.61,24.7
다사66254750,37.5273173,127.119446,17,1290.3,54.3
다사66254775,37.5295706,127.1194346,17,39.82,10.6
다사66254800,37.531824,127.1194231,17,478.2,34.6
다사66254825,37.5340773,127.1194117,17,1142.33,49.6
다사66504375,37.4935259,127.1224457,17,2015.75,67.9
다사66504400,37.4957793,127.1224343,17,15819.72,100.0
다사66504425,37.4980326,127.122423,17,566.18,38.3
다사66504450,37.500286,127.1224116,17,1911.96,67.2
다사66504475,37.5025394,127.1224003,17,1202.38,52.3
다사66504500,37.5047927,127.1223889,17,1443.76,58.5
다사66504525,37.5070461,127.1223776,17,2273.83,73.1
다사66504550,37.5092995,127.1223662,17,2318.78,74.1
다사66504575,37.5115528,127.1223549,17,58.34,13.8
다사66504600,37.5138062,127.1223435,17,2822.64,82.7
다사66504625,37.5160596,127.1223322,17,975.61,46.2
다사66504650,37.5183129,127.1223208,17,101.25,18.8
다사66504725,37.525073,127.1222867,17,179.95,25.4
다사66504750,37.5273263,127.1222754,17,1719.52,63.5
다사66504775,37.5295797,127.122264,17,3515.38,89.6
다사66504800,37.5318331,127.1222526,17,2275.39,73.3
다사66754400,37.4957883,127.1252625,17,2428.37,76.5
다사66754425,37.4980416,127.1252512,17,274.17,28.6
다사66754450,37.500295,127.1252399,17,2585.9,79.8
다사66754475,37.5025484,127.1252287,17,2436.35,77.5
다사66754500,37.5048017,127.1252174,17,1411.79,57.8
다사66754550,37.5093085,127.1251949,17,2065.85,70.1
다사66754575,37.5115618,127.1251836,17,7436.14,98.0
다사66754600,37.5138152,127.1251724,17,41.28,11.4
다사66754625,37.5160686,127.1251611,17,704.91,42.2
다사66754650,37.5183219,127.1251498,17,498.7,36.0
다사66754675,37.5205753,127.1251385,17,388.23,32.1
다사66754700,37.5228286,127.1251273,17,39.87,10.9
다사66754725,37.525082,127.125116,17,1755.37,64.7
다사66754750,37.5273354,127.1251047,17,3736.83,90.9
다사66754775,37.5295887,127.1250934,17,989.44,46.9
다사67004425,37.4980506,127.1280794,17,2022.14,68.1
다사67004450,37.5003039,127.1280683,17,1259.5,53.3
다사67004475,37.5025573,127.1280571,17,1318.34,55.6
다사67004500,37.5048107,127.1280459,17,40.66,11.1
다사67004525,37.507064,127.1280347,17,275.93,28.9
다사67004550,37.5093174,127.1280236,17,4302.45,93.6
다사67004575,37.5115708,127.1280124,17,39.34,10.1
다사67004600,37.5138241,127.1280012,17,645.6,41.0
다사67004625,37.5160775,127.12799,17,928.18,45.7
다사67004650,37.5183309,127.1279788,17,1673.64,63.0
다사67004675,37.5205842,127.1279676,17,85.04,17.0
다사67004700,37.5228376,127.1279564,17,629.88,40.5
다사67004725,37.525091,127.1279453,17,611.63,40.0
다사67004750,37.5273443,127.1279341,17,147.3,22.5
다사67254500,37.5048196,127.1308744,17,1665.04,62.2
다사67254525,37.5070729,127.1308633,17,484.53,35.3
다사67254550,37.5093263,127.1308522,17,2433.04,76.8
다사67254575,37.5115797,127.1308411,17,71.94,15.3
다사67254600,37.513833,127.13083,17,117.93,20.5
다사67254625,37.5160864,127.1308189,17,257.93,28.4
다사67254650,37.5183397,127.1308078,17,1745.07,64.4
다사67254675,37.5205931,127.1307967,17,133.53,22.0
다사67254700,37.5228465,127.1307856,17,2060.63,69.6
다사67504550,37.5093351,127.1336809,17,58.59,14.1
다사67504575,37.5115885,127.1336699,17,53.26,13.1
다사67504600,37.5138418,127.1336589,17,2267.57,72.8
다사67504625,37.5160952,127.1336478,17,2341.11,74.8
다사61754500,37.5046087,127.0686478,18,212.75,26.9
다사61754525,37.5068621,127.0686349,18,862.82,45.2
다사61754550,37.5091154,127.0686219,18,510.26,37.0
다사61754575,37.5113688,127.0686089,18,376.01,32.8
다사61754600,37.5136221,127.068596,18,107.11,20.2
다사61754625,37.5158755,127.068583,18,29.01,8.1
다사61754650,37.5181288,127.06857,18,19.35,6.2
다사61754675,37.5203822,127.0685571,18,23.73,6.7
다사62004450,37.5001123,127.0715021,18,827.41,44.7
다사62004475,37.5023657,127.0714892,18,262.87,28.1
다사62004500,37.504619,127.0714763,18,170.21,24.7
다사62004525,37.5068724,127.0714634,18,17.53,5.7
다사62004550,37.5091257,127.0714505,18,26.38,7.4
다사62004575,37.5113791,127.0714377,18,325.93,31.4
다사62004600,37.5136324,127.0714248,18,51.24,12.8
다사62004625,37.5158858,127.0714119,18,1732.79,64.0
다사62004650,37.5181391,127.071399,18,63.85,14.8
다사62004675,37.5203925,127.0713861,18,37.52,9.6
다사62254425,37.4978692,127.0743432,18,947.78,46.4
다사62254450,37.5001225,127.0743304,18,95.63,18.5
다사62254475,37.5023759,127.0743176,18,138.58,22.0
다사62254500,37.5046292,127.0743048,18,2957.04,83.0
다사62254525,37.5068826,127.074292,18,75.9,16.5
다사62254550,37.5091359,127.0742792,18,1073.87,48.9
다사62254575,37.5113893,127.0742664,18,282.18,29.1
다사62254600,37.5136426,127.0742536,18,117.09,21.0
다사62254625,37.515896,127.0742408,18,11.42,3.5
다사62254650,37.5181493,127.074228,18,404.7,33.8
다사62254675,37.5204027,127.0742152,18,13.99,4.7
다사62254750,37.5271627,127.0741768,18,12.6,4.0
다사62254775,37.5294161,127.0741639,18,619.4,40.0
다사62504375,37.4933726,127.0771968,18,3880.91,92.1
다사62504400,37.495626,127.0771841,18,83.3,17.0
다사62504425,37.4978793,127.0771714,18,375.77,32.6
다사62504450,37.5001327,127.0771587,18,31.53,8.6
다사62504475,37.502386,127.077146,18,857.63,44.9
다사62504500,37.5046394,127.0771332,18,41.12,10.4
다사62504525,37.5068927,127.0771205,18,1715.9,63.7
다사62504550,37.5091461,127.0771078,18,1060.62,48.4
다사62504575,37.5113995,127.0770951,18,2076.82,68.9
다사62504600,37.5136528,127.0770824,18,1523.98,60.5
다사62504625,37.5159062,127.0770697,18,971.74,46.7
다사62504650,37.5181595,127.077057,18,198.51,25.7
다사62504675,37.5204128,127.0770442,18,5.06,0.5
다사62504750,37.5271729,127.0770061,18,74.07,15.8
다사62504775,37.5294262,127.0769934,18,1532.52,60.7
다사62504800,37.5316796,127.0769806,18,357.77,31.9
다사62754375,37.4933827,127.0800248,18,2922.51,82.7
다사62754400,37.4956361,127.0800122,18,466.87,35.6
다사62754425,37.4978894,127.0799996,18,15.05,4.9
다사62754450,37.5001428,127.079987,18,284.88,29.4
다사62754475,37.5023961,127.0799743,18,66.96,15.3
다사62754500,37.5046495,127.0799617,18,1976.57,67.7
다사62754525,37.5069028,127.0799491,18,929.32,45.9
다사62754550,37.5091562,127.0799365,18,2837.96,82.2
다사62754575,37.5114095,127.0799238,18,3353.74,88.6
다사62754600,37.5136629,127.0799112,18,5303.38,95.6
다사62754625,37.5159162,127.0798986,18,1130.55,50.4
다사62754650,37.5181696,127.0798859,18,83.69,17.3
다사62754750,37.527183,127.0798354,18,705.87,41.7
다사62754775,37.5294363,127.0798228,18,210.91,26.7
다사62754800,37.5316897,127.0798101,18,3250.57,87.4
다사62754825,37.533943,127.0797975,18,1795.11,64.7
다사63004350,37.4911394,127.0828654,18,48.27,12.1
다사63004375,37.4933927,127.0828529,18,58.43,14.1
다사63004400,37.4956461,127.0828403,18,1187.83,52.3
다사63004425,37.4978994,127.0828278,18,290.52,29.6
다사63004450,37.5001528,127.0828153,18,166.76,24.2
다사63004475,37.5024062,127.0828027,18,5.74,1.2
다사63004500,37.5046595,127.0827902,18,1374.9,56.3
다사63004525,37.5069129,127.0827776,18,2341.31,74.1
다사63004550,37.5091662,127.0827651,18,2352.04,74.3
다사63004575,37.5114196,127.0827526,18,3045.42,84.0
다사63004600,37.5136729,127.08274,18,138.13,21.7
다사63004625,37.5159263,127.0827275,18,2534.32,77.3
다사63004650,37.5181796,127.0827149,18,40.76,10.1
다사63004750,37.527193,127.0826647,18,2178.39,70.9
다사63004775,37.5294464,127.0826522,18,2727.7,80.5
다사63004800,37.5316997,127.0826396,18,2735.58,80.7
다사63004825,37.5339531,127.0826271,18,3007.85,83.5
다사63004850,37.5362064,127.0826145,18,3091.41,84.4
다사63254325,37.488896,127.0857058,18,5226.09,95.1
다사63254350,37.4911493,127.0856934,18,1440.95,57.8
다사63254375,37.4934027,127.0856809,18,1202.37,52.6
다사63254400,37.495656,127.0856685,18,1511.9,59.8
다사63254425,37.4979094,127.085656,18,231.44,27.7
다사63254450,37.5001628,127.0856436,18,32.14,8.9
다사63254475,37.5024161,127.0856311,18,1136.48,50.6
다사63254500,37.5046695,127.0856187,18,3751.99,90.6
다사63254525,37.5069228,127.0856062,18,559.17,38.5
다사63254550,37.5091762,127.0855937,18,1173.64,51.6
다사63254575,37.5114295,127.0855813,18,6533.66,97.5
다사63254600,37.5136829,127.0855688,18,2773.96,81.0
다사63254625,37.5159362,127.0855564,18,2296.55,73.3
다사63254650,37.5181896,127.0855439,18,559.91,38.8
다사63254750,37.527203,127.085494,18,46.74,11.9
다사63254775,37.5294563,127.0854816,18,644.78,40.5
다사63254800,37.5317097,127.0854691,18,1477.59,58.5
다사63254825,37.533963,127.0854566,18,820.18,44.2
다사63254850,37.5362164,127.0854442,18,3120.44,85.4
다사63504325,37.4889058,127.0885337,18,322.23,31.1
다사63504350,37.4911592,127.0885213,18,2709.43,79.8
다사63504375,37.4934126,127.088509,18,1077.11,49.1
다사63504400,37.4956659,127.0884966,18,153.68,23.2
다사63504425,37.4979193,127.0884842,18,146.23,22.5
다사63504450,37.5001726,127.0884719,18,1383.42,56.5
다사63504475,37.502426,127.0884595,18,3127.16,85.7
다사63504500,37.5046794,127.0884471,18,1100.19,49.4
다사63504525,37.5069327,127.0884348,18,6150.47,96.5
다사63504550,37.5091861,127.0884224,18,557.81,38.3
다사63504575,37.5114394,127.08841,18,300.19,30.4
다사63504600,37.5136928,127.0883976,18,2794.89,81.5
다사63504625,37.5159461,127.0883853,18,1179.9,51.9
다사63504650,37.5181995,127.0883729,18,13.06,4.2
다사63504750,37.5272129,127.0883234,18,98.97,19.0
다사63504775,37.5294662,127.088311,18,8.33,2.0
다사63504800,37.5317196,127.0882986,18,1063.44,48.6
다사63504825,37.5339729,127.0882862,18,2895.08,82.5
다사63504850,37.5362263,127.0882738,18,5173.31,94.8
다사63504875,37.5384796,127.0882614,18,3178.8,86.4
다사63754325,37.4889157,127.0913616,18,4.32,0.0
다사63754350,37.491169,127.0913493,18,396.31,33.3
다사63754375,37.4934224,127.091337,18,1946.49,67.4
다사63754400,37.4956757,127.0913247,18,19.59,6.4
다사63754425,37.4979291,127.0913125,18,143.54,22.2
다사63754450,37.5001825,127.0913002,18,2538.97,77.5
다사63754475,37.5024358,127.0912879,18,2222.5,71.9
다사63754500,37.5046892,127.0912756,18,2571.56,78.5
다사63754525,37.5069425,127.0912633,18,1658.49,62.7
다사63754550,37.5091959,127.091251,18,4061.14,92.6
다사63754575,37.5114492,127.0912387,18,1764.39,64.4
다사63754600,37.5137026,127.0912265,18,151.47,22.7
다사63754625,37.515956,127.0912142,18,987.54,47.4
다사63754650,37.5182093,127.0912019,18,338.84,31.6
다사63754675,37.5204627,127.0911896,18,17.74,5.9
다사63754700,37.522716,127.0911773,18,54.17,13.6
다사63754725,37.5249694,127.091165,18,116.75,20.7
다사63754775,37.5294761,127.0911404,18,769.45,42.7
다사63754800,37.5317294,127.0911281,18,11.68,3.7
다사63754825,37.5339828,127.0911158,18,1115.76,49.6
다사63754850,37.5362361,127.0911035,18,1450.86,58.0
다사63754875,37.5384894,127.0910912,18,2447.77,76.0
다사64004350,37.4911788,127.0941773,18,222.41,27.2
다사64004375,37.4934321,127.0941651,18,1117.28,49.9
다사64004400,37.4956855,127.0941529,18,302.49,30.6
다사64004425,37.4979389,127.0941407,18,984.71,47.2
다사64004450,37.5001922,127.0941285,18,1912.12,66.4
다사64004475,37.5024456,127.0941163,18,1698.8,63.5
다사64004500,37.5046989,127.0941041,18,1229.71,53.3
다사64004525,37.5069523,127.0940919,18,3385.01,89.1
다사64004550,37.5092056,127.0940797,18,3238.53,87.2
다사64004575,37.511459,127.0940675,18,2133.58,69.4
다사64004600,37.5137124,127.0940553,18,3283.54,87.7
다사64004625,37.5159657,127.0940431,18,2355.9,74.8
다사64004650,37.5182191,127.0940309,18,782.97,43.5
다사64004675,37.5204724,127.0940187,18,209.95,26.4
다사64004700,37.5227258,127.0940064,18,131.28,21.5
다사64004800,37.5317392,127.0939576,18,1502.51,59.5
다사64004825,37.5339925,127.0939454,18,1206.08,52.8
다사64004850,37.5362459,127.0939332,18,2472.65,76.3
다사64004875,37.5384992,127.0939209,18,2605.37,79.0
다사64254300,37.4866817,127.0970294,18,28.48,7.9
다사64254325,37.4889351,127.0970173,18,173.38,24.9
다사64254350,37.4911884,127.0970052,18,502.07,36.5
다사64254375,37.4934418,127.0969931,18,492.91,36.0
다사64254400,37.4956952,127.096981,18,74.2,16.0
다사64254425,37.4979485,127.0969689,18,690.49,41.2
다사64254450,37.5002019,127.0969568,18,1672.07,63.2
다사64254475,37.5024553,127.0969447,18,2330.68,73.8
다사64254500,37.5047086,127.0969326,18,1595.8,61.7
다사64254525,37.506962,127.0969204,18,2808.41,81.7
다사64254550,37.5092153,127.0969083,18,265.69,28.4
다사64254575,37.5114687,127.0968962,18,8578.04,99.0
다사64254600,37.513722,127.0968841,18,1763.91,64.2
다사64254625,37.5159754,127.096872,18,93.84,18.3
다사64254650,37.5182288,127.0968599,18,53.45,13.3
다사64254675,37.5204821,127.0968477,18,592.12,39.3
다사64254700,37.5227355,127.0968356,18,42.81,11.1
다사64254800,37.5317489,127.0967871,18,29.46,8.4
다사64254825,37.5340022,127.096775,18,404.97,34.1
다사64254850,37.5362556,127.0967628,18,9679.86,99.3
다사64254875,37.5385089,127.0967507,18,865.87,45.4
다사64504300,37.4866913,127.0998572,18,262.58,27.9
다사64504325,37.4889447,127.0998452,18,7950.04,98.8
다사64504350,37.4911981,127.0998332,18,2039.56,68.4
다사64504375,37.4934514,127.0998212,18,363.99,32.1
다사64504400,37.4957048,127.0998092,18,465.37,35.3
다사64504425,37.4979581,127.0997971,18,2194.04,71.4
다사64504450,37.5002115,127.0997851,18,1611.07,62.2
다사64504475,37.5024649,127.0997731,18,2247.54,72.6
다사64504500,37.5047182,127.099761,18,1997.25,68.1
다사64504525,37.5069716,127.099749,18,1270.18,53.8
다사64504550,37.509225,127.099737,18,2442.22,75.8
다사64504575,37.5114783,127.0997249,18,7855.25,98.0
다사64504600,37.5137317,127.0997129,18,2169.13,69.9
다사64504625,37.515985,127.0997009,18,6317.16,96.8
다사64504650,37.5182384,127.0996888,18,3472.69,89.6
다사64504675,37.5204917,127.0996768,18,17.21,5.4
다사64504700,37.5227451,127.0996648,18,42.11,10.6
다사64504725,37.5249984,127.0996527,18,11.33,3.2
다사64504750,37.5272518,127.0996407,18,13.54,4.4
다사64504775,37.5295051,127.0996286,18,26.62,7.7
다사64504850,37.5362652,127.0995925,18,275.8,28.6
다사64504875,37.5385185,127.0995804,18,2725.79,80.2
다사64754300,37.4867009,127.102685,18,3756.05,90.9
다사64754325,37.4889542,127.1026731,18,4784.19,94.6
다사64754350,37.4912076,127.1026612,18,1345.33,55.3
다사64754375,37.493461,127.1026492,18,8.73,2.5
다사64754400,37.4957143,127.1026373,18,1490.96,59.0
다사64754425,37.4979677,127.1026254,18,1876.2,65.7
다사64754450,37.5002211,127.1026134,18,2176.89,70.6
다사64754475,37.5024744,127.1026015,18,75.27,16.3
다사64754500,37.5047278,127.1025895,18,1611.67,62.5
다사64754525,37.5069811,127.1025776,18,2835.26,82.0
다사64754550,37.5092345,127.1025656,18,772.81,43.2
다사64754575,37.5114879,127.1025537,18,7903.04,98.3
다사64754600,37.5137412,127.1025417,18,12290.53,99.8
다사64754625,37.5159946,127.1025298,18,5349.18,95.8
다사64754650,37.5182479,127.1025178,18,3079.55,84.2
다사64754675,37.5205013,127.1025059,18,1169.42,51.1
다사64754700,37.5227546,127.1024939,18,206.64,25.9
다사64754725,37.525008,127.102482,18,4.76,0.2
다사64754825,37.5340214,127.1024341,18,63.31,14.6
다사64754850,37.5362747,127.1024222,18,89.09,18.0
다사64754875,37.5385281,127.1024102,18,6.9,1.7
다사65004300,37.4867103,127.1055128,18,6410.98,97.3
다사65004325,37.4889637,127.105501,18,3338.29,88.1
다사65004375,37.4934704,127.1054773,18,603.84,39.5
다사65004400,37.4957238,127.1054654,18,1915.41,66.7
다사65004425,37.4979772,127.1054536,18,2183.9,71.1
다사65004450,37.5002305,127.1054417,18,1325.79,54.6
다사65004475,37.5024839,127.1054299,18,2218.26,71.6
다사65004500,37.5047373,127.105418,18,3111.25,85.2
다사65004525,37.5069906,127.1054061,18,3350.07,88.4
다사65004550,37.509244,127.1053943,18,2065.65,68.6
다사65004575,37.5114973,127.1053824,18,1147.8,50.9
다사65004600,37.5137507,127.1053706,18,3762.98,91.1
다사65004625,37.5160041,127.1053587,18,4538.27,94.1
다사65004650,37.5182574,127.1053468,18,990.41,47.7
다사65004675,37.5205108,127.105335,18,3224.19,86.9
다사65004700,37.5227641,127.1053231,18,3030.67,83.7
다사65004725,37.5250175,127.1053112,18,48.36,12.3
다사65004750,37.5272708,127.1052993,18,207.74,26.2
다사65004775,37.5295242,127.1052875,18,5.3,1.0
다사65004800,37.5317775,127.1052756,18,100.84,19.5
다사65004825,37.5340309,127.1052637,18,173.89,25.2
다사65254325,37.4889731,127.1083289,18,158.08,23.5
다사65254350,37.4912265,127.1083171,18,25.95,7.2
다사65254375,37.4934799,127.1083053,18,2544.28,77.8
다사65254400,37.4957332,127.1082936,18,64.34,15.1
다사65254425,37.4979866,127.1082818,18,5301.39,95.3
다사65254450,37.50024,127.10827,18,2585.18,78.8
다사65254475,37.5024933,127.1082583,18,1512.79,60.0
다사65254500,37.5047467,127.1082465,18,1872.79,65.4
다사65254525,37.507,127.1082347,18,3878.24,91.9
다사65254550,37.5092534,127.1082229,18,1400.19,57.3
다사65254575,37.5115068,127.1082112,18,2776.2,81.2
다사65254600,37.5137601,127.1081994,18,6397.54,97.0
다사65254625,37.5160135,127.1081876,18,5985.41,96.3
다사65254650,37.5182668,127.1081758,18,4518.34,93.8
다사65254675,37.5205202,127.108164,18,586.83,39.0
다사65254700,37.5227735,127.1081523,18,5.24,0.7
다사65254725,37.5250269,127.1081405,18,3358.21,88.9
다사65254750,37.5272803,127.1081287,18,10642.58,99.5
다사65254775,37.5295336,127.1081169,18,311.56,30.9
다사65254800,37.531787,127.1081051,18,177.36,25.4
다사65254825,37.5340403,127.1080933,18,6.51,1.5
다사65504325,37.4889825,127.1111568,18,550.15,38.0
다사65504350,37.4912358,127.1111451,18,10.02,3.0
다사65504375,37.4934892,127.1111334,18,447.44,35.1
다사65504400,37.4957426,127.1111217,18,770.19,43.0
다사65504425,37.4979959,127.11111,18,2516.1,76.8
다사65504450,37.5002493,127.1110984,18,978.12,46.9
다사65504475,37.5025027,127.1110867,18,2650.09,79.3
다사65504500,37.504756,127.111075,18,3404.77,89.4
다사65504525,37.5070094,127.1110633,18,1323.38,54.3
다사65504550,37.5092627,127.1110516,18,1358.02,55.8
다사65504575,37.5115161,127.1110399,18,3165.02,86.2
다사65504600,37.5137695,127.1110282,18,797.14,44.0
다사65504625,37.5160228,127.1110165,18,3107.46,84.9
다사65504650,37.5182762,127.1110048,18,3932.72,92.3
다사65504675,37.5205295,127.1109931,18,691.77,41.5
다사65504700,37.5227829,127.1109814,18,3580.32,89.9
다사65504725,37.5250363,127.1109697,18,749.29,42.2
다사65504750,37.5272896,127.110958,18,296.05,30.1
다사65504775,37.529543,127.1109463,18,9.34,2.7
다사65504800,37.5317963,127.1109346,18,418.34,34.6
다사65504825,37.5340497,127.1109229,18,1501.32,59.3
다사65504850,37.536303,127.1109112,18,99.95,19.3
다사65754325,37.4889917,127.1139847,18,2246.71,72.3
다사65754350,37.4912451,127.1139731,18,1055.72,48.1
다사65754375,37.4934985,127.1139615,18,662.45,40.7
다사65754400,37.4957518,127.1139499,18,16.95,5.2
다사65754450,37.5002586,127.1139267,18,1350.94,55.6
다사65754475,37.5025119,127.1139151,18,533.18,37.5
다사65754500,37.5047653,127.1139035,18,1669.34,63.0
다사65754525,37.5070187,127.1138919,18,2139.67,69.6
다사65754550,37.509272,127.1138803,18,822.35,44.4
다사65754575,37.5115254,127.1138686,18,6692.9,97.8
다사65754600,37.5137788,127.113857,18,793.51,43.7
다사65754625,37.5160321,127.1138454,18,5590.75,96.0
다사65754650,37.5182855,127.1138338,18,1314.42,54.1
다사65754675,37.5205388,127.1138222,18,3100.83,84.7
다사65754700,37.5227922,127.1138106,18,500.83,36.3
다사65754725,37.5250455,127.113799,18,1391.14,57.0
다사65754750,37.5272989,127.1137874,18,8.52,2.2
다사65754775,37.5295523,127.1137757,18,2171.77,70.4
다사65754800,37.5318056,127.1137641,18,2566.71,78.3
다사65754825,37.534059,127.1137525,18,1440.9,57.5
다사65754850,37.5363123,127.1137409,18,25.23,6.9
다사66004350,37.4912543,127.116801,18,4643.21,94.3
다사66004375,37.4935077,127.1167895,18,4412.83,93.6
다사66004400,37.4957611,127.116778,18,2505.4,76.5
다사66004425,37.4980144,127.1167665,18,401.22,33.6
다사66004450,37.5002678,127.116755,18,2352.35,74.6
다사66004475,37.5025212,127.1167435,18,1878.1,65.9
다사66004500,37.5047745,127.116732,18,160.74,23.7
다사66004525,37.5070279,127.1167204,18,2391.69,75.3
다사66004550,37.5092812,127.1167089,18,45.85,11.6
다사66004575,37.5115346,127.1166974,18,1454.66,58.3
다사66004600,37.513788,127.1166859,18,2235.96,72.1
다사66004625,37.5160413,127.1166743,18,35.79,9.4
다사66004650,37.5182947,127.1166628,18,112.37,20.5
다사66004675,37.520548,127.1166513,18,1329.08,54.8
다사66004700,37.5228014,127.1166398,18,4310.82,93.3
다사66004725,37.5250548,127.1166282,18,513.68,37.3
다사66004750,37.5273081,127.1166167,18,1185.5,52.1
다사66004775,37.5295615,127.1166052,18,3294.77,87.9
다사66004800,37.5318148,127.1165936,18,3156.3,85.9
다사66004825,37.5340682,127.1165821,18,419.42,34.8
다사66004850,37.5363215,127.1165706,18,1606.67,62.0
다사66254350,37.4912635,127.119629,18,77.49,16.8
다사66254375,37.4935168,127.1196176,18,3627.24,90.1
다사66254400,37.4957702,127.1196062,18,762.39,42.5
다사66254425,37.4980236,127.1195947,18,3840.67,91.6
다사66254450,37.5002769,127.1195833,18,1250.9,53.6
다사66254475,37.5025303,127.1195719,18,3772.91,91.4
다사66254500,37.5047837,127.1195604,18,2723.36,80.0
다사66254525,37.507037,127.119549,18,1372.82,56.0
다사66254550,37.5092904,127.1195376,18,2250.13,72.8
다사66254575,37.5115437,127.1195261,18,4306.48,93.1
다사66254600,37.5137971,127.1195147,18,1567.79,61.5
다사66254625,37.5160505,127.1195033,18,105.26,20.0
다사66254725,37.5250639,127.1194575,18,162.0,24.0
다사66254750,37.5273173,127.119446,18,1228.52,53.1
다사66254775,37.5295706,127.1194346,18,34.31,9.1
다사66254800,37.531824,127.1194231,18,502.78,36.8
다사66254825,37.5340773,127.1194117,18,1170.46,51.4
다사66504375,37.4935259,127.1224457,18,1810.74,64.9
다사66504400,37.4957793,127.1224343,18,14848.08,100.0
다사66504425,37.4980326,127.122423,18,613.44,39.8
다사66504450,37.500286,127.1224116,18,1919.84,66.9
다사66504475,37.5025394,127.1224003,18,1332.71,55.1
다사66504500,37.5047927,127.1223889,18,1389.79,56.8
다사66504525,37.5070461,127.1223776,18,2264.41,73.1
다사66504550,37.5092995,127.1223662,18,2554.26,78.0
다사66504575,37.5115528,127.1223549,18,50.36,12.6
다사66504600,37.5138062,127.1223435,18,2969.38,83.2
다사66504625,37.5160596,127.1223322,18,643.37,40.2
다사66504650,37.5183129,127.1223208,18,95.64,18.8
다사66504725,37.525073,127.1222867,18,169.96,24.4
다사66504750,37.5273263,127.1222754,18,1550.27,61.2
다사66504775,37.5295797,127.122264,18,3180.09,86.7
다사66504800,37.5318331,127.1222526,18,2127.01,69.1
다사66754400,37.4957883,127.1252625,18,2365.76,75.1
다사66754425,37.4980416,127.1252512,18,293.71,29.9
다사66754450,37.500295,127.1252399,18,2437.91,75.6
다사66754475,37.5025484,127.1252287,18,2330.34,73.6
다사66754500,37.5048017,127.1252174,18,1478.45,58.8
다사66754550,37.5093085,127.1251949,18,1984.68,67.9
다사66754575,37.5115618,127.1251836,18,7929.96,98.5
다사66754600,37.5138152,127.1251724,18,43.35,11.4
다사66754625,37.5160686,127.1251611,18,665.78,41.0
다사66754650,37.5183219,127.1251498,18,379.17,33.1
다사66754675,37.5205753,127.1251385,18,366.66,32.3
다사66754700,37.5228286,127.1251273,18,37.66,9.9
다사66754725,37.525082,127.125116,18,1903.98,66.2
다사66754750,37.5273354,127.1251047,18,3712.0,90.4
다사66754775,37.5295887,127.1250934,18,944.12,46.2
다사67004425,37.4980506,127.1280794,18,2170.16,70.1
다사67004450,37.5003039,127.1280683,18,1039.01,47.9
다사67004475,37.5025573,127.1280571,18,1117.69,50.1
다사67004500,37.5048107,127.1280459,18,42.28,10.9
다사67004525,37.507064,127.1280347,18,281.01,28.9
다사67004550,37.5093174,127.1280236,18,4294.95,92.8
다사67004575,37.5115708,127.1280124,18,51.65,13.1
다사67004600,37.5138241,127.1280012,18,720.93,42.0
다사67004625,37.5160775,127.12799,18,911.61,45.7
다사67004650,37.5183309,127.1279788,18,1521.86,60.2
다사67004675,37.5205842,127.1279676,18,69.57,15.6
다사67004700,37.5228376,127.1279564,18,488.88,35.8
다사67004725,37.525091,127.1279453,18,535.69,37.8
다사67004750,37.5273443,127.1279341,18,153.4,23.0
다사67254475,37.5025662,127.1308855,18,102.71,19.8
다사67254500,37.5048196,127.1308744,18,1544.23,61.0
다사67254525,37.5070729,127.1308633,18,416.15,34.3
다사67254550,37.5093263,127.1308522,18,2702.1,79.5
다사67254575,37.5115797,127.1308411,18,85.92,17.5
다사67254600,37.513833,127.13083,18,126.04,21.2
다사67254625,37.5160864,127.1308189,18,223.15,27.4
다사67254650,37.5183397,127.1308078,18,1827.99,65.2
다사67254675,37.5205931,127.1307967,18,60.86,14.3
다사67254700,37.5228465,127.1307856,18,1944.62,67.2
다사67504550,37.5093351,127.1336809,18,87.3,17.8
다사67504575,37.5115885,127.1336699,18,56.58,13.8
다사67504625,37.5160952,127.1336478,18,2526.81,77.0
다사61754500,37.5046087,127.0686478,19,171.59,24.7
다사61754525,37.5068621,127.0686349,19,689.2,42.0
다사61754550,37.5091154,127.0686219,19,404.22,35.3
다사61754575,37.5113688,127.0686089,19,288.58,31.4
다사61754600,37.5136221,127.068596,19,84.88,19.0
다사61754625,37.5158755,127.068583,19,27.0,8.4
다사61754650,37.5181288,127.06857,19,8.2,2.5
다사61754675,37.5203822,127.0685571,19,22.48,7.7
다사62004450,37.5001123,127.0715021,19,812.71,44.7
다사62004475,37.5023657,127.0714892,19,214.05,26.9
다사62004500,37.504619,127.0714763,19,149.14,23.0
다사62004525,37.5068724,127.0714634,19,12.13,4.0
다사62004550,37.5091257,127.0714505,19,19.05,6.9
다사62004575,37.5113791,127.0714377,19,371.26,34.1
다사62004600,37.5136324,127.0714248,19,12.27,4.4
다사62004625,37.5158858,127.0714119,19,1328.24,55.8
다사62004650,37.5181391,127.071399,19,16.52,6.2
다사62004675,37.5203925,127.0713861,19,35.47,10.9
다사62254425,37.4978692,127.0743432,19,804.85,44.2
다사62254450,37.5001225,127.0743304,19,84.87,18.8
다사62254475,37.5023759,127.0743176,19,123.1,21.2
다사62254500,37.5046292,127.0743048,19,3171.29,86.2
다사62254525,37.5068826,127.074292,19,69.01,16.5
다사62254550,37.5091359,127.0742792,19,940.79,48.1
다사62254575,37.5113893,127.0742664,19,251.56,29.1
다사62254600,37.5136426,127.0742536,19,110.81,20.7
다사62254625,37.515896,127.0742408,19,10.06,3.2
다사62254650,37.5181493,127.074228,19,266.86,30.4
다사62254675,37.5204027,127.0742152,19,13.27,4.9
다사62254750,37.5271627,127.0741768,19,11.32,3.7
다사62254775,37.5294161,127.0741639,19,613.25,40.0
다사62504375,37.4933726,127.0771968,19,3464.81,88.6
다사62504400,37.495626,127.0771841,19,79.2,17.8
다사62504425,37.4978793,127.0771714,19,333.4,33.1
다사62504450,37.5001327,127.0771587,19,19.48,7.2
다사62504475,37.502386,127.077146,19,838.98,45.7
다사62504500,37.5046394,127.0771332,19,39.5,12.3
다사62504525,37.5068927,127.0771205,19,1788.45,65.7
다사62504550,37.5091461,127.0771078,19,1028.13,49.6
다사62504575,37.5113995,127.0770951,19,1973.93,67.7
다사62504600,37.5136528,127.0770824,19,1745.73,64.2
다사62504625,37.5159062,127.0770697,19,877.93,46.4
다사62504650,37.5181595,127.077057,19,187.88,25.4
다사62504675,37.5204128,127.0770442,19,4.8,0.7
다사62504750,37.5271729,127.0770061,19,66.81,16.3
다사62504775,37.5294262,127.0769934,19,1760.69,64.4
다사62504800,37.5316796,127.0769806,19,393.03,34.8
다사62754375,37.4933827,127.0800248,19,2513.85,77.3
다사62754400,37.4956361,127.0800122,19,414.21,36.0
다사62754425,37.4978894,127.0799996,19,13.35,5.2
다사62754450,37.5001428,127.079987,19,252.74,29.4
다사62754475,37.5023961,127.0799743,19,64.69,15.8
다사62754500,37.5046495,127.0799617,19,2180.69,70.1
다사62754525,37.5069028,127.0799491,19,901.91,46.7
다사62754550,37.5091562,127.0799365,19,2749.81,80.5
다사62754575,37.5114095,127.0799238,19,3778.42,91.6
다사62754600,37.5136629,127.0799112,19,5372.69,96.0
다사62754625,37.5159162,127.0798986,19,1043.99,50.1
다사62754650,37.5181696,127.0798859,19,79.15,17.5
다사62754750,37.527183,127.0798354,19,750.71,43.5
다사62754775,37.5294363,127.0798228,19,243.27,28.6
다사62754800,37.5316897,127.0798101,19,3602.42,89.9
다사62754825,37.533943,127.0797975,19,1900.21,66.9
다사63004350,37.4911394,127.0828654,19,35.43,10.6
다사63004375,37.4933927,127.0828529,19,48.55,13.6
다사63004400,37.4956461,127.0828403,19,1114.43,51.6
다사63004425,37.4978994,127.0828278,19,257.76,29.6
다사63004450,37.5001528,127.0828153,19,151.97,23.2
다사63004475,37.5024062,127.0828027,19,14.39,5.7
다사63004500,37.5046595,127.0827902,19,1514.39,59.3
다사63004525,37.5069129,127.0827776,19,2456.77,76.3
다사63004550,37.5091662,127.0827651,19,2709.59,79.5
다사63004575,37.5114196,127.0827526,19,2977.58,84.0
다사63004600,37.5136729,127.08274,19,170.13,24.2
다사63004625,37.5159263,127.0827275,19,2727.73,79.8
다사63004650,37.5181796,127.0827149,19,38.57,12.1
다사63004750,37.527193,127.0826647,19,2226.68,71.4
다사63004775,37.5294464,127.0826522,19,2989.17,84.2
다사63004800,37.5316997,127.0826396,19,2807.86,82.0
다사63004825,37.5339531,127.0826271,19,3179.79,86.7
다사63004850,37.5362064,127.0826145,19,3007.83,84.4
다사63254325,37.488896,127.0857058,19,4373.64,94.8
다사63254350,37.4911493,127.0856934,19,1546.86,61.0
다사63254375,37.4934027,127.0856809,19,1228.27,53.8
다사63254400,37.495656,127.0856685,19,1451.8,58.0
다사63254425,37.4979094,127.085656,19,205.35,26.2
다사63254450,37.5001628,127.0856436,19,31.62,9.4
다사63254475,37.5024161,127.0856311,19,1210.73,53.3
다사63254500,37.5046695,127.0856187,19,3825.66,91.9
다사63254525,37.5069228,127.0856062,19,671.17,41.5
다사63254550,37.5091762,127.0855937,19,1197.06,52.6
다사63254575,37.5114295,127.0855813,19,6489.88,97.8
다사63254600,37.5136829,127.0855688,19,3032.62,84.9
다사63254625,37.5159362,127.0855564,19,2497.65,76.8
다사63254650,37.5181896,127.0855439,19,808.52,44.4
다사63254750,37.527203,127.085494,19,26.88,8.1
다사63254775,37.5294563,127.0854816,19,714.34,42.5
다사63254800,37.5317097,127.0854691,19,1392.45,56.8
다사63254825,37.533963,127.0854566,19,661.3,41.2
다사63254850,37.5362164,127.0854442,19,2780.16,81.7
다사63504325,37.4889058,127.0885337,19,233.88,28.1
다사63504350,37.4911592,127.0885213,19,2775.13,81.5
다사63504375,37.4934126,127.088509,19,957.28,48.4
다사63504400,37.4956659,127.0884966,19,136.53,22.0
다사63504425,37.4979193,127.0884842,19,129.77,21.5
다사63504450,37.5001726,127.0884719,19,1486.83,58.8
다사63504475,37.502426,127.0884595,19,3528.21,88.9
다사63504500,37.5046794,127.0884471,19,1023.89,49.4
다사63504525,37.5069327,127.0884348,19,6432.41,97.3
다사63504550,37.5091861,127.0884224,19,594.7,39.5
다사63504575,37.5114394,127.08841,19,209.54,26.4
다사63504600,37.5136928,127.0883976,19,3011.77,84.7
다사63504625,37.5159461,127.0883853,19,1199.55,53.1
다사63504650,37.5181995,127.0883729,19,17.81,6.4
다사63504750,37.5272129,127.0883234,19,78.96,17.3
다사63504775,37.5294662,127.088311,19,12.2,4.2
다사63504800,37.5317196,127.0882986,19,1116.36,51.9
다사63504825,37.5339729,127.0882862,19,2950.76,83.5
다사63504850,37.5362263,127.0882738,19,3940.63,92.6
다사63504875,37.5384796,127.0882614,19,3457.45,88.4
다사63754325,37.4889157,127.0913616,19,7.32,2.2
다사63754350,37.491169,127.0913493,19,417.38,36.3
다사63754375,37.4934224,127.091337,19,2098.31,69.4
다사63754400,37.4956757,127.0913247,19,31.23,9.1
다사63754425,37.4979291,127.0913125,19,134.5,21.7
다사63754450,37.5001825,127.0913002,19,2917.69,83.0
다사63754475,37.5024358,127.0912879,19,2051.6,68.6
다사63754500,37.5046892,127.0912756,19,2681.0,78.8
다사63754525,37.5069425,127.0912633,19,1637.1,62.5
다사63754550,37.5091959,127.091251,19,3863.15,92.3
다사63754575,37.5114492,127.0912387,19,1857.04,65.9
다사63754600,37.5137026,127.0912265,19,158.31,23.7
다사63754625,37.515956,127.0912142,19,1060.25,50.4
다사63754650,37.5182093,127.0912019,19,296.52,31.6
다사63754675,37.5204627,127.0911896,19,16.13,5.9
다사63754700,37.522716,127.0911773,19,48.38,13.3
다사63754725,37.5249694,127.091165,19,169.07,24.0
다사63754775,37.5294761,127.0911404,19,748.35,43.2
다사63754800,37.5317294,127.0911281,19,11.19,3.5
다사63754825,37.5339828,127.0911158,19,1198.3,52.8
다사63754850,37.5362361,127.0911035,19,1478.02,58.3
다사63754875,37.5384894,127.0910912,19,2408.75,75.8
다사64004325,37.4889254,127.0941894,19,4.04,0.0
다사64004350,37.4911788,127.0941773,19,179.36,25.2
다사64004375,37.4934321,127.0941651,19,992.99,48.9
다사64004400,37.4956855,127.0941529,19,268.81,30.6
다사64004425,37.4979389,127.0941407,19,1032.48,49.9
다사64004450,37.5001922,127.0941285,19,1978.49,67.9
다사64004475,37.5024456,127.0941163,19,1515.98,59.5
다사64004500,37.5046989,127.0941041,19,1358.14,56.3
다사64004525,37.5069523,127.0940919,19,3564.91,89.4
다사64004550,37.5092056,127.0940797,19,3554.05,89.1
다사64004575,37.511459,127.0940675,19,2207.65,70.6
다사64004600,37.5137124,127.0940553,19,3419.82,87.7
다사64004625,37.5159657,127.0940431,19,2706.08,79.3
다사64004650,37.5182191,127.0940309,19,765.34,43.7
다사64004675,37.5204724,127.0940187,19,258.43,29.9
다사64004700,37.5227258,127.0940064,19,211.57,26.7
다사64004800,37.5317392,127.0939576,19,1518.64,59.8
다사64004825,37.5339925,127.0939454,19,1067.06,50.6
다사64004850,37.5362459,127.0939332,19,2325.12,74.6
다사64004875,37.5384992,127.0939209,19,2748.8,80.2
다사64254300,37.4866817,127.0970294,19,32.8,9.9
다사64254325,37.4889351,127.0970173,19,136.76,22.2
다사64254350,37.4911884,127.0970052,19,395.96,35.1
다사64254375,37.4934418,127.0969931,19,438.07,37.0
다사64254400,37.4956952,127.096981,19,66.33,16.0
다사64254425,37.4979485,127.0969689,19,657.68,41.0
다사64254450,37.5002019,127.0969568,19,1676.69,63.0
다사64254475,37.5024553,127.0969447,19,2259.94,72.1
다사64254500,37.5047086,127.0969326,19,1630.91,62.2
다사64254525,37.506962,127.0969204,19,3141.17,85.9
다사64254550,37.5092153,127.0969083,19,303.37,32.1
다사64254575,37.5114687,127.0968962,19,7622.83,98.8
다사64254600,37.513722,127.0968841,19,1603.1,61.7
다사64254625,37.5159754,127.096872,19,99.23,20.2
다사64254650,37.5182288,127.0968599,19,56.12,15.3
다사64254675,37.5204821,127.0968477,19,520.7,37.8
다사64254700,37.5227355,127.0968356,19,37.67,11.9
다사64254800,37.5317489,127.0967871,19,34.97,10.4
다사64254825,37.5340022,127.096775,19,349.04,33.3
다사64254850,37.5362556,127.0967628,19,8002.14,99.3
다사64254875,37.5385089,127.0967507,19,904.45,47.2
다사64504300,37.4866913,127.0998572,19,172.15,24.9
다사64504325,37.4889447,127.0998452,19,6609.65,98.0
다사64504350,37.4911981,127.0998332,19,1767.58,64.7
다사64504375,37.4934514,127.0998212,19,301.9,31.9
다사64504400,37.4957048,127.0998092,19,407.09,35.8
다사64504425,37.4979581,127.0997971,19,2287.89,72.8
다사64504450,37.5002115,127.0997851,19,1900.27,67.2
다사64504475,37.5024649,127.0997731,19,2417.54,76.0
다사64504500,37.5047182,127.099761,19,2275.94,72.6
다사64504525,37.5069716,127.099749,19,1106.46,51.4
다사64504550,37.509225,127.099737,19,2399.17,75.6
다사64504575,37.5114783,127.0997249,19,7606.96,98.5
다사64504600,37.5137317,127.0997129,19,1877.76,66.2
다사64504625,37.515985,127.0997009,19,4625.47,95.3
다사64504650,37.5182384,127.0996888,19,3772.03,91.4
다사64504675,37.5204917,127.0996768,19,19.8,7.4
다사64504700,37.5227451,127.0996648,19,43.2,12.6
다사64504725,37.5249984,127.0996527,19,9.51,3.0
다사64504750,37.5272518,127.0996407,19,13.42,5.4
다사64504775,37.5295051,127.0996286,19,30.7,8.9
다사64504850,37.5362652,127.0995925,19,237.71,28.4
다사64504875,37.5385185,127.0995804,19,2921.46,83.2
다사64754300,37.4867009,127.102685,19,3057.51,85.4
다사64754325,37.4889542,127.1026731,19,3984.01,92.8
다사64754350,37.4912076,127.1026612,19,1280.73,54.3
다사64754375,37.493461,127.1026492,19,18.4,6.7
다사64754400,37.4957143,127.1026373,19,1690.04,63.5
다사64754425,37.4979677,127.1026254,19,1984.69,68.4
다사64754450,37.5002211,127.1026134,19,2245.86,71.9
다사64754475,37.5024744,127.1026015,19,60.5,15.6
다사64754500,37.5047278,127.1025895,19,1711.51,63.7
다사64754525,37.5069811,127.1025776,19,2893.28,82.7
다사64754550,37.5092345,127.1025656,19,833.33,45.4
다사64754575,37.5114879,127.1025537,19,5746.92,96.5
다사64754600,37.5137412,127.1025417,19,12257.05,99.8
다사64754625,37.5159946,127.1025298,19,3734.97,91.1
다사64754650,37.5182479,127.1025178,19,2753.3,80.7
다사64754675,37.5205013,127.1025059,19,1172.97,52.3
다사64754700,37.5227546,127.1024939,19,218.42,27.9
다사64754725,37.525008,127.102482,19,94.09,20.0
다사64754825,37.5340214,127.1024341,19,53.25,14.8
다사64754850,37.5362747,127.1024222,19,75.53,16.8
다사64754875,37.5385281,127.1024102,19,6.78,2.0
다사65004300,37.4867103,127.1055128,19,4990.26,95.6
다사65004325,37.4889637,127.105501,19,3071.59,85.7
다사65004375,37.4934704,127.1054773,19,635.52,40.5
다사65004400,37.4957238,127.1054654,19,2169.41,69.6
다사65004425,37.4979772,127.1054536,19,2297.11,73.1
다사65004450,37.5002305,127.1054417,19,1307.25,55.1
다사65004475,37.5024839,127.1054299,19,2383.71,75.3
다사65004500,37.5047373,127.105418,19,3036.81,85.2
다사65004525,37.5069906,127.1054061,19,3355.66,87.4
다사65004550,37.509244,127.1053943,19,2309.16,73.6
다사65004575,37.5114973,127.1053824,19,1288.34,54.8
다사65004600,37.5137507,127.1053706,19,2753.65,81.0
다사65004625,37.5160041,127.1053587,19,3700.69,90.6
다사65004650,37.5182574,127.1053468,19,1082.74,50.9
다사65004675,37.5205108,127.105335,19,3353.73,87.2
다사65004725,37.5250175,127.1053112,19,35.63,11.1
다사65004750,37.5272708,127.1052993,19,275.73,30.9
다사65004775,37.5295242,127.1052875,19,4.46,0.5
다사65004800,37.5317775,127.1052756,19,84.84,18.5
다사65004825,37.5340309,127.1052637,19,216.1,27.2
다사65254325,37.4889731,127.1083289,19,216.39,27.4
다사65254350,37.4912265,127.1083171,19,30.65,8.6
다사65254375,37.4934799,127.1083053,19,1781.26,65.2
다사65254400,37.4957332,127.1082936,19,80.26,18.0
다사65254425,37.4979866,127.1082818,19,5893.32,97.0
다사65254450,37.50024,127.10827,19,2573.07,77.5
다사65254475,37.5024933,127.1082583,19,1510.04,59.0
다사65254500,37.5047467,127.1082465,19,1540.61,60.5
다사65254525,37.507,127.1082347,19,4017.16,93.3
다사65254550,37.5092534,127.1082229,19,1543.85,60.7
다사65254575,37.5115068,127.1082112,19,2867.89,82.2
다사65254600,37.5137601,127.1081994,19,7364.25,98.3
다사65254625,37.5160135,127.1081876,19,5822.33,96.8
다사65254650,37.5182668,127.1081758,19,5007.59,95.8
다사65254675,37.5205202,127.108164,19,578.21,39.3
다사65254700,37.5227735,127.1081523,19,5.15,1.0
다사65254725,37.5250269,127.1081405,19,2459.74,76.5
다사65254750,37.5272803,127.1081287,19,7848.85,99.0
다사65254775,37.5295336,127.1081169,19,262.21,30.1
다사65254800,37.531787,127.1081051,19,191.41,25.9
다사65254825,37.5340403,127.1080933,19,5.45,1.2
다사65504325,37.4889825,127.1111568,19,556.9,38.8
다사65504375,37.4934892,127.1111334,19,381.8,34.6
다사65504400,37.4957426,127.1111217,19,680.65,41.7
다사65504425,37.4979959,127.11111,19,2658.93,78.0
다사65504450,37.5002493,127.1110984,19,872.05,46.2
다사65504475,37.5025027,127.1110867,19,2673.52,78.5
다사65504500,37.504756,127.111075,19,3659.8,90.1
다사65504525,37.5070094,127.1110633,19,1322.19,55.6
다사65504550,37.5092627,127.1110516,19,1546.97,61.2
다사65504575,37.5115161,127.1110399,19,3684.62,90.4
다사65504600,37.5137695,127.1110282,19,919.15,47.7
다사65504625,37.5160228,127.1110165,19,3337.25,86.9
다사65504650,37.5182762,127.1110048,19,4058.44,93.6
다사65504675,37.5205295,127.1109931,19,710.59,42.2
다사65504700,37.5227829,127.1109814,19,3721.13,90.9
다사65504725,37.5250363,127.1109697,19,621.54,40.2
다사65504750,37.5272896,127.110958,19,281.59,31.1
다사65504775,37.529543,127.1109463,19,12.81,4.7
다사65504800,37.5317963,127.1109346,19,352.07,33.6
다사65504825,37.5340497,127.1109229,19,1606.3,62.0
다사65504850,37.536303,127.1109112,19,86.73,19.3
다사65754325,37.4889917,127.1139847,19,1934.82,67.4
다사65754350,37.4912451,127.1139731,19,903.32,46.9
다사65754375,37.4934985,127.1139615,19,537.16,38.3
다사65754400,37.4957518,127.1139499,19,8.9,2.7
다사65754450,37.5002586,127.1139267,19,1384.29,56.5
다사65754475,37.5025119,127.1139151,19,547.36,38.5
다사65754500,37.5047653,127.1139035,19,1721.26,64.0
다사65754525,37.5070187,127.1138919,19,2366.57,75.1
다사65754550,37.509272,127.1138803,19,869.85,45.9
다사65754575,37.5115254,127.1138686,19,6471.99,97.5
다사65754600,37.5137788,127.113857,19,918.1,47.4
다사65754625,37.5160321,127.1138454,19,5619.08,96.3
다사65754650,37.5182855,127.1138338,19,1447.27,57.8
다사65754675,37.5205388,127.1138222,19,3172.25,86.4
다사65754700,37.5227922,127.1138106,19,573.77,39.0
다사65754725,37.5250455,127.113799,19,1342.78,56.0
다사65754775,37.5295523,127.1137757,19,2172.91,69.9
다사65754800,37.5318056,127.1137641,19,2617.78,77.8
다사65754825,37.534059,127.1137525,19,1219.1,53.6
다사65754850,37.5363123,127.1137409,19,24.81,7.9
다사66004350,37.4912543,127.116801,19,3991.69,93.1
다사66004375,37.4935077,127.1167895,19,4332.42,94.3
다사66004400,37.4957611,127.116778,19,2195.18,70.4
다사66004425,37.4980144,127.1167665,19,434.74,36.5
다사66004450,37.5002678,127.116755,19,2315.31,73.8
다사66004475,37.5025212,127.1167435,19,2077.94,69.1
다사66004500,37.5047745,127.116732,19,191.03,25.7
다사66004525,37.5070279,127.1167204,19,2318.46,74.1
다사66004550,37.5092812,127.1167089,19,47.94,13.1
다사66004575,37.5115346,127.1166974,19,1639.7,62.7
다사66004600,37.513788,127.1166859,19,2299.73,73.3
다사66004625,37.5160413,127.1166743,19,36.24,11.6
다사66004650,37.5182947,127.1166628,19,102.14,20.5
다사66004675,37.520548,127.1166513,19,1003.89,49.1
다사66004700,37.5228014,127.1166398,19,4391.95,95.1
다사66004725,37.5250548,127.1166282,19,435.45,36.8
다사66004750,37.5273081,127.1166167,19,979.39,48.6
다사66004775,37.5295615,127.1166052,19,3421.98,87.9
다사66004800,37.5318148,127.1165936,19,3427.4,88.1
다사66004825,37.5340682,127.1165821,19,405.65,35.6
다사66004850,37.5363215,127.1165706,19,1681.12,63.2
다사66254350,37.4912635,127.119629,19,47.32,12.8
다사66254375,37.4935168,127.1196176,19,2970.09,83.7
다사66254400,37.4957702,127.1196062,19,745.59,43.0
다사66254425,37.4980236,127.1195947,19,3836.46,92.1
다사66254450,37.5002769,127.1195833,19,1104.41,51.1
다사66254475,37.5025303,127.1195719,19,4202.04,93.8
다사66254500,37.5047837,127.1195604,19,2877.93,82.5
다사66254525,37.507037,127.119549,19,1441.26,57.5
다사66254550,37.5092904,127.1195376,19,2321.8,74.3
다사66254575,37.5115437,127.1195261,19,4359.88,94.6
다사66254600,37.5137971,127.1195147,19,1598.91,61.5
다사66254625,37.5160505,127.1195033,19,112.97,21.0
다사66254725,37.5250639,127.1194575,19,145.25,22.5
다사66254750,37.5273173,127.119446,19,1123.36,52.1
다사66254775,37.5295706,127.1194346,19,49.27,13.8
다사66254800,37.531824,127.1194231,19,527.45,38.0
다사66254825,37.5340773,127.1194117,19,1245.62,54.1
다사66504375,37.4935259,127.1224457,19,1430.15,57.3
다사66504400,37.4957793,127.1224343,19,13494.37,100.0
다사66504425,37.4980326,127.122423,19,645.48,40.7
다사66504450,37.500286,127.1224116,19,1879.39,66.4
다사66504475,37.5025394,127.1224003,19,1480.32,58.5
다사66504500,37.5047927,127.1223889,19,1311.74,55.3
다사66504525,37.5070461,127.1223776,19,2335.82,74.8
다사66504550,37.5092995,127.1223662,19,2666.7,78.3
다사66504575,37.5115528,127.1223549,19,55.76,15.1
다사66504600,37.5138062,127.1223435,19,2745.59,80.0
다사66504625,37.5160596,127.1223322,19,360.26,33.8
다사66504650,37.5183129,127.1223208,19,86.95,19.5
다사66504725,37.525073,127.1222867,19,154.52,23.5
다사66504750,37.5273263,127.1222754,19,1286.81,54.6
다사66504775,37.5295797,127.122264,19,2703.32,79.0
다사66504800,37.5318331,127.1222526,19,1887.98,66.7
다사66754400,37.4957883,127.1252625,19,2210.0,70.9
다사66754425,37.4980416,127.1252512,19,328.92,32.6
다사66754450,37.500295,127.1252399,19,2275.11,72.3
다사66754475,37.5025484,127.1252287,19,2223.45,71.1
다사66754500,37.5048017,127.1252174,19,1537.22,60.2
다사66754525,37.5070551,127.1252062,19,4.44,0.2
다사66754550,37.5093085,127.1251949,19,2077.62,68.9
다사66754575,37.5115618,127.1251836,19,8300.49,99.5
다사66754600,37.5138152,127.1251724,19,32.69,9.6
다사66754625,37.5160686,127.1251611,19,605.32,39.8
다사66754650,37.5183219,127.1251498,19,304.19,32.3
다사66754675,37.5205753,127.1251385,19,333.38,32.8
다사66754700,37.5228286,127.1251273,19,34.21,10.1
다사66754725,37.525082,127.125116,19,1979.7,68.1
다사66754750,37.5273354,127.1251047,19,3568.74,89.6
다사66754775,37.5295887,127.1250934,19,816.42,44.9
다사67004425,37.4980506,127.1280794,19,2240.17,71.6
다사67004450,37.5003039,127.1280683,19,803.38,44.0
다사67004475,37.5025573,127.1280571,19,826.66,45.2
다사67004500,37.5048107,127.1280459,19,36.07,11.4
다사67004525,37.507064,127.1280347,19,243.48,28.9
다사67004550,37.5093174,127.1280236,19,4295.54,94.1
다사67004575,37.5115708,127.1280124,19,75.97,17.0
다사67004600,37.5138241,127.1280012,19,717.69,42.7
다사67004625,37.5160775,127.12799,19,939.84,47.9
다사67004650,37.5183309,127.1279788,19,1402.59,57.0
다사67004675,37.5205842,127.1279676,19,51.41,14.1
다사67004700,37.5228376,127.1279564,19,470.14,37.5
다사67004725,37.525091,127.1279453,19,459.37,37.3
다사67004750,37.5273443,127.1279341,19,170.85,24.4
다사67254475,37.5025662,127.1308855,19,6.27,1.7
다사67254500,37.5048196,127.1308744,19,1527.97,60.0
다사67254525,37.5070729,127.1308633,19,373.16,34.3
다사67254550,37.5093263,127.1308522,19,2774.77,81.2
다사67254575,37.5115797,127.1308411,19,84.58,18.3
다사67254600,37.513833,127.13083,19,145.32,22.7
다사67254625,37.5160864,127.1308189,19,217.19,27.7
다사67254650,37.5183397,127.1308078,19,1785.87,65.4
다사67254675,37.5205931,127.1307967,19,52.19,14.6
다사67254700,37.5228465,127.1307856,19,1777.23,64.9
다사67504550,37.5093351,127.1336809,19,90.77,19.8
다사67504575,37.5115885,127.1336699,19,51.46,14.3
다사67504600,37.5138418,127.1336589,19,6.16,1.5
다사67504625,37.5160952,127.1336478,19,2512.74,77.0
다사61754500,37.5046087,127.0686478,20,136.04,23.0
다사61754525,37.5068621,127.0686349,20,473.46,37.8
다사61754550,37.5091154,127.0686219,20,316.38,33.0
다사61754575,37.5113688,127.0686089,20,221.33,29.0
다사61754600,37.5136221,127.068596,20,66.65,16.5
다사61754625,37.5158755,127.068583,20,8.01,3.0
다사61754650,37.5181288,127.06857,20,4.09,0.0
다사61754675,37.5203822,127.0685571,20,20.07,6.2
다사62004450,37.5001123,127.0715021,20,882.2,47.0
다사62004475,37.5023657,127.0714892,20,171.58,25.5
다사62004500,37.504619,127.0714763,20,129.75,22.5
다사62004525,37.5068724,127.0714634,20,20.3,6.8
다사62004550,37.5091257,127.0714505,20,22.82,7.0
다사62004575,37.5113791,127.0714377,20,320.55,33.8
다사62004625,37.5158858,127.0714119,20,927.9,48.5
다사62004675,37.5203925,127.0713861,20,31.7,9.5
다사62254425,37.4978692,127.0743432,20,800.58,44.8
다사62254450,37.5001225,127.0743304,20,78.9,18.5
다사62254475,37.5023759,127.0743176,20,108.29,21.0
다사62254500,37.5046292,127.0743048,20,3369.09,87.2
다사62254525,37.5068826,127.074292,20,45.69,12.8
다사62254550,37.5091359,127.0742792,20,818.44,45.8
다사62254575,37.5113893,127.0742664,20,166.79,25.0
다사62254600,37.5136426,127.0742536,20,99.02,20.0
다사62254625,37.515896,127.0742408,20,12.98,5.0
다사62254650,37.5181493,127.074228,20,86.7,19.2
다사62254675,37.5204027,127.0742152,20,11.83,4.2
다사62254750,37.5271627,127.0741768,20,10.33,3.5
다사62254775,37.5294161,127.0741639,20,581.61,39.2
다사62504375,37.4933726,127.0771968,20,3170.55,85.8
다사62504400,37.495626,127.0771841,20,95.64,19.8
다사62504425,37.4978793,127.0771714,20,309.97,32.2
다사62504450,37.5001327,127.0771587,20,20.08,6.5
다사62504475,37.502386,127.077146,20,885.75,47.5
다사62504500,37.5046394,127.0771332,20,16.58,5.8
다사62504525,37.5068927,127.0771205,20,1893.28,66.5
다사62504550,37.5091461,127.0771078,20,971.18,49.2
다사62504575,37.5113995,127.0770951,20,1863.46,65.8
다사62504600,37.5136528,127.0770824,20,1962.33,67.5
다사62504625,37.5159062,127.0770697,20,812.72,45.5
다사62504650,37.5181595,127.077057,20,167.91,25.2
다사62504675,37.5204128,127.0770442,20,4.29,0.2
다사62504750,37.5271729,127.0770061,20,61.01,15.2
다사62504775,37.5294262,127.0769934,20,1872.14,66.0
다사62504800,37.5316796,127.0769806,20,417.69,36.0
다사62754375,37.4933827,127.0800248,20,2433.92,75.2
다사62754400,37.4956361,127.0800122,20,385.07,34.8
다사62754425,37.4978894,127.0799996,20,12.41,4.5
다사62754450,37.5001428,127.079987,20,234.98,29.8
다사62754475,37.5023961,127.0799743,20,59.42,14.8
다사62754500,37.5046495,127.0799617,20,2354.98,73.5
다사62754525,37.5069028,127.0799491,20,904.28,47.8
다사62754550,37.5091562,127.0799365,20,2524.26,78.2
다사62754575,37.5114095,127.0799238,20,3772.2,92.0
다사62754600,37.5136629,127.0799112,20,5172.26,96.0
다사62754625,37.5159162,127.0798986,20,846.6,46.2
다사62754650,37.5181696,127.0798859,20,70.76,16.8
다사62754750,37.527183,127.0798354,20,802.55,45.0
다사62754775,37.5294363,127.0798228,20,317.0,33.2
다사62754800,37.5316897,127.0798101,20,3673.91,91.0
다사62754825,37.533943,127.0797975,20,1814.68,65.2
다사63004350,37.4911394,127.0828654,20,47.72,13.5
다사63004375,37.4933927,127.0828529,20,43.94,12.5
다사63004400,37.4956461,127.0828403,20,1149.03,52.0
다사63004425,37.4978994,127.0828278,20,239.65,30.2
다사63004450,37.5001528,127.0828153,20,140.74,23.8
다사63004475,37.5024062,127.0828027,20,5.56,1.5
다사63004500,37.5046595,127.0827902,20,1585.97,60.2
다사63004525,37.5069129,127.0827776,20,2478.38,76.8
다사63004550,37.5091662,127.0827651,20,2636.92,80.0
다사63004575,37.5114196,127.0827526,20,2705.31,80.5
다사63004600,37.5136729,127.08274,20,190.44,26.2
다사63004625,37.5159263,127.0827275,20,3007.43,84.5
다사63004650,37.5181796,127.0827149,20,34.49,10.0
다사63004750,37.527193,127.0826647,20,2374.43,74.2
다사63004775,37.5294464,127.0826522,20,3085.89,84.8
다사63004800,37.5316997,127.0826396,20,2861.29,82.8
다사63004825,37.5339531,127.0826271,20,3309.19,87.0
다사63004850,37.5362064,127.0826145,20,2811.7,82.0
다사63254325,37.488896,127.0857058,20,3996.56,94.2
다사63254350,37.4911493,127.0856934,20,1604.0,60.5
다사63254375,37.4934027,127.0856809,20,1277.74,54.5
다사63254400,37.495656,127.0856685,20,1394.56,57.2
다사63254425,37.4979094,127.085656,20,190.92,26.5
다사63254450,37.5001628,127.0856436,20,31.11,9.0
다사63254475,37.5024161,127.0856311,20,1326.47,55.5
다사63254500,37.5046695,127.0856187,20,3881.51,93.0
다사63254525,37.5069228,127.0856062,20,718.62,43.2
다사63254550,37.5091762,127.0855937,20,1165.43,52.2
다사63254575,37.5114295,127.0855813,20,6527.18,98.8
다사63254600,37.5136829,127.0855688,20,3377.87,87.5
다사63254625,37.5159362,127.0855564,20,2587.65,79.2
다사63254650,37.5181896,127.0855439,20,873.93,46.8
다사63254750,37.527203,127.085494,20,36.88,11.5
다사63254775,37.5294563,127.0854816,20,746.99,43.5
다사63254800,37.5317097,127.0854691,20,1449.38,58.0
다사63254825,37.533963,127.0854566,20,614.24,39.8
다사63254850,37.5362164,127.0854442,20,2519.41,78.0
다사63504325,37.4889058,127.0885337,20,158.08,24.8
다사63504350,37.4911592,127.0885213,20,2914.36,83.2
다사63504375,37.4934126,127.088509,20,885.47,47.2
다사63504400,37.4956659,127.0884966,20,126.49,22.0
다사63504425,37.4979193,127.0884842,20,120.6,21.8
다사63504450,37.5001726,127.0884719,20,1620.01,61.0
다사63504475,37.502426,127.0884595,20,3558.49,89.0
다사63504500,37.5046794,127.0884471,20,909.77,48.0
다사63504525,37.5069327,127.0884348,20,6462.44,98.5
다사63504550,37.5091861,127.0884224,20,674.09,42.0
다사63504575,37.5114394,127.08841,20,178.59,25.8
다사63504600,37.5136928,127.0883976,20,3161.83,85.5
다사63504625,37.5159461,127.0883853,20,1322.3,55.0
다사63504750,37.5272129,127.0883234,20,75.0,17.5
다사63504775,37.5294662,127.088311,20,11.08,4.0
다사63504800,37.5317196,127.0882986,20,1208.79,53.0
다사63504825,37.5339729,127.0882862,20,3125.74,85.0
다사63504850,37.5362263,127.0882738,20,2982.66,84.2
다사63504875,37.5384796,127.0882614,20,3466.44,88.0
다사63754325,37.4889157,127.0913616,20,7.2,2.5
다사63754350,37.491169,127.0913493,20,444.46,37.0
다사63754375,37.4934224,127.091337,20,2222.94,71.2
다사63754425,37.4979291,127.0913125,20,126.99,22.2
다사63754450,37.5001825,127.0913002,20,3126.58,85.2
다사63754475,37.5024358,127.0912879,20,1960.67,67.2
다사63754500,37.5046892,127.0912756,20,2794.79,81.5
다사63754525,37.5069425,127.0912633,20,1649.06,62.3
다사63754550,37.5091959,127.091251,20,3584.88,89.2
다사63754575,37.5114492,127.0912387,20,2057.55,68.2
다사63754600,37.5137026,127.0912265,20,151.34,24.5
다사63754625,37.515956,127.0912142,20,1024.43,50.0
다사63754650,37.5182093,127.0912019,20,238.46,30.0
다사63754675,37.5204627,127.0911896,20,13.74,5.2
다사63754700,37.522716,127.0911773,20,41.05,12.0
다사63754725,37.5249694,127.091165,20,191.13,26.8
다사63754750,37.5272227,127.0911527,20,36.3,11.2
다사63754775,37.5294761,127.0911404,20,787.23,44.2
다사63754800,37.5317294,127.0911281,20,11.0,3.8
다사63754825,37.5339828,127.0911158,20,1214.41,53.2
다사63754850,37.5362361,127.0911035,20,1492.11,58.5
다사63754875,37.5384894,127.0910912,20,2245.46,72.0
다사64004350,37.4911788,127.0941773,20,149.27,24.2
다사64004375,37.4934321,127.0941651,20,918.5,48.2
다사64004400,37.4956855,127.0941529,20,248.67,30.8
다사64004425,37.4979389,127.0941407,20,1106.77,51.2
다사64004450,37.5001922,127.0941285,20,2124.51,69.5
다사64004475,37.5024456,127.0941163,20,1371.43,56.8
다사64004500,37.5046989,127.0941041,20,1464.85,58.2
다사64004525,37.5069523,127.0940919,20,3609.45,89.8
다사64004550,37.5092056,127.0940797,20,3842.43,92.2
다사64004575,37.511459,127.0940675,20,2201.3,71.0
다사64004600,37.5137124,127.0940553,20,3635.19,90.0
다사64004625,37.5159657,127.0940431,20,2931.21,83.5
다사64004650,37.5182191,127.0940309,20,785.26,44.0
다사64004675,37.5204724,127.0940187,20,282.34,31.5
다사64004700,37.5227258,127.0940064,20,217.07,28.2
다사64004800,37.5317392,127.0939576,20,1386.6,57.0
다사64004825,37.5339925,127.0939454,20,868.85,46.5
다사64004850,37.5362459,127.0939332,20,2231.41,71.8
다사64004875,37.5384992,127.0939209,20,2726.77,81.0
다사64254300,37.4866817,127.0970294,20,30.31,8.5
다사64254325,37.4889351,127.0970173,20,110.75,21.2
다사64254350,37.4911884,127.0970052,20,320.67,34.0
다사64254375,37.4934418,127.0969931,20,405.26,35.8
다사64254400,37.4956952,127.096981,20,61.05,15.5
다사64254425,37.4979485,127.0969689,20,677.29,42.2
다사64254450,37.5002019,127.0969568,20,1682.38,63.2
다사64254475,37.5024553,127.0969447,20,2197.44,70.8
다사64254500,37.5047086,127.0969326,20,1692.52,63.5
다사64254525,37.506962,127.0969204,20,3305.52,86.8
다사64254550,37.5092153,127.0969083,20,318.52,33.5
다사64254575,37.5114687,127.0968962,20,5892.66,97.2
다사64254600,37.513722,127.0968841,20,1363.96,56.0
다사64254625,37.5159754,127.096872,20,106.74,20.8
다사64254650,37.5182288,127.0968599,20,57.47,14.5
다사64254675,37.5204821,127.0968477,20,441.27,36.8
다사64254700,37.5227355,127.0968356,20,31.9,9.8
다사64254775,37.5294955,127.0967992,20,7.65,2.8
다사64254800,37.5317489,127.0967871,20,45.76,13.0
다사64254825,37.5340022,127.096775,20,299.09,31.8
다사64254850,37.5362556,127.0967628,20,6654.0,99.0
다사64254875,37.5385089,127.0967507,20,1031.07,50.2
다사64504300,37.4866913,127.0998572,20,114.22,21.5
다사64504325,37.4889447,127.0998452,20,5938.54,97.5
다사64504350,37.4911981,127.0998332,20,1530.61,58.8
다사64504375,37.4934514,127.0998212,20,259.64,31.2
다사64504400,37.4957048,127.0998092,20,398.7,35.5
다사64504425,37.4979581,127.0997971,20,2432.88,75.0
다사64504450,37.5002115,127.0997851,20,2058.23,68.5
다사64504475,37.5024649,127.0997731,20,2500.88,77.2
다사64504500,37.5047182,127.099761,20,2459.8,76.5
다사64504525,37.5069716,127.099749,20,1099.1,51.0
다사64504550,37.509225,127.099737,20,1926.53,67.0
다사64504575,37.5114783,127.0997249,20,5345.67,96.2
다사64504600,37.5137317,127.0997129,20,1707.39,64.0
다사64504625,37.515985,127.0997009,20,3602.6,89.5
다사64504650,37.5182384,127.0996888,20,3892.77,93.2
다사64504675,37.5204917,127.0996768,20,24.81,7.5
다사64504700,37.5227451,127.0996648,20,34.62,10.2
다사64504725,37.5249984,127.0996527,20,8.5,3.2
다사64504750,37.5272518,127.0996407,20,24.61,7.2
다사64504775,37.5295051,127.0996286,20,35.06,10.5
다사64504850,37.5362652,127.0995925,20,203.7,27.3
다사64504875,37.5385185,127.0995804,20,3243.75,86.0
다사64754300,37.4867009,127.102685,20,2367.33,74.0
다사64754325,37.4889542,127.1026731,20,3687.89,91.2
다사64754350,37.4912076,127.1026612,20,1294.8,54.8
다사64754375,37.493461,127.1026492,20,18.1,6.0
다사64754400,37.4957143,127.1026373,20,1826.3,65.5
다사64754425,37.4979677,127.1026254,20,2065.58,68.8
다사64754450,37.5002211,127.1026134,20,2405.64,74.8
다사64754475,37.5024744,127.1026015,20,65.12,16.0
다사64754500,37.5047278,127.1025895,20,1771.55,64.8
다사64754525,37.5069811,127.1025776,20,2931.32,83.8
다사64754550,37.5092345,127.1025656,20,983.47,49.5
다사64754575,37.5114879,127.1025537,20,3960.12,93.8
다사64754600,37.5137412,127.1025417,20,10563.86,99.8
다사64754625,37.5159946,127.1025298,20,2724.19,80.8
다사64754650,37.5182479,127.1025178,20,2482.39,77.0
다사64754675,37.5205013,127.1025059,20,1129.77,51.7
다사64754700,37.5227546,127.1024939,20,208.15,27.8
다사64754725,37.525008,127.102482,20,83.98,19.0
다사64754825,37.5340214,127.1024341,20,47.53,13.2
다사64754850,37.5362747,127.1024222,20,66.58,16.2
다사64754875,37.5385281,127.1024102,20,6.68,2.2
다사65004300,37.4867103,127.1055128,20,3850.96,92.5
다사65004325,37.4889637,127.105501,20,2894.0,83.0
다사65004375,37.4934704,127.1054773,20,629.41,40.5
다사65004400,37.4957238,127.1054654,20,2362.0,73.8
다사65004425,37.4979772,127.1054536,20,2453.58,76.2
다사65004450,37.5002305,127.1054417,20,1260.62,54.0
다사65004475,37.5024839,127.1054299,20,2440.72,75.5
다사65004500,37.5047373,127.105418,20,2767.36,81.2
다사65004525,37.5069906,127.1054061,20,3285.47,86.5
다사65004550,37.509244,127.1053943,20,2190.89,70.5
다사65004575,37.5114973,127.1053824,20,1338.53,55.8
다사65004600,37.5137507,127.1053706,20,1992.51,67.8
다사65004625,37.5160041,127.1053587,20,3514.77,88.5
다사65004650,37.5182574,127.1053468,20,1076.11,50.7
다사65004675,37.5205108,127.105335,20,3444.38,87.8
다사65004725,37.5250175,127.1053112,20,26.01,7.8
다사65004750,37.5272708,127.1052993,20,209.69,28.0
다사65004800,37.5317775,127.1052756,20,75.72,17.8
다사65004825,37.5340309,127.1052637,20,219.73,28.5
다사65254325,37.4889731,127.1083289,20,220.71,28.7
다사65254350,37.4912265,127.1083171,20,36.14,11.0
다사65254375,37.4934799,127.1083053,20,1629.0,61.8
다사65254400,37.4957332,127.1082936,20,73.11,17.2
다사65254425,37.4979866,127.1082818,20,6268.07,97.8
다사65254450,37.50024,127.10827,20,2450.68,76.0
다사65254475,37.5024933,127.1082583,20,1541.83,59.2
다사65254500,37.5047467,127.1082465,20,1366.48,56.2
다사65254525,37.507,127.1082347,20,3995.87,94.0
다사65254550,37.5092534,127.1082229,20,1533.86,59.0
다사65254575,37.5115068,127.1082112,20,2660.63,80.2
다사65254600,37.5137601,127.1081994,20,7488.87,99.5
다사65254625,37.5160135,127.1081876,20,5653.24,97.0
다사65254650,37.5182668,127.1081758,20,5518.61,96.8
다사65254675,37.5205202,127.108164,20,651.24,40.8
다사65254700,37.5227735,127.1081523,20,5.07,1.1
다사65254725,37.5250269,127.1081405,20,2076.88,69.0
다사65254750,37.5272803,127.1081287,20,6385.27,98.2
다사65254775,37.5295336,127.1081169,20,233.95,29.5
다사65254800,37.531787,127.1081051,20,206.23,27.5
다사65254825,37.5340403,127.1080933,20,4.86,0.8
다사65504325,37.4889825,127.1111568,20,477.58,38.0
다사65504375,37.4934892,127.1111334,20,433.88,36.5
다사65504400,37.4957426,127.1111217,20,619.4,40.2
다사65504425,37.4979959,127.11111,20,2838.03,82.2
다사65504450,37.5002493,127.1110984,20,708.83,43.0
다사65504475,37.5025027,127.1110867,20,2525.33,78.5
다사65504500,37.504756,127.111075,20,3871.87,92.8
다사65504525,37.5070094,127.1110633,20,1323.6,55.2
다사65504550,37.5092627,127.1110516,20,1556.92,59.5
다사65504575,37.5115161,127.1110399,20,3663.95,90.5
다사65504600,37.5137695,127.1110282,20,957.92,48.8
다사65504625,37.5160228,127.1110165,20,3670.06,90.8
다사65504650,37.5182762,127.1110048,20,4172.42,95.0
다사65504675,37.5205295,127.1109931,20,689.0,42.8
다사65504700,37.5227829,127.1109814,20,3957.47,93.5
다사65504725,37.5250363,127.1109697,20,550.31,38.8
다사65504750,37.5272896,127.110958,20,253.52,31.0
다사65504775,37.529543,127.1109463,20,12.52,4.8
다사65504800,37.5317963,127.1109346,20,314.17,32.5
다사65504825,37.5340497,127.1109229,20,1664.34,62.5
다사65504850,37.536303,127.1109112,20,78.65,18.2
다사65754325,37.4889917,127.1139847,20,1903.74,66.8
다사65754350,37.4912451,127.1139731,20,795.08,44.5
다사65754375,37.4934985,127.1139615,20,483.18,38.2
다사65754400,37.4957518,127.1139499,20,5.07,1.1
다사65754450,37.5002586,127.1139267,20,1423.68,57.5
다사65754475,37.5025119,127.1139151,20,583.39,39.5
다사65754500,37.5047653,127.1139035,20,1642.79,62.0
다사65754525,37.5070187,127.1138919,20,2506.56,77.5
다사65754550,37.509272,127.1138803,20,967.82,49.0
다사65754575,37.5115254,127.1138686,20,6281.78,98.0
다사65754600,37.5137788,127.113857,20,1038.79,50.5
다사65754625,37.5160321,127.1138454,20,5466.3,96.5
다사65754650,37.5182855,127.1138338,20,1582.5,60.0
다사65754675,37.5205388,127.1138222,20,3256.73,86.2
다사65754700,37.5227922,127.1138106,20,653.53,41.0
다사65754725,37.5250455,127.113799,20,1371.36,56.5
다사65754750,37.5272989,127.1137874,20,6.15,1.8
다사65754775,37.5295523,127.1137757,20,2332.59,72.8
다사65754800,37.5318056,127.1137641,20,2800.08,81.8
다사65754850,37.5363123,127.1137409,20,28.56,8.0
다사66004350,37.4912543,127.116801,20,3757.22,91.8
다사66004375,37.4935077,127.1167895,20,4032.15,94.5
다사66004400,37.4957611,127.116778,20,2144.54,69.8
다사66004425,37.4980144,127.1167665,20,464.64,37.5
다사66004450,37.5002678,127.116755,20,2329.61,72.5
다사66004475,37.5025212,127.1167435,20,2223.64,71.5
다사66004500,37.5047745,127.116732,20,198.4,27.0
다사66004525,37.5070279,127.1167204,20,2169.15,70.2
다사66004550,37.5092812,127.1167089,20,73.0,17.0
다사66004575,37.5115346,127.1166974,20,1702.2,63.7
다사66004600,37.513788,127.1166859,20,2346.69,73.2
다사66004625,37.5160413,127.1166743,20,37.52,11.8
다사66004650,37.5182947,127.1166628,20,93.61,19.5
다사66004675,37.520548,127.1166513,20,841.15,46.0
다사66004700,37.5228014,127.1166398,20,4428.74,95.5
다사66004725,37.5250548,127.1166282,20,389.6,35.0
다사66004750,37.5273081,127.1166167,20,1006.22,49.8
다사66004775,37.5295615,127.1166052,20,3520.24,88.8
다사66004800,37.5318148,127.1165936,20,3640.81,90.2
다사66004825,37.5340682,127.1165821,20,424.86,36.2
다사66004850,37.5363215,127.1165706,20,1762.98,64.2
다사66254350,37.4912635,127.119629,20,30.6,8.8
다사66254375,37.4935168,127.1196176,20,2570.87,79.0
다사66254400,37.4957702,127.1196062,20,616.46,40.0
다사66254425,37.4980236,127.1195947,20,3742.67,91.5
다사66254475,37.5025303,127.1195719,20,4373.73,95.2
다사66254500,37.5047837,127.1195604,20,2969.07,84.0
다사66254525,37.507037,127.119549,20,1428.69,57.8
다사66254550,37.5092904,127.1195376,20,2332.76,73.0
다사66254575,37.5115437,127.1195261,20,4533.18,95.8
다사66254600,37.5137971,127.1195147,20,1676.18,63.0
다사66254625,37.5160505,127.1195033,20,99.73,20.2
다사66254725,37.5250639,127.1194575,20,132.48,22.8
다사66254750,37.5273173,127.119446,20,1123.88,51.5
다사66254775,37.5295706,127.1194346,20,35.13,10.8
다사66254800,37.531824,127.1194231,20,513.49,38.5
다사66254825,37.5340773,127.1194117,20,1271.28,54.2
다사66504375,37.4935259,127.1224457,20,1197.44,52.8
다사66504400,37.4957793,127.1224343,20,12080.51,100.0
다사66504425,37.4980326,127.122423,20,655.91,41.2
다사66504450,37.500286,127.1224116,20,1872.61,66.2
다사66504475,37.5025394,127.1224003,20,1622.11,61.3
다사66504500,37.5047927,127.1223889,20,1217.72,53.5
다사66504525,37.5070461,127.1223776,20,2517.73,77.8
다사66504550,37.5092995,127.1223662,20,2567.77,78.8
다사66504575,37.5115528,127.1223549,20,55.38,14.2
다사66504600,37.5138062,127.1223435,20,2633.91,79.8
다사66504625,37.5160596,127.1223322,20,242.29,30.5
다사66504650,37.5183129,127.1223208,20,79.67,18.8
다사66504725,37.525073,127.1222867,20,141.59,24.0
다사66504750,37.5273263,127.1222754,20,1249.62,53.8
다사66504775,37.5295797,127.122264,20,2441.19,75.8
다사66504800,37.5318331,127.1222526,20,1770.38,64.5
다사66754400,37.4957883,127.1252625,20,2163.62,70.0
다사66754425,37.4980416,127.1252512,20,332.23,34.2
다사66754450,37.500295,127.1252399,20,2305.52,72.2
다사66754475,37.5025484,127.1252287,20,2090.65,69.2
다사66754500,37.5048017,127.1252174,20,1669.48,62.7
다사66754525,37.5070551,127.1252062,20,4.37,0.5
다사66754550,37.5093085,127.1251949,20,1788.29,65.0
다사66754575,37.5115618,127.1251836,20,7398.82,99.2
다사66754600,37.5138152,127.1251724,20,41.79,12.2
다사66754625,37.5160686,127.1251611,20,554.73,39.0
다사66754650,37.5183219,127.1251498,20,315.12,32.8
다사66754675,37.5205753,127.1251385,20,305.48,32.0
다사66754700,37.5228286,127.1251273,20,31.35,9.2
다사66754725,37.525082,127.125116,20,2044.7,68.0
다사66754750,37.5273354,127.1251047,20,3487.48,88.2
다사66754775,37.5295887,127.1250934,20,768.62,43.8
다사67004425,37.4980506,127.1280794,20,2393.41,74.5
다사67004450,37.5003039,127.1280683,20,669.5,41.8
다사67004475,37.5025573,127.1280571,20,682.45,42.5
다사67004500,37.5048107,127.1280459,20,29.3,8.2
다사67004525,37.507064,127.1280347,20,228.67,29.2
다사67004550,37.5093174,127.1280236,20,4162.24,94.8
다사67004575,37.5115708,127.1280124,20,76.05,18.0
다사67004600,37.5138241,127.1280012,20,669.42,41.5
다사67004625,37.5160775,127.12799,20,809.07,45.2
다사67004650,37.5183309,127.1279788,20,1191.22,52.5
다사67004675,37.5205842,127.1279676,20,50.93,14.0
다사67004700,37.5228376,127.1279564,20,457.04,37.2
다사67004725,37.525091,127.1279453,20,357.77,34.5
다사67004750,37.5273443,127.1279341,20,137.76,23.2
다사67254475,37.5025662,127.1308855,20,6.16,2.0
다사67254500,37.5048196,127.1308744,20,1562.87,59.8
다사67254525,37.5070729,127.1308633,20,396.47,35.2
다사67254550,37.5093263,127.1308522,20,2839.41,82.5
다사67254575,37.5115797,127.1308411,20,103.07,20.5
다사67254600,37.513833,127.13083,20,140.61,23.5
다사67254625,37.5160864,127.1308189,20,186.52,26.0
다사67254650,37.5183397,127.1308078,20,1625.51,61.5
다사67254675,37.5205931,127.1307967,20,49.97,13.8
다사67254700,37.5228465,127.1307856,20,1609.65,60.8
다사67504550,37.5093351,127.1336809,20,60.94,15.0
다사67504575,37.5115885,127.1336699,20,62.85,15.8
다사67504600,37.5138418,127.1336589,20,15.84,5.5
다사67504625,37.5160952,127.1336478,20,2605.18,79.5
다사61754500,37.5046087,127.0686478,21,113.67,22.4
다사61754525,37.5068621,127.0686349,21,395.7,37.3
다사61754550,37.5091154,127.0686219,21,259.49,32.7
다사61754575,37.5113688,127.0686089,21,175.46,26.5
다사61754600,37.5136221,127.068596,21,54.16,14.7
다사61754625,37.5158755,127.068583,21,10.73,4.2
다사61754650,37.5181288,127.06857,21,10.07,3.7
다사61754675,37.5203822,127.0685571,21,18.59,6.1
다사62004450,37.5001123,127.0715021,21,921.68,49.6
다사62004475,37.5023657,127.0714892,21,145.08,25.8
다사62004500,37.504619,127.0714763,21,118.63,23.1
다사62004525,37.5068724,127.0714634,21,22.77,7.1
다사62004550,37.5091257,127.0714505,21,35.77,11.3
다사62004575,37.5113791,127.0714377,21,292.37,34.4
다사62004600,37.5136324,127.0714248,21,212.5,29.2
다사62004625,37.5158858,127.0714119,21,608.16,41.5
다사62004650,37.5181391,127.071399,21,9.68,2.9
다사62004675,37.5203925,127.0713861,21,29.4,8.8
다사62254425,37.4978692,127.0743432,21,798.29,46.7
다사62254450,37.5001225,127.0743304,21,72.9,18.4
다사62254475,37.5023759,127.0743176,21,97.96,21.1
다사62254500,37.5046292,127.0743048,21,3627.66,90.4
다사62254525,37.5068826,127.074292,21,61.52,16.5
다사62254550,37.5091359,127.0742792,21,748.23,45.9
다사62254575,37.5113893,127.0742664,21,77.32,19.4
다사62254600,37.5136426,127.0742536,21,91.73,20.4
다사62254625,37.515896,127.0742408,21,11.68,5.2
다사62254650,37.5181493,127.074228,21,57.96,16.0
다사62254675,37.5204027,127.0742152,21,10.99,4.4
다사62254750,37.5271627,127.0741768,21,9.55,2.5
다사62254775,37.5294161,127.0741639,21,588.63,41.3
다사62504375,37.4933726,127.0771968,21,2904.67,83.0
다사62504400,37.495626,127.0771841,21,105.54,21.9
다사62504425,37.4978793,127.0771714,21,286.54,33.9
다사62504450,37.5001327,127.0771587,21,23.02,7.4
다사62504475,37.502386,127.077146,21,891.11,49.1
다사62504500,37.5046394,127.0771332,21,10.1,3.9
다사62504525,37.5068927,127.0771205,21,1994.5,68.8
다사62504550,37.5091461,127.0771078,21,984.83,50.4
다사62504575,37.5113995,127.0770951,21,1781.9,65.6
다사62504600,37.5136528,127.0770824,21,2148.21,71.3
다사62504625,37.5159062,127.0770697,21,690.13,44.0
다사62504650,37.5181595,127.077057,21,155.53,26.0
다사62504675,37.5204128,127.0770442,21,4.0,0.0
다사62504750,37.5271729,127.0770061,21,56.3,15.2
다사62504775,37.5294262,127.0769934,21,1906.31,67.6
다사62504800,37.5316796,127.0769806,21,421.44,37.8
다사62754375,37.4933827,127.0800248,21,2296.59,74.2
다사62754400,37.4956361,127.0800122,21,355.99,36.1
다사62754425,37.4978894,127.0799996,21,11.46,4.9
다사62754450,37.5001428,127.079987,21,217.2,29.5
다사62754475,37.5023961,127.0799743,21,54.4,15.0
다사62754500,37.5046495,127.0799617,21,2495.86,78.9
다사62754525,37.5069028,127.0799491,21,884.74,48.9
다사62754550,37.5091562,127.0799365,21,2357.84,75.2
다사62754575,37.5114095,127.0799238,21,3627.96,90.7
다사62754600,37.5136629,127.0799112,21,5593.89,97.1
다사62754625,37.5159162,127.0798986,21,826.34,47.4
다사62754650,37.5181696,127.0798859,21,65.52,16.7
다사62754750,37.527183,127.0798354,21,829.39,47.7
다사62754775,37.5294363,127.0798228,21,355.2,35.9
다사62754800,37.5316897,127.0798101,21,3726.73,92.1
다사62754825,37.533943,127.0797975,21,1849.11,66.3
다사63004350,37.4911394,127.0828654,21,39.26,12.0
다사63004375,37.4933927,127.0828529,21,43.01,12.5
다사63004400,37.4956461,127.0828403,21,1204.71,54.8
다사63004425,37.4978994,127.0828278,21,221.52,30.5
다사63004450,37.5001528,127.0828153,21,129.71,24.8
다사63004475,37.5024062,127.0828027,21,5.51,0.7
다사63004500,37.5046595,127.0827902,21,1652.6,62.2
다사63004525,37.5069129,127.0827776,21,2428.34,77.4
다사63004550,37.5091662,127.0827651,21,2580.87,80.1
다사63004575,37.5114196,127.0827526,21,2496.16,79.1
다사63004600,37.5136729,127.08274,21,193.33,27.8
다사63004625,37.5159263,127.0827275,21,3341.12,86.7
다사63004650,37.5181796,127.0827149,21,31.93,10.3
다사63004750,37.527193,127.0826647,21,2491.18,78.6
다사63004775,37.5294464,127.0826522,21,3219.47,86.0
다사63004800,37.5316997,127.0826396,21,2995.88,84.0
다사63004825,37.5339531,127.0826271,21,3494.78,88.5
다사63004850,37.5362064,127.0826145,21,2695.76,81.6
다사63254325,37.488896,127.0857058,21,3732.28,92.4
다사63254350,37.4911493,127.0856934,21,1679.68,62.9
다사63254375,37.4934027,127.0856809,21,1388.1,57.2
다사63254400,37.495656,127.0856685,21,1341.55,57.0
다사63254425,37.4979094,127.085656,21,176.47,26.8
다사63254450,37.5001628,127.0856436,21,30.85,9.3
다사63254475,37.5024161,127.0856311,21,1403.56,57.7
다사63254500,37.5046695,127.0856187,21,3930.74,93.6
다사63254525,37.5069228,127.0856062,21,756.58,46.2
다사63254550,37.5091762,127.0855937,21,1061.38,51.6
다사63254575,37.5114295,127.0855813,21,6558.75,98.8
다사63254600,37.5136829,127.0855688,21,3575.02,89.4
다사63254625,37.5159362,127.0855564,21,2728.44,82.1
다사63254650,37.5181896,127.0855439,21,722.97,45.0
다사63254750,37.527203,127.085494,21,23.46,7.6
다사63254775,37.5294563,127.0854816,21,801.67,46.9
다사63254800,37.5317097,127.0854691,21,1505.87,60.0
다사63254825,37.533963,127.0854566,21,584.27,41.0
다사63254850,37.5362164,127.0854442,21,2340.87,74.7
다사63504325,37.4889058,127.0885337,21,128.88,24.6
다사63504350,37.4911592,127.0885213,21,3015.04,84.5
다사63504375,37.4934126,127.088509,21,830.96,47.9
다사63504400,37.4956659,127.0884966,21,117.97,22.9
다사63504425,37.4979193,127.0884842,21,111.6,22.1
다사63504450,37.5001726,127.0884719,21,1708.9,63.6
다사63504475,37.502426,127.0884595,21,3773.78,93.1
다사63504500,37.5046794,127.0884471,21,912.03,49.4
다사63504525,37.5069327,127.0884348,21,6396.45,98.5
다사63504550,37.5091861,127.0884224,21,713.9,44.7
다사63504575,37.5114394,127.08841,21,184.89,27.5
다사63504600,37.5136928,127.0883976,21,3349.83,87.0
다사63504625,37.5159461,127.0883853,21,1404.11,58.0
다사63504650,37.5181995,127.0883729,21,102.3,21.6
다사63504750,37.5272129,127.0883234,21,100.51,21.4
다사63504775,37.5294662,127.088311,21,15.59,5.9
다사63504800,37.5317196,127.0882986,21,1243.77,55.3
다사63504825,37.5339729,127.0882862,21,3388.92,87.7
다사63504850,37.5362263,127.0882738,21,2294.28,74.0
다사63504875,37.5384796,127.0882614,21,3440.28,88.0
다사63754350,37.491169,127.0913493,21,492.38,39.1
다사63754375,37.4934224,127.091337,21,2237.22,72.7
다사63754400,37.4956757,127.0913247,21,257.3,32.2
다사63754425,37.4979291,127.0913125,21,120.02,23.3
다사63754450,37.5001825,127.0913002,21,3306.11,86.5
다사63754475,37.5024358,127.0912879,21,2028.16,69.0
다사63754500,37.5046892,127.0912756,21,2947.07,83.8
다사63754525,37.5069425,127.0912633,21,1534.99,60.7
다사63754550,37.5091959,127.091251,21,3297.15,86.2
다사63754575,37.5114492,127.0912387,21,2239.04,73.0
다사63754600,37.5137026,127.0912265,21,174.39,26.3
다사63754625,37.515956,127.0912142,21,1145.58,53.8
다사63754650,37.5182093,127.0912019,21,259.47,32.4
다사63754675,37.5204627,127.0911896,21,11.33,4.7
다사63754700,37.522716,127.0911773,21,33.89,11.1
다사63754725,37.5249694,127.091165,21,181.44,27.3
다사63754750,37.5272227,127.0911527,21,31.24,9.6
다사63754775,37.5294761,127.0911404,21,813.89,47.2
다사63754800,37.5317294,127.0911281,21,14.72,5.4
다사63754825,37.5339828,127.0911158,21,1202.19,54.5
다사63754850,37.5362361,127.0911035,21,1615.89,61.7
다사63754875,37.5384894,127.0910912,21,2231.1,72.2
다사64004350,37.4911788,127.0941773,21,127.36,24.1
다사64004375,37.4934321,127.0941651,21,861.97,48.4
다사64004400,37.4956855,127.0941529,21,233.36,31.4
다사64004425,37.4979389,127.0941407,21,1139.03,53.3
다사64004450,37.5001922,127.0941285,21,2263.75,73.5
다사64004475,37.5024456,127.0941163,21,1324.58,56.8
다사64004500,37.5046989,127.0941041,21,1596.4,61.2
다사64004525,37.5069523,127.0940919,21,3635.51,91.2
다사64004550,37.5092056,127.0940797,21,4130.21,94.8
다사64004575,37.511459,127.0940675,21,2273.68,73.7
다사64004600,37.5137124,127.0940553,21,3796.64,93.4
다사64004625,37.5159657,127.0940431,21,3130.46,85.7
다사64004650,37.5182191,127.0940309,21,790.1,46.4
다사64004675,37.5204724,127.0940187,21,248.86,31.9
다사64004700,37.5227258,127.0940064,21,234.67,31.7
다사64004800,37.5317392,127.0939576,21,1301.44,56.3
다사64004825,37.5339925,127.0939454,21,670.47,43.2
다사64004850,37.5362459,127.0939332,21,2100.47,70.3
다사64004875,37.5384992,127.0939209,21,2624.65,80.8
다사64254300,37.4866817,127.0970294,21,30.06,9.1
다사64254325,37.4889351,127.0970173,21,91.95,20.6
다사64254350,37.4911884,127.0970052,21,266.2,33.2
다사64254375,37.4934418,127.0969931,21,380.28,37.1
다사64254400,37.4956952,127.096981,21,56.75,15.5
다사64254425,37.4979485,127.0969689,21,731.59,45.7
다사64254450,37.5002019,127.0969568,21,1783.07,65.8
다사64254475,37.5024553,127.0969447,21,2065.47,69.3
다사64254500,37.5047086,127.0969326,21,1755.48,65.1
다사64254525,37.506962,127.0969204,21,3350.92,87.2
다사64254550,37.5092153,127.0969083,21,291.94,34.2
다사64254575,37.5114687,127.0968962,21,4073.79,94.6
다사64254600,37.513722,127.0968841,21,1126.75,52.6
다사64254625,37.5159754,127.096872,21,114.18,22.6
다사64254650,37.5182288,127.0968599,21,45.26,13.5
다사64254675,37.5204821,127.0968477,21,364.62,36.6
다사64254700,37.5227355,127.0968356,21,26.37,8.4
다사64254775,37.5294955,127.0967992,21,7.14,1.5
다사64254800,37.5317489,127.0967871,21,46.32,13.8
다사64254825,37.5340022,127.096775,21,265.57,32.9
다사64254850,37.5362556,127.0967628,21,6162.19,98.3
다사64254875,37.5385089,127.0967507,21,1050.48,51.4
다사64504300,37.4866913,127.0998572,21,68.45,17.2
다사64504325,37.4889447,127.0998452,21,5565.31,96.8
다사64504350,37.4911981,127.0998332,21,1530.63,60.4
다사64504375,37.4934514,127.0998212,21,228.76,31.2
다사64504400,37.4957048,127.0998092,21,375.71,36.9
다사64504425,37.4979581,127.0997971,21,2566.22,79.6
다사64504450,37.5002115,127.0997851,21,2215.1,72.0
다사64504475,37.5024649,127.0997731,21,2574.34,79.9
다사64504500,37.5047182,127.099761,21,2631.77,81.1
다사64504525,37.5069716,127.099749,21,973.91,50.1
다사64504550,37.509225,127.099737,21,1440.07,58.2
다사64504575,37.5114783,127.0997249,21,3616.43,89.9
다사64504600,37.5137317,127.0997129,21,1498.35,59.7
다사64504625,37.515985,127.0997009,21,3009.15,84.3
다사64504650,37.5182384,127.0996888,21,4024.92,94.3
다사64504675,37.5204917,127.0996768,21,32.83,10.8
다사64504700,37.5227451,127.0996648,21,36.37,11.5
다사64504725,37.5249984,127.0996527,21,7.91,2.0
다사64504750,37.5272518,127.0996407,21,20.43,6.6
다사64504775,37.5295051,127.0996286,21,37.84,11.8
다사64504850,37.5362652,127.0995925,21,180.85,27.0
다사64504875,37.5385185,127.0995804,21,3363.53,87.5
다사64754300,37.4867009,127.102685,21,1898.44,67.1
다사64754325,37.4889542,127.1026731,21,3457.79,88.2
다사64754350,37.4912076,127.1026612,21,1247.46,55.5
다사64754375,37.493461,127.1026492,21,23.58,7.9
다사64754400,37.4957143,127.1026373,21,1896.02,66.8
다사64754425,37.4979677,127.1026254,21,2067.16,69.5
다사64754450,37.5002211,127.1026134,21,2403.47,76.4
다사64754475,37.5024744,127.1026015,21,74.07,18.9
다사64754500,37.5047278,127.1025895,21,1798.8,66.1
다사64754525,37.5069811,127.1025776,21,3050.53,85.0
다사64754550,37.5092345,127.1025656,21,1003.71,50.6
다사64754575,37.5114879,127.1025537,21,2410.53,76.9
다사64754600,37.5137412,127.1025417,21,8574.83,99.8
다사64754625,37.5159946,127.1025298,21,2121.96,70.8
다사64754650,37.5182479,127.1025178,21,2187.7,71.7
다사64754675,37.5205013,127.1025059,21,1084.59,52.1
다사64754700,37.5227546,127.1024939,21,219.25,30.0
다사64754725,37.525008,127.102482,21,78.24,19.7
다사64754825,37.5340214,127.1024341,21,44.28,13.0
다사64754850,37.5362747,127.1024222,21,61.12,16.2
다사64754875,37.5385281,127.1024102,21,9.77,3.2
다사65004300,37.4867103,127.1055128,21,3064.68,85.3
다사65004325,37.4889637,127.105501,21,2739.35,82.3
다사65004350,37.4912171,127.1054891,21,8.61,2.2
다사65004375,37.4934704,127.1054773,21,730.72,45.2
다사65004400,37.4957238,127.1054654,21,2439.95,77.9
다사65004425,37.4979772,127.1054536,21,2614.14,80.6
다사65004450,37.5002305,127.1054417,21,1198.78,54.3
다사65004475,37.5024839,127.1054299,21,2582.31,80.3
다사65004500,37.5047373,127.105418,21,2704.49,81.8
다사65004525,37.5069906,127.1054061,21,3049.48,84.8
다사65004550,37.509244,127.1053943,21,1979.88,68.6
다사65004575,37.5114973,127.1053824,21,1196.48,54.1
다사65004600,37.5137507,127.1053706,21,1449.85,58.7
다사65004625,37.5160041,127.1053587,21,3616.25,89.7
다사65004650,37.5182574,127.1053468,21,1135.22,52.8
다사65004675,37.5205108,127.105335,21,3622.3,90.2
다사65004725,37.5250175,127.1053112,21,19.07,6.4
다사65004750,37.5272708,127.1052993,21,209.8,29.0
다사65004800,37.5317775,127.1052756,21,70.56,17.4
다사65004825,37.5340309,127.1052637,21,268.12,33.4
다사65254325,37.4889731,127.1083289,21,202.67,28.7
다사65254350,37.4912265,127.1083171,21,52.37,14.5
다사65254375,37.4934799,127.1083053,21,1708.91,63.9
다사65254400,37.4957332,127.1082936,21,82.62,19.9
다사65254425,37.4979866,127.1082818,21,6567.35,99.0
다사65254450,37.50024,127.10827,21,2349.19,74.9
다사65254475,37.5024933,127.1082583,21,1560.77,60.9
다사65254500,37.5047467,127.1082465,21,1319.3,56.5
다사65254525,37.507,127.1082347,21,3953.16,93.9
다사65254550,37.5092534,127.1082229,21,1513.34,60.2
다사65254575,37.5115068,127.1082112,21,2177.33,71.5
다사65254600,37.5137601,127.1081994,21,7046.03,99.5
다사65254625,37.5160135,127.1081876,21,5764.49,97.5
다사65254650,37.5182668,127.1081758,21,5906.95,97.8
다사65254675,37.5205202,127.108164,21,569.62,40.5
다사65254700,37.5227735,127.1081523,21,5.02,0.5
다사65254725,37.5250269,127.1081405,21,1898.76,67.3
다사65254750,37.5272803,127.1081287,21,5708.73,97.3
다사65254775,37.5295336,127.1081169,21,217.96,29.7
다사65254800,37.531787,127.1081051,21,199.16,28.5
다사65254825,37.5340403,127.1080933,21,4.54,0.2
다사65504325,37.4889825,127.1111568,21,488.74,38.6
다사65504350,37.4912358,127.1111451,21,6.29,1.2
다사65504375,37.4934892,127.1111334,21,488.99,38.8
다사65504400,37.4957426,127.1111217,21,569.0,40.3
다사65504425,37.4979959,127.11111,21,2939.11,83.5
다사65504450,37.5002493,127.1110984,21,616.22,41.8
다사65504475,37.5025027,127.1110867,21,2371.27,75.9
다사65504500,37.504756,127.111075,21,4020.47,94.1
다사65504525,37.5070094,127.1110633,21,1289.8,56.0
다사65504550,37.5092627,127.1110516,21,1464.47,59.0
다사65504575,37.5115161,127.1110399,21,3679.64,91.9
다사65504600,37.5137695,127.1110282,21,940.89,49.9
다사65504625,37.5160228,127.1110165,21,3762.25,92.9
다사65504650,37.5182762,127.1110048,21,4207.6,95.1
다사65504675,37.5205295,127.1109931,21,675.97,43.5
다사65504700,37.5227829,127.1109814,21,4265.46,95.6
다사65504725,37.5250363,127.1109697,21,531.3,39.8
다사65504750,37.5272896,127.110958,21,227.75,31.0
다사65504775,37.529543,127.1109463,21,15.48,5.7
다사65504800,37.5317963,127.1109346,21,292.66,34.6
다사65504825,37.5340497,127.1109229,21,1711.82,64.1
다사65504850,37.536303,127.1109112,21,73.85,18.7
다사65754325,37.4889917,127.1139847,21,1955.23,68.3
다사65754350,37.4912451,127.1139731,21,713.31,44.5
다사65754375,37.4934985,127.1139615,21,419.77,37.6
다사65754400,37.4957518,127.1139499,21,20.98,6.9
다사65754450,37.5002586,127.1139267,21,1397.81,57.5
다사65754475,37.5025119,127.1139151,21,624.43,42.3
다사65754500,37.5047653,127.1139035,21,1622.28,61.9
다사65754525,37.5070187,127.1138919,21,2660.41,81.3
다사65754550,37.509272,127.1138803,21,1033.23,51.1
다사65754575,37.5115254,127.1138686,21,6026.31,98.0
다사65754600,37.5137788,127.113857,21,1093.58,52.3
다사65754625,37.5160321,127.1138454,21,5334.92,96.6
다사65754650,37.5182855,127.1138338,21,1694.57,63.1
다사65754675,37.5205388,127.1138222,21,3506.08,88.7
다사65754700,37.5227922,127.1138106,21,730.96,45.5
다사65754725,37.5250455,127.113799,21,1471.93,59.2
다사65754750,37.5272989,127.1137874,21,9.95,3.4
다사65754775,37.5295523,127.1137757,21,2432.73,77.6
다사65754800,37.5318056,127.1137641,21,2882.95,82.8
다사65754825,37.534059,127.1137525,21,9.58,2.7
다사65754850,37.5363123,127.1137409,21,31.88,10.1
다사66004350,37.4912543,127.116801,21,3659.35,91.4
다사66004375,37.4935077,127.1167895,21,3635.42,90.9
다사66004400,37.4957611,127.116778,21,2231.93,72.5
다사66004425,37.4980144,127.1167665,21,461.67,38.3
다사66004450,37.5002678,127.116755,21,2451.5,78.1
다사66004475,37.5025212,127.1167435,21,2360.71,75.7
다사66004500,37.5047745,127.116732,21,225.31,30.7
다사66004525,37.5070279,127.1167204,21,2093.19,70.0
다사66004550,37.5092812,127.1167089,21,75.52,19.2
다사66004575,37.5115346,127.1166974,21,1745.26,64.9
다사66004600,37.513788,127.1166859,21,2460.13,78.4
다사66004625,37.5160413,127.1166743,21,40.68,12.3
다사66004650,37.5182947,127.1166628,21,84.76,20.1
다사66004675,37.520548,127.1166513,21,654.62,42.8
다사66004700,37.5228014,127.1166398,21,4244.67,95.3
다사66004725,37.5250548,127.1166282,21,361.9,36.4
다사66004750,37.5273081,127.1166167,21,1031.95,50.9
다사66004775,37.5295615,127.1166052,21,3659.4,91.6
다사66004800,37.5318148,127.1165936,21,3761.78,92.6
다사66004825,37.5340682,127.1165821,21,448.62,38.1
다사66004850,37.5363215,127.1165706,21,1949.59,68.1
다사66254350,37.4912635,127.119629,21,44.25,12.8
다사66254375,37.4935168,127.1196176,21,2258.18,73.2
다사66254400,37.4957702,127.1196062,21,571.38,40.8
다사66254425,37.4980236,127.1195947,21,3564.92,89.2
다사66254450,37.5002769,127.1195833,21,882.75,48.6
다사66254475,37.5025303,127.1195719,21,4648.07,96.3
다사66254500,37.5047837,127.1195604,21,3067.09,85.5
다사66254525,37.507037,127.119549,21,1490.37,59.5
다사66254550,37.5092904,127.1195376,21,2313.18,74.4
다사66254575,37.5115437,127.1195261,21,4639.09,96.1
다사66254600,37.5137971,127.1195147,21,1666.92,62.4
다사66254625,37.5160505,127.1195033,21,95.35,20.9
다사66254725,37.5250639,127.1194575,21,120.58,23.6
다사66254750,37.5273173,127.119446,21,1139.95,53.6
다사66254775,37.5295706,127.1194346,21,57.44,15.7
다사66254800,37.531824,127.1194231,21,493.74,39.3
다사66254825,37.5340773,127.1194117,21,1281.1,55.8
다사66504375,37.4935259,127.1224457,21,1063.96,51.8
다사66504400,37.4957793,127.1224343,21,10256.59,100.0
다사66504425,37.4980326,127.122423,21,679.4,43.7
다사66504450,37.500286,127.1224116,21,1886.76,66.6
다사66504475,37.5025394,127.1224003,21,1762.24,65.4
다사66504500,37.5047927,127.1223889,21,1136.41,53.1
다사66504525,37.5070461,127.1223776,21,2548.29,79.4
다사66504550,37.5092995,127.1223662,21,2420.21,77.1
다사66504575,37.5115528,127.1223549,21,67.57,17.0
다사66504600,37.5138062,127.1223435,21,2393.22,76.2
다사66504625,37.5160596,127.1223322,21,195.82,28.3
다사66504650,37.5183129,127.1223208,21,72.12,17.7
다사66504725,37.525073,127.1222867,21,128.22,24.3
다사66504750,37.5273263,127.1222754,21,1209.74,55.0
다사66504775,37.5295797,127.122264,21,2111.2,70.5
다사66504800,37.5318331,127.1222526,21,1699.14,63.4
다사66754400,37.4957883,127.1252625,21,2144.39,71.0
다사66754425,37.4980416,127.1252512,21,345.93,35.6
다사66754450,37.500295,127.1252399,21,2360.33,75.4
다사66754475,37.5025484,127.1252287,21,1939.45,67.8
다사66754500,37.5048017,127.1252174,21,1730.63,64.6
다사66754525,37.5070551,127.1252062,21,7.41,1.7
다사66754550,37.5093085,127.1251949,21,1715.15,64.4
다사66754575,37.5115618,127.1251836,21,6744.34,99.3
다사66754600,37.5138152,127.1251724,21,44.4,13.3
다사66754625,37.5160686,127.1251611,21,502.32,39.6
다사66754650,37.5183219,127.1251498,21,194.98,28.0
다사66754675,37.5205753,127.1251385,21,276.63,33.7
다사66754700,37.5228286,127.1251273,21,28.4,8.6
다사66754725,37.525082,127.125116,21,2087.69,69.8
다사66754750,37.5273354,127.1251047,21,3554.74,88.9
다사66754775,37.5295887,127.1250934,21,705.28,44.2
다사67004425,37.4980506,127.1280794,21,2405.48,76.7
다사67004450,37.5003039,127.1280683,21,624.28,42.0
다사67004475,37.5025573,127.1280571,21,543.06,40.0
다사67004500,37.5048107,127.1280459,21,32.05,10.6
다사67004525,37.507064,127.1280347,21,220.79,30.2
다사67004550,37.5093174,127.1280236,21,4266.08,95.8
다사67004575,37.5115708,127.1280124,21,72.64,18.2
다사67004600,37.5138241,127.1280012,21,632.94,42.5
다사67004625,37.5160775,127.12799,21,659.29,43.0
다사67004650,37.5183309,127.1279788,21,835.2,48.2
다사67004675,37.5205842,127.1279676,21,51.43,14.3
다사67004700,37.5228376,127.1279564,21,322.16,35.4
다사67004725,37.525091,127.1279453,21,317.29,35.1
다사67004750,37.5273443,127.1279341,21,136.53,25.1
다사67254475,37.5025662,127.1308855,21,6.11,1.0
다사67254500,37.5048196,127.1308744,21,1672.58,62.7
다사67254525,37.5070729,127.1308633,21,316.27,34.9
다사67254550,37.5093263,127.1308522,21,2910.26,83.3
다사67254575,37.5115797,127.1308411,21,122.23,23.8
다사67254600,37.513833,127.13083,21,138.77,25.3
다사67254625,37.5160864,127.1308189,21,140.32,25.6
다사67254650,37.5183397,127.1308078,21,1606.93,61.4
다사67254675,37.5205931,127.1307967,21,51.27,14.0
다사67254700,37.5228465,127.1307856,21,1448.14,58.5
다사67504550,37.5093351,127.1336809,21,31.56,9.8
다사67504575,37.5115885,127.1336699,21,72.14,17.9
다사67504600,37.5138418,127.1336589,21,24.55,8.1
다사67504625,37.5160952,127.1336478,21,2841.75,82.6
다사61754500,37.5046087,127.0686478,22,93.1,21.4
다사61754525,37.5068621,127.0686349,22,356.14,37.2
다사61754550,37.5091154,127.0686219,22,210.55,29.8
다사61754575,37.5113688,127.0686089,22,140.83,25.4
다사61754600,37.5136221,127.068596,22,44.26,14.0
다사61754625,37.5158755,127.068583,22,8.07,2.0
다사61754650,37.5181288,127.06857,22,12.83,4.9
다사61754675,37.5203822,127.0685571,22,16.83,5.9
다사62004450,37.5001123,127.0715021,22,1016.0,51.7
다사62004475,37.5023657,127.0714892,22,120.7,24.9
다사62004500,37.504619,127.0714763,22,108.58,22.9
다사62004525,37.5068724,127.0714634,22,22.95,7.4
다사62004550,37.5091257,127.0714505,22,24.2,7.9
다사62004575,37.5113791,127.0714377,22,304.44,35.7
다사62004600,37.5136324,127.0714248,22,192.41,27.6
다사62004625,37.5158858,127.0714119,22,353.61,36.9
다사62004650,37.5181391,127.071399,22,106.73,22.2
다사62004675,37.5203925,127.0713861,22,26.61,8.4
다사62254425,37.4978692,127.0743432,22,830.14,48.5
다사62254450,37.5001225,127.0743304,22,68.48,18.2
다사62254475,37.5023759,127.0743176,22,87.71,20.7
다사62254500,37.5046292,127.0743048,22,3850.24,92.6
다사62254525,37.5068826,127.074292,22,65.68,17.7
다사62254550,37.5091359,127.0742792,22,685.07,44.3
다사62254575,37.5113893,127.0742664,22,63.24,17.2
다사62254600,37.5136426,127.0742536,22,83.07,20.4
다사62254625,37.515896,127.0742408,22,7.37,1.5
다사62254650,37.5181493,127.074228,22,48.13,14.5
다사62254675,37.5204027,127.0742152,22,9.92,3.4
다사62254750,37.5271627,127.0741768,22,8.74,2.5
다사62254775,37.5294161,127.0741639,22,520.12,41.6
다사62504375,37.4933726,127.0771968,22,2825.46,83.0
다사62504400,37.495626,127.0771841,22,91.14,20.9
다사62504425,37.4978793,127.0771714,22,269.0,34.2
다사62504450,37.5001327,127.0771587,22,29.3,9.6
다사62504475,37.502386,127.077146,22,933.0,50.0
다사62504500,37.5046394,127.0771332,22,18.52,6.2
다사62504525,37.5068927,127.0771205,22,2114.91,71.7
다사62504550,37.5091461,127.0771078,22,978.28,51.0
다사62504575,37.5113995,127.0770951,22,1773.59,65.3
다사62504600,37.5136528,127.0770824,22,2343.38,75.9
다사62504625,37.5159062,127.0770697,22,578.62,43.3
다사62504650,37.5181595,127.077057,22,140.84,25.6
다사62504750,37.5271729,127.0770061,22,51.55,14.8
다사62504775,37.5294262,127.0769934,22,1908.25,69.0
다사62504800,37.5316796,127.0769806,22,477.43,39.2
다사62754375,37.4933827,127.0800248,22,2098.75,71.2
다사62754400,37.4956361,127.0800122,22,334.19,36.2
다사62754425,37.4978894,127.0799996,22,10.8,3.9
다사62754450,37.5001428,127.079987,22,203.92,28.6
다사62754475,37.5023961,127.0799743,22,47.95,14.3
다사62754500,37.5046495,127.0799617,22,2680.06,81.5
다사62754525,37.5069028,127.0799491,22,911.66,49.5
다사62754550,37.5091562,127.0799365,22,2126.0,71.9
다사62754575,37.5114095,127.0799238,22,3172.49,86.5
다사62754600,37.5136629,127.0799112,22,5837.0,98.5
다사62754625,37.5159162,127.0798986,22,877.44,49.0
다사62754650,37.5181696,127.0798859,22,59.34,16.3
다사62754750,37.527183,127.0798354,22,832.61,48.8
다사62754775,37.5294363,127.0798228,22,367.7,37.4
다사62754800,37.5316897,127.0798101,22,3724.13,91.6
다사62754825,37.533943,127.0797975,22,1903.78,68.7
다사63004350,37.4911394,127.0828654,22,30.78,10.3
다사63004375,37.4933927,127.0828529,22,41.33,12.3
다사63004400,37.4956461,127.0828403,22,1291.13,56.7
다사63004425,37.4978994,127.0828278,22,207.97,29.3
다사63004450,37.5001528,127.0828153,22,119.37,24.6
다사63004475,37.5024062,127.0828027,22,5.47,0.2
다사63004500,37.5046595,127.0827902,22,1739.82,64.5
다사63004525,37.5069129,127.0827776,22,2427.39,77.3
다사63004550,37.5091662,127.0827651,22,2354.85,76.1
다사63004575,37.5114196,127.0827526,22,2302.09,75.4
다사63004600,37.5136729,127.08274,22,220.76,30.5
다사63004625,37.5159263,127.0827275,22,3649.18,90.1
다사63004650,37.5181796,127.0827149,22,28.91,9.1
다사63004750,37.527193,127.0826647,22,2656.42,81.3
다사63004775,37.5294464,127.0826522,22,3422.63,87.7
다사63004800,37.5316997,127.0826396,22,3033.83,85.0
다사63004825,37.5339531,127.0826271,22,3655.09,90.4
다사63004850,37.5362064,127.0826145,22,2445.91,77.8
다사63254325,37.488896,127.0857058,22,3441.29,88.2
다사63254350,37.4911493,127.0856934,22,1730.12,64.3
다사63254375,37.4934027,127.0856809,22,1396.49,59.1
다사63254400,37.495656,127.0856685,22,1379.56,58.4
다사63254425,37.4979094,127.085656,22,165.69,27.3
다사63254450,37.5001628,127.0856436,22,33.6,11.1
다사63254475,37.5024161,127.0856311,22,1507.76,60.6
다사63254500,37.5046695,127.0856187,22,3939.37,93.6
다사63254525,37.5069228,127.0856062,22,719.39,45.3
다사63254550,37.5091762,127.0855937,22,978.48,51.2
다사63254575,37.5114295,127.0855813,22,6511.89,99.5
다사63254600,37.5136829,127.0855688,22,3894.53,93.3
다사63254625,37.5159362,127.0855564,22,2959.08,84.0
다사63254650,37.5181896,127.0855439,22,493.13,40.1
다사63254750,37.527203,127.085494,22,19.24,6.7
다사63254775,37.5294563,127.0854816,22,824.34,48.3
다사63254800,37.5317097,127.0854691,22,1573.74,61.6
다사63254825,37.533963,127.0854566,22,553.39,42.9
다사63254850,37.5362164,127.0854442,22,2154.17,72.4
다사63504325,37.4889058,127.0885337,22,113.52,24.1
다사63504350,37.4911592,127.0885213,22,3078.2,85.2
다사63504375,37.4934126,127.088509,22,765.87,46.6
다사63504400,37.4956659,127.0884966,22,109.6,23.2
다사63504425,37.4979193,127.0884842,22,104.62,21.7
다사63504450,37.5001726,127.0884719,22,1831.37,66.5
다사63504475,37.502426,127.0884595,22,3973.91,94.1
다사63504500,37.5046794,127.0884471,22,803.35,47.8
다사63504525,37.5069327,127.0884348,22,6331.53,99.3
다사63504550,37.5091861,127.0884224,22,760.68,46.3
다사63504575,37.5114394,127.08841,22,157.12,26.6
다사63504600,37.5136928,127.0883976,22,3703.58,90.9
다사63504625,37.5159461,127.0883853,22,1426.94,59.9
다사63504650,37.5181995,127.0883729,22,92.63,21.2
다사63504750,37.5272129,127.0883234,22,117.25,24.4
다사63504775,37.5294662,127.088311,22,19.03,6.4
다사63504800,37.5317196,127.0882986,22,1322.37,57.4
다사63504825,37.5339729,127.0882862,22,3567.95,89.7
다사63504850,37.5362263,127.0882738,22,1802.7,66.0
다사63504875,37.5384796,127.0882614,22,3473.28,88.4
다사63754350,37.491169,127.0913493,22,544.73,42.6
다사63754375,37.4934224,127.091337,22,2218.03,74.1
다사63754400,37.4956757,127.0913247,22,237.16,32.5
다사63754425,37.4979291,127.0913125,22,112.36,23.9
다사63754450,37.5001825,127.0913002,22,3476.82,88.7
다사63754475,37.5024358,127.0912879,22,2100.98,71.4
다사63754500,37.5046892,127.0912756,22,3085.04,85.7
다사63754525,37.5069425,127.0912633,22,1414.64,59.6
다사63754550,37.5091959,127.091251,22,2870.3,83.7
다사63754575,37.5114492,127.0912387,22,2443.24,77.6
다사63754600,37.5137026,127.0912265,22,194.45,27.8
다사63754625,37.515956,127.0912142,22,1234.46,54.9
다사63754650,37.5182093,127.0912019,22,227.86,31.3
다사63754675,37.5204627,127.0911896,22,9.41,3.0
다사63754700,37.522716,127.0911773,22,27.14,8.9
다사63754725,37.5249694,127.091165,22,196.49,28.1
다사63754750,37.5272227,127.0911527,22,26.98,8.6
다사63754775,37.5294761,127.0911404,22,822.5,48.0
다사63754800,37.5317294,127.0911281,22,14.61,5.2
다사63754825,37.5339828,127.0911158,22,1190.78,54.2
다사63754850,37.5362361,127.0911035,22,1816.26,66.3
다사63754875,37.5384894,127.0910912,22,2272.51,74.6
다사64004350,37.4911788,127.0941773,22,110.9,23.6
다사64004375,37.4934321,127.0941651,22,794.45,47.3
다사64004400,37.4956855,127.0941529,22,215.05,30.0
다사64004425,37.4979389,127.0941407,22,1236.96,55.2
다사64004450,37.5001922,127.0941285,22,2395.28,76.6
다사64004475,37.5024456,127.0941163,22,1265.05,55.7
다사64004500,37.5046989,127.0941041,22,1742.19,64.8
다사64004525,37.5069523,127.0940919,22,3674.47,90.6
다사64004550,37.5092056,127.0940797,22,4507.83,95.6
다사64004575,37.511459,127.0940675,22,2381.18,76.4
다사64004600,37.5137124,127.0940553,22,4066.64,94.6
다사64004625,37.5159657,127.0940431,22,3349.64,87.4
다사64004650,37.5182191,127.0940309,22,770.82,46.8
다사64004675,37.5204724,127.0940187,22,247.43,33.5
다사64004700,37.5227258,127.0940064,22,209.6,29.6
다사64004800,37.5317392,127.0939576,22,1266.69,55.9
다사64004825,37.5339925,127.0939454,22,494.62,40.6
다사64004850,37.5362459,127.0939332,22,2017.97,70.4
다사64004875,37.5384992,127.0939209,22,2596.79,80.0
다사64254300,37.4866817,127.0970294,22,38.96,11.8
다사64254325,37.4889351,127.0970173,22,78.63,20.2
다사64254350,37.4911884,127.0970052,22,227.64,31.0
다사64254375,37.4934418,127.0969931,22,350.5,36.7
다사64254400,37.4956952,127.096981,22,53.01,15.3
다사64254425,37.4979485,127.0969689,22,741.43,45.6
다사64254450,37.5002019,127.0969568,22,1877.95,68.2
다사64254475,37.5024553,127.0969447,22,1948.12,69.5
다사64254500,37.5047086,127.0969326,22,1703.56,63.3
다사64254525,37.506962,127.0969204,22,3119.63,86.0
다사64254550,37.5092153,127.0969083,22,313.77,36.0
다사64254575,37.5114687,127.0968962,22,3158.21,86.2
다사64254600,37.513722,127.0968841,22,937.51,50.2
다사64254625,37.5159754,127.096872,22,107.9,22.7
다사64254650,37.5182288,127.0968599,22,38.53,11.6
다사64254675,37.5204821,127.0968477,22,280.98,35.0
다사64254700,37.5227355,127.0968356,22,20.3,7.1
다사64254775,37.5294955,127.0967992,22,6.73,1.0
다사64254800,37.5317489,127.0967871,22,42.49,13.1
다사64254825,37.5340022,127.096775,22,233.51,32.0
다사64254850,37.5362556,127.0967628,22,5691.76,98.3
다사64254875,37.5385089,127.0967507,22,1116.13,53.0
다사64504300,37.4866913,127.0998572,22,71.93,19.0
다사64504325,37.4889447,127.0998452,22,5529.79,97.5
다사64504350,37.4911981,127.0998332,22,1567.02,61.3
다사64504375,37.4934514,127.0998212,22,203.23,28.3
다사64504400,37.4957048,127.0998092,22,285.07,35.2
다사64504425,37.4979581,127.0997971,22,2758.49,82.0
다사64504450,37.5002115,127.0997851,22,2413.41,76.8
다사64504475,37.5024649,127.0997731,22,2648.78,80.8
다사64504500,37.5047182,127.099761,22,2815.08,82.8
다사64504525,37.5069716,127.099749,22,912.14,49.8
다사64504550,37.509225,127.099737,22,718.97,45.1
다사64504575,37.5114783,127.0997249,22,2515.94,78.6
다사64504600,37.5137317,127.0997129,22,1401.43,59.4
다사64504625,37.515985,127.0997009,22,2616.11,80.3
다사64504650,37.5182384,127.0996888,22,4261.73,94.8
다사64504675,37.5204917,127.0996768,22,30.41,9.9
다사64504700,37.5227451,127.0996648,22,30.5,10.1
다사64504725,37.5249984,127.0996527,22,7.46,1.7
다사64504750,37.5272518,127.0996407,22,42.72,13.5
다사64504775,37.5295051,127.0996286,22,41.05,12.1
다사64504850,37.5362652,127.0995925,22,159.04,26.8
다사64504875,37.5385185,127.0995804,22,3529.8,89.2
다사64754300,37.4867009,127.102685,22,1595.91,62.1
다사64754325,37.4889542,127.1026731,22,3184.59,86.7
다사64754350,37.4912076,127.1026612,22,1209.3,54.4
다사64754375,37.493461,127.1026492,22,23.38,7.6
다사64754400,37.4957143,127.1026373,22,2073.0,70.9
다사64754425,37.4979677,127.1026254,22,2186.86,73.2
다사64754450,37.5002211,127.1026134,22,2424.44,77.1
다사64754475,37.5024744,127.1026015,22,64.99,17.5
다사64754500,37.5047278,127.1025895,22,1946.73,69.2
다사64754525,37.5069811,127.1025776,22,2968.97,84.2
다사64754550,37.5092345,127.1025656,22,900.19,49.3
다사64754575,37.5114879,127.1025537,22,1395.08,58.9
다사64754600,37.5137412,127.1025417,22,5023.79,96.8
다사64754625,37.5159946,127.1025298,22,1541.8,61.1
다사64754650,37.5182479,127.1025178,22,2057.65,70.7
다사64754675,37.5205013,127.1025059,22,1013.13,51.5
다사64754700,37.5227546,127.1024939,22,223.06,30.8
다사64754725,37.525008,127.102482,22,73.93,19.7
다사64754825,37.5340214,127.1024341,22,41.85,12.8
다사64754850,37.5362747,127.1024222,22,56.55,16.0
다사64754875,37.5385281,127.1024102,22,9.68,3.2
다사65004300,37.4867103,127.1055128,22,2293.26,75.1
다사65004325,37.4889637,127.105501,22,2525.36,78.8
다사65004350,37.4912171,127.1054891,22,11.8,4.4
다사65004375,37.4934704,127.1054773,22,751.43,46.1
다사65004400,37.4957238,127.1054654,22,2686.97,81.8
다사65004425,37.4979772,127.1054536,22,2830.18,83.3
다사65004450,37.5002305,127.1054417,22,1162.6,53.9
다사65004475,37.5024839,127.1054299,22,2565.83,79.6
다사65004500,37.5047373,127.105418,22,2564.21,79.3
다사65004525,37.5069906,127.1054061,22,2837.73,83.5
다사65004550,37.509244,127.1053943,22,1622.23,62.6
다사65004575,37.5114973,127.1053824,22,1083.2,52.7
다사65004600,37.5137507,127.1053706,22,1071.77,52.5
다사65004625,37.5160041,127.1053587,22,3720.71,91.4
다사65004650,37.5182574,127.1053468,22,1233.15,54.7
다사65004675,37.5205108,127.105335,22,3851.35,92.9
다사65004725,37.5250175,127.1053112,22,16.64,5.7
다사65004750,37.5272708,127.1052993,22,243.36,33.0
다사65004800,37.5317775,127.1052756,22,66.63,18.0
다사65004825,37.5340309,127.1052637,22,272.83,34.5
다사65254325,37.4889731,127.1083289,22,228.75,31.5
다사65254350,37.4912265,127.1083171,22,59.68,16.7
다사65254375,37.4934799,127.1083053,22,1713.75,63.8
다사65254400,37.4957332,127.1082936,22,59.65,16.5
다사65254425,37.4979866,127.1082818,22,6920.87,99.8
다사65254450,37.50024,127.10827,22,2158.46,72.7
다사65254475,37.5024933,127.1082583,22,1590.65,61.8
다사65254500,37.5047467,127.1082465,22,1272.92,56.4
다사65254525,37.507,127.1082347,22,3812.23,92.1
다사65254550,37.5092534,127.1082229,22,1357.1,57.9
다사65254575,37.5115068,127.1082112,22,1835.12,66.7
다사65254600,37.5137601,127.1081994,22,6066.64,98.8
다사65254625,37.5160135,127.1081876,22,5551.45,97.8
다사65254650,37.5182668,127.1081758,22,6189.59,99.0
다사65254675,37.5205202,127.108164,22,493.46,40.4
다사65254700,37.5227735,127.1081523,22,8.95,2.7
다사65254725,37.5250269,127.1081405,22,1782.47,65.8
다사65254750,37.5272803,127.1081287,22,5424.18,97.3
다사65254775,37.5295336,127.1081169,22,205.94,29.1
다사65254800,37.531787,127.1081051,22,253.9,34.0
다사65254825,37.5340403,127.1080933,22,4.29,0.0
다사65504325,37.4889825,127.1111568,22,511.97,41.4
다사65504350,37.4912358,127.1111451,22,6.24,0.7
다사65504375,37.4934892,127.1111334,22,506.78,41.1
다사65504400,37.4957426,127.1111217,22,536.76,42.1
다사65504425,37.4979959,127.11111,22,3081.41,85.5
다사65504450,37.5002493,127.1110984,22,536.84,42.4
다사65504475,37.5025027,127.1110867,22,2202.51,73.9
다사65504500,37.504756,127.111075,22,4263.04,95.1
다사65504525,37.5070094,127.1110633,22,1301.27,56.9
다사65504550,37.5092627,127.1110516,22,1309.12,57.1
다사65504575,37.5115161,127.1110399,22,3539.93,89.4
다사65504600,37.5137695,127.1110282,22,960.51,50.5
다사65504625,37.5160228,127.1110165,22,3818.24,92.4
다사65504650,37.5182762,127.1110048,22,4349.45,95.3
다사65504675,37.5205295,127.1109931,22,743.73,45.8
다사65504700,37.5227829,127.1109814,22,4642.05,95.8
다사65504725,37.5250363,127.1109697,22,466.84,38.9
다사65504750,37.5272896,127.110958,22,252.94,33.7
다사65504775,37.529543,127.1109463,22,15.34,5.4
다사65504800,37.5317963,127.1109346,22,276.53,34.7
다사65504825,37.5340497,127.1109229,22,1778.69,65.5
다사65504850,37.536303,127.1109112,22,69.65,18.5
다사65754325,37.4889917,127.1139847,22,2016.54,70.2
다사65754350,37.4912451,127.1139731,22,656.74,43.8
다사65754375,37.4934985,127.1139615,22,435.34,38.2
다사65754400,37.4957518,127.1139499,22,8.65,2.2
다사65754450,37.5002586,127.1139267,22,1390.71,58.6
다사65754475,37.5025119,127.1139151,22,677.16,44.1
다사65754500,37.5047653,127.1139035,22,1653.35,63.1
다사65754525,37.5070187,127.1138919,22,2789.74,82.5
다사65754550,37.509272,127.1138803,22,1149.7,53.7
다사65754575,37.5115254,127.1138686,22,5621.71,98.0
다사65754600,37.5137788,127.113857,22,1134.35,53.4
다사65754625,37.5160321,127.1138454,22,5069.8,97.0
다사65754650,37.5182855,127.1138338,22,1768.96,65.0
다사65754675,37.5205388,127.1138222,22,3596.19,89.9
다사65754700,37.5227922,127.1138106,22,798.1,47.5
다사65754725,37.5250455,127.113799,22,1531.93,60.8
다사65754750,37.5272989,127.1137874,22,10.13,3.7
다사65754775,37.5295523,127.1137757,22,2639.69,80.5
다사65754800,37.5318056,127.1137641,22,3017.95,84.7
다사65754825,37.534059,127.1137525,22,12.48,4.7
다사65754850,37.5363123,127.1137409,22,10.97,4.2
다사66004350,37.4912543,127.116801,22,3511.0,88.9
다사66004375,37.4935077,127.1167895,22,3319.03,87.2
다사66004400,37.4957611,127.116778,22,2318.56,75.6
다사66004425,37.4980144,127.1167665,22,499.34,40.9
다사66004450,37.5002678,127.116755,22,2486.01,78.3
다사66004475,37.5025212,127.1167435,22,2466.51,78.1
다사66004500,37.5047745,127.116732,22,234.49,32.3
다사66004525,37.5070279,127.1167204,22,1884.46,68.5
다사66004550,37.5092812,127.1167089,22,75.64,20.0
다사66004575,37.5115346,127.1166974,22,1840.27,67.0
다사66004600,37.513788,127.1166859,22,2566.08,79.8
다사66004625,37.5160413,127.1166743,22,53.34,15.5
다사66004650,37.5182947,127.1166628,22,72.97,19.2
다사66004675,37.520548,127.1166513,22,298.4,35.5
다사66004700,37.5228014,127.1166398,22,3865.06,93.1
다사66004725,37.5250548,127.1166282,22,339.0,36.5
다사66004750,37.5273081,127.1166167,22,1056.31,52.2
다사66004775,37.5295615,127.1166052,22,3777.39,91.9
다사66004800,37.5318148,127.1165936,22,3971.42,93.8
다사66004825,37.5340682,127.1165821,22,445.57,38.7
다사66004850,37.5363215,127.1165706,22,2004.28,70.0
다사66254350,37.4912635,127.119629,22,31.51,10.6
다사66254375,37.4935168,127.1196176,22,2143.13,72.2
다사66254400,37.4957702,127.1196062,22,443.29,38.4
다사66254425,37.4980236,127.1195947,22,3437.98,87.9
다사66254450,37.5002769,127.1195833,22,791.01,47.0
다사66254475,37.5025303,127.1195719,22,4927.2,96.3
다사66254500,37.5047837,127.1195604,22,3235.82,86.9
다사66254525,37.507037,127.119549,22,1479.51,60.3
다사66254550,37.5092904,127.1195376,22,2288.38,74.9
다사66254575,37.5115437,127.1195261,22,4787.41,96.1
다사66254600,37.5137971,127.1195147,22,1600.85,62.3
다사66254625,37.5160505,127.1195033,22,73.32,19.5
다사66254725,37.5250639,127.1194575,22,105.55,21.9
다사66254750,37.5273173,127.119446,22,1123.48,53.2
다사66254775,37.5295706,127.1194346,22,54.15,15.8
다사66254800,37.531824,127.1194231,22,481.34,39.4
다사66254825,37.5340773,127.1194117,22,1359.19,58.1
다사66504375,37.4935259,127.1224457,22,971.77,50.7
다사66504400,37.4957793,127.1224343,22,8221.99,100.0
다사66504425,37.4980326,127.122423,22,709.75,44.8
다사66504450,37.500286,127.1224116,22,1998.7,69.7
다사66504475,37.5025394,127.1224003,22,1845.78,67.5
다사66504500,37.5047927,127.1223889,22,1051.05,52.0
다사66504525,37.5070461,127.1223776,22,2649.55,81.0
다사66504550,37.5092995,127.1223662,22,1707.2,63.5
다사66504575,37.5115528,127.1223549,22,41.76,12.6
다사66504600,37.5138062,127.1223435,22,2271.82,74.4
다사66504625,37.5160596,127.1223322,22,134.3,25.1
다사66504650,37.5183129,127.1223208,22,62.08,17.0
다사66504725,37.525073,127.1222867,22,110.35,23.4
다사66504750,37.5273263,127.1222754,22,1263.59,55.4
다사66504775,37.5295797,127.122264,22,1877.59,68.0
다사66504800,37.5318331,127.1222526,22,1652.8,62.8
다사66754400,37.4957883,127.1252625,22,2196.56,73.6
다사66754425,37.4980416,127.1252512,22,382.07,37.7
다사66754450,37.500295,127.1252399,22,2195.15,73.4
다사66754475,37.5025484,127.1252287,22,1852.98,67.7
다사66754500,37.5048017,127.1252174,22,1842.84,67.2
다사66754525,37.5070551,127.1252062,22,7.35,1.2
다사66754550,37.5093085,127.1251949,22,1327.14,57.6
다사66754575,37.5115618,127.1251836,22,4927.32,96.6
다사66754600,37.5138152,127.1251724,22,43.04,13.8
다사66754625,37.5160686,127.1251611,22,432.32,37.9
다사66754650,37.5183219,127.1251498,22,107.16,22.4
다사66754675,37.5205753,127.1251385,22,238.13,32.8
다사66754700,37.5228286,127.1251273,22,24.43,8.1
다사66754725,37.525082,127.125116,22,2160.38,72.9
다사66754750,37.5273354,127.1251047,22,3704.73,91.1
다사66754775,37.5295887,127.1250934,22,653.97,43.6
다사67004425,37.4980506,127.1280794,22,2552.95,79.1
다사67004450,37.5003039,127.1280683,22,575.34,43.1
다사67004475,37.5025573,127.1280571,22,484.83,39.9
다사67004500,37.5048107,127.1280459,22,31.77,10.8
다사67004525,37.507064,127.1280347,22,229.57,31.8
다사67004550,37.5093174,127.1280236,22,4017.76,94.3
다사67004575,37.5115708,127.1280124,22,52.49,15.0
다사67004600,37.5138241,127.1280012,22,701.17,44.6
다사67004625,37.5160775,127.12799,22,482.01,39.7
다사67004650,37.5183309,127.1279788,22,530.81,41.9
다사67004675,37.5205842,127.1279676,22,42.5,13.3
다사67004700,37.5228376,127.1279564,22,244.48,33.3
다사67004725,37.525091,127.1279453,22,205.91,28.8
다사67004750,37.5273443,127.1279341,22,141.86,25.9
다사67254475,37.5025662,127.1308855,22,6.05,0.5
다사67254500,37.5048196,127.1308744,22,1720.94,64.0
다사67254525,37.5070729,127.1308633,22,217.76,30.3
다사67254550,37.5093263,127.1308522,22,2780.16,82.3
다사67254575,37.5115797,127.1308411,22,146.62,26.4
다사67254600,37.513833,127.13083,22,163.65,27.1
다사67254625,37.5160864,127.1308189,22,146.34,26.1
다사67254650,37.5183397,127.1308078,22,1472.32,60.1
다사67254675,37.5205931,127.1307967,22,36.19,11.3
다사67254700,37.5228465,127.1307856,22,1268.44,56.2
다사67504550,37.5093351,127.1336809,22,20.24,6.9
다사67504575,37.5115885,127.1336699,22,71.46,18.7
다사67504600,37.5138418,127.1336589,22,29.09,9.4
다사67504625,37.5160952,127.1336478,22,2998.38,84.5
다사61754500,37.5046087,127.0686478,23,74.6,20.9
다사61754525,37.5068621,127.0686349,23,360.49,37.8
다사61754550,37.5091154,127.0686219,23,169.45,28.3
다사61754575,37.5113688,127.0686089,23,116.8,25.8
다사61754600,37.5136221,127.068596,23,37.46,12.8
다사61754625,37.5158755,127.068583,23,5.3,0.5
다사61754650,37.5181288,127.06857,23,6.87,2.2
다사61754675,37.5203822,127.0685571,23,15.62,6.9
다사62004450,37.5001123,127.0715021,23,1069.26,53.6
다사62004475,37.5023657,127.0714892,23,99.28,23.1
다사62004500,37.504619,127.0714763,23,102.3,23.8
다사62004525,37.5068724,127.0714634,23,31.57,11.5
다사62004550,37.5091257,127.0714505,23,24.2,9.3
다사62004575,37.5113791,127.0714377,23,344.59,37.6
다사62004600,37.5136324,127.0714248,23,178.58,28.5
다사62004625,37.5158858,127.0714119,23,237.85,33.7
다사62004650,37.5181391,127.071399,23,99.07,22.9
다사62004675,37.5203925,127.0713861,23,24.68,10.1
다사62254425,37.4978692,127.0743432,23,847.4,49.6
다사62254450,37.5001225,127.0743304,23,67.47,18.9
다사62254475,37.5023759,127.0743176,23,80.62,21.6
다사62254500,37.5046292,127.0743048,23,3952.37,93.1
다사62254525,37.5068826,127.074292,23,66.42,18.4
다사62254550,37.5091359,127.0742792,23,645.27,45.0
다사62254575,37.5113893,127.0742664,23,39.87,13.3
다사62254600,37.5136426,127.0742536,23,77.07,21.1
다사62254625,37.515896,127.0742408,23,11.75,5.2
다사62254650,37.5181493,127.074228,23,42.79,14.5
다사62254675,37.5204027,127.0742152,23,9.21,3.2
다사62254750,37.5271627,127.0741768,23,8.36,2.9
다사62254775,37.5294161,127.0741639,23,471.54,40.0
다사62504375,37.4933726,127.0771968,23,2717.36,81.1
다사62504400,37.495626,127.0771841,23,93.86,22.1
다사62504425,37.4978793,127.0771714,23,265.15,34.9
다사62504450,37.5001327,127.0771587,23,28.12,10.8
다사62504475,37.502386,127.077146,23,955.35,51.6
다사62504500,37.5046394,127.0771332,23,18.61,7.4
다사62504525,37.5068927,127.0771205,23,2172.01,73.5
다사62504550,37.5091461,127.0771078,23,954.36,51.4
다사62504575,37.5113995,127.0770951,23,1784.82,66.1
다사62504600,37.5136528,127.0770824,23,2498.88,78.1
다사62504625,37.5159062,127.0770697,23,543.75,43.7
다사62504650,37.5181595,127.077057,23,130.69,26.5
다사62504750,37.5271729,127.0770061,23,49.18,16.0
다사62504775,37.5294262,127.0769934,23,1998.42,70.5
다사62504800,37.5316796,127.0769806,23,479.36,40.3
다사62754375,37.4933827,127.0800248,23,2032.34,71.3
다사62754400,37.4956361,127.0800122,23,329.41,37.1
다사62754425,37.4978894,127.0799996,23,10.61,4.2
다사62754450,37.5001428,127.079987,23,201.02,30.5
다사62754475,37.5023961,127.0799743,23,43.06,15.0
다사62754500,37.5046495,127.0799617,23,2811.94,83.0
다사62754525,37.5069028,127.0799491,23,947.46,50.9
다사62754550,37.5091562,127.0799365,23,1951.21,69.8
다사62754575,37.5114095,127.0799238,23,2760.42,81.6
다사62754600,37.5136629,127.0799112,23,5836.23,98.8
다사62754625,37.5159162,127.0798986,23,859.75,49.9
다사62754650,37.5181696,127.0798859,23,55.08,17.0
다사62754750,37.527183,127.0798354,23,784.99,47.7
다사62754775,37.5294363,127.0798228,23,393.88,39.1
다사62754800,37.5316897,127.0798101,23,3803.55,91.4
다사62754825,37.533943,127.0797975,23,1990.53,70.3
다사63004350,37.4911394,127.0828654,23,38.94,13.0
다사63004375,37.4933927,127.0828529,23,40.72,13.8
다사63004400,37.4956461,127.0828403,23,1359.03,59.2
다사63004425,37.4978994,127.0828278,23,204.97,31.2
다사63004450,37.5001528,127.0828153,23,114.52,25.6
다사63004475,37.5024062,127.0828027,23,5.47,0.7
다사63004500,37.5046595,127.0827902,23,1835.72,67.3
다사63004525,37.5069129,127.0827776,23,2489.16,77.4
다사63004550,37.5091662,127.0827651,23,2151.2,72.7
다사63004575,37.5114196,127.0827526,23,2213.68,74.4
다사63004600,37.5136729,127.08274,23,248.93,33.9
다사63004625,37.5159263,127.0827275,23,3913.83,92.6
다사63004650,37.5181796,127.0827149,23,26.84,10.6
다사63004750,37.527193,127.0826647,23,2713.01,80.8
다사63004775,37.5294464,127.0826522,23,3494.79,88.9
다사63004800,37.5316997,127.0826396,23,3156.51,87.0
다사63004825,37.5339531,127.0826271,23,3863.9,92.4
다사63004850,37.5362064,127.0826145,23,2309.39,76.2
다사63254325,37.488896,127.0857058,23,3091.44,85.5
다사63254350,37.4911493,127.0856934,23,1849.44,67.6
다사63254375,37.4934027,127.0856809,23,1483.75,60.9
다사63254400,37.495656,127.0856685,23,1429.19,60.2
다사63254425,37.4979094,127.085656,23,163.33,27.8
다사63254450,37.5001628,127.0856436,23,36.96,12.5
다사63254475,37.5024161,127.0856311,23,1552.19,61.9
다사63254500,37.5046695,127.0856187,23,4030.37,93.9
다사63254525,37.5069228,127.0856062,23,766.33,47.4
다사63254550,37.5091762,127.0855937,23,984.13,52.1
다사63254575,37.5114295,127.0855813,23,6332.83,99.3
다사63254600,37.5136829,127.0855688,23,4133.42,94.3
다사63254625,37.5159362,127.0855564,23,3112.8,86.0
다사63254650,37.5181896,127.0855439,23,326.83,36.6
다사63254750,37.527203,127.085494,23,15.11,6.1
다사63254775,37.5294563,127.0854816,23,870.74,50.1
다사63254800,37.5317097,127.0854691,23,1594.22,62.4
다사63254825,37.533963,127.0854566,23,541.15,43.2
다사63254850,37.5362164,127.0854442,23,2061.61,71.7
다사63504325,37.4889058,127.0885337,23,105.16,24.6
다사63504350,37.4911592,127.0885213,23,3189.94,87.2
다사63504375,37.4934126,127.088509,23,729.45,46.7
다사63504400,37.4956659,127.0884966,23,105.83,24.8
다사63504425,37.4979193,127.0884842,23,102.98,24.1
다사63504450,37.5001726,127.0884719,23,1877.17,68.6
다사63504475,37.502426,127.0884595,23,3982.28,93.4
다사63504500,37.5046794,127.0884471,23,700.53,45.5
다사63504525,37.5069327,127.0884348,23,6252.39,99.0
다사63504550,37.5091861,127.0884224,23,800.13,48.2
다사63504575,37.5114394,127.08841,23,126.92,26.0
다사63504600,37.5136928,127.0883976,23,3842.11,91.9
다사63504625,37.5159461,127.0883853,23,1434.47,60.4
다사63504650,37.5181995,127.0883729,23,85.94,21.9
다사63504750,37.5272129,127.0883234,23,112.11,25.3
다사63504775,37.5294662,127.088311,23,19.03,7.6
다사63504800,37.5317196,127.0882986,23,1398.96,59.7
다사63504825,37.5339729,127.0882862,23,3746.04,90.9
다사63504850,37.5362263,127.0882738,23,1606.05,63.1
다사63504875,37.5384796,127.0882614,23,3488.13,88.7
다사63754350,37.491169,127.0913493,23,541.87,43.5
다사63754375,37.4934224,127.091337,23,2229.71,75.2
다사63754400,37.4956757,127.0913247,23,225.87,32.9
다사63754425,37.4979291,127.0913125,23,106.08,25.1
다사63754450,37.5001825,127.0913002,23,3665.34,89.9
다사63754475,37.5024358,127.0912879,23,2216.92,74.7
다사63754500,37.5046892,127.0912756,23,3137.13,86.7
다사63754525,37.5069425,127.0912633,23,1314.82,58.0
다사63754550,37.5091959,127.091251,23,2802.41,82.8
다사63754575,37.5114492,127.0912387,23,2560.01,79.1
다사63754600,37.5137026,127.0912265,23,210.35,31.4
다사63754625,37.515956,127.0912142,23,1323.2,58.2
다사63754650,37.5182093,127.0912019,23,194.7,29.5
다사63754675,37.5204627,127.0911896,23,8.13,2.7
다사63754700,37.522716,127.0911773,23,22.06,8.1
다사63754725,37.5249694,127.091165,23,194.73,29.7
다사63754750,37.5272227,127.0911527,23,24.27,9.6
다사63754775,37.5294761,127.0911404,23,839.03,49.4
다사63754800,37.5317294,127.0911281,23,10.74,4.4
다사63754825,37.5339828,127.0911158,23,1151.96,54.3
다사63754850,37.5362361,127.0911035,23,1852.4,67.8
다사63754875,37.5384894,127.0910912,23,2279.11,75.9
다사64004350,37.4911788,127.0941773,23,100.61,23.3
다사64004375,37.4934321,127.0941651,23,756.64,47.2
다사64004400,37.4956855,127.0941529,23,204.83,31.0
다사64004425,37.4979389,127.0941407,23,1309.79,57.7
다사64004450,37.5001922,127.0941285,23,2505.85,78.4
다사64004475,37.5024456,127.0941163,23,1248.4,56.0
다사64004500,37.5046989,127.0941041,23,1794.45,66.3
다사64004525,37.5069523,127.0940919,23,3629.96,89.7
다사64004550,37.5092056,127.0940797,23,4660.42,96.1
다사64004575,37.511459,127.0940675,23,2413.26,76.7
다사64004600,37.5137124,127.0940553,23,4253.16,95.1
다사64004625,37.5159657,127.0940431,23,3520.44,89.4
다사64004650,37.5182191,127.0940309,23,727.89,46.4
다사64004675,37.5204724,127.0940187,23,231.01,33.2
다사64004700,37.5227258,127.0940064,23,179.05,28.7
다사64004800,37.5317392,127.0939576,23,1296.67,57.5
다사64004825,37.5339925,127.0939454,23,387.57,38.6
다사64004850,37.5362459,127.0939332,23,1988.63,70.0
다사64004875,37.5384992,127.0939209,23,2555.81,78.9
다사64254300,37.4866817,127.0970294,23,44.77,15.5
다사64254325,37.4889351,127.0970173,23,70.14,19.4
다사64254350,37.4911884,127.0970052,23,203.09,30.7
다사64254375,37.4934418,127.0969931,23,333.83,37.3
다사64254400,37.4956952,127.096981,23,51.09,16.5
다사64254425,37.4979485,127.0969689,23,749.02,46.9
다사64254450,37.5002019,127.0969568,23,1949.93,69.5
다사64254475,37.5024553,127.0969447,23,1797.27,66.6
다사64254500,37.5047086,127.0969326,23,1732.31,65.1
다사64254525,37.506962,127.0969204,23,3028.43,85.0
다사64254550,37.5092153,127.0969083,23,392.3,38.8
다사64254575,37.5114687,127.0968962,23,2867.4,83.5
다사64254600,37.513722,127.0968841,23,807.93,48.9
다사64254625,37.5159754,127.096872,23,95.25,22.4
다사64254650,37.5182288,127.0968599,23,42.23,14.3
다사64254675,37.5204821,127.0968477,23,216.01,31.7
다사64254700,37.5227355,127.0968356,23,15.61,6.6
다사64254775,37.5294955,127.0967992,23,6.54,2.0
다사64254800,37.5317489,127.0967871,23,56.56,17.2
다사64254825,37.5340022,127.096775,23,218.27,32.2
다사64254850,37.5362556,127.0967628,23,5689.55,98.5
다사64254875,37.5385089,127.0967507,23,1110.77,54.1
다사64504300,37.4866913,127.0998572,23,71.89,19.9
다사64504325,37.4889447,127.0998452,23,5483.52,98.3
다사64504350,37.4911981,127.0998332,23,1598.87,62.9
다사64504375,37.4934514,127.0998212,23,187.66,29.0
다사64504400,37.4957048,127.0998092,23,273.55,35.4
다사64504425,37.4979581,127.0997971,23,2823.72,83.3
다사64504450,37.5002115,127.0997851,23,2490.21,77.6
다사64504475,37.5024649,127.0997731,23,2686.62,80.6
다사64504500,37.5047182,127.099761,23,2968.85,84.5
다사64504525,37.5069716,127.099749,23,883.85,50.4
다사64504550,37.509225,127.099737,23,372.41,38.3
다사64504575,37.5114783,127.0997249,23,1832.23,67.1
다사64504600,37.5137317,127.0997129,23,1064.84,53.3
다사64504625,37.515985,127.0997009,23,2405.74,76.4
다사64504650,37.5182384,127.0996888,23,4458.19,95.6
다사64504675,37.5204917,127.0996768,23,30.61,11.3
다사64504700,37.5227451,127.0996648,23,23.05,8.8
다사64504725,37.5249984,127.0996527,23,7.31,2.5
다사64504750,37.5272518,127.0996407,23,50.08,16.2
다사64504775,37.5295051,127.0996286,23,45.42,15.7
다사64504850,37.5362652,127.0995925,23,148.66,27.3
다사64504875,37.5385185,127.0995804,23,3771.0,91.2
다사64754300,37.4867009,127.102685,23,1580.9,62.2
다사64754325,37.4889542,127.1026731,23,3126.81,86.5
다사64754350,37.4912076,127.1026612,23,1201.34,55.3
다사64754375,37.493461,127.1026492,23,16.97,7.1
다사64754400,37.4957143,127.1026373,23,2165.92,73.2
다사64754425,37.4979677,127.1026254,23,2251.72,75.4
다사64754450,37.5002211,127.1026134,23,2495.04,77.9
다사64754475,37.5024744,127.1026015,23,56.61,17.4
다사64754500,37.5047278,127.1025895,23,2022.66,71.0
다사64754525,37.5069811,127.1025776,23,2871.6,83.8
다사64754550,37.5092345,127.1025656,23,627.31,44.5
다사64754575,37.5114879,127.1025537,23,802.34,48.4
다사64754600,37.5137412,127.1025417,23,2956.35,84.3
다사64754625,37.5159946,127.1025298,23,1218.75,55.8
다사64754650,37.5182479,127.1025178,23,1899.67,69.0
다사64754675,37.5205013,127.1025059,23,992.27,52.3
다사64754700,37.5227546,127.1024939,23,252.69,34.4
다사64754725,37.525008,127.102482,23,72.07,20.3
다사64754825,37.5340214,127.1024341,23,40.81,14.0
다사64754850,37.5362747,127.1024222,23,54.51,16.7
다사64754875,37.5385281,127.1024102,23,9.68,3.7
다사65004300,37.4867103,127.1055128,23,1412.98,60.0
다사65004325,37.4889637,127.105501,23,2520.39,78.6
다사65004350,37.4912171,127.1054891,23,11.8,5.4
다사65004375,37.4934704,127.1054773,23,797.79,47.9
다사65004400,37.4957238,127.1054654,23,2766.19,81.8
다사65004425,37.4979772,127.1054536,23,2985.17,84.8
다사65004450,37.5002305,127.1054417,23,1185.03,55.0
다사65004475,37.5024839,127.1054299,23,2572.28,79.6
다사65004500,37.5047373,127.105418,23,2571.14,79.4
다사65004525,37.5069906,127.1054061,23,2793.7,82.6
다사65004550,37.509244,127.1053943,23,1484.81,61.2
다사65004575,37.5114973,127.1053824,23,967.26,51.8
다사65004600,37.5137507,127.1053706,23,821.82,49.1
다사65004625,37.5160041,127.1053587,23,3729.62,90.7
다사65004650,37.5182574,127.1053468,23,1284.19,57.0
다사65004675,37.5205108,127.105335,23,4000.41,93.6
다사65004725,37.5250175,127.1053112,23,13.43,5.7
다사65004750,37.5272708,127.1052993,23,254.03,34.6
다사65004800,37.5317775,127.1052756,23,65.02,18.2
다사65004825,37.5340309,127.1052637,23,304.59,36.1
다사65254325,37.4889731,127.1083289,23,237.31,33.4
다사65254350,37.4912265,127.1083171,23,63.76,17.9
다사65254375,37.4934799,127.1083053,23,1661.33,64.4
다사65254400,37.4957332,127.1082936,23,70.37,19.7
다사65254425,37.4979866,127.1082818,23,7177.05,99.8
다사65254450,37.50024,127.10827,23,2154.89,73.0
다사65254475,37.5024933,127.1082583,23,1655.01,63.6
다사65254500,37.5047467,127.1082465,23,1265.2,56.3
다사65254525,37.507,127.1082347,23,3507.49,89.2
다사65254550,37.5092534,127.1082229,23,1266.71,56.5
다사65254575,37.5115068,127.1082112,23,1532.37,61.7
다사65254600,37.5137601,127.1081994,23,4856.36,96.6
다사65254625,37.5160135,127.1081876,23,5366.74,98.0
다사65254650,37.5182668,127.1081758,23,6417.44,99.5
다사65254675,37.5205202,127.108164,23,483.19,40.8
다사65254700,37.5227735,127.1081523,23,4.98,0.2
다사65254725,37.5250269,127.1081405,23,1691.53,64.6
다사65254750,37.5272803,127.1081287,23,5066.88,97.1
다사65254775,37.5295336,127.1081169,23,200.9,30.2
다사65254800,37.531787,127.1081051,23,278.36,35.6
다사65254825,37.5340403,127.1080933,23,4.2,0.0
다사65504325,37.4889825,127.1111568,23,496.6,41.8
다사65504350,37.4912358,127.1111451,23,6.24,1.5
다사65504375,37.4934892,127.1111334,23,530.99,43.0
다사65504400,37.4957426,127.1111217,23,522.87,42.5
다사65504425,37.4979959,127.11111,23,3214.64,87.5
다사65504450,37.5002493,127.1110984,23,503.11,42.3
다사65504475,37.5025027,127.1110867,23,2125.28,72.2
다사65504500,37.504756,127.111075,23,4368.83,95.3
다사65504525,37.5070094,127.1110633,23,1339.87,58.7
다사65504550,37.5092627,127.1110516,23,1286.86,57.2
다사65504575,37.5115161,127.1110399,23,3356.31,87.7
다사65504600,37.5137695,127.1110282,23,949.38,51.1
다사65504625,37.5160228,127.1110165,23,3817.49,91.6
다사65504650,37.5182762,127.1110048,23,4528.64,95.8
다사65504675,37.5205295,127.1109931,23,726.26,46.2
다사65504700,37.5227829,127.1109814,23,4754.28,96.3
다사65504725,37.5250363,127.1109697,23,481.13,40.5
다사65504750,37.5272896,127.110958,23,292.83,35.9
다사65504775,37.529543,127.1109463,23,15.34,6.4
다사65504800,37.5317963,127.1109346,23,269.8,35.1
다사65504825,37.5340497,127.1109229,23,1804.29,66.8
다사65504850,37.536303,127.1109112,23,68.3,19.2
다사65754325,37.4889917,127.1139847,23,2019.96,70.8
다사65754350,37.4912451,127.1139731,23,631.2,44.7
다사65754375,37.4934985,127.1139615,23,498.77,42.0
다사65754400,37.4957518,127.1139499,23,21.22,7.9
다사65754425,37.4980052,127.1139383,23,6.38,1.7
다사65754450,37.5002586,127.1139267,23,1387.52,59.5
다사65754475,37.5025119,127.1139151,23,666.99,45.2
다사65754500,37.5047653,127.1139035,23,1658.66,64.1
다사65754525,37.5070187,127.1138919,23,2924.87,84.0
다사65754550,37.509272,127.1138803,23,1172.63,54.5
다사65754575,37.5115254,127.1138686,23,5313.93,97.8
다사65754600,37.5137788,127.113857,23,1205.77,55.5
다사65754625,37.5160321,127.1138454,23,5108.29,97.5
다사65754650,37.5182855,127.1138338,23,1859.52,68.3
다사65754675,37.5205388,127.1138222,23,3687.82,90.2
다사65754700,37.5227922,127.1138106,23,807.08,48.6
다사65754725,37.5250455,127.113799,23,1618.16,63.4
다사65754750,37.5272989,127.1137874,23,10.13,3.9
다사65754775,37.5295523,127.1137757,23,2775.42,82.3
다사65754800,37.5318056,127.1137641,23,3111.73,85.7
다사65754825,37.534059,127.1137525,23,9.49,3.4
다사65754850,37.5363123,127.1137409,23,10.97,4.9
다사66004350,37.4912543,127.116801,23,3437.35,88.5
다사66004375,37.4935077,127.1167895,23,3077.21,85.3
다사66004400,37.4957611,127.116778,23,2420.96,76.9
다사66004425,37.4980144,127.1167665,23,526.9,42.8
다사66004450,37.5002678,127.116755,23,2481.65,77.1
다사66004475,37.5025212,127.1167435,23,2594.45,79.9
다사66004500,37.5047745,127.116732,23,250.7,34.2
다사66004525,37.5070279,127.1167204,23,1764.82,65.4
다사66004550,37.5092812,127.1167089,23,78.71,21.4
다사66004575,37.5115346,127.1166974,23,1896.47,68.8
다사66004600,37.513788,127.1166859,23,2625.43,80.1
다사66004625,37.5160413,127.1166743,23,22.69,8.6
다사66004650,37.5182947,127.1166628,23,67.37,18.7
다사66004675,37.520548,127.1166513,23,197.77,30.0
다사66004700,37.5228014,127.1166398,23,3919.44,92.9
다사66004725,37.5250548,127.1166282,23,329.11,36.9
다사66004750,37.5273081,127.1166167,23,1052.46,53.1
다사66004775,37.5295615,127.1166052,23,3846.5,92.1
다사66004800,37.5318148,127.1165936,23,4207.45,94.6
다사66004825,37.5340682,127.1165821,23,456.69,39.8
다사66004850,37.5363215,127.1165706,23,2049.05,71.5
다사66254350,37.4912635,127.119629,23,23.53,9.1
다사66254375,37.4935168,127.1196176,23,2082.16,72.0
다사66254400,37.4957702,127.1196062,23,371.9,38.1
다사66254425,37.4980236,127.1195947,23,3368.9,88.0
다사66254450,37.5002769,127.1195833,23,5.96,1.0
다사66254475,37.5025303,127.1195719,23,5094.39,97.3
다사66254500,37.5047837,127.1195604,23,3434.31,88.2
다사66254525,37.507037,127.119549,23,1477.09,60.7
다사66254550,37.5092904,127.1195376,23,2269.53,75.7
다사66254575,37.5115437,127.1195261,23,4867.07,96.8
다사66254600,37.5137971,127.1195147,23,1595.0,62.7
다사66254625,37.5160505,127.1195033,23,44.09,15.2
다사66254725,37.5250639,127.1194575,23,98.52,22.6
다사66254750,37.5273173,127.119446,23,1091.12,53.8
다사66254775,37.5295706,127.1194346,23,35.09,12.0
다사66254800,37.531824,127.1194231,23,490.88,41.3
다사66254825,37.5340773,127.1194117,23,1348.77,59.0
다사66504375,37.4935259,127.1224457,23,922.95,50.6
다사66504400,37.4957793,127.1224343,23,7357.67,100.0
다사66504425,37.4980326,127.122423,23,721.39,45.7
다사66504450,37.500286,127.1224116,23,2190.84,74.2
다사66504475,37.5025394,127.1224003,23,1858.2,68.1
다사66504500,37.5047927,127.1223889,23,1004.38,52.6
다사66504525,37.5070461,127.1223776,23,2757.19,81.3
다사66504550,37.5092995,127.1223662,23,1501.42,61.4
다사66504575,37.5115528,127.1223549,23,40.18,13.5
다사66504600,37.5138062,127.1223435,23,2178.28,74.0
다사66504625,37.5160596,127.1223322,23,104.71,24.3
다사66504650,37.5183129,127.1223208,23,57.33,17.7
다사66504725,37.525073,127.1222867,23,101.92,23.6
다사66504750,37.5273263,127.1222754,23,1272.45,56.8
다사66504775,37.5295797,127.122264,23,1765.87,65.6
다사66504800,37.5318331,127.1222526,23,1658.19,63.9
다사66754400,37.4957883,127.1252625,23,2174.34,73.7
다사66754425,37.4980416,127.1252512,23,409.77,39.6
다사66754450,37.500295,127.1252399,23,2138.2,72.5
다사66754475,37.5025484,127.1252287,23,1712.43,64.9
다사66754500,37.5048017,127.1252174,23,1900.29,69.3
다사66754525,37.5070551,127.1252062,23,10.85,4.7
다사66754550,37.5093085,127.1251949,23,1019.18,52.8
다사66754575,37.5115618,127.1251836,23,4244.96,94.8
다사66754600,37.5138152,127.1251724,23,26.46,10.3
다사66754625,37.5160686,127.1251611,23,399.2,39.3
다사66754650,37.5183219,127.1251498,23,72.07,20.3
다사66754675,37.5205753,127.1251385,23,219.86,32.4
다사66754700,37.5228286,127.1251273,23,22.59,8.4
다사66754725,37.525082,127.125116,23,2228.8,74.9
다사66754750,37.5273354,127.1251047,23,3729.1,90.4
다사66754775,37.5295887,127.1250934,23,616.78,44.2
다사67004425,37.4980506,127.1280794,23,2649.36,80.3
다사67004450,37.5003039,127.1280683,23,556.25,44.0
다사67004475,37.5025573,127.1280571,23,496.57,41.5
다사67004500,37.5048107,127.1280459,23,31.77,11.8
다사67004525,37.507064,127.1280347,23,221.16,32.7
다사67004550,37.5093174,127.1280236,23,4078.2,94.1
다사67004575,37.5115708,127.1280124,23,43.05,14.7
다사67004600,37.5138241,127.1280012,23,722.9,45.9
다사67004625,37.5160775,127.12799,23,323.22,36.4
다사67004650,37.5183309,127.1279788,23,488.01,41.0
다사67004675,37.5205842,127.1279676,23,35.55,12.3
다사67004700,37.5228376,127.1279564,23,189.67,29.2
다사67004725,37.525091,127.1279453,23,140.52,26.8
다사67004750,37.5273443,127.1279341,23,130.14,26.3
다사67254475,37.5025662,127.1308855,23,6.05,1.2
다사67254500,37.5048196,127.1308744,23,1767.83,65.8
다사67254525,37.5070729,127.1308633,23,217.47,31.9
다사67254550,37.5093263,127.1308522,23,2774.71,82.1
다사67254575,37.5115797,127.1308411,23,166.64,28.0
다사67254600,37.513833,127.13083,23,156.61,27.5
다사67254625,37.5160864,127.1308189,23,144.52,27.0
다사67254650,37.5183397,127.1308078,23,1326.43,58.5
다사67254675,37.5205931,127.1307967,23,29.36,11.1
다사67254700,37.5228465,127.1307856,23,1174.43,54.8
다사67504550,37.5093351,127.1336809,23,14.17,5.9
다사67504575,37.5115885,127.1336699,23,73.07,20.6
다사67504600,37.5138418,127.1336589,23,24.34,9.8
다사67504625,37.5160952,127.1336478,23,3126.49,86.2
