sensor_id,lat,lng,illuminance_lux,measured_at
OC3CL210115,37.525641,127.129665,16.0,2026-08-31T00:07:00+09:00
V02Q1940082,37.495507594,127.085748474,0.0,2026-08-31T00:07:00+09:00
V02Q1940098,37.48670146,127.1000197,0.0,2026-08-31T00:07:00+09:00
V02Q1940100,37.494978959,127.093144214,16.0,2026-08-31T00:07:00+09:00
V02Q1940246,37.49920086,127.072395308,0.0,2026-08-31T00:07:00+09:00
V02Q1940391,37.528616803,127.085121222,1.0,2026-08-31T00:07:00+09:00
V02Q1940392,37.538286643,127.09239683,0.0,2026-08-31T00:07:00+09:00
V02Q1940403,37.534309074,127.081985567,0.0,2026-08-31T00:07:00+09:00
V02Q1940411,37.533878243,127.091521,0.0,2026-08-31T00:07:00+09:00
V02Q1940506,37.535029673,127.093240689,0.0,2026-08-31T00:07:00+09:00
V02Q1940507,37.531277474,127.123271252,372.0,2026-08-31T00:07:00+09:00
V02Q1940679,37.495212727,127.121438826,0.0,2026-08-31T00:07:00+09:00
V02Q1940706,37.502049127,127.117110751,0.0,2026-08-31T00:07:00+09:00
V02Q1940708,37.514300619,127.091447797,0.0,2026-08-31T00:07:00+09:00
V02Q1940713,37.516185359,127.114540561,0.0,2026-08-31T00:07:00+09:00
V02Q1940714,37.513385412,127.10686824,0.0,2026-08-31T00:07:00+09:00
V02Q1940734,37.518407904,127.100366298,0.0,2026-08-31T00:07:00+09:00
V02Q1940736,37.504194933,127.128187719,8.0,2026-08-31T00:07:00+09:00
V02Q1940767,37.502603852,127.092310875,0.0,2026-08-31T00:07:00+09:00
V02Q1940772,37.503635193,127.103503284,0.0,2026-08-31T00:07:00+09:00
V02Q1940775,37.505801455,127.109663753,0.0,2026-08-31T00:07:00+09:00
V02Q1940781,37.506173683,127.084756221,0.0,2026-08-31T00:07:00+09:00
V02Q1940784,37.498247757,127.126296648,1.0,2026-08-31T00:07:00+09:00
V02Q1940787,37.512955044,127.094661921,0.0,2026-08-31T00:07:00+09:00
V02Q1940788,37.509617855,127.0741524,0.0,2026-08-31T00:07:00+09:00
V02Q1940790,37.514278277,127.112258966,0.0,2026-08-31T00:07:00+09:00
V02Q1940800,37.519952859,127.1123122,0.0,2026-08-31T00:07:00+09:00
V02Q1940811,37.52727312,127.116249051,1.0,2026-08-31T00:07:00+09:00
V02Q1940819,37.507344263,127.104688643,0.0,2026-08-31T00:07:00+09:00
V02Q1940820,37.511104225,127.102321793,0.0,2026-08-31T00:07:00+09:00
V02Q1940821,37.502832774,127.108694904,77.0,2026-08-31T00:07:00+09:00
V02Q1940832,37.511768309,127.124209484,0.0,2026-08-31T00:07:00+09:00
V02Q1940838,37.51767925,127.08881891,0.0,2026-08-31T00:07:00+09:00
V02Q1940860,37.533442403,127.080963254,0.0,2026-08-31T00:07:00+09:00
V02Q1940873,37.53247211,127.114301129,0.0,2026-08-31T00:07:00+09:00
V02Q1940887,37.502749128,127.09252424,0.0,2026-08-31T00:07:00+09:00
V02Q1940941,37.509088133,127.084056858,0.0,2026-08-31T00:07:00+09:00
OC3CL200033,37.51217275,127.1046954,0.0,2026-08-30T05:07:54+09:00
OC3CL200033,37.51217275,127.1046954,306.0,2026-08-30T14:07:54+09:00
OC3CL200033,37.51217275,127.1046954,328.0,2026-08-30T13:07:54+09:00
OC3CL200033,37.51217275,127.1046954,391.0,2026-08-30T12:07:54+09:00
OC3CL200033,37.51217275,127.1046954,326.0,2026-08-30T11:07:54+09:00
OC3CL200033,37.51217275,127.1046954,269.0,2026-08-30T10:07:54+09:00
OC3CL200033,37.51217275,127.1046954,132.0,2026-08-30T09:07:54+09:00
OC3CL200033,37.51217275,127.1046954,94.0,2026-08-30T08:07:54+09:00
OC3CL200033,37.51217275,127.1046954,19.0,2026-08-30T07:07:54+09:00
OC3CL200033,37.51217275,127.1046954,0.0,2026-08-30T06:07:54+09:00
OC3CL200033,37.51217275,127.1046954,0.0,2026-08-30T04:07:54+09:00
OC3CL200033,37.51217275,127.1046954,0.0,2026-08-30T03:07:54+09:00
OC3CL200033,37.51217275,127.1046954,0.0,2026-08-30T02:07:54+09:00
OC3CL200033,37.51217275,127.1046954,0.0,2026-08-30T01:07:54+09:00
OC3CL200141,37.48877157,127.1067039,0.0,2026-08-30T02:07:18+09:00
OC3CL200141,37.48877157,127.1067039,0.0,2026-08-30T01:07:18+09:00
V02Q1940117,37.508537127,127.087121735,3741.0,2026-08-30T11:00:00+09:00
V02Q1940117,37.508537127,127.087121735,1.0,2026-08-30T23:00:00+09:00
V02Q1940117,37.508537127,127.087121735,1.0,2026-08-30T22:00:00+09:00
V02Q1940117,37.508537127,127.087121735,1.0,2026-08-30T21:00:00+09:00
V02Q1940117,37.508537127,127.087121735,5.0,2026-08-30T20:00:00+09:00
V02Q1940117,37.508537127,127.087121735,230.0,2026-08-30T19:00:00+09:00
V02Q1940117,37.508537127,127.087121735,479.0,2026-08-30T18:00:00+09:00
V02Q1940117,37.508537127,127.087121735,1726.0,2026-08-30T17:00:00+09:00
V02Q1940117,37.508537127,127.087121735,2645.0,2026-08-30T16:00:00+09:00
V02Q1940117,37.508537127,127.087121735,2933.0,2026-08-30T15:00:00+09:00
V02Q1940117,37.508537127,127.087121735,3396.0,2026-08-30T14:00:00+09:00
V02Q1940117,37.508537127,127.087121735,3437.0,2026-08-30T13:00:00+09:00
V02Q1940117,37.508537127,127.087121735,4249.0,2026-08-30T12:00:00+09:00
V02Q1940117,37.508537127,127.087121735,3004.0,2026-08-30T10:00:00+09:00
V02Q1940117,37.508537127,127.087121735,1545.0,2026-08-30T09:00:00+09:00
V02Q1940117,37.508537127,127.087121735,1166.0,2026-08-30T08:00:00+09:00
V02Q1940117,37.508537127,127.087121735,234.0,2026-08-30T07:00:00+09:00
V02Q1940117,37.508537127,127.087121735,2.0,2026-08-30T06:00:00+09:00
V02Q1940117,37.508537127,127.087121735,0.0,2026-08-30T05:00:00+09:00
V02Q1940117,37.508537127,127.087121735,0.0,2026-08-30T04:00:00+09:00
V02Q1940117,37.508537127,127.087121735,0.0,2026-08-30T03:00:00+09:00
V02Q1940117,37.508537127,127.087121735,0.0,2026-08-30T02:00:00+09:00
V02Q1940117,37.508537127,127.087121735,0.0,2026-08-30T01:00:00+09:00
V02Q1940117,37.508537127,127.087121735,0.0,2026-08-30T00:00:00+09:00
V02Q1940129,37.497655712,127.074468747,0.0,2026-08-30T00:00:00+09:00
V02Q1940129,37.497655712,127.074468747,0.0,2026-08-30T23:00:00+09:00
V02Q1940129,37.497655712,127.074468747,0.0,2026-08-30T22:00:00+09:00
V02Q1940129,37.497655712,127.074468747,0.0,2026-08-30T21:00:00+09:00
V02Q1940129,37.497655712,127.074468747,2.0,2026-08-30T20:00:00+09:00
V02Q1940129,37.497655712,127.074468747,141.0,2026-08-30T19:00:00+09:00
V02Q1940129,37.497655712,127.074468747,282.0,2026-08-30T18:00:00+09:00
V02Q1940129,37.497655712,127.074468747,929.0,2026-08-30T17:00:00+09:00
V02Q1940129,37.497655712,127.074468747,1480.0,2026-08-30T16:00:00+09:00
V02Q1940129,37.497655712,127.074468747,1687.0,2026-08-30T15:00:00+09:00
V02Q1940129,37.497655712,127.074468747,1951.0,2026-08-30T14:00:00+09:00
V02Q1940129,37.497655712,127.074468747,1934.0,2026-08-30T13:00:00+09:00
V02Q1940129,37.497655712,127.074468747,3341.0,2026-08-30T12:00:00+09:00
V02Q1940129,37.497655712,127.074468747,2413.0,2026-08-30T11:00:00+09:00
V02Q1940129,37.497655712,127.074468747,1520.0,2026-08-30T10:00:00+09:00
V02Q1940129,37.497655712,127.074468747,791.0,2026-08-30T09:00:00+09:00
V02Q1940129,37.497655712,127.074468747,568.0,2026-08-30T08:00:00+09:00
V02Q1940129,37.497655712,127.074468747,113.0,2026-08-30T07:00:00+09:00
V02Q1940129,37.497655712,127.074468747,1.0,2026-08-30T06:00:00+09:00
V02Q1940129,37.497655712,127.074468747,0.0,2026-08-30T05:00:00+09:00
V02Q1940129,37.497655712,127.074468747,0.0,2026-08-30T04:00:00+09:00
V02Q1940129,37.497655712,127.074468747,0.0,2026-08-30T03:00:00+09:00
V02Q1940129,37.497655712,127.074468747,0.0,2026-08-30T02:00:00+09:00
V02Q1940129,37.497655712,127.074468747,0.0,2026-08-30T01:00:00+09:00
V02Q1940742,37.501040267,127.109739451,43.0,2026-08-30T00:00:00+09:00
V02Q1940742,37.501040267,127.109739451,43.0,2026-08-30T01:00:00+09:00
V02Q1940742,37.501040267,127.109739451,43.0,2026-08-30T02:00:00+09:00
V02Q1940742,37.501040267,127.109739451,43.0,2026-08-30T03:00:00+09:00
V02Q1940742,37.501040267,127.109739451,44.0,2026-08-30T04:00:00+09:00
V02Q1940742,37.501040267,127.109739451,43.0,2026-08-30T05:00:00+09:00
V02Q1940742,37.501040267,127.109739451,37.0,2026-08-30T06:00:00+09:00
V02Q1940742,37.501040267,127.109739451,254.0,2026-08-30T07:00:00+09:00
V02Q1940742,37.501040267,127.109739451,1307.0,2026-08-30T08:00:00+09:00
V02Q1940742,37.501040267,127.109739451,1603.0,2026-08-30T09:00:00+09:00
V02Q1940742,37.501040267,127.109739451,3120.0,2026-08-30T10:00:00+09:00
V02Q1940742,37.501040267,127.109739451,4238.0,2026-08-30T11:00:00+09:00
V02Q1940742,37.501040267,127.109739451,4516.0,2026-08-30T12:00:00+09:00
V02Q1940742,37.501040267,127.109739451,3333.0,2026-08-30T13:00:00+09:00
V02Q1940742,37.501040267,127.109739451,3360.0,2026-08-30T14:00:00+09:00
V02Q1940742,37.501040267,127.109739451,3092.0,2026-08-30T15:00:00+09:00
V02Q1940742,37.501040267,127.109739451,2825.0,2026-08-30T16:00:00+09:00
V02Q1940742,37.501040267,127.109739451,2029.0,2026-08-30T17:00:00+09:00
V02Q1940742,37.501040267,127.109739451,682.0,2026-08-30T18:00:00+09:00
V02Q1940742,37.501040267,127.109739451,269.0,2026-08-30T19:00:00+09:00
V02Q1940742,37.501040267,127.109739451,34.0,2026-08-30T20:00:00+09:00
V02Q1940742,37.501040267,127.109739451,43.0,2026-08-30T21:00:00+09:00
V02Q1940742,37.501040267,127.109739451,43.0,2026-08-30T23:00:00+09:00
V02Q1940742,37.501040267,127.109739451,43.0,2026-08-30T22:00:00+09:00
OC3CL210115,37.525641,127.129665,16.0,2026-08-31T01:07:00+09:00
V02Q1940082,37.495507594,127.085748474,0.0,2026-08-31T01:07:00+09:00
V02Q1940098,37.48670146,127.1000197,0.0,2026-08-31T01:07:00+09:00
V02Q1940100,37.494978959,127.093144214,16.0,2026-08-31T01:07:00+09:00
V02Q1940246,37.49920086,127.072395308,0.0,2026-08-31T01:07:00+09:00
V02Q1940391,37.528616803,127.085121222,1.0,2026-08-31T01:07:00+09:00
V02Q1940392,37.538286643,127.09239683,0.0,2026-08-31T01:07:00+09:00
V02Q1940403,37.534309074,127.081985567,0.0,2026-08-31T01:07:00+09:00
V02Q1940411,37.533878243,127.091521,0.0,2026-08-31T01:07:00+09:00
V02Q1940506,37.535029673,127.093240689,0.0,2026-08-31T01:07:00+09:00
V02Q1940507,37.531277474,127.123271252,371.0,2026-08-31T01:07:00+09:00
V02Q1940679,37.495212727,127.121438826,0.0,2026-08-31T01:07:00+09:00
V02Q1940706,37.502049127,127.117110751,0.0,2026-08-31T01:07:00+09:00
V02Q1940708,37.514300619,127.091447797,0.0,2026-08-31T01:07:00+09:00
V02Q1940713,37.516185359,127.114540561,0.0,2026-08-31T01:07:00+09:00
V02Q1940714,37.513385412,127.10686824,0.0,2026-08-31T01:07:00+09:00
V02Q1940734,37.518407904,127.100366298,0.0,2026-08-31T01:07:00+09:00
V02Q1940736,37.504194933,127.128187719,8.0,2026-08-31T01:07:00+09:00
V02Q1940767,37.502603852,127.092310875,0.0,2026-08-31T01:07:00+09:00
V02Q1940772,37.503635193,127.103503284,0.0,2026-08-31T01:07:00+09:00
V02Q1940775,37.505801455,127.109663753,0.0,2026-08-31T01:07:00+09:00
V02Q1940781,37.506173683,127.084756221,0.0,2026-08-31T01:07:00+09:00
V02Q1940784,37.498247757,127.126296648,1.0,2026-08-31T01:07:00+09:00
V02Q1940787,37.512955044,127.094661921,0.0,2026-08-31T01:07:00+09:00
V02Q1940788,37.509617855,127.0741524,0.0,2026-08-31T01:07:00+09:00
V02Q1940790,37.514278277,127.112258966,0.0,2026-08-31T01:07:00+09:00
V02Q1940800,37.519952859,127.1123122,0.0,2026-08-31T01:07:00+09:00
V02Q1940811,37.52727312,127.116249051,1.0,2026-08-31T01:07:00+09:00
V02Q1940819,37.507344263,127.104688643,0.0,2026-08-31T01:07:00+09:00
V02Q1940820,37.511104225,127.102321793,0.0,2026-08-31T01:07:00+09:00
V02Q1940821,37.502832774,127.108694904,77.0,2026-08-31T01:07:00+09:00
V02Q1940832,37.511768309,127.124209484,0.0,2026-08-31T01:07:00+09:00
V02Q1940838,37.51767925,127.08881891,0.0,2026-08-31T01:07:00+09:00
V02Q1940860,37.533442403,127.080963254,0.0,2026-08-31T01:07:00+09:00
V02Q1940873,37.53247211,127.114301129,0.0,2026-08-31T01:07:00+09:00
V02Q1940887,37.502749128,127.09252424,0.0,2026-08-31T01:07:00+09:00
V02Q1940941,37.509088133,127.084056858,0.0,2026-08-31T01:07:00+09:00
V02Q1940392,37.538286643,127.09239683,0.0,2026-08-31T02:07:00+09:00
V02Q1940403,37.534309074,127.081985567,0.0,2026-08-31T02:07:00+09:00
V02Q1940391,37.528616803,127.085121222,1.0,2026-08-31T02:07:00+09:00
V02Q1940411,37.533878243,127.091521,0.0,2026-08-31T02:07:00+09:00
V02Q1940506,37.535029673,127.093240689,0.0,2026-08-31T02:07:00+09:00
V02Q1940860,37.533442403,127.080963254,0.0,2026-08-31T02:07:00+09:00
V02Q1940679,37.495212727,127.121438826,0.0,2026-08-31T02:07:00+09:00
V02Q1940784,37.498247757,127.126296648,1.0,2026-08-31T02:07:00+09:00
V02Q1940706,37.502049127,127.117110751,0.0,2026-08-31T02:07:00+09:00
V02Q1940708,37.514300619,127.091447797,0.0,2026-08-31T02:07:00+09:00
V02Q1940734,37.518407904,127.100366298,0.0,2026-08-31T02:07:00+09:00
V02Q1940767,37.502603852,127.092310875,0.0,2026-08-31T02:07:00+09:00
V02Q1940772,37.503635193,127.103503284,0.0,2026-08-31T02:07:00+09:00
V02Q1940775,37.505801455,127.109663753,0.0,2026-08-31T02:07:00+09:00
V02Q1940790,37.514278277,127.112258966,0.0,2026-08-31T02:07:00+09:00
V02Q1940713,37.516185359,127.114540561,0.0,2026-08-31T02:07:00+09:00
V02Q1940714,37.513385412,127.10686824,0.0,2026-08-31T02:07:00+09:00
V02Q1940736,37.504194933,127.128187719,8.0,2026-08-31T02:07:00+09:00
V02Q1940781,37.506173683,127.084756221,0.0,2026-08-31T02:07:00+09:00
V02Q1940787,37.512955044,127.094661921,0.0,2026-08-31T02:07:00+09:00
V02Q1940788,37.509617855,127.0741524,0.0,2026-08-31T02:07:00+09:00
V02Q1940800,37.519952859,127.1123122,0.0,2026-08-31T02:07:00+09:00
V02Q1940811,37.52727312,127.116249051,1.0,2026-08-31T02:07:00+09:00
V02Q1940819,37.507344263,127.104688643,0.0,2026-08-31T02:07:00+09:00
V02Q1940820,37.511104225,127.102321793,0.0,2026-08-31T02:07:00+09:00
V02Q1940821,37.502832774,127.108694904,76.0,2026-08-31T02:07:00+09:00
V02Q1940832,37.511768309,127.124209484,0.0,2026-08-31T02:07:00+09:00
V02Q1940838,37.51767925,127.08881891,0.0,2026-08-31T02:07:00+09:00
V02Q1940873,37.53247211,127.114301129,0.0,2026-08-31T02:07:00+09:00
V02Q1940887,37.502749128,127.09252424,0.0,2026-08-31T02:07:00+09:00
V02Q1940941,37.509088133,127.084056858,0.0,2026-08-31T02:07:00+09:00
V02Q1940507,37.531277474,127.123271252,367.0,2026-08-31T02:07:00+09:00
V02Q1940098,37.48670146,127.1000197,0.0,2026-08-31T02:07:00+09:00
V02Q1940246,37.49920086,127.072395308,0.0,2026-08-31T02:07:00+09:00
V02Q1940082,37.495507594,127.085748474,0.0,2026-08-31T02:07:00+09:00
V02Q1940100,37.494978959,127.093144214,16.0,2026-08-31T02:07:00+09:00
OC3CL210115,37.525641,127.129665,16.0,2026-08-31T02:07:00+09:00
V02Q1940392,37.538286643,127.09239683,0.0,2026-08-31T03:07:00+09:00
V02Q1940403,37.534309074,127.081985567,0.0,2026-08-31T03:07:00+09:00
V02Q1940391,37.528616803,127.085121222,1.0,2026-08-31T03:07:00+09:00
V02Q1940411,37.533878243,127.091521,0.0,2026-08-31T03:07:00+09:00
V02Q1940506,37.535029673,127.093240689,0.0,2026-08-31T03:07:00+09:00
V02Q1940860,37.533442403,127.080963254,0.0,2026-08-31T03:07:00+09:00
V02Q1940679,37.495212727,127.121438826,0.0,2026-08-31T03:07:00+09:00
V02Q1940706,37.502049127,127.117110751,0.0,2026-08-31T03:07:00+09:00
V02Q1940708,37.514300619,127.091447797,0.0,2026-08-31T03:07:00+09:00
V02Q1940734,37.518407904,127.100366298,0.0,2026-08-31T03:07:00+09:00
V02Q1940767,37.502603852,127.092310875,0.0,2026-08-31T03:07:00+09:00
V02Q1940772,37.503635193,127.103503284,0.0,2026-08-31T03:07:00+09:00
V02Q1940775,37.505801455,127.109663753,0.0,2026-08-31T03:07:00+09:00
V02Q1940784,37.498247757,127.126296648,1.0,2026-08-31T03:07:00+09:00
V02Q1940787,37.512955044,127.094661921,0.0,2026-08-31T03:07:00+09:00
V02Q1940790,37.514278277,127.112258966,0.0,2026-08-31T03:07:00+09:00
V02Q1940713,37.516185359,127.114540561,0.0,2026-08-31T03:07:00+09:00
V02Q1940714,37.513385412,127.10686824,0.0,2026-08-31T03:07:00+09:00
V02Q1940736,37.504194933,127.128187719,8.0,2026-08-31T03:07:00+09:00
V02Q1940781,37.506173683,127.084756221,0.0,2026-08-31T03:07:00+09:00
V02Q1940788,37.509617855,127.0741524,0.0,2026-08-31T03:07:00+09:00
V02Q1940800,37.519952859,127.1123122,0.0,2026-08-31T03:07:00+09:00
V02Q1940811,37.52727312,127.116249051,1.0,2026-08-31T03:07:00+09:00
V02Q1940819,37.507344263,127.104688643,0.0,2026-08-31T03:07:00+09:00
V02Q1940820,37.511104225,127.102321793,0.0,2026-08-31T03:07:00+09:00
V02Q1940821,37.502832774,127.108694904,78.0,2026-08-31T03:07:00+09:00
V02Q1940832,37.511768309,127.124209484,0.0,2026-08-31T03:07:00+09:00
V02Q1940838,37.51767925,127.08881891,0.0,2026-08-31T03:07:00+09:00
V02Q1940873,37.53247211,127.114301129,0.0,2026-08-31T03:07:00+09:00
V02Q1940887,37.502749128,127.09252424,0.0,2026-08-31T03:07:00+09:00
V02Q1940941,37.509088133,127.084056858,0.0,2026-08-31T03:07:00+09:00
V02Q1940507,37.531277474,127.123271252,370.0,2026-08-31T03:07:00+09:00
V02Q1940098,37.48670146,127.1000197,0.0,2026-08-31T03:07:00+09:00
V02Q1940246,37.49920086,127.072395308,0.0,2026-08-31T03:07:00+09:00
V02Q1940082,37.495507594,127.085748474,0.0,2026-08-31T03:07:00+09:00
V02Q1940100,37.494978959,127.093144214,16.0,2026-08-31T03:07:00+09:00
OC3CL210115,37.525641,127.129665,16.0,2026-08-31T03:07:00+09:00
OC3CL210115,37.525641,127.129665,17.0,2026-08-31T04:07:00+09:00
V02Q1940082,37.495507594,127.085748474,0.0,2026-08-31T04:07:00+09:00
V02Q1940098,37.48670146,127.1000197,0.0,2026-08-31T04:07:00+09:00
V02Q1940100,37.494978959,127.093144214,21.0,2026-08-31T04:07:00+09:00
V02Q1940246,37.49920086,127.072395308,0.0,2026-08-31T04:07:00+09:00
V02Q1940391,37.528616803,127.085121222,1.0,2026-08-31T04:07:00+09:00
V02Q1940392,37.538286643,127.09239683,0.0,2026-08-31T04:07:00+09:00
V02Q1940403,37.534309074,127.081985567,0.0,2026-08-31T04:07:00+09:00
V02Q1940411,37.533878243,127.091521,0.0,2026-08-31T04:07:00+09:00
V02Q1940506,37.535029673,127.093240689,0.0,2026-08-31T04:07:00+09:00
V02Q1940507,37.531277474,127.123271252,410.0,2026-08-31T04:07:00+09:00
V02Q1940679,37.495212727,127.121438826,0.0,2026-08-31T04:07:00+09:00
V02Q1940706,37.502049127,127.117110751,0.0,2026-08-31T04:07:00+09:00
V02Q1940708,37.514300619,127.091447797,0.0,2026-08-31T04:07:00+09:00
V02Q1940713,37.516185359,127.114540561,0.0,2026-08-31T04:07:00+09:00
V02Q1940714,37.513385412,127.10686824,0.0,2026-08-31T04:07:00+09:00
V02Q1940734,37.518407904,127.100366298,0.0,2026-08-31T04:07:00+09:00
V02Q1940736,37.504194933,127.128187719,10.0,2026-08-31T04:07:00+09:00
V02Q1940767,37.502603852,127.092310875,0.0,2026-08-31T04:07:00+09:00
V02Q1940772,37.503635193,127.103503284,0.0,2026-08-31T04:07:00+09:00
V02Q1940775,37.505801455,127.109663753,0.0,2026-08-31T04:07:00+09:00
V02Q1940781,37.506173683,127.084756221,0.0,2026-08-31T04:07:00+09:00
V02Q1940784,37.498247757,127.126296648,1.0,2026-08-31T04:07:00+09:00
V02Q1940787,37.512955044,127.094661921,0.0,2026-08-31T04:07:00+09:00
V02Q1940788,37.509617855,127.0741524,0.0,2026-08-31T04:07:00+09:00
V02Q1940790,37.514278277,127.112258966,0.0,2026-08-31T04:07:00+09:00
V02Q1940800,37.519952859,127.1123122,0.0,2026-08-31T04:07:00+09:00
V02Q1940811,37.52727312,127.116249051,2.0,2026-08-31T04:07:00+09:00
V02Q1940819,37.507344263,127.104688643,0.0,2026-08-31T04:07:00+09:00
V02Q1940820,37.511104225,127.102321793,0.0,2026-08-31T04:07:00+09:00
V02Q1940821,37.502832774,127.108694904,107.0,2026-08-31T04:07:00+09:00
V02Q1940832,37.511768309,127.124209484,0.0,2026-08-31T04:07:00+09:00
V02Q1940838,37.51767925,127.08881891,0.0,2026-08-31T04:07:00+09:00
V02Q1940860,37.533442403,127.080963254,0.0,2026-08-31T04:07:00+09:00
V02Q1940873,37.53247211,127.114301129,0.0,2026-08-31T04:07:00+09:00
V02Q1940887,37.502749128,127.09252424,0.0,2026-08-31T04:07:00+09:00
V02Q1940941,37.509088133,127.084056858,0.0,2026-08-31T04:07:00+09:00
OC3CL210115,37.525641,127.129665,17.0,2026-08-31T05:07:00+09:00
V02Q1940082,37.495507594,127.085748474,0.0,2026-08-31T05:07:00+09:00
V02Q1940098,37.48670146,127.1000197,0.0,2026-08-31T05:07:00+09:00
V02Q1940100,37.494978959,127.093144214,23.0,2026-08-31T05:07:00+09:00
V02Q1940246,37.49920086,127.072395308,0.0,2026-08-31T05:07:00+09:00
V02Q1940391,37.528616803,127.085121222,1.0,2026-08-31T05:07:00+09:00
V02Q1940392,37.538286643,127.09239683,0.0,2026-08-31T05:07:00+09:00
V02Q1940403,37.534309074,127.081985567,0.0,2026-08-31T05:07:00+09:00
V02Q1940411,37.533878243,127.091521,0.0,2026-08-31T05:07:00+09:00
V02Q1940506,37.535029673,127.093240689,0.0,2026-08-31T05:07:00+09:00
V02Q1940507,37.531277474,127.123271252,428.0,2026-08-31T05:07:00+09:00
V02Q1940679,37.495212727,127.121438826,0.0,2026-08-31T05:07:00+09:00
V02Q1940706,37.502049127,127.117110751,0.0,2026-08-31T05:07:00+09:00
V02Q1940708,37.514300619,127.091447797,0.0,2026-08-31T05:07:00+09:00
V02Q1940713,37.516185359,127.114540561,0.0,2026-08-31T05:07:00+09:00
V02Q1940714,37.513385412,127.10686824,0.0,2026-08-31T05:07:00+09:00
V02Q1940734,37.518407904,127.100366298,0.0,2026-08-31T05:07:00+09:00
V02Q1940736,37.504194933,127.128187719,11.0,2026-08-31T05:07:00+09:00
V02Q1940767,37.502603852,127.092310875,0.0,2026-08-31T05:07:00+09:00
V02Q1940772,37.503635193,127.103503284,0.0,2026-08-31T05:07:00+09:00
V02Q1940775,37.505801455,127.109663753,0.0,2026-08-31T05:07:00+09:00
V02Q1940781,37.506173683,127.084756221,0.0,2026-08-31T05:07:00+09:00
V02Q1940784,37.498247757,127.126296648,0.0,2026-08-31T05:07:00+09:00
V02Q1940787,37.512955044,127.094661921,0.0,2026-08-31T05:07:00+09:00
V02Q1940788,37.509617855,127.0741524,0.0,2026-08-31T05:07:00+09:00
V02Q1940790,37.514278277,127.112258966,0.0,2026-08-31T05:07:00+09:00
V02Q1940800,37.519952859,127.1123122,0.0,2026-08-31T05:07:00+09:00
V02Q1940811,37.52727312,127.116249051,2.0,2026-08-31T05:07:00+09:00
V02Q1940819,37.507344263,127.104688643,0.0,2026-08-31T05:07:00+09:00
V02Q1940820,37.511104225,127.102321793,0.0,2026-08-31T05:07:00+09:00
V02Q1940821,37.502832774,127.108694904,113.0,2026-08-31T05:07:00+09:00
V02Q1940832,37.511768309,127.124209484,0.0,2026-08-31T05:07:00+09:00
V02Q1940838,37.51767925,127.08881891,0.0,2026-08-31T05:07:00+09:00
V02Q1940860,37.533442403,127.080963254,0.0,2026-08-31T05:07:00+09:00
V02Q1940873,37.53247211,127.114301129,0.0,2026-08-31T05:07:00+09:00
V02Q1940887,37.502749128,127.09252424,0.0,2026-08-31T05:07:00+09:00
V02Q1940941,37.509088133,127.084056858,0.0,2026-08-31T05:07:00+09:00
OC3CL210115,37.525641,127.129665,19.0,2026-08-31T06:07:00+09:00
V02Q1940082,37.495507594,127.085748474,1.0,2026-08-31T06:07:00+09:00
V02Q1940098,37.48670146,127.1000197,1.0,2026-08-31T06:07:00+09:00
V02Q1940100,37.494978959,127.093144214,25.0,2026-08-31T06:07:00+09:00
V02Q1940246,37.49920086,127.072395308,0.0,2026-08-31T06:07:00+09:00
V02Q1940391,37.528616803,127.085121222,2.0,2026-08-31T06:07:00+09:00
V02Q1940392,37.538286643,127.09239683,1.0,2026-08-31T06:07:00+09:00
V02Q1940403,37.534309074,127.081985567,0.0,2026-08-31T06:07:00+09:00
V02Q1940411,37.533878243,127.091521,0.0,2026-08-31T06:07:00+09:00
V02Q1940506,37.535029673,127.093240689,0.0,2026-08-31T06:07:00+09:00
V02Q1940507,37.531277474,127.123271252,393.0,2026-08-31T06:07:00+09:00
V02Q1940679,37.495212727,127.121438826,0.0,2026-08-31T06:07:00+09:00
V02Q1940706,37.502049127,127.117110751,0.0,2026-08-31T06:07:00+09:00
V02Q1940708,37.514300619,127.091447797,1.0,2026-08-31T06:07:00+09:00
V02Q1940713,37.516185359,127.114540561,0.0,2026-08-31T06:07:00+09:00
V02Q1940714,37.513385412,127.10686824,0.0,2026-08-31T06:07:00+09:00
V02Q1940734,37.518407904,127.100366298,0.0,2026-08-31T06:07:00+09:00
V02Q1940736,37.504194933,127.128187719,12.0,2026-08-31T06:07:00+09:00
V02Q1940767,37.502603852,127.092310875,1.0,2026-08-31T06:07:00+09:00
V02Q1940772,37.503635193,127.103503284,1.0,2026-08-31T06:07:00+09:00
V02Q1940775,37.505801455,127.109663753,0.0,2026-08-31T06:07:00+09:00
V02Q1940781,37.506173683,127.084756221,0.0,2026-08-31T06:07:00+09:00
V02Q1940784,37.498247757,127.126296648,0.0,2026-08-31T06:07:00+09:00
V02Q1940787,37.512955044,127.094661921,0.0,2026-08-31T06:07:00+09:00
V02Q1940788,37.509617855,127.0741524,0.0,2026-08-31T06:07:00+09:00
V02Q1940790,37.514278277,127.112258966,0.0,2026-08-31T06:07:00+09:00
V02Q1940800,37.519952859,127.1123122,0.0,2026-08-31T06:07:00+09:00
V02Q1940811,37.52727312,127.116249051,0.0,2026-08-31T06:07:00+09:00
V02Q1940819,37.507344263,127.104688643,1.0,2026-08-31T06:07:00+09:00
V02Q1940820,37.511104225,127.102321793,0.0,2026-08-31T06:07:00+09:00
V02Q1940821,37.502832774,127.108694904,97.0,2026-08-31T06:07:00+09:00
V02Q1940832,37.511768309,127.124209484,0.0,2026-08-31T06:07:00+09:00
V02Q1940838,37.51767925,127.08881891,0.0,2026-08-31T06:07:00+09:00
V02Q1940860,37.533442403,127.080963254,1.0,2026-08-31T06:07:00+09:00
V02Q1940873,37.53247211,127.114301129,0.0,2026-08-31T06:07:00+09:00
V02Q1940887,37.502749128,127.09252424,1.0,2026-08-31T06:07:00+09:00
V02Q1940941,37.509088133,127.084056858,1.0,2026-08-31T06:07:00+09:00
V02Q1940392,37.538286643,127.09239683,408.0,2026-08-31T07:07:00+09:00
V02Q1940403,37.534309074,127.081985567,270.0,2026-08-31T07:07:00+09:00
V02Q1940391,37.528616803,127.085121222,304.0,2026-08-31T07:07:00+09:00
V02Q1940411,37.533878243,127.091521,166.0,2026-08-31T07:07:00+09:00
V02Q1940506,37.535029673,127.093240689,0.0,2026-08-31T07:07:00+09:00
V02Q1940860,37.533442403,127.080963254,269.0,2026-08-31T07:07:00+09:00
V02Q1940784,37.498247757,127.126296648,0.0,2026-08-31T07:07:00+09:00
V02Q1940679,37.495212727,127.121438826,0.0,2026-08-31T07:07:00+09:00
V02Q1940706,37.502049127,127.117110751,0.0,2026-08-31T07:07:00+09:00
V02Q1940708,37.514300619,127.091447797,367.0,2026-08-31T07:07:00+09:00
V02Q1940734,37.518407904,127.100366298,0.0,2026-08-31T07:07:00+09:00
V02Q1940736,37.504194933,127.128187719,300.0,2026-08-31T07:07:00+09:00
V02Q1940767,37.502603852,127.092310875,304.0,2026-08-31T07:07:00+09:00
V02Q1940772,37.503635193,127.103503284,519.0,2026-08-31T07:07:00+09:00
V02Q1940775,37.505801455,127.109663753,270.0,2026-08-31T07:07:00+09:00
V02Q1940781,37.506173683,127.084756221,93.0,2026-08-31T07:07:00+09:00
V02Q1940787,37.512955044,127.094661921,0.0,2026-08-31T07:07:00+09:00
V02Q1940788,37.509617855,127.0741524,38.0,2026-08-31T07:07:00+09:00
V02Q1940790,37.514278277,127.112258966,0.0,2026-08-31T07:07:00+09:00
V02Q1940800,37.519952859,127.1123122,0.0,2026-08-31T07:07:00+09:00
V02Q1940713,37.516185359,127.114540561,0.0,2026-08-31T07:07:00+09:00
V02Q1940714,37.513385412,127.10686824,0.0,2026-08-31T07:07:00+09:00
V02Q1940811,37.52727312,127.116249051,150.0,2026-08-31T07:07:00+09:00
V02Q1940819,37.507344263,127.104688643,292.0,2026-08-31T07:07:00+09:00
V02Q1940820,37.511104225,127.102321793,0.0,2026-08-31T07:07:00+09:00
V02Q1940821,37.502832774,127.108694904,246.0,2026-08-31T07:07:00+09:00
V02Q1940832,37.511768309,127.124209484,293.0,2026-08-31T07:07:00+09:00
V02Q1940838,37.51767925,127.08881891,0.0,2026-08-31T07:07:00+09:00
V02Q1940873,37.53247211,127.114301129,0.0,2026-08-31T07:07:00+09:00
V02Q1940887,37.502749128,127.09252424,329.0,2026-08-31T07:07:00+09:00
V02Q1940941,37.509088133,127.084056858,217.0,2026-08-31T07:07:00+09:00
V02Q1940507,37.531277474,127.123271252,191.0,2026-08-31T07:07:00+09:00
V02Q1940246,37.49920086,127.072395308,94.0,2026-08-31T07:07:00+09:00
V02Q1940082,37.495507594,127.085748474,245.0,2026-08-31T07:07:00+09:00
V02Q1940098,37.48670146,127.1000197,450.0,2026-08-31T07:07:00+09:00
V02Q1940100,37.494978959,127.093144214,274.0,2026-08-31T07:07:00+09:00
OC3CL210115,37.525641,127.129665,238.0,2026-08-31T07:07:00+09:00
V02Q1940392,37.538286643,127.09239683,1534.0,2026-08-31T08:07:00+09:00
V02Q1940403,37.534309074,127.081985567,1086.0,2026-08-31T08:07:00+09:00
V02Q1940391,37.528616803,127.085121222,1120.0,2026-08-31T08:07:00+09:00
V02Q1940411,37.533878243,127.091521,654.0,2026-08-31T08:07:00+09:00
V02Q1940506,37.535029673,127.093240689,0.0,2026-08-31T08:07:00+09:00
V02Q1940860,37.533442403,127.080963254,1114.0,2026-08-31T08:07:00+09:00
V02Q1940679,37.495212727,127.121438826,0.0,2026-08-31T08:07:00+09:00
V02Q1940706,37.502049127,127.117110751,0.0,2026-08-31T08:07:00+09:00
V02Q1940708,37.514300619,127.091447797,1345.0,2026-08-31T08:07:00+09:00
V02Q1940734,37.518407904,127.100366298,0.0,2026-08-31T08:07:00+09:00
V02Q1940767,37.502603852,127.092310875,940.0,2026-08-31T08:07:00+09:00
V02Q1940772,37.503635193,127.103503284,1833.0,2026-08-31T08:07:00+09:00
V02Q1940775,37.505801455,127.109663753,863.0,2026-08-31T08:07:00+09:00
V02Q1940781,37.506173683,127.084756221,330.0,2026-08-31T08:07:00+09:00
V02Q1940784,37.498247757,127.126296648,0.0,2026-08-31T08:07:00+09:00
V02Q1940787,37.512955044,127.094661921,0.0,2026-08-31T08:07:00+09:00
V02Q1940788,37.509617855,127.0741524,176.0,2026-08-31T08:07:00+09:00
V02Q1940790,37.514278277,127.112258966,0.0,2026-08-31T08:07:00+09:00
V02Q1940800,37.519952859,127.1123122,0.0,2026-08-31T08:07:00+09:00
V02Q1940713,37.516185359,127.114540561,0.0,2026-08-31T08:07:00+09:00
V02Q1940714,37.513385412,127.10686824,0.0,2026-08-31T08:07:00+09:00
V02Q1940736,37.504194933,127.128187719,1028.0,2026-08-31T08:07:00+09:00
V02Q1940811,37.52727312,127.116249051,528.0,2026-08-31T08:07:00+09:00
V02Q1940819,37.507344263,127.104688643,935.0,2026-08-31T08:07:00+09:00
V02Q1940820,37.511104225,127.102321793,0.0,2026-08-31T08:07:00+09:00
V02Q1940821,37.502832774,127.108694904,755.0,2026-08-31T08:07:00+09:00
V02Q1940832,37.511768309,127.124209484,1022.0,2026-08-31T08:07:00+09:00
V02Q1940838,37.51767925,127.08881891,0.0,2026-08-31T08:07:00+09:00
V02Q1940873,37.53247211,127.114301129,0.0,2026-08-31T08:07:00+09:00
V02Q1940887,37.502749128,127.09252424,1121.0,2026-08-31T08:07:00+09:00
V02Q1940941,37.509088133,127.084056858,722.0,2026-08-31T08:07:00+09:00
V02Q1940507,37.531277474,127.123271252,614.0,2026-08-31T08:07:00+09:00
V02Q1940246,37.49920086,127.072395308,372.0,2026-08-31T08:07:00+09:00
V02Q1940082,37.495507594,127.085748474,894.0,2026-08-31T08:07:00+09:00
V02Q1940098,37.48670146,127.1000197,1442.0,2026-08-31T08:07:00+09:00
V02Q1940100,37.494978959,127.093144214,828.0,2026-08-31T08:07:00+09:00
OC3CL210115,37.525641,127.129665,799.0,2026-08-31T08:07:00+09:00
OC3CL210115,37.525641,127.129665,1614.0,2026-08-31T09:07:00+09:00
V02Q1940082,37.495507594,127.085748474,1793.0,2026-08-31T09:07:00+09:00
V02Q1940098,37.48670146,127.1000197,2580.0,2026-08-31T09:07:00+09:00
V02Q1940100,37.494978959,127.093144214,1601.0,2026-08-31T09:07:00+09:00
V02Q1940246,37.49920086,127.072395308,684.0,2026-08-31T09:07:00+09:00
V02Q1940391,37.528616803,127.085121222,2155.0,2026-08-31T09:07:00+09:00
V02Q1940392,37.538286643,127.09239683,2920.0,2026-08-31T09:07:00+09:00
V02Q1940403,37.534309074,127.081985567,2009.0,2026-08-31T09:07:00+09:00
V02Q1940411,37.533878243,127.091521,1270.0,2026-08-31T09:07:00+09:00
V02Q1940506,37.535029673,127.093240689,0.0,2026-08-31T09:07:00+09:00
V02Q1940507,37.531277474,127.123271252,1123.0,2026-08-31T09:07:00+09:00
V02Q1940679,37.495212727,127.121438826,0.0,2026-08-31T09:07:00+09:00
V02Q1940706,37.502049127,127.117110751,0.0,2026-08-31T09:07:00+09:00
V02Q1940708,37.514300619,127.091447797,2582.0,2026-08-31T09:07:00+09:00
V02Q1940713,37.516185359,127.114540561,0.0,2026-08-31T09:07:00+09:00
V02Q1940714,37.513385412,127.10686824,0.0,2026-08-31T09:07:00+09:00
V02Q1940734,37.518407904,127.100366298,0.0,2026-08-31T09:07:00+09:00
V02Q1940736,37.504194933,127.128187719,2030.0,2026-08-31T09:07:00+09:00
V02Q1940767,37.502603852,127.092310875,1621.0,2026-08-31T09:07:00+09:00
V02Q1940772,37.503635193,127.103503284,3313.0,2026-08-31T09:07:00+09:00
V02Q1940775,37.505801455,127.109663753,1681.0,2026-08-31T09:07:00+09:00
V02Q1940781,37.506173683,127.084756221,517.0,2026-08-31T09:07:00+09:00
V02Q1940784,37.498247757,127.126296648,0.0,2026-08-31T09:07:00+09:00
V02Q1940787,37.512955044,127.094661921,0.0,2026-08-31T09:07:00+09:00
V02Q1940788,37.509617855,127.0741524,280.0,2026-08-31T09:07:00+09:00
V02Q1940790,37.514278277,127.112258966,0.0,2026-08-31T09:07:00+09:00
V02Q1940800,37.519952859,127.1123122,0.0,2026-08-31T09:07:00+09:00
V02Q1940811,37.52727312,127.116249051,1002.0,2026-08-31T09:07:00+09:00
V02Q1940819,37.507344263,127.104688643,1613.0,2026-08-31T09:07:00+09:00
V02Q1940820,37.511104225,127.102321793,0.0,2026-08-31T09:07:00+09:00
V02Q1940821,37.502832774,127.108694904,1270.0,2026-08-31T09:07:00+09:00
V02Q1940832,37.511768309,127.124209484,1982.0,2026-08-31T09:07:00+09:00
V02Q1940838,37.51767925,127.08881891,0.0,2026-08-31T09:07:00+09:00
V02Q1940860,37.533442403,127.080963254,1906.0,2026-08-31T09:07:00+09:00
V02Q1940873,37.53247211,127.114301129,0.0,2026-08-31T09:07:00+09:00
V02Q1940887,37.502749128,127.09252424,1931.0,2026-08-31T09:07:00+09:00
V02Q1940941,37.509088133,127.084056858,1164.0,2026-08-31T09:07:00+09:00
V02Q1940392,37.538286643,127.09239683,2451.0,2026-08-31T10:07:00+09:00
V02Q1940403,37.534309074,127.081985567,1758.0,2026-08-31T10:07:00+09:00
V02Q1940391,37.528616803,127.085121222,1714.0,2026-08-31T10:07:00+09:00
V02Q1940411,37.533878243,127.091521,1047.0,2026-08-31T10:07:00+09:00
V02Q1940506,37.535029673,127.093240689,0.0,2026-08-31T10:07:00+09:00
V02Q1940860,37.533442403,127.080963254,1737.0,2026-08-31T10:07:00+09:00
V02Q1940784,37.498247757,127.126296648,0.0,2026-08-31T10:07:00+09:00
V02Q1940679,37.495212727,127.121438826,0.0,2026-08-31T10:07:00+09:00
V02Q1940706,37.502049127,127.117110751,0.0,2026-08-31T10:07:00+09:00
V02Q1940708,37.514300619,127.091447797,1731.0,2026-08-31T10:07:00+09:00
V02Q1940713,37.516185359,127.114540561,0.0,2026-08-31T10:07:00+09:00
V02Q1940714,37.513385412,127.10686824,0.0,2026-08-31T10:07:00+09:00
V02Q1940734,37.518407904,127.100366298,0.0,2026-08-31T10:07:00+09:00
V02Q1940736,37.504194933,127.128187719,1768.0,2026-08-31T10:07:00+09:00
V02Q1940767,37.502603852,127.092310875,1192.0,2026-08-31T10:07:00+09:00
V02Q1940772,37.503635193,127.103503284,2638.0,2026-08-31T10:07:00+09:00
V02Q1940775,37.505801455,127.109663753,1215.0,2026-08-31T10:07:00+09:00
V02Q1940781,37.506173683,127.084756221,442.0,2026-08-31T10:07:00+09:00
V02Q1940787,37.512955044,127.094661921,0.0,2026-08-31T10:07:00+09:00
V02Q1940788,37.509617855,127.0741524,248.0,2026-08-31T10:07:00+09:00
V02Q1940790,37.514278277,127.112258966,0.0,2026-08-31T10:07:00+09:00
V02Q1940800,37.519952859,127.1123122,0.0,2026-08-31T10:07:00+09:00
V02Q1940811,37.52727312,127.116249051,825.0,2026-08-31T10:07:00+09:00
V02Q1940819,37.507344263,127.104688643,1296.0,2026-08-31T10:07:00+09:00
V02Q1940820,37.511104225,127.102321793,0.0,2026-08-31T10:07:00+09:00
V02Q1940821,37.502832774,127.108694904,1018.0,2026-08-31T10:07:00+09:00
V02Q1940832,37.511768309,127.124209484,1697.0,2026-08-31T10:07:00+09:00
V02Q1940838,37.51767925,127.08881891,0.0,2026-08-31T10:07:00+09:00
V02Q1940873,37.53247211,127.114301129,0.0,2026-08-31T10:07:00+09:00
V02Q1940887,37.502749128,127.09252424,1388.0,2026-08-31T10:07:00+09:00
V02Q1940941,37.509088133,127.084056858,1036.0,2026-08-31T10:07:00+09:00
V02Q1940507,37.531277474,127.123271252,933.0,2026-08-31T10:07:00+09:00
V02Q1940246,37.49920086,127.072395308,519.0,2026-08-31T10:07:00+09:00
V02Q1940082,37.495507594,127.085748474,1316.0,2026-08-31T10:07:00+09:00
V02Q1940098,37.48670146,127.1000197,1992.0,2026-08-31T10:07:00+09:00
V02Q1940100,37.494978959,127.093144214,1252.0,2026-08-31T10:07:00+09:00
OC3CL210115,37.525641,127.129665,1384.0,2026-08-31T10:07:00+09:00
V02Q1940392,37.538286643,127.09239683,2758.0,2026-08-31T11:07:00+09:00
V02Q1940403,37.534309074,127.081985567,2147.0,2026-08-31T11:07:00+09:00
V02Q1940391,37.528616803,127.085121222,2007.0,2026-08-31T11:07:00+09:00
V02Q1940411,37.533878243,127.091521,1238.0,2026-08-31T11:07:00+09:00
V02Q1940506,37.535029673,127.093240689,0.0,2026-08-31T11:07:00+09:00
V02Q1940860,37.533442403,127.080963254,2082.0,2026-08-31T11:07:00+09:00
V02Q1940679,37.495212727,127.121438826,0.0,2026-08-31T11:07:00+09:00
V02Q1940706,37.502049127,127.117110751,0.0,2026-08-31T11:07:00+09:00
V02Q1940708,37.514300619,127.091447797,2457.0,2026-08-31T11:07:00+09:00
V02Q1940734,37.518407904,127.100366298,0.0,2026-08-31T11:07:00+09:00
V02Q1940736,37.504194933,127.128187719,1933.0,2026-08-31T11:07:00+09:00
V02Q1940767,37.502603852,127.092310875,1565.0,2026-08-31T11:07:00+09:00
V02Q1940772,37.503635193,127.103503284,3242.0,2026-08-31T11:07:00+09:00
V02Q1940775,37.505801455,127.109663753,1477.0,2026-08-31T11:07:00+09:00
V02Q1940781,37.506173683,127.084756221,543.0,2026-08-31T11:07:00+09:00
V02Q1940784,37.498247757,127.126296648,0.0,2026-08-31T11:07:00+09:00
V02Q1940787,37.512955044,127.094661921,0.0,2026-08-31T11:07:00+09:00
V02Q1940788,37.509617855,127.0741524,294.0,2026-08-31T11:07:00+09:00
V02Q1940790,37.514278277,127.112258966,0.0,2026-08-31T11:07:00+09:00
V02Q1940800,37.519952859,127.1123122,0.0,2026-08-31T11:07:00+09:00
V02Q1940713,37.516185359,127.114540561,0.0,2026-08-31T11:07:00+09:00
V02Q1940714,37.513385412,127.10686824,0.0,2026-08-31T11:07:00+09:00
V02Q1940811,37.52727312,127.116249051,917.0,2026-08-31T11:07:00+09:00
V02Q1940819,37.507344263,127.104688643,1608.0,2026-08-31T11:07:00+09:00
V02Q1940820,37.511104225,127.102321793,0.0,2026-08-31T11:07:00+09:00
V02Q1940821,37.502832774,127.108694904,1283.0,2026-08-31T11:07:00+09:00
V02Q1940832,37.511768309,127.124209484,1830.0,2026-08-31T11:07:00+09:00
V02Q1940838,37.51767925,127.08881891,0.0,2026-08-31T11:07:00+09:00
V02Q1940873,37.53247211,127.114301129,0.0,2026-08-31T11:07:00+09:00
V02Q1940887,37.502749128,127.09252424,1873.0,2026-08-31T11:07:00+09:00
V02Q1940941,37.509088133,127.084056858,1196.0,2026-08-31T11:07:00+09:00
V02Q1940507,37.531277474,127.123271252,1081.0,2026-08-31T11:07:00+09:00
V02Q1940246,37.49920086,127.072395308,585.0,2026-08-31T11:07:00+09:00
V02Q1940082,37.495507594,127.085748474,1568.0,2026-08-31T11:07:00+09:00
V02Q1940098,37.48670146,127.1000197,2474.0,2026-08-31T11:07:00+09:00
V02Q1940100,37.494978959,127.093144214,1499.0,2026-08-31T11:07:00+09:00
OC3CL210115,37.525641,127.129665,1486.0,2026-08-31T11:07:00+09:00
OC3CL210115,37.525641,127.129665,2154.0,2026-08-31T12:07:00+09:00
V02Q1940082,37.495507594,127.085748474,2623.0,2026-08-31T12:07:00+09:00
V02Q1940098,37.48670146,127.1000197,3791.0,2026-08-31T12:07:00+09:00
V02Q1940100,37.494978959,127.093144214,2349.0,2026-08-31T12:07:00+09:00
V02Q1940246,37.49920086,127.072395308,969.0,2026-08-31T12:07:00+09:00
V02Q1940391,37.528616803,127.085121222,2954.0,2026-08-31T12:07:00+09:00
V02Q1940392,37.538286643,127.09239683,4056.0,2026-08-31T12:07:00+09:00
V02Q1940403,37.534309074,127.081985567,3068.0,2026-08-31T12:07:00+09:00
V02Q1940411,37.533878243,127.091521,1844.0,2026-08-31T12:07:00+09:00
V02Q1940506,37.535029673,127.093240689,0.0,2026-08-31T12:07:00+09:00
V02Q1940507,37.531277474,127.123271252,1597.0,2026-08-31T12:07:00+09:00
V02Q1940679,37.495212727,127.121438826,0.0,2026-08-31T12:07:00+09:00
V02Q1940706,37.502049127,127.117110751,0.0,2026-08-31T12:07:00+09:00
V02Q1940708,37.514300619,127.091447797,3471.0,2026-08-31T12:07:00+09:00
V02Q1940713,37.516185359,127.114540561,0.0,2026-08-31T12:07:00+09:00
V02Q1940714,37.513385412,127.10686824,0.0,2026-08-31T12:07:00+09:00
V02Q1940734,37.518407904,127.100366298,0.0,2026-08-31T12:07:00+09:00
V02Q1940736,37.504194933,127.128187719,2807.0,2026-08-31T12:07:00+09:00
V02Q1940767,37.502603852,127.092310875,2457.0,2026-08-31T12:07:00+09:00
V02Q1940772,37.503635193,127.103503284,4799.0,2026-08-31T12:07:00+09:00
V02Q1940775,37.505801455,127.109663753,2129.0,2026-08-31T12:07:00+09:00
V02Q1940781,37.506173683,127.084756221,832.0,2026-08-31T12:07:00+09:00
V02Q1940784,37.498247757,127.126296648,0.0,2026-08-31T12:07:00+09:00
V02Q1940787,37.512955044,127.094661921,0.0,2026-08-31T12:07:00+09:00
V02Q1940788,37.509617855,127.0741524,476.0,2026-08-31T12:07:00+09:00
V02Q1940790,37.514278277,127.112258966,0.0,2026-08-31T12:07:00+09:00
V02Q1940800,37.519952859,127.1123122,0.0,2026-08-31T12:07:00+09:00
V02Q1940811,37.52727312,127.116249051,1360.0,2026-08-31T12:07:00+09:00
V02Q1940819,37.507344263,127.104688643,2387.0,2026-08-31T12:07:00+09:00
V02Q1940820,37.511104225,127.102321793,0.0,2026-08-31T12:07:00+09:00
V02Q1940821,37.502832774,127.108694904,1862.0,2026-08-31T12:07:00+09:00
V02Q1940832,37.511768309,127.124209484,2636.0,2026-08-31T12:07:00+09:00
V02Q1940838,37.51767925,127.08881891,0.0,2026-08-31T12:07:00+09:00
V02Q1940860,37.533442403,127.080963254,2965.0,2026-08-31T12:07:00+09:00
V02Q1940873,37.53247211,127.114301129,0.0,2026-08-31T12:07:00+09:00
V02Q1940887,37.502749128,127.09252424,2939.0,2026-08-31T12:07:00+09:00
V02Q1940941,37.509088133,127.084056858,1779.0,2026-08-31T12:07:00+09:00
V02Q1940392,37.538286643,127.09239683,5842.0,2026-08-31T13:07:00+09:00
V02Q1940403,37.534309074,127.081985567,4182.0,2026-08-31T13:07:00+09:00
V02Q1940391,37.528616803,127.085121222,3982.0,2026-08-31T13:07:00+09:00
V02Q1940411,37.533878243,127.091521,2560.0,2026-08-31T13:07:00+09:00
V02Q1940506,37.535029673,127.093240689,0.0,2026-08-31T13:07:00+09:00
V02Q1940860,37.533442403,127.080963254,4144.0,2026-08-31T13:07:00+09:00
V02Q1940679,37.495212727,127.121438826,0.0,2026-08-31T13:07:00+09:00
V02Q1940706,37.502049127,127.117110751,0.0,2026-08-31T13:07:00+09:00
V02Q1940708,37.514300619,127.091447797,4545.0,2026-08-31T13:07:00+09:00
V02Q1940734,37.518407904,127.100366298,0.0,2026-08-31T13:07:00+09:00
V02Q1940767,37.502603852,127.092310875,2823.0,2026-08-31T13:07:00+09:00
V02Q1940772,37.503635193,127.103503284,5695.0,2026-08-31T13:07:00+09:00
V02Q1940775,37.505801455,127.109663753,2439.0,2026-08-31T13:07:00+09:00
V02Q1940784,37.498247757,127.126296648,0.0,2026-08-31T13:07:00+09:00
V02Q1940787,37.512955044,127.094661921,0.0,2026-08-31T13:07:00+09:00
V02Q1940788,37.509617855,127.0741524,682.0,2026-08-31T13:07:00+09:00
V02Q1940790,37.514278277,127.112258966,0.0,2026-08-31T13:07:00+09:00
V02Q1940800,37.519952859,127.1123122,0.0,2026-08-31T13:07:00+09:00
V02Q1940713,37.516185359,127.114540561,0.0,2026-08-31T13:07:00+09:00
V02Q1940714,37.513385412,127.10686824,0.0,2026-08-31T13:07:00+09:00
V02Q1940736,37.504194933,127.128187719,3526.0,2026-08-31T13:07:00+09:00
V02Q1940781,37.506173683,127.084756221,971.0,2026-08-31T13:07:00+09:00
V02Q1940811,37.52727312,127.116249051,1807.0,2026-08-31T13:07:00+09:00
V02Q1940819,37.507344263,127.104688643,2697.0,2026-08-31T13:07:00+09:00
V02Q1940820,37.511104225,127.102321793,0.0,2026-08-31T13:07:00+09:00
V02Q1940821,37.502832774,127.108694904,2054.0,2026-08-31T13:07:00+09:00
V02Q1940832,37.511768309,127.124209484,3360.0,2026-08-31T13:07:00+09:00
V02Q1940838,37.51767925,127.08881891,0.0,2026-08-31T13:07:00+09:00
V02Q1940873,37.53247211,127.114301129,0.0,2026-08-31T13:07:00+09:00
V02Q1940887,37.502749128,127.09252424,3351.0,2026-08-31T13:07:00+09:00
V02Q1940941,37.509088133,127.084056858,2385.0,2026-08-31T13:07:00+09:00
V02Q1940507,37.531277474,127.123271252,2120.0,2026-08-31T13:07:00+09:00
V02Q1940246,37.49920086,127.072395308,1201.0,2026-08-31T13:07:00+09:00
V02Q1940082,37.495507594,127.085748474,3152.0,2026-08-31T13:07:00+09:00
V02Q1940098,37.48670146,127.1000197,4108.0,2026-08-31T13:07:00+09:00
V02Q1940100,37.494978959,127.093144214,2653.0,2026-08-31T13:07:00+09:00
OC3CL210115,37.525641,127.129665,3021.0,2026-08-31T13:07:00+09:00
V02Q1940392,37.538286643,127.09239683,2510.0,2026-08-31T14:07:00+09:00
V02Q1940403,37.534309074,127.081985567,1963.0,2026-08-31T14:07:00+09:00
V02Q1940391,37.528616803,127.085121222,1666.0,2026-08-31T14:07:00+09:00
V02Q1940411,37.533878243,127.091521,1049.0,2026-08-31T14:07:00+09:00
V02Q1940506,37.535029673,127.093240689,0.0,2026-08-31T14:07:00+09:00
V02Q1940860,37.533442403,127.080963254,1967.0,2026-08-31T14:07:00+09:00
V02Q1940679,37.495212727,127.121438826,0.0,2026-08-31T14:07:00+09:00
V02Q1940706,37.502049127,127.117110751,0.0,2026-08-31T14:07:00+09:00
V02Q1940708,37.514300619,127.091447797,2277.0,2026-08-31T14:07:00+09:00
V02Q1940734,37.518407904,127.100366298,0.0,2026-08-31T14:07:00+09:00
V02Q1940767,37.502603852,127.092310875,1599.0,2026-08-31T14:07:00+09:00
V02Q1940772,37.503635193,127.103503284,3370.0,2026-08-31T14:07:00+09:00
V02Q1940775,37.505801455,127.109663753,1567.0,2026-08-31T14:07:00+09:00
V02Q1940784,37.498247757,127.126296648,0.0,2026-08-31T14:07:00+09:00
V02Q1940787,37.512955044,127.094661921,0.0,2026-08-31T14:07:00+09:00
V02Q1940790,37.514278277,127.112258966,0.0,2026-08-31T14:07:00+09:00
V02Q1940800,37.519952859,127.1123122,0.0,2026-08-31T14:07:00+09:00
V02Q1940713,37.516185359,127.114540561,0.0,2026-08-31T14:07:00+09:00
V02Q1940714,37.513385412,127.10686824,0.0,2026-08-31T14:07:00+09:00
V02Q1940736,37.504194933,127.128187719,2323.0,2026-08-31T14:07:00+09:00
V02Q1940781,37.506173683,127.084756221,522.0,2026-08-31T14:07:00+09:00
V02Q1940788,37.509617855,127.0741524,283.0,2026-08-31T14:07:00+09:00
V02Q1940811,37.52727312,127.116249051,939.0,2026-08-31T14:07:00+09:00
V02Q1940819,37.507344263,127.104688643,1604.0,2026-08-31T14:07:00+09:00
V02Q1940820,37.511104225,127.102321793,0.0,2026-08-31T14:07:00+09:00
V02Q1940821,37.502832774,127.108694904,1349.0,2026-08-31T14:07:00+09:00
V02Q1940832,37.511768309,127.124209484,2137.0,2026-08-31T14:07:00+09:00
V02Q1940838,37.51767925,127.08881891,0.0,2026-08-31T14:07:00+09:00
V02Q1940873,37.53247211,127.114301129,0.0,2026-08-31T14:07:00+09:00
V02Q1940887,37.502749128,127.09252424,1861.0,2026-08-31T14:07:00+09:00
V02Q1940941,37.509088133,127.084056858,1138.0,2026-08-31T14:07:00+09:00
V02Q1940507,37.531277474,127.123271252,1143.0,2026-08-31T14:07:00+09:00
V02Q1940246,37.49920086,127.072395308,578.0,2026-08-31T14:07:00+09:00
V02Q1940082,37.495507594,127.085748474,1601.0,2026-08-31T14:07:00+09:00
V02Q1940098,37.48670146,127.1000197,2785.0,2026-08-31T14:07:00+09:00
V02Q1940100,37.494978959,127.093144214,1587.0,2026-08-31T14:07:00+09:00
OC3CL210115,37.525641,127.129665,1916.0,2026-08-31T14:07:00+09:00
V02Q1940392,37.538286643,127.09239683,1880.0,2026-08-31T15:07:00+09:00
V02Q1940403,37.534309074,127.081985567,1359.0,2026-08-31T15:07:00+09:00
V02Q1940391,37.528616803,127.085121222,1289.0,2026-08-31T15:07:00+09:00
V02Q1940411,37.533878243,127.091521,827.0,2026-08-31T15:07:00+09:00
V02Q1940506,37.535029673,127.093240689,0.0,2026-08-31T15:07:00+09:00
V02Q1940860,37.533442403,127.080963254,1368.0,2026-08-31T15:07:00+09:00
V02Q1940679,37.495212727,127.121438826,0.0,2026-08-31T15:07:00+09:00
V02Q1940706,37.502049127,127.117110751,0.0,2026-08-31T15:07:00+09:00
V02Q1940708,37.514300619,127.091447797,1634.0,2026-08-31T15:07:00+09:00
V02Q1940734,37.518407904,127.100366298,0.0,2026-08-31T15:07:00+09:00
V02Q1940767,37.502603852,127.092310875,1011.0,2026-08-31T15:07:00+09:00
V02Q1940772,37.503635193,127.103503284,2124.0,2026-08-31T15:07:00+09:00
V02Q1940775,37.505801455,127.109663753,995.0,2026-08-31T15:07:00+09:00
V02Q1940784,37.498247757,127.126296648,0.0,2026-08-31T15:07:00+09:00
V02Q1940787,37.512955044,127.094661921,0.0,2026-08-31T15:07:00+09:00
V02Q1940788,37.509617855,127.0741524,201.0,2026-08-31T15:07:00+09:00
V02Q1940790,37.514278277,127.112258966,0.0,2026-08-31T15:07:00+09:00
V02Q1940800,37.519952859,127.1123122,0.0,2026-08-31T15:07:00+09:00
V02Q1940713,37.516185359,127.114540561,0.0,2026-08-31T15:07:00+09:00
V02Q1940714,37.513385412,127.10686824,0.0,2026-08-31T15:07:00+09:00
V02Q1940736,37.504194933,127.128187719,1311.0,2026-08-31T15:07:00+09:00
V02Q1940781,37.506173683,127.084756221,349.0,2026-08-31T15:07:00+09:00
V02Q1940811,37.52727312,127.116249051,587.0,2026-08-31T15:07:00+09:00
V02Q1940819,37.507344263,127.104688643,1023.0,2026-08-31T15:07:00+09:00
V02Q1940820,37.511104225,127.102321793,0.0,2026-08-31T15:07:00+09:00
V02Q1940821,37.502832774,127.108694904,858.0,2026-08-31T15:07:00+09:00
V02Q1940832,37.511768309,127.124209484,1236.0,2026-08-31T15:07:00+09:00
V02Q1940838,37.51767925,127.08881891,0.0,2026-08-31T15:07:00+09:00
V02Q1940873,37.53247211,127.114301129,0.0,2026-08-31T15:07:00+09:00
V02Q1940887,37.502749128,127.09252424,1196.0,2026-08-31T15:07:00+09:00
V02Q1940941,37.509088133,127.084056858,880.0,2026-08-31T15:07:00+09:00
V02Q1940507,37.531277474,127.123271252,733.0,2026-08-31T15:07:00+09:00
V02Q1940246,37.49920086,127.072395308,404.0,2026-08-31T15:07:00+09:00
V02Q1940082,37.495507594,127.085748474,1058.0,2026-08-31T15:07:00+09:00
V02Q1940098,37.48670146,127.1000197,1570.0,2026-08-31T15:07:00+09:00
V02Q1940100,37.494978959,127.093144214,969.0,2026-08-31T15:07:00+09:00
OC3CL210115,37.525641,127.129665,1014.0,2026-08-31T15:07:00+09:00
V02Q1940392,37.538286643,127.09239683,3330.0,2026-08-31T16:07:00+09:00
V02Q1940403,37.534309074,127.081985567,2338.0,2026-08-31T16:07:00+09:00
V02Q1940391,37.528616803,127.085121222,2392.0,2026-08-31T16:07:00+09:00
V02Q1940411,37.533878243,127.091521,1480.0,2026-08-31T16:07:00+09:00
V02Q1940506,37.535029673,127.093240689,0.0,2026-08-31T16:07:00+09:00
V02Q1940860,37.533442403,127.080963254,2416.0,2026-08-31T16:07:00+09:00
V02Q1940679,37.495212727,127.121438826,0.0,2026-08-31T16:07:00+09:00
V02Q1940706,37.502049127,127.117110751,0.0,2026-08-31T16:07:00+09:00
V02Q1940708,37.514300619,127.091447797,3237.0,2026-08-31T16:07:00+09:00
V02Q1940734,37.518407904,127.100366298,0.0,2026-08-31T16:07:00+09:00
V02Q1940767,37.502603852,127.092310875,2159.0,2026-08-31T16:07:00+09:00
V02Q1940772,37.503635193,127.103503284,4288.0,2026-08-31T16:07:00+09:00
V02Q1940775,37.505801455,127.109663753,1949.0,2026-08-31T16:07:00+09:00
V02Q1940781,37.506173683,127.084756221,740.0,2026-08-31T16:07:00+09:00
V02Q1940784,37.498247757,127.126296648,0.0,2026-08-31T16:07:00+09:00
V02Q1940787,37.512955044,127.094661921,0.0,2026-08-31T16:07:00+09:00
V02Q1940788,37.509617855,127.0741524,392.0,2026-08-31T16:07:00+09:00
V02Q1940790,37.514278277,127.112258966,0.0,2026-08-31T16:07:00+09:00
V02Q1940800,37.519952859,127.1123122,0.0,2026-08-31T16:07:00+09:00
V02Q1940713,37.516185359,127.114540561,0.0,2026-08-31T16:07:00+09:00
V02Q1940714,37.513385412,127.10686824,0.0,2026-08-31T16:07:00+09:00
V02Q1940736,37.504194933,127.128187719,2530.0,2026-08-31T16:07:00+09:00
V02Q1940811,37.52727312,127.116249051,1204.0,2026-08-31T16:07:00+09:00
V02Q1940819,37.507344263,127.104688643,2106.0,2026-08-31T16:07:00+09:00
V02Q1940820,37.511104225,127.102321793,0.0,2026-08-31T16:07:00+09:00
V02Q1940821,37.502832774,127.108694904,1628.0,2026-08-31T16:07:00+09:00
V02Q1940832,37.511768309,127.124209484,2443.0,2026-08-31T16:07:00+09:00
V02Q1940838,37.51767925,127.08881891,0.0,2026-08-31T16:07:00+09:00
V02Q1940873,37.53247211,127.114301129,0.0,2026-08-31T16:07:00+09:00
V02Q1940887,37.502749128,127.09252424,2552.0,2026-08-31T16:07:00+09:00
V02Q1940941,37.509088133,127.084056858,1801.0,2026-08-31T16:07:00+09:00
V02Q1940507,37.531277474,127.123271252,1392.0,2026-08-31T16:07:00+09:00
V02Q1940246,37.49920086,127.072395308,893.0,2026-08-31T16:07:00+09:00
V02Q1940082,37.495507594,127.085748474,2267.0,2026-08-31T16:07:00+09:00
V02Q1940098,37.48670146,127.1000197,3475.0,2026-08-31T16:07:00+09:00
V02Q1940100,37.494978959,127.093144214,2130.0,2026-08-31T16:07:00+09:00
OC3CL210115,37.525641,127.129665,1882.0,2026-08-31T16:07:00+09:00
V02Q1940392,37.538286643,127.09239683,1656.0,2026-08-31T17:07:00+09:00
V02Q1940403,37.534309074,127.081985567,1133.0,2026-08-31T17:07:00+09:00
V02Q1940391,37.528616803,127.085121222,1133.0,2026-08-31T17:07:00+09:00
V02Q1940411,37.533878243,127.091521,718.0,2026-08-31T17:07:00+09:00
V02Q1940506,37.535029673,127.093240689,0.0,2026-08-31T17:07:00+09:00
V02Q1940860,37.533442403,127.080963254,1158.0,2026-08-31T17:07:00+09:00
V02Q1940679,37.495212727,127.121438826,0.0,2026-08-31T17:07:00+09:00
V02Q1940706,37.502049127,127.117110751,0.0,2026-08-31T17:07:00+09:00
V02Q1940708,37.514300619,127.091447797,1433.0,2026-08-31T17:07:00+09:00
V02Q1940734,37.518407904,127.100366298,0.0,2026-08-31T17:07:00+09:00
V02Q1940767,37.502603852,127.092310875,929.0,2026-08-31T17:07:00+09:00
V02Q1940772,37.503635193,127.103503284,1990.0,2026-08-31T17:07:00+09:00
V02Q1940775,37.505801455,127.109663753,959.0,2026-08-31T17:07:00+09:00
V02Q1940781,37.506173683,127.084756221,325.0,2026-08-31T17:07:00+09:00
V02Q1940784,37.498247757,127.126296648,0.0,2026-08-31T17:07:00+09:00
V02Q1940787,37.512955044,127.094661921,0.0,2026-08-31T17:07:00+09:00
V02Q1940788,37.509617855,127.0741524,177.0,2026-08-31T17:07:00+09:00
V02Q1940790,37.514278277,127.112258966,0.0,2026-08-31T17:07:00+09:00
V02Q1940800,37.519952859,127.1123122,0.0,2026-08-31T17:07:00+09:00
V02Q1940713,37.516185359,127.114540561,0.0,2026-08-31T17:07:00+09:00
V02Q1940714,37.513385412,127.10686824,0.0,2026-08-31T17:07:00+09:00
V02Q1940736,37.504194933,127.128187719,1186.0,2026-08-31T17:07:00+09:00
V02Q1940811,37.52727312,127.116249051,574.0,2026-08-31T17:07:00+09:00
V02Q1940819,37.507344263,127.104688643,956.0,2026-08-31T17:07:00+09:00
V02Q1940820,37.511104225,127.102321793,0.0,2026-08-31T17:07:00+09:00
V02Q1940821,37.502832774,127.108694904,786.0,2026-08-31T17:07:00+09:00
V02Q1940832,37.511768309,127.124209484,1158.0,2026-08-31T17:07:00+09:00
V02Q1940838,37.51767925,127.08881891,0.0,2026-08-31T17:07:00+09:00
V02Q1940873,37.53247211,127.114301129,0.0,2026-08-31T17:07:00+09:00
V02Q1940887,37.502749128,127.09252424,1099.0,2026-08-31T17:07:00+09:00
V02Q1940941,37.509088133,127.084056858,815.0,2026-08-31T17:07:00+09:00
V02Q1940507,37.531277474,127.123271252,664.0,2026-08-31T17:07:00+09:00
V02Q1940246,37.49920086,127.072395308,352.0,2026-08-31T17:07:00+09:00
V02Q1940082,37.495507594,127.085748474,939.0,2026-08-31T17:07:00+09:00
V02Q1940098,37.48670146,127.1000197,1350.0,2026-08-31T17:07:00+09:00
V02Q1940100,37.494978959,127.093144214,882.0,2026-08-31T17:07:00+09:00
OC3CL210115,37.525641,127.129665,910.0,2026-08-31T17:07:00+09:00
V02Q1940392,37.538286643,127.09239683,957.0,2026-08-31T18:07:00+09:00
V02Q1940403,37.534309074,127.081985567,715.0,2026-08-31T18:07:00+09:00
V02Q1940391,37.528616803,127.085121222,670.0,2026-08-31T18:07:00+09:00
V02Q1940411,37.533878243,127.091521,428.0,2026-08-31T18:07:00+09:00
V02Q1940506,37.535029673,127.093240689,0.0,2026-08-31T18:07:00+09:00
V02Q1940860,37.533442403,127.080963254,727.0,2026-08-31T18:07:00+09:00
V02Q1940679,37.495212727,127.121438826,0.0,2026-08-31T18:07:00+09:00
V02Q1940706,37.502049127,127.117110751,0.0,2026-08-31T18:07:00+09:00
V02Q1940708,37.514300619,127.091447797,901.0,2026-08-31T18:07:00+09:00
V02Q1940734,37.518407904,127.100366298,0.0,2026-08-31T18:07:00+09:00
V02Q1940736,37.504194933,127.128187719,659.0,2026-08-31T18:07:00+09:00
V02Q1940767,37.502603852,127.092310875,589.0,2026-08-31T18:07:00+09:00
V02Q1940772,37.503635193,127.103503284,1195.0,2026-08-31T18:07:00+09:00
V02Q1940775,37.505801455,127.109663753,562.0,2026-08-31T18:07:00+09:00
V02Q1940781,37.506173683,127.084756221,205.0,2026-08-31T18:07:00+09:00
V02Q1940784,37.498247757,127.126296648,23.0,2026-08-31T18:07:00+09:00
V02Q1940787,37.512955044,127.094661921,0.0,2026-08-31T18:07:00+09:00
V02Q1940788,37.509617855,127.0741524,110.0,2026-08-31T18:07:00+09:00
V02Q1940790,37.514278277,127.112258966,0.0,2026-08-31T18:07:00+09:00
V02Q1940800,37.519952859,127.1123122,0.0,2026-08-31T18:07:00+09:00
V02Q1940713,37.516185359,127.114540561,0.0,2026-08-31T18:07:00+09:00
V02Q1940714,37.513385412,127.10686824,0.0,2026-08-31T18:07:00+09:00
V02Q1940811,37.52727312,127.116249051,334.0,2026-08-31T18:07:00+09:00
V02Q1940819,37.507344263,127.104688643,567.0,2026-08-31T18:07:00+09:00
V02Q1940820,37.511104225,127.102321793,0.0,2026-08-31T18:07:00+09:00
V02Q1940821,37.502832774,127.108694904,446.0,2026-08-31T18:07:00+09:00
V02Q1940832,37.511768309,127.124209484,650.0,2026-08-31T18:07:00+09:00
V02Q1940838,37.51767925,127.08881891,0.0,2026-08-31T18:07:00+09:00
V02Q1940873,37.53247211,127.114301129,0.0,2026-08-31T18:07:00+09:00
V02Q1940887,37.502749128,127.09252424,709.0,2026-08-31T18:07:00+09:00
V02Q1940941,37.509088133,127.084056858,511.0,2026-08-31T18:07:00+09:00
V02Q1940507,37.531277474,127.123271252,377.0,2026-08-31T18:07:00+09:00
V02Q1940246,37.49920086,127.072395308,246.0,2026-08-31T18:07:00+09:00
V02Q1940082,37.495507594,127.085748474,628.0,2026-08-31T18:07:00+09:00
V02Q1940098,37.48670146,127.1000197,914.0,2026-08-31T18:07:00+09:00
V02Q1940100,37.494978959,127.093144214,571.0,2026-08-31T18:07:00+09:00
OC3CL210115,37.525641,127.129665,509.0,2026-08-31T18:07:00+09:00
V02Q1940392,37.538286643,127.09239683,228.0,2026-08-31T19:07:00+09:00
V02Q1940403,37.534309074,127.081985567,175.0,2026-08-31T19:07:00+09:00
V02Q1940391,37.528616803,127.085121222,152.0,2026-08-31T19:07:00+09:00
V02Q1940411,37.533878243,127.091521,101.0,2026-08-31T19:07:00+09:00
V02Q1940506,37.535029673,127.093240689,0.0,2026-08-31T19:07:00+09:00
V02Q1940860,37.533442403,127.080963254,178.0,2026-08-31T19:07:00+09:00
V02Q1940784,37.498247757,127.126296648,0.0,2026-08-31T19:07:00+09:00
V02Q1940679,37.495212727,127.121438826,0.0,2026-08-31T19:07:00+09:00
V02Q1940706,37.502049127,127.117110751,0.0,2026-08-31T19:07:00+09:00
V02Q1940708,37.514300619,127.091447797,207.0,2026-08-31T19:07:00+09:00
V02Q1940734,37.518407904,127.100366298,0.0,2026-08-31T19:07:00+09:00
V02Q1940736,37.504194933,127.128187719,148.0,2026-08-31T19:07:00+09:00
V02Q1940767,37.502603852,127.092310875,147.0,2026-08-31T19:07:00+09:00
V02Q1940772,37.503635193,127.103503284,287.0,2026-08-31T19:07:00+09:00
V02Q1940775,37.505801455,127.109663753,154.0,2026-08-31T19:07:00+09:00
V02Q1940781,37.506173683,127.084756221,47.0,2026-08-31T19:07:00+09:00
V02Q1940787,37.512955044,127.094661921,0.0,2026-08-31T19:07:00+09:00
V02Q1940788,37.509617855,127.0741524,27.0,2026-08-31T19:07:00+09:00
V02Q1940790,37.514278277,127.112258966,0.0,2026-08-31T19:07:00+09:00
V02Q1940800,37.519952859,127.1123122,0.0,2026-08-31T19:07:00+09:00
V02Q1940713,37.516185359,127.114540561,0.0,2026-08-31T19:07:00+09:00
V02Q1940714,37.513385412,127.10686824,0.0,2026-08-31T19:07:00+09:00
V02Q1940811,37.52727312,127.116249051,76.0,2026-08-31T19:07:00+09:00
V02Q1940819,37.507344263,127.104688643,133.0,2026-08-31T19:07:00+09:00
V02Q1940820,37.511104225,127.102321793,0.0,2026-08-31T19:07:00+09:00
V02Q1940821,37.502832774,127.108694904,107.0,2026-08-31T19:07:00+09:00
V02Q1940832,37.511768309,127.124209484,145.0,2026-08-31T19:07:00+09:00
V02Q1940838,37.51767925,127.08881891,0.0,2026-08-31T19:07:00+09:00
V02Q1940873,37.53247211,127.114301129,0.0,2026-08-31T19:07:00+09:00
V02Q1940887,37.502749128,127.09252424,164.0,2026-08-31T19:07:00+09:00
V02Q1940941,37.509088133,127.084056858,119.0,2026-08-31T19:07:00+09:00
V02Q1940507,37.531277474,127.123271252,91.0,2026-08-31T19:07:00+09:00
V02Q1940246,37.49920086,127.072395308,58.0,2026-08-31T19:07:00+09:00
V02Q1940082,37.495507594,127.085748474,154.0,2026-08-31T19:07:00+09:00
V02Q1940098,37.48670146,127.1000197,228.0,2026-08-31T19:07:00+09:00
V02Q1940100,37.494978959,127.093144214,142.0,2026-08-31T19:07:00+09:00
OC3CL210115,37.525641,127.129665,121.0,2026-08-31T19:07:00+09:00
V02Q1940392,37.538286643,127.09239683,5.0,2026-08-31T20:07:00+09:00
V02Q1940403,37.534309074,127.081985567,4.0,2026-08-31T20:07:00+09:00
V02Q1940391,37.528616803,127.085121222,3.0,2026-08-31T20:07:00+09:00
V02Q1940411,37.533878243,127.091521,2.0,2026-08-31T20:07:00+09:00
V02Q1940506,37.535029673,127.093240689,0.0,2026-08-31T20:07:00+09:00
V02Q1940860,37.533442403,127.080963254,4.0,2026-08-31T20:07:00+09:00
V02Q1940679,37.495212727,127.121438826,0.0,2026-08-31T20:07:00+09:00
V02Q1940734,37.518407904,127.100366298,0.0,2026-08-31T20:07:00+09:00
V02Q1940784,37.498247757,127.126296648,0.0,2026-08-31T20:07:00+09:00
V02Q1940706,37.502049127,127.117110751,0.0,2026-08-31T20:07:00+09:00
V02Q1940708,37.514300619,127.091447797,4.0,2026-08-31T20:07:00+09:00
V02Q1940736,37.504194933,127.128187719,9.0,2026-08-31T20:07:00+09:00
V02Q1940767,37.502603852,127.092310875,2.0,2026-08-31T20:07:00+09:00
V02Q1940772,37.503635193,127.103503284,5.0,2026-08-31T20:07:00+09:00
V02Q1940775,37.505801455,127.109663753,4.0,2026-08-31T20:07:00+09:00
V02Q1940781,37.506173683,127.084756221,1.0,2026-08-31T20:07:00+09:00
V02Q1940787,37.512955044,127.094661921,0.0,2026-08-31T20:07:00+09:00
V02Q1940788,37.509617855,127.0741524,1.0,2026-08-31T20:07:00+09:00
V02Q1940790,37.514278277,127.112258966,0.0,2026-08-31T20:07:00+09:00
V02Q1940800,37.519952859,127.1123122,0.0,2026-08-31T20:07:00+09:00
V02Q1940832,37.511768309,127.124209484,2.0,2026-08-31T20:07:00+09:00
V02Q1940713,37.516185359,127.114540561,0.0,2026-08-31T20:07:00+09:00
V02Q1940714,37.513385412,127.10686824,0.0,2026-08-31T20:07:00+09:00
V02Q1940811,37.52727312,127.116249051,4.0,2026-08-31T20:07:00+09:00
V02Q1940819,37.507344263,127.104688643,2.0,2026-08-31T20:07:00+09:00
V02Q1940820,37.511104225,127.102321793,0.0,2026-08-31T20:07:00+09:00
V02Q1940821,37.502832774,127.108694904,75.0,2026-08-31T20:07:00+09:00
V02Q1940838,37.51767925,127.08881891,0.0,2026-08-31T20:07:00+09:00
V02Q1940873,37.53247211,127.114301129,0.0,2026-08-31T20:07:00+09:00
V02Q1940887,37.502749128,127.09252424,2.0,2026-08-31T20:07:00+09:00
V02Q1940941,37.509088133,127.084056858,2.0,2026-08-31T20:07:00+09:00
V02Q1940507,37.531277474,127.123271252,302.0,2026-08-31T20:07:00+09:00
V02Q1940246,37.49920086,127.072395308,1.0,2026-08-31T20:07:00+09:00
V02Q1940082,37.495507594,127.085748474,3.0,2026-08-31T20:07:00+09:00
V02Q1940098,37.48670146,127.1000197,4.0,2026-08-31T20:07:00+09:00
V02Q1940100,37.494978959,127.093144214,20.0,2026-08-31T20:07:00+09:00
OC3CL210115,37.525641,127.129665,20.0,2026-08-31T20:07:00+09:00
OC3CL210115,37.525641,127.129665,18.0,2026-08-31T21:07:00+09:00
V02Q1940082,37.495507594,127.085748474,0.0,2026-08-31T21:07:00+09:00
V02Q1940098,37.48670146,127.1000197,0.0,2026-08-31T21:07:00+09:00
V02Q1940100,37.494978959,127.093144214,23.0,2026-08-31T21:07:00+09:00
V02Q1940246,37.49920086,127.072395308,0.0,2026-08-31T21:07:00+09:00
V02Q1940391,37.528616803,127.085121222,1.0,2026-08-31T21:07:00+09:00
V02Q1940392,37.538286643,127.09239683,0.0,2026-08-31T21:07:00+09:00
V02Q1940403,37.534309074,127.081985567,0.0,2026-08-31T21:07:00+09:00
V02Q1940411,37.533878243,127.091521,0.0,2026-08-31T21:07:00+09:00
V02Q1940506,37.535029673,127.093240689,0.0,2026-08-31T21:07:00+09:00
V02Q1940507,37.531277474,127.123271252,484.0,2026-08-31T21:07:00+09:00
V02Q1940679,37.495212727,127.121438826,0.0,2026-08-31T21:07:00+09:00
V02Q1940706,37.502049127,127.117110751,0.0,2026-08-31T21:07:00+09:00
V02Q1940708,37.514300619,127.091447797,0.0,2026-08-31T21:07:00+09:00
V02Q1940713,37.516185359,127.114540561,0.0,2026-08-31T21:07:00+09:00
V02Q1940714,37.513385412,127.10686824,0.0,2026-08-31T21:07:00+09:00
V02Q1940734,37.518407904,127.100366298,0.0,2026-08-31T21:07:00+09:00
V02Q1940736,37.504194933,127.128187719,11.0,2026-08-31T21:07:00+09:00
V02Q1940767,37.502603852,127.092310875,0.0,2026-08-31T21:07:00+09:00
V02Q1940772,37.503635193,127.103503284,0.0,2026-08-31T21:07:00+09:00
V02Q1940775,37.505801455,127.109663753,1.0,2026-08-31T21:07:00+09:00
V02Q1940781,37.506173683,127.084756221,0.0,2026-08-31T21:07:00+09:00
V02Q1940784,37.498247757,127.126296648,0.0,2026-08-31T21:07:00+09:00
V02Q1940787,37.512955044,127.094661921,0.0,2026-08-31T21:07:00+09:00
V02Q1940788,37.509617855,127.0741524,0.0,2026-08-31T21:07:00+09:00
V02Q1940790,37.514278277,127.112258966,0.0,2026-08-31T21:07:00+09:00
V02Q1940800,37.519952859,127.1123122,0.0,2026-08-31T21:07:00+09:00
V02Q1940811,37.52727312,127.116249051,3.0,2026-08-31T21:07:00+09:00
V02Q1940819,37.507344263,127.104688643,0.0,2026-08-31T21:07:00+09:00
V02Q1940820,37.511104225,127.102321793,0.0,2026-08-31T21:07:00+09:00
V02Q1940821,37.502832774,127.108694904,112.0,2026-08-31T21:07:00+09:00
V02Q1940832,37.511768309,127.124209484,0.0,2026-08-31T21:07:00+09:00
V02Q1940838,37.51767925,127.08881891,0.0,2026-08-31T21:07:00+09:00
V02Q1940860,37.533442403,127.080963254,0.0,2026-08-31T21:07:00+09:00
V02Q1940873,37.53247211,127.114301129,0.0,2026-08-31T21:07:00+09:00
V02Q1940887,37.502749128,127.09252424,0.0,2026-08-31T21:07:00+09:00
V02Q1940941,37.509088133,127.084056858,0.0,2026-08-31T21:07:00+09:00
OC3CL210115,37.525641,127.129665,18.0,2026-08-31T22:07:00+09:00
V02Q1940082,37.495507594,127.085748474,0.0,2026-08-31T22:07:00+09:00
V02Q1940098,37.48670146,127.1000197,0.0,2026-08-31T22:07:00+09:00
V02Q1940100,37.494978959,127.093144214,23.0,2026-08-31T22:07:00+09:00
V02Q1940246,37.49920086,127.072395308,0.0,2026-08-31T22:07:00+09:00
V02Q1940391,37.528616803,127.085121222,1.0,2026-08-31T22:07:00+09:00
V02Q1940392,37.538286643,127.09239683,0.0,2026-08-31T22:07:00+09:00
V02Q1940403,37.534309074,127.081985567,0.0,2026-08-31T22:07:00+09:00
V02Q1940411,37.533878243,127.091521,0.0,2026-08-31T22:07:00+09:00
V02Q1940506,37.535029673,127.093240689,0.0,2026-08-31T22:07:00+09:00
V02Q1940507,37.531277474,127.123271252,460.0,2026-08-31T22:07:00+09:00
V02Q1940679,37.495212727,127.121438826,0.0,2026-08-31T22:07:00+09:00
V02Q1940706,37.502049127,127.117110751,0.0,2026-08-31T22:07:00+09:00
V02Q1940708,37.514300619,127.091447797,0.0,2026-08-31T22:07:00+09:00
V02Q1940713,37.516185359,127.114540561,0.0,2026-08-31T22:07:00+09:00
V02Q1940714,37.513385412,127.10686824,0.0,2026-08-31T22:07:00+09:00
V02Q1940734,37.518407904,127.100366298,0.0,2026-08-31T22:07:00+09:00
V02Q1940736,37.504194933,127.128187719,11.0,2026-08-31T22:07:00+09:00
V02Q1940767,37.502603852,127.092310875,0.0,2026-08-31T22:07:00+09:00
V02Q1940772,37.503635193,127.103503284,0.0,2026-08-31T22:07:00+09:00
V02Q1940775,37.505801455,127.109663753,1.0,2026-08-31T22:07:00+09:00
V02Q1940781,37.506173683,127.084756221,0.0,2026-08-31T22:07:00+09:00
V02Q1940784,37.498247757,127.126296648,0.0,2026-08-31T22:07:00+09:00
V02Q1940787,37.512955044,127.094661921,0.0,2026-08-31T22:07:00+09:00
V02Q1940788,37.509617855,127.0741524,0.0,2026-08-31T22:07:00+09:00
V02Q1940790,37.514278277,127.112258966,0.0,2026-08-31T22:07:00+09:00
V02Q1940800,37.519952859,127.1123122,0.0,2026-08-31T22:07:00+09:00
V02Q1940811,37.52727312,127.116249051,3.0,2026-08-31T22:07:00+09:00
V02Q1940819,37.507344263,127.104688643,0.0,2026-08-31T22:07:00+09:00
V02Q1940820,37.511104225,127.102321793,0.0,2026-08-31T22:07:00+09:00
V02Q1940821,37.502832774,127.108694904,112.0,2026-08-31T22:07:00+09:00
V02Q1940832,37.511768309,127.124209484,0.0,2026-08-31T22:07:00+09:00
V02Q1940838,37.51767925,127.08881891,0.0,2026-08-31T22:07:00+09:00
V02Q1940860,37.533442403,127.080963254,0.0,2026-08-31T22:07:00+09:00
V02Q1940873,37.53247211,127.114301129,0.0,2026-08-31T22:07:00+09:00
V02Q1940887,37.502749128,127.09252424,0.0,2026-08-31T22:07:00+09:00
V02Q1940941,37.509088133,127.084056858,0.0,2026-08-31T22:07:00+09:00
OC3CL210115,37.525641,127.129665,18.0,2026-08-31T23:07:00+09:00
V02Q1940082,37.495507594,127.085748474,0.0,2026-08-31T23:07:00+09:00
V02Q1940098,37.48670146,127.1000197,0.0,2026-08-31T23:07:00+09:00
V02Q1940100,37.494978959,127.093144214,24.0,2026-08-31T23:07:00+09:00
V02Q1940246,37.49920086,127.072395308,0.0,2026-08-31T23:07:00+09:00
V02Q1940391,37.528616803,127.085121222,1.0,2026-08-31T23:07:00+09:00
V02Q1940392,37.538286643,127.09239683,0.0,2026-08-31T23:07:00+09:00
V02Q1940403,37.534309074,127.081985567,0.0,2026-08-31T23:07:00+09:00
V02Q1940411,37.533878243,127.091521,0.0,2026-08-31T23:07:00+09:00
V02Q1940506,37.535029673,127.093240689,0.0,2026-08-31T23:07:00+09:00
V02Q1940507,37.531277474,127.123271252,490.0,2026-08-31T23:07:00+09:00
V02Q1940679,37.495212727,127.121438826,0.0,2026-08-31T23:07:00+09:00
V02Q1940706,37.502049127,127.117110751,0.0,2026-08-31T23:07:00+09:00
V02Q1940708,37.514300619,127.091447797,0.0,2026-08-31T23:07:00+09:00
V02Q1940713,37.516185359,127.114540561,0.0,2026-08-31T23:07:00+09:00
V02Q1940714,37.513385412,127.10686824,0.0,2026-08-31T23:07:00+09:00
V02Q1940734,37.518407904,127.100366298,0.0,2026-08-31T23:07:00+09:00
V02Q1940736,37.504194933,127.128187719,11.0,2026-08-31T23:07:00+09:00
V02Q1940767,37.502603852,127.092310875,0.0,2026-08-31T23:07:00+09:00
V02Q1940772,37.503635193,127.103503284,0.0,2026-08-31T23:07:00+09:00
V02Q1940775,37.505801455,127.109663753,0.0,2026-08-31T23:07:00+09:00
V02Q1940781,37.506173683,127.084756221,0.0,2026-08-31T23:07:00+09:00
V02Q1940784,37.498247757,127.126296648,0.0,2026-08-31T23:07:00+09:00
V02Q1940787,37.512955044,127.094661921,0.0,2026-08-31T23:07:00+09:00
V02Q1940788,37.509617855,127.0741524,0.0,2026-08-31T23:07:00+09:00
V02Q1940790,37.514278277,127.112258966,0.0,2026-08-31T23:07:00+09:00
V02Q1940800,37.519952859,127.1123122,0.0,2026-08-31T23:07:00+09:00
V02Q1940811,37.52727312,127.116249051,3.0,2026-08-31T23:07:00+09:00
V02Q1940819,37.507344263,127.104688643,0.0,2026-08-31T23:07:00+09:00
V02Q1940820,37.511104225,127.102321793,0.0,2026-08-31T23:07:00+09:00
V02Q1940821,37.502832774,127.108694904,111.0,2026-08-31T23:07:00+09:00
V02Q1940832,37.511768309,127.124209484,0.0,2026-08-31T23:07:00+09:00
V02Q1940838,37.51767925,127.08881891,0.0,2026-08-31T23:07:00+09:00
V02Q1940860,37.533442403,127.080963254,0.0,2026-08-31T23:07:00+09:00
V02Q1940873,37.53247211,127.114301129,0.0,2026-08-31T23:07:00+09:00
V02Q1940887,37.502749128,127.09252424,0.0,2026-08-31T23:07:00+09:00
V02Q1940941,37.509088133,127.084056858,0.0,2026-08-31T23:07:00+09:00
OC3CL210115,37.525641,127.129665,18.0,2026-09-01T00:07:00+09:00
V02Q1940082,37.495507594,127.085748474,0.0,2026-09-01T00:07:00+09:00
V02Q1940098,37.48670146,127.1000197,0.0,2026-09-01T00:07:00+09:00
V02Q1940100,37.494978959,127.093144214,24.0,2026-09-01T00:07:00+09:00
V02Q1940246,37.49920086,127.072395308,0.0,2026-09-01T00:07:00+09:00
V02Q1940391,37.528616803,127.085121222,1.0,2026-09-01T00:07:00+09:00
V02Q1940392,37.538286643,127.09239683,0.0,2026-09-01T00:07:00+09:00
V02Q1940403,37.534309074,127.081985567,0.0,2026-09-01T00:07:00+09:00
V02Q1940411,37.533878243,127.091521,0.0,2026-09-01T00:07:00+09:00
V02Q1940506,37.535029673,127.093240689,0.0,2026-09-01T00:07:00+09:00
V02Q1940507,37.531277474,127.123271252,467.0,2026-09-01T00:07:00+09:00
V02Q1940679,37.495212727,127.121438826,0.0,2026-09-01T00:07:00+09:00
V02Q1940706,37.502049127,127.117110751,0.0,2026-09-01T00:07:00+09:00
V02Q1940708,37.514300619,127.091447797,0.0,2026-09-01T00:07:00+09:00
V02Q1940713,37.516185359,127.114540561,0.0,2026-09-01T00:07:00+09:00
V02Q1940714,37.513385412,127.10686824,0.0,2026-09-01T00:07:00+09:00
V02Q1940734,37.518407904,127.100366298,0.0,2026-09-01T00:07:00+09:00
V02Q1940736,37.504194933,127.128187719,11.0,2026-09-01T00:07:00+09:00
V02Q1940767,37.502603852,127.092310875,0.0,2026-09-01T00:07:00+09:00
V02Q1940772,37.503635193,127.103503284,0.0,2026-09-01T00:07:00+09:00
V02Q1940775,37.505801455,127.109663753,0.0,2026-09-01T00:07:00+09:00
V02Q1940781,37.506173683,127.084756221,0.0,2026-09-01T00:07:00+09:00
V02Q1940784,37.498247757,127.126296648,0.0,2026-09-01T00:07:00+09:00
V02Q1940787,37.512955044,127.094661921,0.0,2026-09-01T00:07:00+09:00
V02Q1940788,37.509617855,127.0741524,0.0,2026-09-01T00:07:00+09:00
V02Q1940790,37.514278277,127.112258966,0.0,2026-09-01T00:07:00+09:00
V02Q1940800,37.519952859,127.1123122,0.0,2026-09-01T00:07:00+09:00
V02Q1940811,37.52727312,127.116249051,3.0,2026-09-01T00:07:00+09:00
V02Q1940819,37.507344263,127.104688643,0.0,2026-09-01T00:07:00+09:00
V02Q1940820,37.511104225,127.102321793,0.0,2026-09-01T00:07:00+09:00
V02Q1940821,37.502832774,127.108694904,110.0,2026-09-01T00:07:00+09:00
V02Q1940832,37.511768309,127.124209484,0.0,2026-09-01T00:07:00+09:00
V02Q1940838,37.51767925,127.08881891,0.0,2026-09-01T00:07:00+09:00
V02Q1940860,37.533442403,127.080963254,0.0,2026-09-01T00:07:00+09:00
V02Q1940873,37.53247211,127.114301129,0.0,2026-09-01T00:07:00+09:00
V02Q1940887,37.502749128,127.09252424,0.0,2026-09-01T00:07:00+09:00
V02Q1940941,37.509088133,127.084056858,0.0,2026-09-01T00:07:00+09:00
OC3CL200033,37.51217275,127.1046954,78.0,2026-08-31T15:07:16+09:00
OC3CL200033,37.51217275,127.1046954,0.0,2026-08-31T22:07:16+09:00
OC3CL200033,37.51217275,127.1046954,0.0,2026-08-31T21:07:16+09:00
OC3CL200033,37.51217275,127.1046954,0.0,2026-08-31T20:07:16+09:00
OC3CL200033,37.51217275,127.1046954,10.0,2026-08-31T19:07:16+09:00
OC3CL200033,37.51217275,127.1046954,37.0,2026-08-31T18:07:16+09:00
OC3CL200033,37.51217275,127.1046954,63.0,2026-08-31T17:07:16+09:00
OC3CL200033,37.51217275,127.1046954,136.0,2026-08-31T16:07:16+09:00
OC3CL200033,37.51217275,127.1046954,127.0,2026-08-31T14:07:16+09:00
OC3CL200033,37.51217275,127.1046954,201.0,2026-08-31T13:07:16+09:00
OC3CL200033,37.51217275,127.1046954,167.0,2026-08-31T12:07:16+09:00
OC3CL200033,37.51217275,127.1046954,115.0,2026-08-31T11:07:16+09:00
OC3CL200033,37.51217275,127.1046954,91.0,2026-08-31T10:07:16+09:00
OC3CL200033,37.51217275,127.1046954,107.0,2026-08-31T09:07:16+09:00
OC3CL200033,37.51217275,127.1046954,63.0,2026-08-31T08:07:16+09:00
OC3CL200033,37.51217275,127.1046954,16.0,2026-08-31T07:07:16+09:00
OC3CL200033,37.51217275,127.1046954,0.0,2026-08-31T06:07:16+09:00
V02Q1940117,37.508537127,127.087121735,1193.0,2026-08-31T11:00:00+09:00
V02Q1940117,37.508537127,127.087121735,0.0,2026-08-31T00:00:00+09:00
V02Q1940117,37.508537127,127.087121735,0.0,2026-08-31T01:00:00+09:00
V02Q1940117,37.508537127,127.087121735,0.0,2026-08-31T02:00:00+09:00
V02Q1940117,37.508537127,127.087121735,0.0,2026-08-31T03:00:00+09:00
V02Q1940117,37.508537127,127.087121735,0.0,2026-08-31T04:00:00+09:00
V02Q1940117,37.508537127,127.087121735,0.0,2026-08-31T05:00:00+09:00
V02Q1940117,37.508537127,127.087121735,1.0,2026-08-31T06:00:00+09:00
V02Q1940117,37.508537127,127.087121735,196.0,2026-08-31T07:00:00+09:00
V02Q1940117,37.508537127,127.087121735,696.0,2026-08-31T08:00:00+09:00
V02Q1940117,37.508537127,127.087121735,1161.0,2026-08-31T09:00:00+09:00
V02Q1940117,37.508537127,127.087121735,950.0,2026-08-31T10:00:00+09:00
V02Q1940117,37.508537127,127.087121735,1777.0,2026-08-31T12:00:00+09:00
V02Q1940117,37.508537127,127.087121735,2244.0,2026-08-31T13:00:00+09:00
V02Q1940117,37.508537127,127.087121735,1179.0,2026-08-31T14:00:00+09:00
V02Q1940117,37.508537127,127.087121735,823.0,2026-08-31T15:00:00+09:00
V02Q1940117,37.508537127,127.087121735,1628.0,2026-08-31T16:00:00+09:00
V02Q1940117,37.508537127,127.087121735,724.0,2026-08-31T17:00:00+09:00
V02Q1940117,37.508537127,127.087121735,453.0,2026-08-31T18:00:00+09:00
V02Q1940117,37.508537127,127.087121735,108.0,2026-08-31T19:00:00+09:00
V02Q1940117,37.508537127,127.087121735,2.0,2026-08-31T20:00:00+09:00
V02Q1940117,37.508537127,127.087121735,1.0,2026-08-31T21:00:00+09:00
V02Q1940117,37.508537127,127.087121735,1.0,2026-08-31T22:00:00+09:00
V02Q1940117,37.508537127,127.087121735,1.0,2026-08-31T23:00:00+09:00
V02Q1940129,37.497655712,127.074468747,0.0,2026-08-31T02:00:00+09:00
V02Q1940129,37.497655712,127.074468747,0.0,2026-08-31T00:00:00+09:00
V02Q1940129,37.497655712,127.074468747,0.0,2026-08-31T23:00:00+09:00
V02Q1940129,37.497655712,127.074468747,0.0,2026-08-31T22:00:00+09:00
V02Q1940129,37.497655712,127.074468747,0.0,2026-08-31T21:00:00+09:00
V02Q1940129,37.497655712,127.074468747,1.0,2026-08-31T20:00:00+09:00
V02Q1940129,37.497655712,127.074468747,63.0,2026-08-31T19:00:00+09:00
V02Q1940129,37.497655712,127.074468747,268.0,2026-08-31T18:00:00+09:00
V02Q1940129,37.497655712,127.074468747,385.0,2026-08-31T17:00:00+09:00
V02Q1940129,37.497655712,127.074468747,970.0,2026-08-31T16:00:00+09:00
V02Q1940129,37.497655712,127.074468747,441.0,2026-08-31T15:00:00+09:00
V02Q1940129,37.497655712,127.074468747,636.0,2026-08-31T14:00:00+09:00
V02Q1940129,37.497655712,127.074468747,1311.0,2026-08-31T13:00:00+09:00
V02Q1940129,37.497655712,127.074468747,1062.0,2026-08-31T12:00:00+09:00
V02Q1940129,37.497655712,127.074468747,640.0,2026-08-31T11:00:00+09:00
V02Q1940129,37.497655712,127.074468747,564.0,2026-08-31T10:00:00+09:00
V02Q1940129,37.497655712,127.074468747,746.0,2026-08-31T09:00:00+09:00
V02Q1940129,37.497655712,127.074468747,401.0,2026-08-31T08:00:00+09:00
V02Q1940129,37.497655712,127.074468747,103.0,2026-08-31T07:00:00+09:00
V02Q1940129,37.497655712,127.074468747,0.0,2026-08-31T06:00:00+09:00
V02Q1940129,37.497655712,127.074468747,0.0,2026-08-31T05:00:00+09:00
V02Q1940129,37.497655712,127.074468747,0.0,2026-08-31T04:00:00+09:00
V02Q1940129,37.497655712,127.074468747,0.0,2026-08-31T03:00:00+09:00
V02Q1940129,37.497655712,127.074468747,0.0,2026-08-31T01:00:00+09:00
V02Q1940742,37.501040267,127.109739451,2351.0,2026-08-31T13:00:00+09:00
V02Q1940742,37.501040267,127.109739451,825.0,2026-08-31T08:00:00+09:00
V02Q1940742,37.501040267,127.109739451,1454.0,2026-08-31T09:00:00+09:00
V02Q1940742,37.501040267,127.109739451,1142.0,2026-08-31T10:00:00+09:00
V02Q1940742,37.501040267,127.109739451,1420.0,2026-08-31T11:00:00+09:00
V02Q1940742,37.501040267,127.109739451,1485.0,2026-08-31T14:00:00+09:00
V02Q1940742,37.501040267,127.109739451,43.0,2026-08-31T00:00:00+09:00
V02Q1940742,37.501040267,127.109739451,43.0,2026-08-31T01:00:00+09:00
V02Q1940742,37.501040267,127.109739451,42.0,2026-08-31T02:00:00+09:00
V02Q1940742,37.501040267,127.109739451,43.0,2026-08-31T03:00:00+09:00
V02Q1940742,37.501040267,127.109739451,59.0,2026-08-31T04:00:00+09:00
V02Q1940742,37.501040267,127.109739451,62.0,2026-08-31T05:00:00+09:00
V02Q1940742,37.501040267,127.109739451,2073.0,2026-08-31T12:00:00+09:00
V02Q1940742,37.501040267,127.109739451,54.0,2026-08-31T06:00:00+09:00
V02Q1940742,37.501040267,127.109739451,257.0,2026-08-31T07:00:00+09:00
V02Q1940742,37.501040267,127.109739451,61.0,2026-08-31T23:00:00+09:00
V02Q1940742,37.501040267,127.109739451,62.0,2026-08-31T22:00:00+09:00
V02Q1940742,37.501040267,127.109739451,62.0,2026-08-31T21:00:00+09:00
V02Q1940742,37.501040267,127.109739451,43.0,2026-08-31T20:00:00+09:00
V02Q1940742,37.501040267,127.109739451,125.0,2026-08-31T19:00:00+09:00
V02Q1940742,37.501040267,127.109739451,510.0,2026-08-31T18:00:00+09:00
V02Q1940742,37.501040267,127.109739451,877.0,2026-08-31T17:00:00+09:00
V02Q1940742,37.501040267,127.109739451,1838.0,2026-08-31T16:00:00+09:00
V02Q1940742,37.501040267,127.109739451,942.0,2026-08-31T15:00:00+09:00
OC3CL210115,37.525641,127.129665,18.0,2026-09-01T01:07:00+09:00
V02Q1940082,37.495507594,127.085748474,0.0,2026-09-01T01:07:00+09:00
V02Q1940098,37.48670146,127.1000197,0.0,2026-09-01T01:07:00+09:00
V02Q1940100,37.494978959,127.093144214,24.0,2026-09-01T01:07:00+09:00
V02Q1940246,37.49920086,127.072395308,0.0,2026-09-01T01:07:00+09:00
V02Q1940391,37.528616803,127.085121222,1.0,2026-09-01T01:07:00+09:00
V02Q1940392,37.538286643,127.09239683,0.0,2026-09-01T01:07:00+09:00
V02Q1940403,37.534309074,127.081985567,0.0,2026-09-01T01:07:00+09:00
V02Q1940411,37.533878243,127.091521,0.0,2026-09-01T01:07:00+09:00
V02Q1940506,37.535029673,127.093240689,0.0,2026-09-01T01:07:00+09:00
V02Q1940507,37.531277474,127.123271252,485.0,2026-09-01T01:07:00+09:00
V02Q1940679,37.495212727,127.121438826,0.0,2026-09-01T01:07:00+09:00
V02Q1940706,37.502049127,127.117110751,0.0,2026-09-01T01:07:00+09:00
V02Q1940708,37.514300619,127.091447797,0.0,2026-09-01T01:07:00+09:00
V02Q1940713,37.516185359,127.114540561,0.0,2026-09-01T01:07:00+09:00
V02Q1940714,37.513385412,127.10686824,0.0,2026-09-01T01:07:00+09:00
V02Q1940734,37.518407904,127.100366298,0.0,2026-09-01T01:07:00+09:00
V02Q1940736,37.504194933,127.128187719,11.0,2026-09-01T01:07:00+09:00
V02Q1940767,37.502603852,127.092310875,0.0,2026-09-01T01:07:00+09:00
V02Q1940772,37.503635193,127.103503284,0.0,2026-09-01T01:07:00+09:00
V02Q1940775,37.505801455,127.109663753,0.0,2026-09-01T01:07:00+09:00
V02Q1940781,37.506173683,127.084756221,0.0,2026-09-01T01:07:00+09:00
V02Q1940784,37.498247757,127.126296648,0.0,2026-09-01T01:07:00+09:00
V02Q1940787,37.512955044,127.094661921,0.0,2026-09-01T01:07:00+09:00
V02Q1940788,37.509617855,127.0741524,0.0,2026-09-01T01:07:00+09:00
V02Q1940790,37.514278277,127.112258966,0.0,2026-09-01T01:07:00+09:00
V02Q1940800,37.519952859,127.1123122,0.0,2026-09-01T01:07:00+09:00
V02Q1940811,37.52727312,127.116249051,3.0,2026-09-01T01:07:00+09:00
V02Q1940819,37.507344263,127.104688643,0.0,2026-09-01T01:07:00+09:00
V02Q1940820,37.511104225,127.102321793,0.0,2026-09-01T01:07:00+09:00
V02Q1940821,37.502832774,127.108694904,111.0,2026-09-01T01:07:00+09:00
V02Q1940832,37.511768309,127.124209484,0.0,2026-09-01T01:07:00+09:00
V02Q1940838,37.51767925,127.08881891,0.0,2026-09-01T01:07:00+09:00
V02Q1940860,37.533442403,127.080963254,0.0,2026-09-01T01:07:00+09:00
V02Q1940873,37.53247211,127.114301129,0.0,2026-09-01T01:07:00+09:00
V02Q1940887,37.502749128,127.09252424,0.0,2026-09-01T01:07:00+09:00
V02Q1940941,37.509088133,127.084056858,0.0,2026-09-01T01:07:00+09:00
V02Q1940391,37.528616803,127.085121222,1.0,2026-09-01T02:07:00+09:00
V02Q1940392,37.538286643,127.09239683,0.0,2026-09-01T02:07:00+09:00
V02Q1940403,37.534309074,127.081985567,0.0,2026-09-01T02:07:00+09:00
V02Q1940411,37.533878243,127.091521,0.0,2026-09-01T02:07:00+09:00
V02Q1940506,37.535029673,127.093240689,0.0,2026-09-01T02:07:00+09:00
V02Q1940860,37.533442403,127.080963254,0.0,2026-09-01T02:07:00+09:00
V02Q1940784,37.498247757,127.126296648,0.0,2026-09-01T02:07:00+09:00
V02Q1940679,37.495212727,127.121438826,0.0,2026-09-01T02:07:00+09:00
V02Q1940706,37.502049127,127.117110751,0.0,2026-09-01T02:07:00+09:00
V02Q1940708,37.514300619,127.091447797,0.0,2026-09-01T02:07:00+09:00
V02Q1940734,37.518407904,127.100366298,0.0,2026-09-01T02:07:00+09:00
V02Q1940736,37.504194933,127.128187719,11.0,2026-09-01T02:07:00+09:00
V02Q1940767,37.502603852,127.092310875,0.0,2026-09-01T02:07:00+09:00
V02Q1940772,37.503635193,127.103503284,0.0,2026-09-01T02:07:00+09:00
V02Q1940775,37.505801455,127.109663753,0.0,2026-09-01T02:07:00+09:00
V02Q1940781,37.506173683,127.084756221,0.0,2026-09-01T02:07:00+09:00
V02Q1940787,37.512955044,127.094661921,0.0,2026-09-01T02:07:00+09:00
V02Q1940788,37.509617855,127.0741524,0.0,2026-09-01T02:07:00+09:00
V02Q1940790,37.514278277,127.112258966,0.0,2026-09-01T02:07:00+09:00
V02Q1940800,37.519952859,127.1123122,0.0,2026-09-01T02:07:00+09:00
V02Q1940713,37.516185359,127.114540561,0.0,2026-09-01T02:07:00+09:00
V02Q1940714,37.513385412,127.10686824,0.0,2026-09-01T02:07:00+09:00
V02Q1940811,37.52727312,127.116249051,3.0,2026-09-01T02:07:00+09:00
V02Q1940819,37.507344263,127.104688643,0.0,2026-09-01T02:07:00+09:00
V02Q1940820,37.511104225,127.102321793,0.0,2026-09-01T02:07:00+09:00
V02Q1940821,37.502832774,127.108694904,112.0,2026-09-01T02:07:00+09:00
V02Q1940832,37.511768309,127.124209484,0.0,2026-09-01T02:07:00+09:00
V02Q1940838,37.51767925,127.08881891,0.0,2026-09-01T02:07:00+09:00
V02Q1940873,37.53247211,127.114301129,0.0,2026-09-01T02:07:00+09:00
V02Q1940887,37.502749128,127.09252424,0.0,2026-09-01T02:07:00+09:00
V02Q1940941,37.509088133,127.084056858,0.0,2026-09-01T02:07:00+09:00
V02Q1940507,37.531277474,127.123271252,477.0,2026-09-01T02:07:00+09:00
V02Q1940246,37.49920086,127.072395308,0.0,2026-09-01T02:07:00+09:00
V02Q1940082,37.495507594,127.085748474,0.0,2026-09-01T02:07:00+09:00
V02Q1940098,37.48670146,127.1000197,0.0,2026-09-01T02:07:00+09:00
V02Q1940100,37.494978959,127.093144214,25.0,2026-09-01T02:07:00+09:00
OC3CL210115,37.525641,127.129665,18.0,2026-09-01T02:07:00+09:00
V02Q1940392,37.538286643,127.09239683,0.0,2026-09-01T03:07:00+09:00
V02Q1940403,37.534309074,127.081985567,0.0,2026-09-01T03:07:00+09:00
V02Q1940391,37.528616803,127.085121222,1.0,2026-09-01T03:07:00+09:00
V02Q1940411,37.533878243,127.091521,0.0,2026-09-01T03:07:00+09:00
V02Q1940506,37.535029673,127.093240689,0.0,2026-09-01T03:07:00+09:00
V02Q1940860,37.533442403,127.080963254,0.0,2026-09-01T03:07:00+09:00
V02Q1940679,37.495212727,127.121438826,0.0,2026-09-01T03:07:00+09:00
V02Q1940784,37.498247757,127.126296648,0.0,2026-09-01T03:07:00+09:00
V02Q1940706,37.502049127,127.117110751,0.0,2026-09-01T03:07:00+09:00
V02Q1940708,37.514300619,127.091447797,0.0,2026-09-01T03:07:00+09:00
V02Q1940734,37.518407904,127.100366298,0.0,2026-09-01T03:07:00+09:00
V02Q1940736,37.504194933,127.128187719,11.0,2026-09-01T03:07:00+09:00
V02Q1940767,37.502603852,127.092310875,0.0,2026-09-01T03:07:00+09:00
V02Q1940772,37.503635193,127.103503284,0.0,2026-09-01T03:07:00+09:00
V02Q1940775,37.505801455,127.109663753,0.0,2026-09-01T03:07:00+09:00
V02Q1940781,37.506173683,127.084756221,0.0,2026-09-01T03:07:00+09:00
V02Q1940787,37.512955044,127.094661921,0.0,2026-09-01T03:07:00+09:00
V02Q1940788,37.509617855,127.0741524,0.0,2026-09-01T03:07:00+09:00
V02Q1940790,37.514278277,127.112258966,0.0,2026-09-01T03:07:00+09:00
V02Q1940800,37.519952859,127.1123122,0.0,2026-09-01T03:07:00+09:00
V02Q1940713,37.516185359,127.114540561,0.0,2026-09-01T03:07:00+09:00
V02Q1940714,37.513385412,127.10686824,0.0,2026-09-01T03:07:00+09:00
V02Q1940811,37.52727312,127.116249051,3.0,2026-09-01T03:07:00+09:00
V02Q1940819,37.507344263,127.104688643,0.0,2026-09-01T03:07:00+09:00
V02Q1940820,37.511104225,127.102321793,0.0,2026-09-01T03:07:00+09:00
V02Q1940821,37.502832774,127.108694904,110.0,2026-09-01T03:07:00+09:00
V02Q1940832,37.511768309,127.124209484,0.0,2026-09-01T03:07:00+09:00
V02Q1940838,37.51767925,127.08881891,0.0,2026-09-01T03:07:00+09:00
V02Q1940873,37.53247211,127.114301129,0.0,2026-09-01T03:07:00+09:00
V02Q1940887,37.502749128,127.09252424,0.0,2026-09-01T03:07:00+09:00
V02Q1940941,37.509088133,127.084056858,0.0,2026-09-01T03:07:00+09:00
V02Q1940507,37.531277474,127.123271252,474.0,2026-09-01T03:07:00+09:00
V02Q1940246,37.49920086,127.072395308,0.0,2026-09-01T03:07:00+09:00
V02Q1940082,37.495507594,127.085748474,0.0,2026-09-01T03:07:00+09:00
V02Q1940098,37.48670146,127.1000197,0.0,2026-09-01T03:07:00+09:00
V02Q1940100,37.494978959,127.093144214,23.0,2026-09-01T03:07:00+09:00
OC3CL210115,37.525641,127.129665,17.0,2026-09-01T03:07:00+09:00
OC3CL210115,37.525641,127.129665,17.0,2026-09-01T04:07:00+09:00
V02Q1940082,37.495507594,127.085748474,0.0,2026-09-01T04:07:00+09:00
V02Q1940098,37.48670146,127.1000197,0.0,2026-09-01T04:07:00+09:00
V02Q1940100,37.494978959,127.093144214,23.0,2026-09-01T04:07:00+09:00
V02Q1940246,37.49920086,127.072395308,0.0,2026-09-01T04:07:00+09:00
V02Q1940391,37.528616803,127.085121222,1.0,2026-09-01T04:07:00+09:00
V02Q1940392,37.538286643,127.09239683,0.0,2026-09-01T04:07:00+09:00
V02Q1940403,37.534309074,127.081985567,0.0,2026-09-01T04:07:00+09:00
V02Q1940411,37.533878243,127.091521,0.0,2026-09-01T04:07:00+09:00
V02Q1940506,37.535029673,127.093240689,0.0,2026-09-01T04:07:00+09:00
V02Q1940507,37.531277474,127.123271252,471.0,2026-09-01T04:07:00+09:00
V02Q1940679,37.495212727,127.121438826,0.0,2026-09-01T04:07:00+09:00
V02Q1940706,37.502049127,127.117110751,0.0,2026-09-01T04:07:00+09:00
V02Q1940708,37.514300619,127.091447797,0.0,2026-09-01T04:07:00+09:00
V02Q1940713,37.516185359,127.114540561,0.0,2026-09-01T04:07:00+09:00
V02Q1940714,37.513385412,127.10686824,0.0,2026-09-01T04:07:00+09:00
V02Q1940734,37.518407904,127.100366298,0.0,2026-09-01T04:07:00+09:00
V02Q1940736,37.504194933,127.128187719,11.0,2026-09-01T04:07:00+09:00
V02Q1940767,37.502603852,127.092310875,0.0,2026-09-01T04:07:00+09:00
V02Q1940772,37.503635193,127.103503284,0.0,2026-09-01T04:07:00+09:00
V02Q1940775,37.505801455,127.109663753,0.0,2026-09-01T04:07:00+09:00
V02Q1940781,37.506173683,127.084756221,0.0,2026-09-01T04:07:00+09:00
V02Q1940784,37.498247757,127.126296648,0.0,2026-09-01T04:07:00+09:00
V02Q1940787,37.512955044,127.094661921,0.0,2026-09-01T04:07:00+09:00
V02Q1940788,37.509617855,127.0741524,0.0,2026-09-01T04:07:00+09:00
V02Q1940790,37.514278277,127.112258966,0.0,2026-09-01T04:07:00+09:00
V02Q1940800,37.519952859,127.1123122,0.0,2026-09-01T04:07:00+09:00
V02Q1940811,37.52727312,127.116249051,3.0,2026-09-01T04:07:00+09:00
V02Q1940819,37.507344263,127.104688643,0.0,2026-09-01T04:07:00+09:00
V02Q1940820,37.511104225,127.102321793,0.0,2026-09-01T04:07:00+09:00
V02Q1940821,37.502832774,127.108694904,110.0,2026-09-01T04:07:00+09:00
V02Q1940832,37.511768309,127.124209484,0.0,2026-09-01T04:07:00+09:00
V02Q1940838,37.51767925,127.08881891,0.0,2026-09-01T04:07:00+09:00
V02Q1940860,37.533442403,127.080963254,0.0,2026-09-01T04:07:00+09:00
V02Q1940873,37.53247211,127.114301129,0.0,2026-09-01T04:07:00+09:00
V02Q1940887,37.502749128,127.09252424,0.0,2026-09-01T04:07:00+09:00
V02Q1940941,37.509088133,127.084056858,0.0,2026-09-01T04:07:00+09:00
OC3CL210115,37.525641,127.129665,18.0,2026-09-01T05:07:00+09:00
V02Q1940082,37.495507594,127.085748474,0.0,2026-09-01T05:07:00+09:00
V02Q1940098,37.48670146,127.1000197,0.0,2026-09-01T05:07:00+09:00
V02Q1940100,37.494978959,127.093144214,24.0,2026-09-01T05:07:00+09:00
V02Q1940246,37.49920086,127.072395308,0.0,2026-09-01T05:07:00+09:00
V02Q1940391,37.528616803,127.085121222,1.0,2026-09-01T05:07:00+09:00
V02Q1940392,37.538286643,127.09239683,0.0,2026-09-01T05:07:00+09:00
V02Q1940403,37.534309074,127.081985567,0.0,2026-09-01T05:07:00+09:00
V02Q1940411,37.533878243,127.091521,0.0,2026-09-01T05:07:00+09:00
V02Q1940506,37.535029673,127.093240689,0.0,2026-09-01T05:07:00+09:00
V02Q1940507,37.531277474,127.123271252,467.0,2026-09-01T05:07:00+09:00
V02Q1940679,37.495212727,127.121438826,0.0,2026-09-01T05:07:00+09:00
V02Q1940706,37.502049127,127.117110751,0.0,2026-09-01T05:07:00+09:00
V02Q1940708,37.514300619,127.091447797,0.0,2026-09-01T05:07:00+09:00
V02Q1940713,37.516185359,127.114540561,0.0,2026-09-01T05:07:00+09:00
V02Q1940714,37.513385412,127.10686824,0.0,2026-09-01T05:07:00+09:00
V02Q1940734,37.518407904,127.100366298,0.0,2026-09-01T05:07:00+09:00
V02Q1940736,37.504194933,127.128187719,11.0,2026-09-01T05:07:00+09:00
V02Q1940767,37.502603852,127.092310875,0.0,2026-09-01T05:07:00+09:00
V02Q1940772,37.503635193,127.103503284,0.0,2026-09-01T05:07:00+09:00
V02Q1940775,37.505801455,127.109663753,0.0,2026-09-01T05:07:00+09:00
V02Q1940781,37.506173683,127.084756221,0.0,2026-09-01T05:07:00+09:00
V02Q1940784,37.498247757,127.126296648,0.0,2026-09-01T05:07:00+09:00
V02Q1940787,37.512955044,127.094661921,0.0,2026-09-01T05:07:00+09:00
V02Q1940788,37.509617855,127.0741524,0.0,2026-09-01T05:07:00+09:00
V02Q1940790,37.514278277,127.112258966,0.0,2026-09-01T05:07:00+09:00
V02Q1940800,37.519952859,127.1123122,0.0,2026-09-01T05:07:00+09:00
V02Q1940811,37.52727312,127.116249051,3.0,2026-09-01T05:07:00+09:00
V02Q1940819,37.507344263,127.104688643,0.0,2026-09-01T05:07:00+09:00
V02Q1940820,37.511104225,127.102321793,0.0,2026-09-01T05:07:00+09:00
V02Q1940821,37.502832774,127.108694904,106.0,2026-09-01T05:07:00+09:00
V02Q1940832,37.511768309,127.124209484,0.0,2026-09-01T05:07:00+09:00
V02Q1940838,37.51767925,127.08881891,0.0,2026-09-01T05:07:00+09:00
V02Q1940860,37.533442403,127.080963254,0.0,2026-09-01T05:07:00+09:00
V02Q1940873,37.53247211,127.114301129,0.0,2026-09-01T05:07:00+09:00
V02Q1940887,37.502749128,127.09252424,0.0,2026-09-01T05:07:00+09:00
V02Q1940941,37.509088133,127.084056858,0.0,2026-09-01T05:07:00+09:00
OC3CL210115,37.525641,127.129665,19.0,2026-09-01T06:07:00+09:00
V02Q1940082,37.495507594,127.085748474,0.0,2026-09-01T06:07:00+09:00
V02Q1940098,37.48670146,127.1000197,1.0,2026-09-01T06:07:00+09:00
V02Q1940100,37.494978959,127.093144214,25.0,2026-09-01T06:07:00+09:00
V02Q1940246,37.49920086,127.072395308,0.0,2026-09-01T06:07:00+09:00
V02Q1940391,37.528616803,127.085121222,2.0,2026-09-01T06:07:00+09:00
V02Q1940392,37.538286643,127.09239683,1.0,2026-09-01T06:07:00+09:00
V02Q1940403,37.534309074,127.081985567,1.0,2026-09-01T06:07:00+09:00
V02Q1940411,37.533878243,127.091521,0.0,2026-09-01T06:07:00+09:00
V02Q1940506,37.535029673,127.093240689,0.0,2026-09-01T06:07:00+09:00
V02Q1940507,37.531277474,127.123271252,428.0,2026-09-01T06:07:00+09:00
V02Q1940679,37.495212727,127.121438826,0.0,2026-09-01T06:07:00+09:00
V02Q1940706,37.502049127,127.117110751,0.0,2026-09-01T06:07:00+09:00
V02Q1940708,37.514300619,127.091447797,1.0,2026-09-01T06:07:00+09:00
V02Q1940713,37.516185359,127.114540561,0.0,2026-09-01T06:07:00+09:00
V02Q1940714,37.513385412,127.10686824,0.0,2026-09-01T06:07:00+09:00
V02Q1940734,37.518407904,127.100366298,0.0,2026-09-01T06:07:00+09:00
V02Q1940736,37.504194933,127.128187719,12.0,2026-09-01T06:07:00+09:00
V02Q1940767,37.502603852,127.092310875,1.0,2026-09-01T06:07:00+09:00
V02Q1940772,37.503635193,127.103503284,1.0,2026-09-01T06:07:00+09:00
V02Q1940775,37.505801455,127.109663753,0.0,2026-09-01T06:07:00+09:00
V02Q1940781,37.506173683,127.084756221,0.0,2026-09-01T06:07:00+09:00
V02Q1940784,37.498247757,127.126296648,0.0,2026-09-01T06:07:00+09:00
V02Q1940787,37.512955044,127.094661921,0.0,2026-09-01T06:07:00+09:00
V02Q1940788,37.509617855,127.0741524,0.0,2026-09-01T06:07:00+09:00
V02Q1940790,37.514278277,127.112258966,0.0,2026-09-01T06:07:00+09:00
V02Q1940800,37.519952859,127.1123122,0.0,2026-09-01T06:07:00+09:00
V02Q1940811,37.52727312,127.116249051,0.0,2026-09-01T06:07:00+09:00
V02Q1940819,37.507344263,127.104688643,1.0,2026-09-01T06:07:00+09:00
V02Q1940820,37.511104225,127.102321793,0.0,2026-09-01T06:07:00+09:00
V02Q1940821,37.502832774,127.108694904,104.0,2026-09-01T06:07:00+09:00
V02Q1940832,37.511768309,127.124209484,1.0,2026-09-01T06:07:00+09:00
V02Q1940838,37.51767925,127.08881891,0.0,2026-09-01T06:07:00+09:00
V02Q1940860,37.533442403,127.080963254,0.0,2026-09-01T06:07:00+09:00
V02Q1940873,37.53247211,127.114301129,0.0,2026-09-01T06:07:00+09:00
V02Q1940887,37.502749128,127.09252424,1.0,2026-09-01T06:07:00+09:00
V02Q1940941,37.509088133,127.084056858,0.0,2026-09-01T06:07:00+09:00
V02Q1940392,37.538286643,127.09239683,160.0,2026-09-01T07:07:00+09:00
V02Q1940403,37.534309074,127.081985567,137.0,2026-09-01T07:07:00+09:00
V02Q1940391,37.528616803,127.085121222,138.0,2026-09-01T07:07:00+09:00
V02Q1940411,37.533878243,127.091521,84.0,2026-09-01T07:07:00+09:00
V02Q1940506,37.535029673,127.093240689,0.0,2026-09-01T07:07:00+09:00
V02Q1940860,37.533442403,127.080963254,139.0,2026-09-01T07:07:00+09:00
V02Q1940784,37.498247757,127.126296648,64.0,2026-09-01T07:07:00+09:00
V02Q1940679,37.495212727,127.121438826,0.0,2026-09-01T07:07:00+09:00
V02Q1940706,37.502049127,127.117110751,0.0,2026-09-01T07:07:00+09:00
V02Q1940708,37.514300619,127.091447797,140.0,2026-09-01T07:07:00+09:00
V02Q1940734,37.518407904,127.100366298,0.0,2026-09-01T07:07:00+09:00
V02Q1940736,37.504194933,127.128187719,114.0,2026-09-01T07:07:00+09:00
V02Q1940767,37.502603852,127.092310875,121.0,2026-09-01T07:07:00+09:00
V02Q1940772,37.503635193,127.103503284,202.0,2026-09-01T07:07:00+09:00
V02Q1940775,37.505801455,127.109663753,94.0,2026-09-01T07:07:00+09:00
V02Q1940781,37.506173683,127.084756221,41.0,2026-09-01T07:07:00+09:00
V02Q1940787,37.512955044,127.094661921,0.0,2026-09-01T07:07:00+09:00
V02Q1940788,37.509617855,127.0741524,18.0,2026-09-01T07:07:00+09:00
V02Q1940790,37.514278277,127.112258966,0.0,2026-09-01T07:07:00+09:00
V02Q1940800,37.519952859,127.1123122,0.0,2026-09-01T07:07:00+09:00
V02Q1940713,37.516185359,127.114540561,0.0,2026-09-01T07:07:00+09:00
V02Q1940714,37.513385412,127.10686824,0.0,2026-09-01T07:07:00+09:00
V02Q1940811,37.52727312,127.116249051,62.0,2026-09-01T07:07:00+09:00
V02Q1940819,37.507344263,127.104688643,101.0,2026-09-01T07:07:00+09:00
V02Q1940820,37.511104225,127.102321793,0.0,2026-09-01T07:07:00+09:00
V02Q1940821,37.502832774,127.108694904,80.0,2026-09-01T07:07:00+09:00
V02Q1940832,37.511768309,127.124209484,119.0,2026-09-01T07:07:00+09:00
V02Q1940838,37.51767925,127.08881891,0.0,2026-09-01T07:07:00+09:00
V02Q1940873,37.53247211,127.114301129,0.0,2026-09-01T07:07:00+09:00
V02Q1940887,37.502749128,127.09252424,144.0,2026-09-01T07:07:00+09:00
V02Q1940941,37.509088133,127.084056858,98.0,2026-09-01T07:07:00+09:00
V02Q1940507,37.531277474,127.123271252,67.0,2026-09-01T07:07:00+09:00
V02Q1940246,37.49920086,127.072395308,49.0,2026-09-01T07:07:00+09:00
V02Q1940082,37.495507594,127.085748474,120.0,2026-09-01T07:07:00+09:00
V02Q1940098,37.48670146,127.1000197,166.0,2026-09-01T07:07:00+09:00
V02Q1940100,37.494978959,127.093144214,110.0,2026-09-01T07:07:00+09:00
OC3CL210115,37.525641,127.129665,92.0,2026-09-01T07:07:00+09:00
V02Q1940392,37.538286643,127.09239683,877.0,2026-09-01T08:07:00+09:00
V02Q1940403,37.534309074,127.081985567,688.0,2026-09-01T08:07:00+09:00
V02Q1940391,37.528616803,127.085121222,637.0,2026-09-01T08:07:00+09:00
V02Q1940411,37.533878243,127.091521,400.0,2026-09-01T08:07:00+09:00
V02Q1940506,37.535029673,127.093240689,0.0,2026-09-01T08:07:00+09:00
V02Q1940860,37.533442403,127.080963254,751.0,2026-09-01T08:07:00+09:00
V02Q1940784,37.498247757,127.126296648,383.0,2026-09-01T08:07:00+09:00
V02Q1940679,37.495212727,127.121438826,0.0,2026-09-01T08:07:00+09:00
V02Q1940734,37.518407904,127.100366298,0.0,2026-09-01T08:07:00+09:00
V02Q1940767,37.502603852,127.092310875,558.0,2026-09-01T08:07:00+09:00
V02Q1940790,37.514278277,127.112258966,0.0,2026-09-01T08:07:00+09:00
V02Q1940706,37.502049127,127.117110751,0.0,2026-09-01T08:07:00+09:00
V02Q1940708,37.514300619,127.091447797,754.0,2026-09-01T08:07:00+09:00
V02Q1940714,37.513385412,127.10686824,0.0,2026-09-01T08:07:00+09:00
V02Q1940736,37.504194933,127.128187719,657.0,2026-09-01T08:07:00+09:00
V02Q1940772,37.503635193,127.103503284,986.0,2026-09-01T08:07:00+09:00
V02Q1940775,37.505801455,127.109663753,459.0,2026-09-01T08:07:00+09:00
V02Q1940781,37.506173683,127.084756221,175.0,2026-09-01T08:07:00+09:00
V02Q1940787,37.512955044,127.094661921,0.0,2026-09-01T08:07:00+09:00
V02Q1940788,37.509617855,127.0741524,110.0,2026-09-01T08:07:00+09:00
V02Q1940800,37.519952859,127.1123122,0.0,2026-09-01T08:07:00+09:00
V02Q1940832,37.511768309,127.124209484,649.0,2026-09-01T08:07:00+09:00
V02Q1940873,37.53247211,127.114301129,0.0,2026-09-01T08:07:00+09:00
V02Q1940507,37.531277474,127.123271252,376.0,2026-09-01T08:07:00+09:00
V02Q1940713,37.516185359,127.114540561,0.0,2026-09-01T08:07:00+09:00
V02Q1940811,37.52727312,127.116249051,313.0,2026-09-01T08:07:00+09:00
V02Q1940819,37.507344263,127.104688643,485.0,2026-09-01T08:07:00+09:00
V02Q1940820,37.511104225,127.102321793,0.0,2026-09-01T08:07:00+09:00
V02Q1940821,37.502832774,127.108694904,374.0,2026-09-01T08:07:00+09:00
V02Q1940838,37.51767925,127.08881891,0.0,2026-09-01T08:07:00+09:00
V02Q1940887,37.502749128,127.09252424,596.0,2026-09-01T08:07:00+09:00
V02Q1940941,37.509088133,127.084056858,424.0,2026-09-01T08:07:00+09:00
V02Q1940246,37.49920086,127.072395308,201.0,2026-09-01T08:07:00+09:00
V02Q1940082,37.495507594,127.085748474,535.0,2026-09-01T08:07:00+09:00
V02Q1940098,37.48670146,127.1000197,803.0,2026-09-01T08:07:00+09:00
V02Q1940100,37.494978959,127.093144214,510.0,2026-09-01T08:07:00+09:00
OC3CL210115,37.525641,127.129665,524.0,2026-09-01T08:07:00+09:00
OC3CL210115,37.525641,127.129665,779.0,2026-09-01T09:07:00+09:00
V02Q1940082,37.495507594,127.085748474,990.0,2026-09-01T09:07:00+09:00
V02Q1940098,37.48670146,127.1000197,1502.0,2026-09-01T09:07:00+09:00
V02Q1940100,37.494978959,127.093144214,931.0,2026-09-01T09:07:00+09:00
V02Q1940246,37.49920086,127.072395308,395.0,2026-09-01T09:07:00+09:00
V02Q1940391,37.528616803,127.085121222,1183.0,2026-09-01T09:07:00+09:00
V02Q1940392,37.538286643,127.09239683,1712.0,2026-09-01T09:07:00+09:00
V02Q1940403,37.534309074,127.081985567,1199.0,2026-09-01T09:07:00+09:00
V02Q1940411,37.533878243,127.091521,721.0,2026-09-01T09:07:00+09:00
V02Q1940506,37.535029673,127.093240689,0.0,2026-09-01T09:07:00+09:00
V02Q1940507,37.531277474,127.123271252,541.0,2026-09-01T09:07:00+09:00
V02Q1940679,37.495212727,127.121438826,0.0,2026-09-01T09:07:00+09:00
V02Q1940706,37.502049127,127.117110751,0.0,2026-09-01T09:07:00+09:00
V02Q1940708,37.514300619,127.091447797,1317.0,2026-09-01T09:07:00+09:00
V02Q1940713,37.516185359,127.114540561,0.0,2026-09-01T09:07:00+09:00
V02Q1940714,37.513385412,127.10686824,0.0,2026-09-01T09:07:00+09:00
V02Q1940734,37.518407904,127.100366298,0.0,2026-09-01T09:07:00+09:00
V02Q1940736,37.504194933,127.128187719,999.0,2026-09-01T09:07:00+09:00
V02Q1940767,37.502603852,127.092310875,927.0,2026-09-01T09:07:00+09:00
V02Q1940772,37.503635193,127.103503284,1811.0,2026-09-01T09:07:00+09:00
V02Q1940775,37.505801455,127.109663753,885.0,2026-09-01T09:07:00+09:00
V02Q1940781,37.506173683,127.084756221,310.0,2026-09-01T09:07:00+09:00
V02Q1940784,37.498247757,127.126296648,535.0,2026-09-01T09:07:00+09:00
V02Q1940787,37.512955044,127.094661921,0.0,2026-09-01T09:07:00+09:00
V02Q1940788,37.509617855,127.0741524,194.0,2026-09-01T09:07:00+09:00
V02Q1940790,37.514278277,127.112258966,0.0,2026-09-01T09:07:00+09:00
V02Q1940800,37.519952859,127.1123122,0.0,2026-09-01T09:07:00+09:00
V02Q1940811,37.52727312,127.116249051,457.0,2026-09-01T09:07:00+09:00
V02Q1940819,37.507344263,127.104688643,880.0,2026-09-01T09:07:00+09:00
V02Q1940820,37.511104225,127.102321793,0.0,2026-09-01T09:07:00+09:00
V02Q1940821,37.502832774,127.108694904,734.0,2026-09-01T09:07:00+09:00
V02Q1940832,37.511768309,127.124209484,968.0,2026-09-01T09:07:00+09:00
V02Q1940838,37.51767925,127.08881891,0.0,2026-09-01T09:07:00+09:00
V02Q1940860,37.533442403,127.080963254,1237.0,2026-09-01T09:07:00+09:00
V02Q1940873,37.53247211,127.114301129,0.0,2026-09-01T09:07:00+09:00
V02Q1940887,37.502749128,127.09252424,1054.0,2026-09-01T09:07:00+09:00
V02Q1940941,37.509088133,127.084056858,785.0,2026-09-01T09:07:00+09:00
V02Q1940392,37.538286643,127.09239683,971.0,2026-09-01T10:07:00+09:00
V02Q1940403,37.534309074,127.081985567,678.0,2026-09-01T10:07:00+09:00
V02Q1940391,37.528616803,127.085121222,650.0,2026-09-01T10:07:00+09:00
V02Q1940411,37.533878243,127.091521,427.0,2026-09-01T10:07:00+09:00
V02Q1940506,37.535029673,127.093240689,0.0,2026-09-01T10:07:00+09:00
V02Q1940860,37.533442403,127.080963254,715.0,2026-09-01T10:07:00+09:00
V02Q1940679,37.495212727,127.121438826,0.0,2026-09-01T10:07:00+09:00
V02Q1940734,37.518407904,127.100366298,0.0,2026-09-01T10:07:00+09:00
V02Q1940784,37.498247757,127.126296648,358.0,2026-09-01T10:07:00+09:00
V02Q1940706,37.502049127,127.117110751,0.0,2026-09-01T10:07:00+09:00
V02Q1940708,37.514300619,127.091447797,894.0,2026-09-01T10:07:00+09:00
V02Q1940736,37.504194933,127.128187719,658.0,2026-09-01T10:07:00+09:00
V02Q1940767,37.502603852,127.092310875,598.0,2026-09-01T10:07:00+09:00
V02Q1940772,37.503635193,127.103503284,1147.0,2026-09-01T10:07:00+09:00
V02Q1940775,37.505801455,127.109663753,528.0,2026-09-01T10:07:00+09:00
V02Q1940781,37.506173683,127.084756221,197.0,2026-09-01T10:07:00+09:00
V02Q1940787,37.512955044,127.094661921,0.0,2026-09-01T10:07:00+09:00
V02Q1940788,37.509617855,127.0741524,103.0,2026-09-01T10:07:00+09:00
V02Q1940790,37.514278277,127.112258966,0.0,2026-09-01T10:07:00+09:00
V02Q1940800,37.519952859,127.1123122,0.0,2026-09-01T10:07:00+09:00
V02Q1940832,37.511768309,127.124209484,652.0,2026-09-01T10:07:00+09:00
V02Q1940713,37.516185359,127.114540561,0.0,2026-09-01T10:07:00+09:00
V02Q1940714,37.513385412,127.10686824,0.0,2026-09-01T10:07:00+09:00
V02Q1940811,37.52727312,127.116249051,316.0,2026-09-01T10:07:00+09:00
V02Q1940819,37.507344263,127.104688643,560.0,2026-09-01T10:07:00+09:00
V02Q1940820,37.511104225,127.102321793,0.0,2026-09-01T10:07:00+09:00
V02Q1940821,37.502832774,127.108694904,430.0,2026-09-01T10:07:00+09:00
V02Q1940838,37.51767925,127.08881891,0.0,2026-09-01T10:07:00+09:00
V02Q1940873,37.53247211,127.114301129,0.0,2026-09-01T10:07:00+09:00
V02Q1940887,37.502749128,127.09252424,675.0,2026-09-01T10:07:00+09:00
V02Q1940941,37.509088133,127.084056858,508.0,2026-09-01T10:07:00+09:00
V02Q1940507,37.531277474,127.123271252,368.0,2026-09-01T10:07:00+09:00
V02Q1940246,37.49920086,127.072395308,230.0,2026-09-01T10:07:00+09:00
V02Q1940082,37.495507594,127.085748474,599.0,2026-09-01T10:07:00+09:00
V02Q1940098,37.48670146,127.1000197,892.0,2026-09-01T10:07:00+09:00
V02Q1940100,37.494978959,127.093144214,562.0,2026-09-01T10:07:00+09:00
OC3CL210115,37.525641,127.129665,565.0,2026-09-01T10:07:00+09:00
V02Q1940392,37.538286643,127.09239683,828.0,2026-09-01T11:07:00+09:00
V02Q1940403,37.534309074,127.081985567,549.0,2026-09-01T11:07:00+09:00
V02Q1940391,37.528616803,127.085121222,547.0,2026-09-01T11:07:00+09:00
V02Q1940411,37.533878243,127.091521,375.0,2026-09-01T11:07:00+09:00
V02Q1940506,37.535029673,127.093240689,0.0,2026-09-01T11:07:00+09:00
V02Q1940860,37.533442403,127.080963254,579.0,2026-09-01T11:07:00+09:00
V02Q1940679,37.495212727,127.121438826,0.0,2026-09-01T11:07:00+09:00
V02Q1940734,37.518407904,127.100366298,0.0,2026-09-01T11:07:00+09:00
V02Q1940784,37.498247757,127.126296648,375.0,2026-09-01T11:07:00+09:00
V02Q1940706,37.502049127,127.117110751,0.0,2026-09-01T11:07:00+09:00
V02Q1940708,37.514300619,127.091447797,686.0,2026-09-01T11:07:00+09:00
V02Q1940736,37.504194933,127.128187719,641.0,2026-09-01T11:07:00+09:00
V02Q1940767,37.502603852,127.092310875,555.0,2026-09-01T11:07:00+09:00
V02Q1940772,37.503635193,127.103503284,1020.0,2026-09-01T11:07:00+09:00
V02Q1940775,37.505801455,127.109663753,501.0,2026-09-01T11:07:00+09:00
V02Q1940781,37.506173683,127.084756221,161.0,2026-09-01T11:07:00+09:00
V02Q1940787,37.512955044,127.094661921,0.0,2026-09-01T11:07:00+09:00
V02Q1940788,37.509617855,127.0741524,83.0,2026-09-01T11:07:00+09:00
V02Q1940790,37.514278277,127.112258966,0.0,2026-09-01T11:07:00+09:00
V02Q1940800,37.519952859,127.1123122,0.0,2026-09-01T11:07:00+09:00
V02Q1940832,37.511768309,127.124209484,635.0,2026-09-01T11:07:00+09:00
V02Q1940713,37.516185359,127.114540561,0.0,2026-09-01T11:07:00+09:00
V02Q1940714,37.513385412,127.10686824,0.0,2026-09-01T11:07:00+09:00
V02Q1940811,37.52727312,127.116249051,281.0,2026-09-01T11:07:00+09:00
V02Q1940819,37.507344263,127.104688643,515.0,2026-09-01T11:07:00+09:00
V02Q1940820,37.511104225,127.102321793,0.0,2026-09-01T11:07:00+09:00
V02Q1940821,37.502832774,127.108694904,416.0,2026-09-01T11:07:00+09:00
V02Q1940838,37.51767925,127.08881891,0.0,2026-09-01T11:07:00+09:00
V02Q1940873,37.53247211,127.114301129,0.0,2026-09-01T11:07:00+09:00
V02Q1940887,37.502749128,127.09252424,594.0,2026-09-01T11:07:00+09:00
V02Q1940941,37.509088133,127.084056858,427.0,2026-09-01T11:07:00+09:00
V02Q1940507,37.531277474,127.123271252,347.0,2026-09-01T11:07:00+09:00
V02Q1940246,37.49920086,127.072395308,204.0,2026-09-01T11:07:00+09:00
V02Q1940098,37.48670146,127.1000197,869.0,2026-09-01T11:07:00+09:00
V02Q1940100,37.494978959,127.093144214,520.0,2026-09-01T11:07:00+09:00
V02Q1940082,37.495507594,127.085748474,517.0,2026-09-01T11:07:00+09:00
OC3CL210115,37.525641,127.129665,496.0,2026-09-01T11:07:00+09:00
OC3CL210115,37.525641,127.129665,871.0,2026-09-01T12:07:00+09:00
V02Q1940082,37.495507594,127.085748474,1015.0,2026-09-01T12:07:00+09:00
V02Q1940098,37.48670146,127.1000197,1519.0,2026-09-01T12:07:00+09:00
V02Q1940100,37.494978959,127.093144214,922.0,2026-09-01T12:07:00+09:00
V02Q1940246,37.49920086,127.072395308,403.0,2026-09-01T12:07:00+09:00
V02Q1940391,37.528616803,127.085121222,1085.0,2026-09-01T12:07:00+09:00
V02Q1940392,37.538286643,127.09239683,1586.0,2026-09-01T12:07:00+09:00
V02Q1940403,37.534309074,127.081985567,1300.0,2026-09-01T12:07:00+09:00
V02Q1940411,37.533878243,127.091521,717.0,2026-09-01T12:07:00+09:00
V02Q1940506,37.535029673,127.093240689,0.0,2026-09-01T12:07:00+09:00
V02Q1940507,37.531277474,127.123271252,653.0,2026-09-01T12:07:00+09:00
V02Q1940679,37.495212727,127.121438826,0.0,2026-09-01T12:07:00+09:00
V02Q1940706,37.502049127,127.117110751,0.0,2026-09-01T12:07:00+09:00
V02Q1940708,37.514300619,127.091447797,1428.0,2026-09-01T12:07:00+09:00
V02Q1940713,37.516185359,127.114540561,0.0,2026-09-01T12:07:00+09:00
V02Q1940714,37.513385412,127.10686824,0.0,2026-09-01T12:07:00+09:00
V02Q1940734,37.518407904,127.100366298,0.0,2026-09-01T12:07:00+09:00
V02Q1940736,37.504194933,127.128187719,1096.0,2026-09-01T12:07:00+09:00
V02Q1940767,37.502603852,127.092310875,987.0,2026-09-01T12:07:00+09:00
V02Q1940772,37.503635193,127.103503284,1979.0,2026-09-01T12:07:00+09:00
V02Q1940775,37.505801455,127.109663753,897.0,2026-09-01T12:07:00+09:00
V02Q1940781,37.506173683,127.084756221,324.0,2026-09-01T12:07:00+09:00
V02Q1940784,37.498247757,127.126296648,615.0,2026-09-01T12:07:00+09:00
V02Q1940787,37.512955044,127.094661921,0.0,2026-09-01T12:07:00+09:00
V02Q1940788,37.509617855,127.0741524,228.0,2026-09-01T12:07:00+09:00
V02Q1940790,37.514278277,127.112258966,0.0,2026-09-01T12:07:00+09:00
V02Q1940800,37.519952859,127.1123122,0.0,2026-09-01T12:07:00+09:00
V02Q1940811,37.52727312,127.116249051,522.0,2026-09-01T12:07:00+09:00
V02Q1940819,37.507344263,127.104688643,937.0,2026-09-01T12:07:00+09:00
V02Q1940820,37.511104225,127.102321793,0.0,2026-09-01T12:07:00+09:00
V02Q1940821,37.502832774,127.108694904,722.0,2026-09-01T12:07:00+09:00
V02Q1940832,37.511768309,127.124209484,1085.0,2026-09-01T12:07:00+09:00
V02Q1940838,37.51767925,127.08881891,0.0,2026-09-01T12:07:00+09:00
V02Q1940860,37.533442403,127.080963254,1360.0,2026-09-01T12:07:00+09:00
V02Q1940873,37.53247211,127.114301129,0.0,2026-09-01T12:07:00+09:00
V02Q1940887,37.502749128,127.09252424,1138.0,2026-09-01T12:07:00+09:00
V02Q1940941,37.509088133,127.084056858,833.0,2026-09-01T12:07:00+09:00
V02Q1940391,37.528616803,127.085121222,3047.0,2026-09-01T13:07:00+09:00
V02Q1940392,37.538286643,127.09239683,4827.0,2026-09-01T13:07:00+09:00
V02Q1940403,37.534309074,127.081985567,3420.0,2026-09-01T13:07:00+09:00
V02Q1940411,37.533878243,127.091521,2010.0,2026-09-01T13:07:00+09:00
V02Q1940506,37.535029673,127.093240689,0.0,2026-09-01T13:07:00+09:00
V02Q1940860,37.533442403,127.080963254,3665.0,2026-09-01T13:07:00+09:00
V02Q1940679,37.495212727,127.121438826,0.0,2026-09-01T13:07:00+09:00
V02Q1940734,37.518407904,127.100366298,0.0,2026-09-01T13:07:00+09:00
V02Q1940784,37.498247757,127.126296648,1232.0,2026-09-01T13:07:00+09:00
V02Q1940706,37.502049127,127.117110751,0.0,2026-09-01T13:07:00+09:00
V02Q1940708,37.514300619,127.091447797,3904.0,2026-09-01T13:07:00+09:00
V02Q1940736,37.504194933,127.128187719,2583.0,2026-09-01T13:07:00+09:00
V02Q1940767,37.502603852,127.092310875,2197.0,2026-09-01T13:07:00+09:00
V02Q1940772,37.503635193,127.103503284,4631.0,2026-09-01T13:07:00+09:00
V02Q1940775,37.505801455,127.109663753,1851.0,2026-09-01T13:07:00+09:00
V02Q1940781,37.506173683,127.084756221,798.0,2026-09-01T13:07:00+09:00
V02Q1940787,37.512955044,127.094661921,0.0,2026-09-01T13:07:00+09:00
V02Q1940788,37.509617855,127.0741524,582.0,2026-09-01T13:07:00+09:00
V02Q1940790,37.514278277,127.112258966,0.0,2026-09-01T13:07:00+09:00
V02Q1940800,37.519952859,127.1123122,0.0,2026-09-01T13:07:00+09:00
V02Q1940832,37.511768309,127.124209484,2365.0,2026-09-01T13:07:00+09:00
V02Q1940873,37.53247211,127.114301129,0.0,2026-09-01T13:07:00+09:00
V02Q1940507,37.531277474,127.123271252,1535.0,2026-09-01T13:07:00+09:00
V02Q1940713,37.516185359,127.114540561,0.0,2026-09-01T13:07:00+09:00
V02Q1940714,37.513385412,127.10686824,0.0,2026-09-01T13:07:00+09:00
V02Q1940811,37.52727312,127.116249051,1303.0,2026-09-01T13:07:00+09:00
V02Q1940819,37.507344263,127.104688643,2086.0,2026-09-01T13:07:00+09:00
V02Q1940820,37.511104225,127.102321793,0.0,2026-09-01T13:07:00+09:00
V02Q1940821,37.502832774,127.108694904,1575.0,2026-09-01T13:07:00+09:00
V02Q1940838,37.51767925,127.08881891,0.0,2026-09-01T13:07:00+09:00
V02Q1940887,37.502749128,127.09252424,2762.0,2026-09-01T13:07:00+09:00
V02Q1940941,37.509088133,127.084056858,2034.0,2026-09-01T13:07:00+09:00
V02Q1940246,37.49920086,127.072395308,911.0,2026-09-01T13:07:00+09:00
V02Q1940082,37.495507594,127.085748474,2443.0,2026-09-01T13:07:00+09:00
V02Q1940098,37.48670146,127.1000197,3105.0,2026-09-01T13:07:00+09:00
V02Q1940100,37.494978959,127.093144214,2059.0,2026-09-01T13:07:00+09:00
OC3CL210115,37.525641,127.129665,2283.0,2026-09-01T13:07:00+09:00
V02Q1940392,37.538286643,127.09239683,9438.0,2026-09-01T14:07:00+09:00
V02Q1940403,37.534309074,127.081985567,5253.0,2026-09-01T14:07:00+09:00
V02Q1940391,37.528616803,127.085121222,5158.0,2026-09-01T14:07:00+09:00
V02Q1940411,37.533878243,127.091521,4191.0,2026-09-01T14:07:00+09:00
V02Q1940506,37.535029673,127.093240689,0.0,2026-09-01T14:07:00+09:00
V02Q1940860,37.533442403,127.080963254,5417.0,2026-09-01T14:07:00+09:00
V02Q1940679,37.495212727,127.121438826,0.0,2026-09-01T14:07:00+09:00
V02Q1940734,37.518407904,127.100366298,0.0,2026-09-01T14:07:00+09:00
V02Q1940784,37.498247757,127.126296648,2984.0,2026-09-01T14:07:00+09:00
V02Q1940706,37.502049127,127.117110751,0.0,2026-09-01T14:07:00+09:00
V02Q1940708,37.514300619,127.091447797,8186.0,2026-09-01T14:07:00+09:00
V02Q1940736,37.504194933,127.128187719,6294.0,2026-09-01T14:07:00+09:00
V02Q1940767,37.502603852,127.092310875,4948.0,2026-09-01T14:07:00+09:00
V02Q1940772,37.503635193,127.103503284,10435.0,2026-09-01T14:07:00+09:00
V02Q1940775,37.505801455,127.109663753,6066.0,2026-09-01T14:07:00+09:00
V02Q1940781,37.506173683,127.084756221,1610.0,2026-09-01T14:07:00+09:00
V02Q1940787,37.512955044,127.094661921,0.0,2026-09-01T14:07:00+09:00
V02Q1940788,37.509617855,127.0741524,875.0,2026-09-01T14:07:00+09:00
V02Q1940790,37.514278277,127.112258966,0.0,2026-09-01T14:07:00+09:00
V02Q1940800,37.519952859,127.1123122,0.0,2026-09-01T14:07:00+09:00
V02Q1940832,37.511768309,127.124209484,5472.0,2026-09-01T14:07:00+09:00
V02Q1940873,37.53247211,127.114301129,0.0,2026-09-01T14:07:00+09:00
V02Q1940507,37.531277474,127.123271252,4988.0,2026-09-01T14:07:00+09:00
V02Q1940713,37.516185359,127.114540561,0.0,2026-09-01T14:07:00+09:00
V02Q1940714,37.513385412,127.10686824,0.0,2026-09-01T14:07:00+09:00
V02Q1940811,37.52727312,127.116249051,4381.0,2026-09-01T14:07:00+09:00
V02Q1940819,37.507344263,127.104688643,6157.0,2026-09-01T14:07:00+09:00
V02Q1940820,37.511104225,127.102321793,0.0,2026-09-01T14:07:00+09:00
V02Q1940821,37.502832774,127.108694904,4212.0,2026-09-01T14:07:00+09:00
V02Q1940838,37.51767925,127.08881891,0.0,2026-09-01T14:07:00+09:00
V02Q1940887,37.502749128,127.09252424,5752.0,2026-09-01T14:07:00+09:00
V02Q1940941,37.509088133,127.084056858,3577.0,2026-09-01T14:07:00+09:00
V02Q1940246,37.49920086,127.072395308,1852.0,2026-09-01T14:07:00+09:00
V02Q1940082,37.495507594,127.085748474,4500.0,2026-09-01T14:07:00+09:00
V02Q1940098,37.48670146,127.1000197,7268.0,2026-09-01T14:07:00+09:00
V02Q1940100,37.494978959,127.093144214,4560.0,2026-09-01T14:07:00+09:00
OC3CL210115,37.525641,127.129665,6201.0,2026-09-01T14:07:00+09:00
V02Q1940392,37.538286643,127.09239683,6949.0,2026-09-01T15:07:00+09:00
V02Q1940403,37.534309074,127.081985567,4782.0,2026-09-01T15:07:00+09:00
V02Q1940391,37.528616803,127.085121222,4449.0,2026-09-01T15:07:00+09:00
V02Q1940411,37.533878243,127.091521,2833.0,2026-09-01T15:07:00+09:00
V02Q1940506,37.535029673,127.093240689,0.0,2026-09-01T15:07:00+09:00
V02Q1940860,37.533442403,127.080963254,5165.0,2026-09-01T15:07:00+09:00
V02Q1940679,37.495212727,127.121438826,0.0,2026-09-01T15:07:00+09:00
V02Q1940734,37.518407904,127.100366298,0.0,2026-09-01T15:07:00+09:00
V02Q1940784,37.498247757,127.126296648,2666.0,2026-09-01T15:07:00+09:00
V02Q1940706,37.502049127,127.117110751,0.0,2026-09-01T15:07:00+09:00
V02Q1940708,37.514300619,127.091447797,6523.0,2026-09-01T15:07:00+09:00
V02Q1940736,37.504194933,127.128187719,4849.0,2026-09-01T15:07:00+09:00
V02Q1940767,37.502603852,127.092310875,4872.0,2026-09-01T15:07:00+09:00
V02Q1940772,37.503635193,127.103503284,8962.0,2026-09-01T15:07:00+09:00
V02Q1940775,37.505801455,127.109663753,3922.0,2026-09-01T15:07:00+09:00
V02Q1940781,37.506173683,127.084756221,1676.0,2026-09-01T15:07:00+09:00
V02Q1940787,37.512955044,127.094661921,0.0,2026-09-01T15:07:00+09:00
V02Q1940788,37.509617855,127.0741524,859.0,2026-09-01T15:07:00+09:00
V02Q1940790,37.514278277,127.112258966,0.0,2026-09-01T15:07:00+09:00
V02Q1940800,37.519952859,127.1123122,0.0,2026-09-01T15:07:00+09:00
V02Q1940832,37.511768309,127.124209484,4493.0,2026-09-01T15:07:00+09:00
V02Q1940873,37.53247211,127.114301129,0.0,2026-09-01T15:07:00+09:00
V02Q1940507,37.531277474,127.123271252,2434.0,2026-09-01T15:07:00+09:00
V02Q1940713,37.516185359,127.114540561,0.0,2026-09-01T15:07:00+09:00
V02Q1940714,37.513385412,127.10686824,0.0,2026-09-01T15:07:00+09:00
V02Q1940811,37.52727312,127.116249051,2204.0,2026-09-01T15:07:00+09:00
V02Q1940819,37.507344263,127.104688643,4361.0,2026-09-01T15:07:00+09:00
V02Q1940820,37.511104225,127.102321793,0.0,2026-09-01T15:07:00+09:00
V02Q1940821,37.502832774,127.108694904,3428.0,2026-09-01T15:07:00+09:00
V02Q1940838,37.51767925,127.08881891,0.0,2026-09-01T15:07:00+09:00
V02Q1940887,37.502749128,127.09252424,5512.0,2026-09-01T15:07:00+09:00
V02Q1940941,37.509088133,127.084056858,3735.0,2026-09-01T15:07:00+09:00
V02Q1940098,37.48670146,127.1000197,7674.0,2026-09-01T15:07:00+09:00
V02Q1940246,37.49920086,127.072395308,1940.0,2026-09-01T15:07:00+09:00
V02Q1940082,37.495507594,127.085748474,5118.0,2026-09-01T15:07:00+09:00
V02Q1940100,37.494978959,127.093144214,4774.0,2026-09-01T15:07:00+09:00
OC3CL210115,37.525641,127.129665,3071.0,2026-09-01T15:07:00+09:00
V02Q1940392,37.538286643,127.09239683,3481.0,2026-09-01T16:07:00+09:00
V02Q1940403,37.534309074,127.081985567,2485.0,2026-09-01T16:07:00+09:00
V02Q1940391,37.528616803,127.085121222,2103.0,2026-09-01T16:07:00+09:00
V02Q1940411,37.533878243,127.091521,1315.0,2026-09-01T16:07:00+09:00
V02Q1940506,37.535029673,127.093240689,0.0,2026-09-01T16:07:00+09:00
V02Q1940860,37.533442403,127.080963254,2585.0,2026-09-01T16:07:00+09:00
V02Q1940679,37.495212727,127.121438826,0.0,2026-09-01T16:07:00+09:00
V02Q1940734,37.518407904,127.100366298,0.0,2026-09-01T16:07:00+09:00
V02Q1940784,37.498247757,127.126296648,1344.0,2026-09-01T16:07:00+09:00
V02Q1940706,37.502049127,127.117110751,0.0,2026-09-01T16:07:00+09:00
V02Q1940708,37.514300619,127.091447797,2842.0,2026-09-01T16:07:00+09:00
V02Q1940736,37.504194933,127.128187719,2273.0,2026-09-01T16:07:00+09:00
V02Q1940767,37.502603852,127.092310875,2037.0,2026-09-01T16:07:00+09:00
V02Q1940772,37.503635193,127.103503284,3974.0,2026-09-01T16:07:00+09:00
V02Q1940775,37.505801455,127.109663753,1717.0,2026-09-01T16:07:00+09:00
V02Q1940787,37.512955044,127.094661921,0.0,2026-09-01T16:07:00+09:00
V02Q1940788,37.509617855,127.0741524,365.0,2026-09-01T16:07:00+09:00
V02Q1940790,37.514278277,127.112258966,0.0,2026-09-01T16:07:00+09:00
V02Q1940832,37.511768309,127.124209484,2163.0,2026-09-01T16:07:00+09:00
V02Q1940713,37.516185359,127.114540561,0.0,2026-09-01T16:07:00+09:00
V02Q1940714,37.513385412,127.10686824,0.0,2026-09-01T16:07:00+09:00
V02Q1940781,37.506173683,127.084756221,734.0,2026-09-01T16:07:00+09:00
V02Q1940800,37.519952859,127.1123122,0.0,2026-09-01T16:07:00+09:00
V02Q1940873,37.53247211,127.114301129,0.0,2026-09-01T16:07:00+09:00
V02Q1940941,37.509088133,127.084056858,1577.0,2026-09-01T16:07:00+09:00
V02Q1940507,37.531277474,127.123271252,1261.0,2026-09-01T16:07:00+09:00
V02Q1940811,37.52727312,127.116249051,1077.0,2026-09-01T16:07:00+09:00
V02Q1940819,37.507344263,127.104688643,1868.0,2026-09-01T16:07:00+09:00
V02Q1940820,37.511104225,127.102321793,0.0,2026-09-01T16:07:00+09:00
V02Q1940821,37.502832774,127.108694904,1421.0,2026-09-01T16:07:00+09:00
V02Q1940838,37.51767925,127.08881891,0.0,2026-09-01T16:07:00+09:00
V02Q1940887,37.502749128,127.09252424,1013.0,2026-09-01T16:07:00+09:00
V02Q1940098,37.48670146,127.1000197,3124.0,2026-09-01T16:07:00+09:00
V02Q1940246,37.49920086,127.072395308,791.0,2026-09-01T16:07:00+09:00
V02Q1940082,37.495507594,127.085748474,2157.0,2026-09-01T16:07:00+09:00
V02Q1940100,37.494978959,127.093144214,1908.0,2026-09-01T16:07:00+09:00
OC3CL210115,37.525641,127.129665,1750.0,2026-09-01T16:07:00+09:00
V02Q1940392,37.538286643,127.09239683,2610.0,2026-09-01T17:07:00+09:00
V02Q1940403,37.534309074,127.081985567,1599.0,2026-09-01T17:07:00+09:00
V02Q1940391,37.528616803,127.085121222,1577.0,2026-09-01T17:07:00+09:00
V02Q1940411,37.533878243,127.091521,1052.0,2026-09-01T17:07:00+09:00
V02Q1940506,37.535029673,127.093240689,0.0,2026-09-01T17:07:00+09:00
V02Q1940860,37.533442403,127.080963254,1821.0,2026-09-01T17:07:00+09:00
V02Q1940679,37.495212727,127.121438826,0.0,2026-09-01T17:07:00+09:00
V02Q1940734,37.518407904,127.100366298,0.0,2026-09-01T17:07:00+09:00
V02Q1940784,37.498247757,127.126296648,953.0,2026-09-01T17:07:00+09:00
V02Q1940706,37.502049127,127.117110751,0.0,2026-09-01T17:07:00+09:00
V02Q1940708,37.514300619,127.091447797,2035.0,2026-09-01T17:07:00+09:00
V02Q1940736,37.504194933,127.128187719,1688.0,2026-09-01T17:07:00+09:00
V02Q1940767,37.502603852,127.092310875,1254.0,2026-09-01T17:07:00+09:00
V02Q1940772,37.503635193,127.103503284,2763.0,2026-09-01T17:07:00+09:00
V02Q1940775,37.505801455,127.109663753,1200.0,2026-09-01T17:07:00+09:00
V02Q1940781,37.506173683,127.084756221,445.0,2026-09-01T17:07:00+09:00
V02Q1940787,37.512955044,127.094661921,0.0,2026-09-01T17:07:00+09:00
V02Q1940788,37.509617855,127.0741524,238.0,2026-09-01T17:07:00+09:00
V02Q1940790,37.514278277,127.112258966,0.0,2026-09-01T17:07:00+09:00
V02Q1940800,37.519952859,127.1123122,0.0,2026-09-01T17:07:00+09:00
V02Q1940832,37.511768309,127.124209484,1598.0,2026-09-01T17:07:00+09:00
V02Q1940873,37.53247211,127.114301129,0.0,2026-09-01T17:07:00+09:00
V02Q1940507,37.531277474,127.123271252,886.0,2026-09-01T17:07:00+09:00
V02Q1940713,37.516185359,127.114540561,0.0,2026-09-01T17:07:00+09:00
V02Q1940714,37.513385412,127.10686824,0.0,2026-09-01T17:07:00+09:00
V02Q1940811,37.52727312,127.116249051,784.0,2026-09-01T17:07:00+09:00
V02Q1940819,37.507344263,127.104688643,1255.0,2026-09-01T17:07:00+09:00
V02Q1940820,37.511104225,127.102321793,0.0,2026-09-01T17:07:00+09:00
V02Q1940821,37.502832774,127.108694904,964.0,2026-09-01T17:07:00+09:00
V02Q1940838,37.51767925,127.08881891,0.0,2026-09-01T17:07:00+09:00
V02Q1940887,37.502749128,127.09252424,0.0,2026-09-01T17:07:00+09:00
V02Q1940941,37.509088133,127.084056858,1017.0,2026-09-01T17:07:00+09:00
V02Q1940098,37.48670146,127.1000197,2091.0,2026-09-01T17:07:00+09:00
V02Q1940246,37.49920086,127.072395308,478.0,2026-09-01T17:07:00+09:00
V02Q1940082,37.495507594,127.085748474,1364.0,2026-09-01T17:07:00+09:00
V02Q1940100,37.494978959,127.093144214,1214.0,2026-09-01T17:07:00+09:00
OC3CL210115,37.525641,127.129665,1241.0,2026-09-01T17:07:00+09:00
V02Q1940392,37.538286643,127.09239683,1228.0,2026-09-01T18:07:00+09:00
V02Q1940403,37.534309074,127.081985567,737.0,2026-09-01T18:07:00+09:00
V02Q1940391,37.528616803,127.085121222,759.0,2026-09-01T18:07:00+09:00
V02Q1940411,37.533878243,127.091521,501.0,2026-09-01T18:07:00+09:00
V02Q1940506,37.535029673,127.093240689,0.0,2026-09-01T18:07:00+09:00
V02Q1940860,37.533442403,127.080963254,899.0,2026-09-01T18:07:00+09:00
V02Q1940679,37.495212727,127.121438826,0.0,2026-09-01T18:07:00+09:00
V02Q1940734,37.518407904,127.100366298,0.0,2026-09-01T18:07:00+09:00
V02Q1940784,37.498247757,127.126296648,428.0,2026-09-01T18:07:00+09:00
V02Q1940706,37.502049127,127.117110751,0.0,2026-09-01T18:07:00+09:00
V02Q1940708,37.514300619,127.091447797,1078.0,2026-09-01T18:07:00+09:00
V02Q1940736,37.504194933,127.128187719,733.0,2026-09-01T18:07:00+09:00
V02Q1940767,37.502603852,127.092310875,696.0,2026-09-01T18:07:00+09:00
V02Q1940772,37.503635193,127.103503284,1443.0,2026-09-01T18:07:00+09:00
V02Q1940775,37.505801455,127.109663753,609.0,2026-09-01T18:07:00+09:00
V02Q1940781,37.506173683,127.084756221,243.0,2026-09-01T18:07:00+09:00
V02Q1940787,37.512955044,127.094661921,0.0,2026-09-01T18:07:00+09:00
V02Q1940788,37.509617855,127.0741524,122.0,2026-09-01T18:07:00+09:00
V02Q1940790,37.514278277,127.112258966,0.0,2026-09-01T18:07:00+09:00
V02Q1940800,37.519952859,127.1123122,0.0,2026-09-01T18:07:00+09:00
V02Q1940832,37.511768309,127.124209484,710.0,2026-09-01T18:07:00+09:00
V02Q1940873,37.53247211,127.114301129,0.0,2026-09-01T18:07:00+09:00
V02Q1940507,37.531277474,127.123271252,418.0,2026-09-01T18:07:00+09:00
V02Q1940713,37.516185359,127.114540561,0.0,2026-09-01T18:07:00+09:00
V02Q1940714,37.513385412,127.10686824,0.0,2026-09-01T18:07:00+09:00
V02Q1940811,37.52727312,127.116249051,372.0,2026-09-01T18:07:00+09:00
V02Q1940819,37.507344263,127.104688643,635.0,2026-09-01T18:07:00+09:00
V02Q1940820,37.511104225,127.102321793,0.0,2026-09-01T18:07:00+09:00
V02Q1940821,37.502832774,127.108694904,469.0,2026-09-01T18:07:00+09:00
V02Q1940838,37.51767925,127.08881891,0.0,2026-09-01T18:07:00+09:00
V02Q1940887,37.502749128,127.09252424,0.0,2026-09-01T18:07:00+09:00
V02Q1940941,37.509088133,127.084056858,577.0,2026-09-01T18:07:00+09:00
V02Q1940098,37.48670146,127.1000197,1114.0,2026-09-01T18:07:00+09:00
V02Q1940246,37.49920086,127.072395308,263.0,2026-09-01T18:07:00+09:00
V02Q1940082,37.495507594,127.085748474,735.0,2026-09-01T18:07:00+09:00
V02Q1940100,37.494978959,127.093144214,657.0,2026-09-01T18:07:00+09:00
OC3CL210115,37.525641,127.129665,598.0,2026-09-01T18:07:00+09:00
V02Q1940392,37.538286643,127.09239683,300.0,2026-09-01T19:07:00+09:00
V02Q1940403,37.534309074,127.081985567,206.0,2026-09-01T19:07:00+09:00
V02Q1940391,37.528616803,127.085121222,202.0,2026-09-01T19:07:00+09:00
V02Q1940411,37.533878243,127.091521,130.0,2026-09-01T19:07:00+09:00
V02Q1940506,37.535029673,127.093240689,0.0,2026-09-01T19:07:00+09:00
V02Q1940860,37.533442403,127.080963254,245.0,2026-09-01T19:07:00+09:00
V02Q1940679,37.495212727,127.121438826,0.0,2026-09-01T19:07:00+09:00
V02Q1940734,37.518407904,127.100366298,0.0,2026-09-01T19:07:00+09:00
V02Q1940784,37.498247757,127.126296648,187.0,2026-09-01T19:07:00+09:00
V02Q1940706,37.502049127,127.117110751,0.0,2026-09-01T19:07:00+09:00
V02Q1940708,37.514300619,127.091447797,321.0,2026-09-01T19:07:00+09:00
V02Q1940736,37.504194933,127.128187719,295.0,2026-09-01T19:07:00+09:00
V02Q1940767,37.502603852,127.092310875,235.0,2026-09-01T19:07:00+09:00
V02Q1940772,37.503635193,127.103503284,522.0,2026-09-01T19:07:00+09:00
V02Q1940775,37.505801455,127.109663753,236.0,2026-09-01T19:07:00+09:00
V02Q1940781,37.506173683,127.084756221,77.0,2026-09-01T19:07:00+09:00
V02Q1940787,37.512955044,127.094661921,0.0,2026-09-01T19:07:00+09:00
V02Q1940788,37.509617855,127.0741524,35.0,2026-09-01T19:07:00+09:00
V02Q1940790,37.514278277,127.112258966,0.0,2026-09-01T19:07:00+09:00
V02Q1940800,37.519952859,127.1123122,0.0,2026-09-01T19:07:00+09:00
V02Q1940832,37.511768309,127.124209484,273.0,2026-09-01T19:07:00+09:00
V02Q1940873,37.53247211,127.114301129,0.0,2026-09-01T19:07:00+09:00
V02Q1940507,37.531277474,127.123271252,147.0,2026-09-01T19:07:00+09:00
V02Q1940713,37.516185359,127.114540561,0.0,2026-09-01T19:07:00+09:00
V02Q1940714,37.513385412,127.10686824,0.0,2026-09-01T19:07:00+09:00
V02Q1940811,37.52727312,127.116249051,123.0,2026-09-01T19:07:00+09:00
V02Q1940819,37.507344263,127.104688643,227.0,2026-09-01T19:07:00+09:00
V02Q1940820,37.511104225,127.102321793,0.0,2026-09-01T19:07:00+09:00
V02Q1940821,37.502832774,127.108694904,178.0,2026-09-01T19:07:00+09:00
V02Q1940838,37.51767925,127.08881891,0.0,2026-09-01T19:07:00+09:00
V02Q1940887,37.502749128,127.09252424,139.0,2026-09-01T19:07:00+09:00
V02Q1940941,37.509088133,127.084056858,177.0,2026-09-01T19:07:00+09:00
V02Q1940098,37.48670146,127.1000197,402.0,2026-09-01T19:07:00+09:00
V02Q1940246,37.49920086,127.072395308,88.0,2026-09-01T19:07:00+09:00
V02Q1940082,37.495507594,127.085748474,251.0,2026-09-01T19:07:00+09:00
V02Q1940100,37.494978959,127.093144214,221.0,2026-09-01T19:07:00+09:00
OC3CL210115,37.525641,127.129665,203.0,2026-09-01T19:07:00+09:00
V02Q1940392,37.538286643,127.09239683,5.0,2026-09-01T20:07:00+09:00
V02Q1940403,37.534309074,127.081985567,4.0,2026-09-01T20:07:00+09:00
V02Q1940391,37.528616803,127.085121222,4.0,2026-09-01T20:07:00+09:00
V02Q1940411,37.533878243,127.091521,2.0,2026-09-01T20:07:00+09:00
V02Q1940506,37.535029673,127.093240689,0.0,2026-09-01T20:07:00+09:00
V02Q1940860,37.533442403,127.080963254,4.0,2026-09-01T20:07:00+09:00
V02Q1940679,37.495212727,127.121438826,0.0,2026-09-01T20:07:00+09:00
V02Q1940734,37.518407904,127.100366298,0.0,2026-09-01T20:07:00+09:00
V02Q1940784,37.498247757,127.126296648,3.0,2026-09-01T20:07:00+09:00
V02Q1940706,37.502049127,127.117110751,0.0,2026-09-01T20:07:00+09:00
V02Q1940708,37.514300619,127.091447797,5.0,2026-09-01T20:07:00+09:00
V02Q1940736,37.504194933,127.128187719,10.0,2026-09-01T20:07:00+09:00
V02Q1940767,37.502603852,127.092310875,3.0,2026-09-01T20:07:00+09:00
V02Q1940772,37.503635193,127.103503284,7.0,2026-09-01T20:07:00+09:00
V02Q1940775,37.505801455,127.109663753,4.0,2026-09-01T20:07:00+09:00
V02Q1940781,37.506173683,127.084756221,1.0,2026-09-01T20:07:00+09:00
V02Q1940787,37.512955044,127.094661921,0.0,2026-09-01T20:07:00+09:00
V02Q1940788,37.509617855,127.0741524,1.0,2026-09-01T20:07:00+09:00
V02Q1940790,37.514278277,127.112258966,0.0,2026-09-01T20:07:00+09:00
V02Q1940800,37.519952859,127.1123122,0.0,2026-09-01T20:07:00+09:00
V02Q1940832,37.511768309,127.124209484,4.0,2026-09-01T20:07:00+09:00
V02Q1940713,37.516185359,127.114540561,0.0,2026-09-01T20:07:00+09:00
V02Q1940714,37.513385412,127.10686824,0.0,2026-09-01T20:07:00+09:00
V02Q1940811,37.52727312,127.116249051,3.0,2026-09-01T20:07:00+09:00
V02Q1940819,37.507344263,127.104688643,3.0,2026-09-01T20:07:00+09:00
V02Q1940820,37.511104225,127.102321793,0.0,2026-09-01T20:07:00+09:00
V02Q1940821,37.502832774,127.108694904,88.0,2026-09-01T20:07:00+09:00
V02Q1940838,37.51767925,127.08881891,0.0,2026-09-01T20:07:00+09:00
V02Q1940873,37.53247211,127.114301129,0.0,2026-09-01T20:07:00+09:00
V02Q1940887,37.502749128,127.09252424,4.0,2026-09-01T20:07:00+09:00
V02Q1940941,37.509088133,127.084056858,2.0,2026-09-01T20:07:00+09:00
V02Q1940507,37.531277474,127.123271252,357.0,2026-09-01T20:07:00+09:00
V02Q1940098,37.48670146,127.1000197,6.0,2026-09-01T20:07:00+09:00
V02Q1940246,37.49920086,127.072395308,1.0,2026-09-01T20:07:00+09:00
V02Q1940082,37.495507594,127.085748474,3.0,2026-09-01T20:07:00+09:00
V02Q1940100,37.494978959,127.093144214,23.0,2026-09-01T20:07:00+09:00
OC3CL210115,37.525641,127.129665,19.0,2026-09-01T20:07:00+09:00
OC3CL210115,37.525641,127.129665,17.0,2026-09-01T21:07:00+09:00
V02Q1940082,37.495507594,127.085748474,0.0,2026-09-01T21:07:00+09:00
V02Q1940098,37.48670146,127.1000197,0.0,2026-09-01T21:07:00+09:00
V02Q1940100,37.494978959,127.093144214,21.0,2026-09-01T21:07:00+09:00
V02Q1940246,37.49920086,127.072395308,0.0,2026-09-01T21:07:00+09:00
V02Q1940391,37.528616803,127.085121222,1.0,2026-09-01T21:07:00+09:00
V02Q1940392,37.538286643,127.09239683,0.0,2026-09-01T21:07:00+09:00
V02Q1940403,37.534309074,127.081985567,0.0,2026-09-01T21:07:00+09:00
V02Q1940411,37.533878243,127.091521,0.0,2026-09-01T21:07:00+09:00
V02Q1940506,37.535029673,127.093240689,0.0,2026-09-01T21:07:00+09:00
V02Q1940507,37.531277474,127.123271252,418.0,2026-09-01T21:07:00+09:00
V02Q1940679,37.495212727,127.121438826,0.0,2026-09-01T21:07:00+09:00
V02Q1940706,37.502049127,127.117110751,0.0,2026-09-01T21:07:00+09:00
V02Q1940708,37.514300619,127.091447797,0.0,2026-09-01T21:07:00+09:00
V02Q1940713,37.516185359,127.114540561,0.0,2026-09-01T21:07:00+09:00
V02Q1940714,37.513385412,127.10686824,0.0,2026-09-01T21:07:00+09:00
V02Q1940734,37.518407904,127.100366298,0.0,2026-09-01T21:07:00+09:00
V02Q1940736,37.504194933,127.128187719,9.0,2026-09-01T21:07:00+09:00
V02Q1940767,37.502603852,127.092310875,0.0,2026-09-01T21:07:00+09:00
V02Q1940772,37.503635193,127.103503284,0.0,2026-09-01T21:07:00+09:00
V02Q1940775,37.505801455,127.109663753,0.0,2026-09-01T21:07:00+09:00
V02Q1940781,37.506173683,127.084756221,0.0,2026-09-01T21:07:00+09:00
V02Q1940784,37.498247757,127.126296648,0.0,2026-09-01T21:07:00+09:00
V02Q1940787,37.512955044,127.094661921,0.0,2026-09-01T21:07:00+09:00
V02Q1940788,37.509617855,127.0741524,0.0,2026-09-01T21:07:00+09:00
V02Q1940790,37.514278277,127.112258966,0.0,2026-09-01T21:07:00+09:00
V02Q1940800,37.519952859,127.1123122,0.0,2026-09-01T21:07:00+09:00
V02Q1940811,37.52727312,127.116249051,2.0,2026-09-01T21:07:00+09:00
V02Q1940819,37.507344263,127.104688643,0.0,2026-09-01T21:07:00+09:00
V02Q1940820,37.511104225,127.102321793,0.0,2026-09-01T21:07:00+09:00
V02Q1940821,37.502832774,127.108694904,109.0,2026-09-01T21:07:00+09:00
V02Q1940832,37.511768309,127.124209484,0.0,2026-09-01T21:07:00+09:00
V02Q1940838,37.51767925,127.08881891,0.0,2026-09-01T21:07:00+09:00
V02Q1940860,37.533442403,127.080963254,0.0,2026-09-01T21:07:00+09:00
V02Q1940873,37.53247211,127.114301129,0.0,2026-09-01T21:07:00+09:00
V02Q1940887,37.502749128,127.09252424,0.0,2026-09-01T21:07:00+09:00
V02Q1940941,37.509088133,127.084056858,0.0,2026-09-01T21:07:00+09:00
OC3CL210115,37.525641,127.129665,18.0,2026-09-01T22:07:00+09:00
V02Q1940082,37.495507594,127.085748474,0.0,2026-09-01T22:07:00+09:00
V02Q1940098,37.48670146,127.1000197,0.0,2026-09-01T22:07:00+09:00
V02Q1940100,37.494978959,127.093144214,22.0,2026-09-01T22:07:00+09:00
V02Q1940246,37.49920086,127.072395308,0.0,2026-09-01T22:07:00+09:00
V02Q1940391,37.528616803,127.085121222,1.0,2026-09-01T22:07:00+09:00
V02Q1940392,37.538286643,127.09239683,0.0,2026-09-01T22:07:00+09:00
V02Q1940403,37.534309074,127.081985567,0.0,2026-09-01T22:07:00+09:00
V02Q1940411,37.533878243,127.091521,0.0,2026-09-01T22:07:00+09:00
V02Q1940506,37.535029673,127.093240689,0.0,2026-09-01T22:07:00+09:00
V02Q1940507,37.531277474,127.123271252,428.0,2026-09-01T22:07:00+09:00
V02Q1940679,37.495212727,127.121438826,0.0,2026-09-01T22:07:00+09:00
V02Q1940706,37.502049127,127.117110751,0.0,2026-09-01T22:07:00+09:00
V02Q1940708,37.514300619,127.091447797,0.0,2026-09-01T22:07:00+09:00
V02Q1940713,37.516185359,127.114540561,0.0,2026-09-01T22:07:00+09:00
V02Q1940714,37.513385412,127.10686824,0.0,2026-09-01T22:07:00+09:00
V02Q1940734,37.518407904,127.100366298,0.0,2026-09-01T22:07:00+09:00
V02Q1940736,37.504194933,127.128187719,11.0,2026-09-01T22:07:00+09:00
V02Q1940767,37.502603852,127.092310875,0.0,2026-09-01T22:07:00+09:00
V02Q1940772,37.503635193,127.103503284,0.0,2026-09-01T22:07:00+09:00
V02Q1940775,37.505801455,127.109663753,0.0,2026-09-01T22:07:00+09:00
V02Q1940781,37.506173683,127.084756221,0.0,2026-09-01T22:07:00+09:00
V02Q1940784,37.498247757,127.126296648,0.0,2026-09-01T22:07:00+09:00
V02Q1940787,37.512955044,127.094661921,0.0,2026-09-01T22:07:00+09:00
V02Q1940788,37.509617855,127.0741524,0.0,2026-09-01T22:07:00+09:00
V02Q1940790,37.514278277,127.112258966,0.0,2026-09-01T22:07:00+09:00
V02Q1940800,37.519952859,127.1123122,0.0,2026-09-01T22:07:00+09:00
V02Q1940811,37.52727312,127.116249051,2.0,2026-09-01T22:07:00+09:00
V02Q1940819,37.507344263,127.104688643,0.0,2026-09-01T22:07:00+09:00
V02Q1940820,37.511104225,127.102321793,0.0,2026-09-01T22:07:00+09:00
V02Q1940821,37.502832774,127.108694904,114.0,2026-09-01T22:07:00+09:00
V02Q1940832,37.511768309,127.124209484,0.0,2026-09-01T22:07:00+09:00
V02Q1940838,37.51767925,127.08881891,0.0,2026-09-01T22:07:00+09:00
V02Q1940860,37.533442403,127.080963254,0.0,2026-09-01T22:07:00+09:00
V02Q1940873,37.53247211,127.114301129,0.0,2026-09-01T22:07:00+09:00
V02Q1940887,37.502749128,127.09252424,0.0,2026-09-01T22:07:00+09:00
V02Q1940941,37.509088133,127.084056858,0.0,2026-09-01T22:07:00+09:00
OC3CL210115,37.525641,127.129665,18.0,2026-09-01T23:07:00+09:00
V02Q1940082,37.495507594,127.085748474,0.0,2026-09-01T23:07:00+09:00
V02Q1940098,37.48670146,127.1000197,0.0,2026-09-01T23:07:00+09:00
V02Q1940100,37.494978959,127.093144214,23.0,2026-09-01T23:07:00+09:00
V02Q1940246,37.49920086,127.072395308,0.0,2026-09-01T23:07:00+09:00
V02Q1940391,37.528616803,127.085121222,1.0,2026-09-01T23:07:00+09:00
V02Q1940392,37.538286643,127.09239683,0.0,2026-09-01T23:07:00+09:00
V02Q1940403,37.534309074,127.081985567,0.0,2026-09-01T23:07:00+09:00
V02Q1940411,37.533878243,127.091521,0.0,2026-09-01T23:07:00+09:00
V02Q1940506,37.535029673,127.093240689,0.0,2026-09-01T23:07:00+09:00
V02Q1940507,37.531277474,127.123271252,430.0,2026-09-01T23:07:00+09:00
V02Q1940679,37.495212727,127.121438826,0.0,2026-09-01T23:07:00+09:00
V02Q1940706,37.502049127,127.117110751,0.0,2026-09-01T23:07:00+09:00
V02Q1940708,37.514300619,127.091447797,0.0,2026-09-01T23:07:00+09:00
V02Q1940713,37.516185359,127.114540561,0.0,2026-09-01T23:07:00+09:00
V02Q1940714,37.513385412,127.10686824,0.0,2026-09-01T23:07:00+09:00
V02Q1940734,37.518407904,127.100366298,0.0,2026-09-01T23:07:00+09:00
V02Q1940736,37.504194933,127.128187719,11.0,2026-09-01T23:07:00+09:00
V02Q1940767,37.502603852,127.092310875,0.0,2026-09-01T23:07:00+09:00
V02Q1940772,37.503635193,127.103503284,0.0,2026-09-01T23:07:00+09:00
V02Q1940775,37.505801455,127.109663753,0.0,2026-09-01T23:07:00+09:00
V02Q1940781,37.506173683,127.084756221,0.0,2026-09-01T23:07:00+09:00
V02Q1940784,37.498247757,127.126296648,0.0,2026-09-01T23:07:00+09:00
V02Q1940788,37.509617855,127.0741524,0.0,2026-09-01T23:07:00+09:00
V02Q1940790,37.514278277,127.112258966,0.0,2026-09-01T23:07:00+09:00
V02Q1940800,37.519952859,127.1123122,0.0,2026-09-01T23:07:00+09:00
V02Q1940787,37.512955044,127.094661921,0.0,2026-09-01T23:07:00+09:00
V02Q1940811,37.52727312,127.116249051,2.0,2026-09-01T23:07:00+09:00
V02Q1940819,37.507344263,127.104688643,0.0,2026-09-01T23:07:00+09:00
V02Q1940820,37.511104225,127.102321793,0.0,2026-09-01T23:07:00+09:00
V02Q1940821,37.502832774,127.108694904,112.0,2026-09-01T23:07:00+09:00
V02Q1940832,37.511768309,127.124209484,0.0,2026-09-01T23:07:00+09:00
V02Q1940838,37.51767925,127.08881891,0.0,2026-09-01T23:07:00+09:00
V02Q1940860,37.533442403,127.080963254,0.0,2026-09-01T23:07:00+09:00
V02Q1940873,37.53247211,127.114301129,0.0,2026-09-01T23:07:00+09:00
V02Q1940887,37.502749128,127.09252424,0.0,2026-09-01T23:07:00+09:00
V02Q1940941,37.509088133,127.084056858,0.0,2026-09-01T23:07:00+09:00
OC3CL210115,37.525641,127.129665,17.0,2026-09-02T00:07:00+09:00
V02Q1940082,37.495507594,127.085748474,0.0,2026-09-02T00:07:00+09:00
V02Q1940098,37.48670146,127.1000197,0.0,2026-09-02T00:07:00+09:00
V02Q1940100,37.494978959,127.093144214,22.0,2026-09-02T00:07:00+09:00
V02Q1940246,37.49920086,127.072395308,0.0,2026-09-02T00:07:00+09:00
V02Q1940391,37.528616803,127.085121222,1.0,2026-09-02T00:07:00+09:00
V02Q1940392,37.538286643,127.09239683,0.0,2026-09-02T00:07:00+09:00
V02Q1940403,37.534309074,127.081985567,0.0,2026-09-02T00:07:00+09:00
V02Q1940411,37.533878243,127.091521,0.0,2026-09-02T00:07:00+09:00
V02Q1940506,37.535029673,127.093240689,0.0,2026-09-02T00:07:00+09:00
V02Q1940507,37.531277474,127.123271252,402.0,2026-09-02T00:07:00+09:00
V02Q1940679,37.495212727,127.121438826,0.0,2026-09-02T00:07:00+09:00
V02Q1940706,37.502049127,127.117110751,0.0,2026-09-02T00:07:00+09:00
V02Q1940708,37.514300619,127.091447797,0.0,2026-09-02T00:07:00+09:00
V02Q1940713,37.516185359,127.114540561,0.0,2026-09-02T00:07:00+09:00
V02Q1940714,37.513385412,127.10686824,0.0,2026-09-02T00:07:00+09:00
V02Q1940734,37.518407904,127.100366298,0.0,2026-09-02T00:07:00+09:00
V02Q1940736,37.504194933,127.128187719,11.0,2026-09-02T00:07:00+09:00
V02Q1940767,37.502603852,127.092310875,0.0,2026-09-02T00:07:00+09:00
V02Q1940772,37.503635193,127.103503284,0.0,2026-09-02T00:07:00+09:00
V02Q1940775,37.505801455,127.109663753,0.0,2026-09-02T00:07:00+09:00
V02Q1940781,37.506173683,127.084756221,0.0,2026-09-02T00:07:00+09:00
V02Q1940784,37.498247757,127.126296648,0.0,2026-09-02T00:07:00+09:00
V02Q1940787,37.512955044,127.094661921,0.0,2026-09-02T00:07:00+09:00
V02Q1940788,37.509617855,127.0741524,0.0,2026-09-02T00:07:00+09:00
V02Q1940790,37.514278277,127.112258966,0.0,2026-09-02T00:07:00+09:00
V02Q1940800,37.519952859,127.1123122,0.0,2026-09-02T00:07:00+09:00
V02Q1940811,37.52727312,127.116249051,2.0,2026-09-02T00:07:00+09:00
V02Q1940819,37.507344263,127.104688643,0.0,2026-09-02T00:07:00+09:00
V02Q1940820,37.511104225,127.102321793,0.0,2026-09-02T00:07:00+09:00
V02Q1940821,37.502832774,127.108694904,110.0,2026-09-02T00:07:00+09:00
V02Q1940832,37.511768309,127.124209484,0.0,2026-09-02T00:07:00+09:00
V02Q1940838,37.51767925,127.08881891,0.0,2026-09-02T00:07:00+09:00
V02Q1940860,37.533442403,127.080963254,0.0,2026-09-02T00:07:00+09:00
V02Q1940873,37.53247211,127.114301129,0.0,2026-09-02T00:07:00+09:00
V02Q1940887,37.502749128,127.09252424,0.0,2026-09-02T00:07:00+09:00
V02Q1940941,37.509088133,127.084056858,0.0,2026-09-02T00:07:00+09:00
OC3CL200017,37.52406575,127.1285088,903.0,2026-09-01T12:07:56+09:00
OC3CL200017,37.52406575,127.1285088,36.0,2026-09-01T01:07:56+09:00
OC3CL200017,37.52406575,127.1285088,36.0,2026-09-01T02:07:56+09:00
OC3CL200017,37.52406575,127.1285088,35.0,2026-09-01T03:07:56+09:00
OC3CL200017,37.52406575,127.1285088,35.0,2026-09-01T04:07:56+09:00
OC3CL200017,37.52406575,127.1285088,35.0,2026-09-01T05:07:56+09:00
OC3CL200017,37.52406575,127.1285088,35.0,2026-09-01T06:07:56+09:00
OC3CL200017,37.52406575,127.1285088,2346.0,2026-09-01T13:07:56+09:00
OC3CL200017,37.52406575,127.1285088,6234.0,2026-09-01T14:07:56+09:00
OC3CL200017,37.52406575,127.1285088,3202.0,2026-09-01T15:07:56+09:00
OC3CL200017,37.52406575,127.1285088,1841.0,2026-09-01T16:07:56+09:00
OC3CL200017,37.52406575,127.1285088,1299.0,2026-09-01T17:07:56+09:00
OC3CL200017,37.52406575,127.1285088,630.0,2026-09-01T18:07:56+09:00
OC3CL200033,37.51217275,127.1046954,0.0,2026-09-01T23:00:00+09:00
OC3CL200033,37.51217275,127.1046954,0.0,2026-09-01T00:00:00+09:00
OC3CL200033,37.51217275,127.1046954,0.0,2026-09-01T01:00:00+09:00
OC3CL200033,37.51217275,127.1046954,0.0,2026-09-01T02:00:00+09:00
OC3CL200033,37.51217275,127.1046954,0.0,2026-09-01T03:00:00+09:00
OC3CL200033,37.51217275,127.1046954,0.0,2026-09-01T04:00:00+09:00
OC3CL200033,37.51217275,127.1046954,0.0,2026-09-01T05:00:00+09:00
OC3CL200033,37.51217275,127.1046954,0.0,2026-09-01T06:00:00+09:00
OC3CL200033,37.51217275,127.1046954,8.0,2026-09-01T07:00:00+09:00
OC3CL200033,37.51217275,127.1046954,37.0,2026-09-01T08:00:00+09:00
OC3CL200033,37.51217275,127.1046954,61.0,2026-09-01T09:00:00+09:00
OC3CL200033,37.51217275,127.1046954,36.0,2026-09-01T10:00:00+09:00
OC3CL200033,37.51217275,127.1046954,35.0,2026-09-01T11:00:00+09:00
OC3CL200033,37.51217275,127.1046954,105.0,2026-09-01T12:00:00+09:00
OC3CL200033,37.51217275,127.1046954,193.0,2026-09-01T13:00:00+09:00
OC3CL200033,37.51217275,127.1046954,389.0,2026-09-01T14:00:00+09:00
OC3CL200033,37.51217275,127.1046954,269.0,2026-09-01T15:00:00+09:00
OC3CL200033,37.51217275,127.1046954,156.0,2026-09-01T16:00:00+09:00
OC3CL200033,37.51217275,127.1046954,92.0,2026-09-01T17:00:00+09:00
OC3CL200033,37.51217275,127.1046954,52.0,2026-09-01T18:00:00+09:00
OC3CL200033,37.51217275,127.1046954,16.0,2026-09-01T19:00:00+09:00
OC3CL200033,37.51217275,127.1046954,0.0,2026-09-01T20:00:00+09:00
OC3CL200033,37.51217275,127.1046954,0.0,2026-09-01T21:00:00+09:00
OC3CL200033,37.51217275,127.1046954,0.0,2026-09-01T22:00:00+09:00
V02Q1940117,37.508537127,127.087121735,3420.0,2026-09-01T15:00:00+09:00
V02Q1940117,37.508537127,127.087121735,0.0,2026-09-01T00:00:00+09:00
V02Q1940117,37.508537127,127.087121735,0.0,2026-09-01T01:00:00+09:00
V02Q1940117,37.508537127,127.087121735,0.0,2026-09-01T02:00:00+09:00
V02Q1940117,37.508537127,127.087121735,0.0,2026-09-01T03:00:00+09:00
V02Q1940117,37.508537127,127.087121735,0.0,2026-09-01T04:00:00+09:00
V02Q1940117,37.508537127,127.087121735,0.0,2026-09-01T05:00:00+09:00
V02Q1940117,37.508537127,127.087121735,0.0,2026-09-01T06:00:00+09:00
V02Q1940117,37.508537127,127.087121735,89.0,2026-09-01T07:00:00+09:00
V02Q1940117,37.508537127,127.087121735,402.0,2026-09-01T08:00:00+09:00
V02Q1940117,37.508537127,127.087121735,700.0,2026-09-01T09:00:00+09:00
V02Q1940117,37.508537127,127.087121735,447.0,2026-09-01T10:00:00+09:00
V02Q1940117,37.508537127,127.087121735,381.0,2026-09-01T11:00:00+09:00
V02Q1940117,37.508537127,127.087121735,860.0,2026-09-01T12:00:00+09:00
V02Q1940117,37.508537127,127.087121735,1971.0,2026-09-01T13:00:00+09:00
V02Q1940117,37.508537127,127.087121735,3653.0,2026-09-01T14:00:00+09:00
V02Q1940117,37.508537127,127.087121735,1493.0,2026-09-01T16:00:00+09:00
V02Q1940117,37.508537127,127.087121735,892.0,2026-09-01T17:00:00+09:00
V02Q1940117,37.508537127,127.087121735,503.0,2026-09-01T18:00:00+09:00
V02Q1940117,37.508537127,127.087121735,160.0,2026-09-01T19:00:00+09:00
V02Q1940117,37.508537127,127.087121735,3.0,2026-09-01T20:00:00+09:00
V02Q1940117,37.508537127,127.087121735,1.0,2026-09-01T21:00:00+09:00
V02Q1940117,37.508537127,127.087121735,1.0,2026-09-01T22:00:00+09:00
V02Q1940117,37.508537127,127.087121735,1.0,2026-09-01T23:00:00+09:00
V02Q1940129,37.497655712,127.074468747,0.0,2026-09-01T21:00:00+09:00
V02Q1940129,37.497655712,127.074468747,1.0,2026-09-01T20:00:00+09:00
V02Q1940129,37.497655712,127.074468747,97.0,2026-09-01T19:00:00+09:00
V02Q1940129,37.497655712,127.074468747,290.0,2026-09-01T18:00:00+09:00
V02Q1940129,37.497655712,127.074468747,528.0,2026-09-01T17:00:00+09:00
V02Q1940129,37.497655712,127.074468747,868.0,2026-09-01T16:00:00+09:00
V02Q1940129,37.497655712,127.074468747,2119.0,2026-09-01T15:00:00+09:00
V02Q1940129,37.497655712,127.074468747,2001.0,2026-09-01T14:00:00+09:00
V02Q1940129,37.497655712,127.074468747,997.0,2026-09-01T13:00:00+09:00
V02Q1940129,37.497655712,127.074468747,437.0,2026-09-01T12:00:00+09:00
V02Q1940129,37.497655712,127.074468747,222.0,2026-09-01T11:00:00+09:00
V02Q1940129,37.497655712,127.074468747,251.0,2026-09-01T10:00:00+09:00
V02Q1940129,37.497655712,127.074468747,429.0,2026-09-01T09:00:00+09:00
V02Q1940129,37.497655712,127.074468747,220.0,2026-09-01T08:00:00+09:00
V02Q1940129,37.497655712,127.074468747,53.0,2026-09-01T07:00:00+09:00
V02Q1940129,37.497655712,127.074468747,0.0,2026-09-01T06:00:00+09:00
V02Q1940129,37.497655712,127.074468747,0.0,2026-09-01T05:00:00+09:00
V02Q1940129,37.497655712,127.074468747,0.0,2026-09-01T04:00:00+09:00
V02Q1940129,37.497655712,127.074468747,0.0,2026-09-01T03:00:00+09:00
V02Q1940129,37.497655712,127.074468747,0.0,2026-09-01T02:00:00+09:00
V02Q1940129,37.497655712,127.074468747,0.0,2026-09-01T01:00:00+09:00
V02Q1940129,37.497655712,127.074468747,0.0,2026-09-01T00:00:00+09:00
V02Q1940129,37.497655712,127.074468747,0.0,2026-09-01T23:00:00+09:00
V02Q1940129,37.497655712,127.074468747,0.0,2026-09-01T22:00:00+09:00
V02Q1940742,37.501040267,127.109739451,211.0,2026-09-01T19:00:00+09:00
V02Q1940742,37.501040267,127.109739451,63.0,2026-09-01T22:00:00+09:00
V02Q1940742,37.501040267,127.109739451,62.0,2026-09-01T23:00:00+09:00
V02Q1940742,37.501040267,127.109739451,50.0,2026-09-01T20:00:00+09:00
V02Q1940742,37.501040267,127.109739451,60.0,2026-09-01T21:00:00+09:00
V02Q1940742,37.501040267,127.109739451,563.0,2026-09-01T18:00:00+09:00
V02Q1940742,37.501040267,127.109739451,1122.0,2026-09-01T17:00:00+09:00
V02Q1940742,37.501040267,127.109739451,1636.0,2026-09-01T16:00:00+09:00
V02Q1940742,37.501040267,127.109739451,3829.0,2026-09-01T15:00:00+09:00
V02Q1940742,37.501040267,127.109739451,4884.0,2026-09-01T14:00:00+09:00
V02Q1940742,37.501040267,127.109739451,1832.0,2026-09-01T13:00:00+09:00
V02Q1940742,37.501040267,127.109739451,830.0,2026-09-01T12:00:00+09:00
V02Q1940742,37.501040267,127.109739451,460.0,2026-09-01T11:00:00+09:00
V02Q1940742,37.501040267,127.109739451,489.0,2026-09-01T10:00:00+09:00
V02Q1940742,37.501040267,127.109739451,811.0,2026-09-01T09:00:00+09:00
V02Q1940742,37.501040267,127.109739451,424.0,2026-09-01T08:00:00+09:00
V02Q1940742,37.501040267,127.109739451,89.0,2026-09-01T07:00:00+09:00
V02Q1940742,37.501040267,127.109739451,58.0,2026-09-01T06:00:00+09:00
V02Q1940742,37.501040267,127.109739451,59.0,2026-09-01T05:00:00+09:00
V02Q1940742,37.501040267,127.109739451,61.0,2026-09-01T04:00:00+09:00
V02Q1940742,37.501040267,127.109739451,61.0,2026-09-01T03:00:00+09:00
V02Q1940742,37.501040267,127.109739451,62.0,2026-09-01T02:00:00+09:00
V02Q1940742,37.501040267,127.109739451,61.0,2026-09-01T01:00:00+09:00
V02Q1940742,37.501040267,127.109739451,61.0,2026-09-01T00:00:00+09:00
OC3CL210115,37.525641,127.129665,17.0,2026-09-02T01:07:00+09:00
V02Q1940082,37.495507594,127.085748474,0.0,2026-09-02T01:07:00+09:00
V02Q1940098,37.48670146,127.1000197,0.0,2026-09-02T01:07:00+09:00
V02Q1940100,37.494978959,127.093144214,22.0,2026-09-02T01:07:00+09:00
V02Q1940246,37.49920086,127.072395308,0.0,2026-09-02T01:07:00+09:00
V02Q1940391,37.528616803,127.085121222,1.0,2026-09-02T01:07:00+09:00
V02Q1940392,37.538286643,127.09239683,0.0,2026-09-02T01:07:00+09:00
V02Q1940403,37.534309074,127.081985567,0.0,2026-09-02T01:07:00+09:00
V02Q1940411,37.533878243,127.091521,0.0,2026-09-02T01:07:00+09:00
V02Q1940506,37.535029673,127.093240689,0.0,2026-09-02T01:07:00+09:00
V02Q1940507,37.531277474,127.123271252,404.0,2026-09-02T01:07:00+09:00
V02Q1940679,37.495212727,127.121438826,0.0,2026-09-02T01:07:00+09:00
V02Q1940706,37.502049127,127.117110751,0.0,2026-09-02T01:07:00+09:00
V02Q1940708,37.514300619,127.091447797,0.0,2026-09-02T01:07:00+09:00
V02Q1940713,37.516185359,127.114540561,0.0,2026-09-02T01:07:00+09:00
V02Q1940714,37.513385412,127.10686824,0.0,2026-09-02T01:07:00+09:00
V02Q1940734,37.518407904,127.100366298,0.0,2026-09-02T01:07:00+09:00
V02Q1940736,37.504194933,127.128187719,11.0,2026-09-02T01:07:00+09:00
V02Q1940767,37.502603852,127.092310875,0.0,2026-09-02T01:07:00+09:00
V02Q1940772,37.503635193,127.103503284,0.0,2026-09-02T01:07:00+09:00
V02Q1940775,37.505801455,127.109663753,0.0,2026-09-02T01:07:00+09:00
V02Q1940781,37.506173683,127.084756221,0.0,2026-09-02T01:07:00+09:00
V02Q1940784,37.498247757,127.126296648,0.0,2026-09-02T01:07:00+09:00
V02Q1940787,37.512955044,127.094661921,0.0,2026-09-02T01:07:00+09:00
V02Q1940788,37.509617855,127.0741524,0.0,2026-09-02T01:07:00+09:00
V02Q1940790,37.514278277,127.112258966,0.0,2026-09-02T01:07:00+09:00
V02Q1940800,37.519952859,127.1123122,0.0,2026-09-02T01:07:00+09:00
V02Q1940811,37.52727312,127.116249051,2.0,2026-09-02T01:07:00+09:00
V02Q1940819,37.507344263,127.104688643,0.0,2026-09-02T01:07:00+09:00
V02Q1940820,37.511104225,127.102321793,0.0,2026-09-02T01:07:00+09:00
V02Q1940821,37.502832774,127.108694904,109.0,2026-09-02T01:07:00+09:00
V02Q1940832,37.511768309,127.124209484,0.0,2026-09-02T01:07:00+09:00
V02Q1940838,37.51767925,127.08881891,0.0,2026-09-02T01:07:00+09:00
V02Q1940860,37.533442403,127.080963254,0.0,2026-09-02T01:07:00+09:00
V02Q1940873,37.53247211,127.114301129,0.0,2026-09-02T01:07:00+09:00
V02Q1940887,37.502749128,127.09252424,0.0,2026-09-02T01:07:00+09:00
V02Q1940941,37.509088133,127.084056858,0.0,2026-09-02T01:07:00+09:00
V02Q1940391,37.528616803,127.085121222,1.0,2026-09-02T02:07:00+09:00
V02Q1940392,37.538286643,127.09239683,0.0,2026-09-02T02:07:00+09:00
V02Q1940403,37.534309074,127.081985567,0.0,2026-09-02T02:07:00+09:00
V02Q1940411,37.533878243,127.091521,0.0,2026-09-02T02:07:00+09:00
V02Q1940506,37.535029673,127.093240689,0.0,2026-09-02T02:07:00+09:00
V02Q1940860,37.533442403,127.080963254,0.0,2026-09-02T02:07:00+09:00
V02Q1940679,37.495212727,127.121438826,0.0,2026-09-02T02:07:00+09:00
V02Q1940734,37.518407904,127.100366298,0.0,2026-09-02T02:07:00+09:00
V02Q1940784,37.498247757,127.126296648,0.0,2026-09-02T02:07:00+09:00
V02Q1940706,37.502049127,127.117110751,0.0,2026-09-02T02:07:00+09:00
V02Q1940708,37.514300619,127.091447797,0.0,2026-09-02T02:07:00+09:00
V02Q1940736,37.504194933,127.128187719,11.0,2026-09-02T02:07:00+09:00
V02Q1940767,37.502603852,127.092310875,0.0,2026-09-02T02:07:00+09:00
V02Q1940772,37.503635193,127.103503284,0.0,2026-09-02T02:07:00+09:00
V02Q1940775,37.505801455,127.109663753,0.0,2026-09-02T02:07:00+09:00
V02Q1940781,37.506173683,127.084756221,0.0,2026-09-02T02:07:00+09:00
V02Q1940787,37.512955044,127.094661921,0.0,2026-09-02T02:07:00+09:00
V02Q1940788,37.509617855,127.0741524,0.0,2026-09-02T02:07:00+09:00
V02Q1940790,37.514278277,127.112258966,0.0,2026-09-02T02:07:00+09:00
V02Q1940800,37.519952859,127.1123122,0.0,2026-09-02T02:07:00+09:00
V02Q1940832,37.511768309,127.124209484,0.0,2026-09-02T02:07:00+09:00
V02Q1940873,37.53247211,127.114301129,0.0,2026-09-02T02:07:00+09:00
V02Q1940507,37.531277474,127.123271252,403.0,2026-09-02T02:07:00+09:00
V02Q1940713,37.516185359,127.114540561,0.0,2026-09-02T02:07:00+09:00
V02Q1940714,37.513385412,127.10686824,0.0,2026-09-02T02:07:00+09:00
V02Q1940811,37.52727312,127.116249051,2.0,2026-09-02T02:07:00+09:00
V02Q1940819,37.507344263,127.104688643,0.0,2026-09-02T02:07:00+09:00
V02Q1940820,37.511104225,127.102321793,0.0,2026-09-02T02:07:00+09:00
V02Q1940821,37.502832774,127.108694904,109.0,2026-09-02T02:07:00+09:00
V02Q1940838,37.51767925,127.08881891,0.0,2026-09-02T02:07:00+09:00
V02Q1940887,37.502749128,127.09252424,0.0,2026-09-02T02:07:00+09:00
V02Q1940941,37.509088133,127.084056858,0.0,2026-09-02T02:07:00+09:00
V02Q1940098,37.48670146,127.1000197,0.0,2026-09-02T02:07:00+09:00
V02Q1940246,37.49920086,127.072395308,0.0,2026-09-02T02:07:00+09:00
V02Q1940082,37.495507594,127.085748474,0.0,2026-09-02T02:07:00+09:00
V02Q1940100,37.494978959,127.093144214,21.0,2026-09-02T02:07:00+09:00
OC3CL210115,37.525641,127.129665,17.0,2026-09-02T02:07:00+09:00
V02Q1940392,37.538286643,127.09239683,0.0,2026-09-02T03:07:00+09:00
V02Q1940403,37.534309074,127.081985567,0.0,2026-09-02T03:07:00+09:00
V02Q1940391,37.528616803,127.085121222,1.0,2026-09-02T03:07:00+09:00
V02Q1940411,37.533878243,127.091521,0.0,2026-09-02T03:07:00+09:00
V02Q1940506,37.535029673,127.093240689,0.0,2026-09-02T03:07:00+09:00
V02Q1940860,37.533442403,127.080963254,0.0,2026-09-02T03:07:00+09:00
V02Q1940679,37.495212727,127.121438826,0.0,2026-09-02T03:07:00+09:00
V02Q1940734,37.518407904,127.100366298,0.0,2026-09-02T03:07:00+09:00
V02Q1940784,37.498247757,127.126296648,0.0,2026-09-02T03:07:00+09:00
V02Q1940767,37.502603852,127.092310875,0.0,2026-09-02T03:07:00+09:00
V02Q1940781,37.506173683,127.084756221,0.0,2026-09-02T03:07:00+09:00
V02Q1940787,37.512955044,127.094661921,0.0,2026-09-02T03:07:00+09:00
V02Q1940788,37.509617855,127.0741524,0.0,2026-09-02T03:07:00+09:00
V02Q1940790,37.514278277,127.112258966,0.0,2026-09-02T03:07:00+09:00
V02Q1940706,37.502049127,127.117110751,0.0,2026-09-02T03:07:00+09:00
V02Q1940708,37.514300619,127.091447797,0.0,2026-09-02T03:07:00+09:00
V02Q1940736,37.504194933,127.128187719,11.0,2026-09-02T03:07:00+09:00
V02Q1940772,37.503635193,127.103503284,0.0,2026-09-02T03:07:00+09:00
V02Q1940775,37.505801455,127.109663753,0.0,2026-09-02T03:07:00+09:00
V02Q1940800,37.519952859,127.1123122,0.0,2026-09-02T03:07:00+09:00
V02Q1940832,37.511768309,127.124209484,0.0,2026-09-02T03:07:00+09:00
V02Q1940873,37.53247211,127.114301129,0.0,2026-09-02T03:07:00+09:00
V02Q1940507,37.531277474,127.123271252,397.0,2026-09-02T03:07:00+09:00
V02Q1940713,37.516185359,127.114540561,0.0,2026-09-02T03:07:00+09:00
V02Q1940714,37.513385412,127.10686824,0.0,2026-09-02T03:07:00+09:00
V02Q1940811,37.52727312,127.116249051,2.0,2026-09-02T03:07:00+09:00
V02Q1940819,37.507344263,127.104688643,0.0,2026-09-02T03:07:00+09:00
V02Q1940820,37.511104225,127.102321793,0.0,2026-09-02T03:07:00+09:00
V02Q1940821,37.502832774,127.108694904,108.0,2026-09-02T03:07:00+09:00
V02Q1940838,37.51767925,127.08881891,0.0,2026-09-02T03:07:00+09:00
V02Q1940887,37.502749128,127.09252424,0.0,2026-09-02T03:07:00+09:00
V02Q1940941,37.509088133,127.084056858,0.0,2026-09-02T03:07:00+09:00
V02Q1940098,37.48670146,127.1000197,0.0,2026-09-02T03:07:00+09:00
V02Q1940246,37.49920086,127.072395308,0.0,2026-09-02T03:07:00+09:00
V02Q1940082,37.495507594,127.085748474,0.0,2026-09-02T03:07:00+09:00
V02Q1940100,37.494978959,127.093144214,22.0,2026-09-02T03:07:00+09:00
OC3CL210115,37.525641,127.129665,17.0,2026-09-02T03:07:00+09:00
OC3CL210115,37.525641,127.129665,18.0,2026-09-02T04:07:00+09:00
V02Q1940082,37.495507594,127.085748474,0.0,2026-09-02T04:07:00+09:00
V02Q1940098,37.48670146,127.1000197,0.0,2026-09-02T04:07:00+09:00
V02Q1940100,37.494978959,127.093144214,22.0,2026-09-02T04:07:00+09:00
V02Q1940246,37.49920086,127.072395308,0.0,2026-09-02T04:07:00+09:00
V02Q1940391,37.528616803,127.085121222,1.0,2026-09-02T04:07:00+09:00
V02Q1940392,37.538286643,127.09239683,0.0,2026-09-02T04:07:00+09:00
V02Q1940403,37.534309074,127.081985567,0.0,2026-09-02T04:07:00+09:00
V02Q1940411,37.533878243,127.091521,0.0,2026-09-02T04:07:00+09:00
V02Q1940506,37.535029673,127.093240689,0.0,2026-09-02T04:07:00+09:00
V02Q1940507,37.531277474,127.123271252,392.0,2026-09-02T04:07:00+09:00
V02Q1940679,37.495212727,127.121438826,0.0,2026-09-02T04:07:00+09:00
V02Q1940706,37.502049127,127.117110751,0.0,2026-09-02T04:07:00+09:00
V02Q1940708,37.514300619,127.091447797,0.0,2026-09-02T04:07:00+09:00
V02Q1940713,37.516185359,127.114540561,0.0,2026-09-02T04:07:00+09:00
V02Q1940714,37.513385412,127.10686824,0.0,2026-09-02T04:07:00+09:00
V02Q1940734,37.518407904,127.100366298,0.0,2026-09-02T04:07:00+09:00
V02Q1940736,37.504194933,127.128187719,11.0,2026-09-02T04:07:00+09:00
V02Q1940767,37.502603852,127.092310875,0.0,2026-09-02T04:07:00+09:00
V02Q1940772,37.503635193,127.103503284,0.0,2026-09-02T04:07:00+09:00
V02Q1940775,37.505801455,127.109663753,0.0,2026-09-02T04:07:00+09:00
V02Q1940781,37.506173683,127.084756221,0.0,2026-09-02T04:07:00+09:00
V02Q1940784,37.498247757,127.126296648,0.0,2026-09-02T04:07:00+09:00
V02Q1940787,37.512955044,127.094661921,0.0,2026-09-02T04:07:00+09:00
V02Q1940788,37.509617855,127.0741524,0.0,2026-09-02T04:07:00+09:00
V02Q1940790,37.514278277,127.112258966,0.0,2026-09-02T04:07:00+09:00
V02Q1940800,37.519952859,127.1123122,0.0,2026-09-02T04:07:00+09:00
V02Q1940811,37.52727312,127.116249051,2.0,2026-09-02T04:07:00+09:00
V02Q1940819,37.507344263,127.104688643,0.0,2026-09-02T04:07:00+09:00
V02Q1940820,37.511104225,127.102321793,0.0,2026-09-02T04:07:00+09:00
V02Q1940821,37.502832774,127.108694904,118.0,2026-09-02T04:07:00+09:00
V02Q1940832,37.511768309,127.124209484,0.0,2026-09-02T04:07:00+09:00
V02Q1940838,37.51767925,127.08881891,0.0,2026-09-02T04:07:00+09:00
V02Q1940860,37.533442403,127.080963254,0.0,2026-09-02T04:07:00+09:00
V02Q1940941,37.509088133,127.084056858,0.0,2026-09-02T04:07:00+09:00
V02Q1940873,37.53247211,127.114301129,0.0,2026-09-02T04:07:00+09:00
V02Q1940887,37.502749128,127.09252424,0.0,2026-09-02T04:07:00+09:00
OC3CL210115,37.525641,127.129665,18.0,2026-09-02T05:07:00+09:00
V02Q1940082,37.495507594,127.085748474,0.0,2026-09-02T05:07:00+09:00
V02Q1940098,37.48670146,127.1000197,0.0,2026-09-02T05:07:00+09:00
V02Q1940100,37.494978959,127.093144214,24.0,2026-09-02T05:07:00+09:00
V02Q1940246,37.49920086,127.072395308,0.0,2026-09-02T05:07:00+09:00
V02Q1940391,37.528616803,127.085121222,1.0,2026-09-02T05:07:00+09:00
V02Q1940392,37.538286643,127.09239683,0.0,2026-09-02T05:07:00+09:00
V02Q1940403,37.534309074,127.081985567,0.0,2026-09-02T05:07:00+09:00
V02Q1940411,37.533878243,127.091521,0.0,2026-09-02T05:07:00+09:00
V02Q1940506,37.535029673,127.093240689,0.0,2026-09-02T05:07:00+09:00
V02Q1940507,37.531277474,127.123271252,393.0,2026-09-02T05:07:00+09:00
V02Q1940679,37.495212727,127.121438826,0.0,2026-09-02T05:07:00+09:00
V02Q1940706,37.502049127,127.117110751,0.0,2026-09-02T05:07:00+09:00
V02Q1940708,37.514300619,127.091447797,0.0,2026-09-02T05:07:00+09:00
V02Q1940713,37.516185359,127.114540561,0.0,2026-09-02T05:07:00+09:00
V02Q1940714,37.513385412,127.10686824,0.0,2026-09-02T05:07:00+09:00
V02Q1940734,37.518407904,127.100366298,0.0,2026-09-02T05:07:00+09:00
V02Q1940736,37.504194933,127.128187719,11.0,2026-09-02T05:07:00+09:00
V02Q1940767,37.502603852,127.092310875,0.0,2026-09-02T05:07:00+09:00
V02Q1940772,37.503635193,127.103503284,0.0,2026-09-02T05:07:00+09:00
V02Q1940775,37.505801455,127.109663753,0.0,2026-09-02T05:07:00+09:00
V02Q1940781,37.506173683,127.084756221,0.0,2026-09-02T05:07:00+09:00
V02Q1940784,37.498247757,127.126296648,0.0,2026-09-02T05:07:00+09:00
V02Q1940787,37.512955044,127.094661921,0.0,2026-09-02T05:07:00+09:00
V02Q1940788,37.509617855,127.0741524,0.0,2026-09-02T05:07:00+09:00
V02Q1940790,37.514278277,127.112258966,0.0,2026-09-02T05:07:00+09:00
V02Q1940800,37.519952859,127.1123122,0.0,2026-09-02T05:07:00+09:00
V02Q1940811,37.52727312,127.116249051,2.0,2026-09-02T05:07:00+09:00
V02Q1940819,37.507344263,127.104688643,0.0,2026-09-02T05:07:00+09:00
V02Q1940820,37.511104225,127.102321793,0.0,2026-09-02T05:07:00+09:00
V02Q1940821,37.502832774,127.108694904,115.0,2026-09-02T05:07:00+09:00
V02Q1940832,37.511768309,127.124209484,0.0,2026-09-02T05:07:00+09:00
V02Q1940838,37.51767925,127.08881891,0.0,2026-09-02T05:07:00+09:00
V02Q1940860,37.533442403,127.080963254,0.0,2026-09-02T05:07:00+09:00
V02Q1940873,37.53247211,127.114301129,0.0,2026-09-02T05:07:00+09:00
V02Q1940887,37.502749128,127.09252424,0.0,2026-09-02T05:07:00+09:00
V02Q1940941,37.509088133,127.084056858,0.0,2026-09-02T05:07:00+09:00
OC3CL210115,37.525641,127.129665,19.0,2026-09-02T06:07:00+09:00
V02Q1940082,37.495507594,127.085748474,1.0,2026-09-02T06:07:00+09:00
V02Q1940098,37.48670146,127.1000197,1.0,2026-09-02T06:07:00+09:00
V02Q1940100,37.494978959,127.093144214,24.0,2026-09-02T06:07:00+09:00
V02Q1940246,37.49920086,127.072395308,0.0,2026-09-02T06:07:00+09:00
V02Q1940391,37.528616803,127.085121222,2.0,2026-09-02T06:07:00+09:00
V02Q1940392,37.538286643,127.09239683,1.0,2026-09-02T06:07:00+09:00
V02Q1940403,37.534309074,127.081985567,1.0,2026-09-02T06:07:00+09:00
V02Q1940411,37.533878243,127.091521,1.0,2026-09-02T06:07:00+09:00
V02Q1940506,37.535029673,127.093240689,0.0,2026-09-02T06:07:00+09:00
V02Q1940507,37.531277474,127.123271252,358.0,2026-09-02T06:07:00+09:00
V02Q1940679,37.495212727,127.121438826,0.0,2026-09-02T06:07:00+09:00
V02Q1940706,37.502049127,127.117110751,0.0,2026-09-02T06:07:00+09:00
V02Q1940708,37.514300619,127.091447797,2.0,2026-09-02T06:07:00+09:00
V02Q1940713,37.516185359,127.114540561,0.0,2026-09-02T06:07:00+09:00
V02Q1940714,37.513385412,127.10686824,0.0,2026-09-02T06:07:00+09:00
V02Q1940734,37.518407904,127.100366298,0.0,2026-09-02T06:07:00+09:00
V02Q1940736,37.504194933,127.128187719,12.0,2026-09-02T06:07:00+09:00
V02Q1940767,37.502603852,127.092310875,2.0,2026-09-02T06:07:00+09:00
V02Q1940772,37.503635193,127.103503284,2.0,2026-09-02T06:07:00+09:00
V02Q1940775,37.505801455,127.109663753,0.0,2026-09-02T06:07:00+09:00
V02Q1940781,37.506173683,127.084756221,0.0,2026-09-02T06:07:00+09:00
V02Q1940784,37.498247757,127.126296648,0.0,2026-09-02T06:07:00+09:00
V02Q1940787,37.512955044,127.094661921,0.0,2026-09-02T06:07:00+09:00
V02Q1940788,37.509617855,127.0741524,0.0,2026-09-02T06:07:00+09:00
V02Q1940790,37.514278277,127.112258966,0.0,2026-09-02T06:07:00+09:00
V02Q1940800,37.519952859,127.1123122,0.0,2026-09-02T06:07:00+09:00
V02Q1940811,37.52727312,127.116249051,0.0,2026-09-02T06:07:00+09:00
V02Q1940819,37.507344263,127.104688643,1.0,2026-09-02T06:07:00+09:00
V02Q1940820,37.511104225,127.102321793,0.0,2026-09-02T06:07:00+09:00
V02Q1940821,37.502832774,127.108694904,101.0,2026-09-02T06:07:00+09:00
V02Q1940832,37.511768309,127.124209484,1.0,2026-09-02T06:07:00+09:00
V02Q1940838,37.51767925,127.08881891,0.0,2026-09-02T06:07:00+09:00
V02Q1940860,37.533442403,127.080963254,1.0,2026-09-02T06:07:00+09:00
V02Q1940873,37.53247211,127.114301129,0.0,2026-09-02T06:07:00+09:00
V02Q1940887,37.502749128,127.09252424,1.0,2026-09-02T06:07:00+09:00
V02Q1940941,37.509088133,127.084056858,1.0,2026-09-02T06:07:00+09:00
V02Q1940391,37.528616803,127.085121222,371.0,2026-09-02T07:07:00+09:00
V02Q1940392,37.538286643,127.09239683,530.0,2026-09-02T07:07:00+09:00
V02Q1940403,37.534309074,127.081985567,270.0,2026-09-02T07:07:00+09:00
V02Q1940411,37.533878243,127.091521,219.0,2026-09-02T07:07:00+09:00
V02Q1940506,37.535029673,127.093240689,0.0,2026-09-02T07:07:00+09:00
V02Q1940860,37.533442403,127.080963254,366.0,2026-09-02T07:07:00+09:00
V02Q1940679,37.495212727,127.121438826,0.0,2026-09-02T07:07:00+09:00
V02Q1940734,37.518407904,127.100366298,0.0,2026-09-02T07:07:00+09:00
V02Q1940784,37.498247757,127.126296648,193.0,2026-09-02T07:07:00+09:00
V02Q1940706,37.502049127,127.117110751,0.0,2026-09-02T07:07:00+09:00
V02Q1940708,37.514300619,127.091447797,555.0,2026-09-02T07:07:00+09:00
V02Q1940736,37.504194933,127.128187719,368.0,2026-09-02T07:07:00+09:00
V02Q1940767,37.502603852,127.092310875,248.0,2026-09-02T07:07:00+09:00
V02Q1940772,37.503635193,127.103503284,471.0,2026-09-02T07:07:00+09:00
V02Q1940775,37.505801455,127.109663753,232.0,2026-09-02T07:07:00+09:00
V02Q1940781,37.506173683,127.084756221,80.0,2026-09-02T07:07:00+09:00
V02Q1940787,37.512955044,127.094661921,0.0,2026-09-02T07:07:00+09:00
V02Q1940788,37.509617855,127.0741524,50.0,2026-09-02T07:07:00+09:00
V02Q1940790,37.514278277,127.112258966,0.0,2026-09-02T07:07:00+09:00
V02Q1940800,37.519952859,127.1123122,0.0,2026-09-02T07:07:00+09:00
V02Q1940832,37.511768309,127.124209484,325.0,2026-09-02T07:07:00+09:00
V02Q1940873,37.53247211,127.114301129,0.0,2026-09-02T07:07:00+09:00
V02Q1940507,37.531277474,127.123271252,192.0,2026-09-02T07:07:00+09:00
V02Q1940713,37.516185359,127.114540561,0.0,2026-09-02T07:07:00+09:00
V02Q1940714,37.513385412,127.10686824,0.0,2026-09-02T07:07:00+09:00
V02Q1940811,37.52727312,127.116249051,164.0,2026-09-02T07:07:00+09:00
V02Q1940819,37.507344263,127.104688643,200.0,2026-09-02T07:07:00+09:00
V02Q1940820,37.511104225,127.102321793,0.0,2026-09-02T07:07:00+09:00
V02Q1940821,37.502832774,127.108694904,218.0,2026-09-02T07:07:00+09:00
V02Q1940838,37.51767925,127.08881891,0.0,2026-09-02T07:07:00+09:00
V02Q1940887,37.502749128,127.09252424,264.0,2026-09-02T07:07:00+09:00
V02Q1940941,37.509088133,127.084056858,253.0,2026-09-02T07:07:00+09:00
V02Q1940098,37.48670146,127.1000197,437.0,2026-09-02T07:07:00+09:00
V02Q1940246,37.49920086,127.072395308,128.0,2026-09-02T07:07:00+09:00
V02Q1940082,37.495507594,127.085748474,277.0,2026-09-02T07:07:00+09:00
V02Q1940100,37.494978959,127.093144214,232.0,2026-09-02T07:07:00+09:00
OC3CL210115,37.525641,127.129665,260.0,2026-09-02T07:07:00+09:00
V02Q1940392,37.538286643,127.09239683,2276.0,2026-09-02T08:07:00+09:00
V02Q1940403,37.534309074,127.081985567,1401.0,2026-09-02T08:07:00+09:00
V02Q1940391,37.528616803,127.085121222,1526.0,2026-09-02T08:07:00+09:00
V02Q1940411,37.533878243,127.091521,871.0,2026-09-02T08:07:00+09:00
V02Q1940506,37.535029673,127.093240689,0.0,2026-09-02T08:07:00+09:00
V02Q1940860,37.533442403,127.080963254,1558.0,2026-09-02T08:07:00+09:00
V02Q1940679,37.495212727,127.121438826,0.0,2026-09-02T08:07:00+09:00
V02Q1940734,37.518407904,127.100366298,0.0,2026-09-02T08:07:00+09:00
V02Q1940784,37.498247757,127.126296648,864.0,2026-09-02T08:07:00+09:00
V02Q1940706,37.502049127,127.117110751,0.0,2026-09-02T08:07:00+09:00
V02Q1940708,37.514300619,127.091447797,1967.0,2026-09-02T08:07:00+09:00
V02Q1940736,37.504194933,127.128187719,1598.0,2026-09-02T08:07:00+09:00
V02Q1940767,37.502603852,127.092310875,1039.0,2026-09-02T08:07:00+09:00
V02Q1940772,37.503635193,127.103503284,1886.0,2026-09-02T08:07:00+09:00
V02Q1940775,37.505801455,127.109663753,956.0,2026-09-02T08:07:00+09:00
V02Q1940781,37.506173683,127.084756221,325.0,2026-09-02T08:07:00+09:00
V02Q1940787,37.512955044,127.094661921,0.0,2026-09-02T08:07:00+09:00
V02Q1940788,37.509617855,127.0741524,235.0,2026-09-02T08:07:00+09:00
V02Q1940790,37.514278277,127.112258966,0.0,2026-09-02T08:07:00+09:00
V02Q1940800,37.519952859,127.1123122,0.0,2026-09-02T08:07:00+09:00
V02Q1940832,37.511768309,127.124209484,1486.0,2026-09-02T08:07:00+09:00
V02Q1940713,37.516185359,127.114540561,0.0,2026-09-02T08:07:00+09:00
V02Q1940714,37.513385412,127.10686824,0.0,2026-09-02T08:07:00+09:00
V02Q1940811,37.52727312,127.116249051,720.0,2026-09-02T08:07:00+09:00
V02Q1940819,37.507344263,127.104688643,709.0,2026-09-02T08:07:00+09:00
V02Q1940820,37.511104225,127.102321793,0.0,2026-09-02T08:07:00+09:00
V02Q1940821,37.502832774,127.108694904,770.0,2026-09-02T08:07:00+09:00
V02Q1940838,37.51767925,127.08881891,0.0,2026-09-02T08:07:00+09:00
V02Q1940873,37.53247211,127.114301129,0.0,2026-09-02T08:07:00+09:00
V02Q1940887,37.502749128,127.09252424,1152.0,2026-09-02T08:07:00+09:00
V02Q1940941,37.509088133,127.084056858,870.0,2026-09-02T08:07:00+09:00
V02Q1940507,37.531277474,127.123271252,781.0,2026-09-02T08:07:00+09:00
V02Q1940246,37.49920086,127.072395308,492.0,2026-09-02T08:07:00+09:00
V02Q1940082,37.495507594,127.085748474,1248.0,2026-09-02T08:07:00+09:00
V02Q1940098,37.48670146,127.1000197,2111.0,2026-09-02T08:07:00+09:00
V02Q1940100,37.494978959,127.093144214,1156.0,2026-09-02T08:07:00+09:00
OC3CL210115,37.525641,127.129665,1008.0,2026-09-02T08:07:00+09:00
OC3CL210115,37.525641,127.129665,2515.0,2026-09-02T09:07:00+09:00
V02Q1940082,37.495507594,127.085748474,3219.0,2026-09-02T09:07:00+09:00
V02Q1940098,37.48670146,127.1000197,4657.0,2026-09-02T09:07:00+09:00
V02Q1940100,37.494978959,127.093144214,3097.0,2026-09-02T09:07:00+09:00
V02Q1940246,37.49920086,127.072395308,1574.0,2026-09-02T09:07:00+09:00
V02Q1940391,37.528616803,127.085121222,3561.0,2026-09-02T09:07:00+09:00
V02Q1940392,37.538286643,127.09239683,5746.0,2026-09-02T09:07:00+09:00
V02Q1940403,37.534309074,127.081985567,3217.0,2026-09-02T09:07:00+09:00
V02Q1940411,37.533878243,127.091521,1832.0,2026-09-02T09:07:00+09:00
V02Q1940506,37.535029673,127.093240689,0.0,2026-09-02T09:07:00+09:00
V02Q1940507,37.531277474,127.123271252,1866.0,2026-09-02T09:07:00+09:00
V02Q1940679,37.495212727,127.121438826,0.0,2026-09-02T09:07:00+09:00
V02Q1940706,37.502049127,127.117110751,0.0,2026-09-02T09:07:00+09:00
V02Q1940708,37.514300619,127.091447797,5435.0,2026-09-02T09:07:00+09:00
V02Q1940713,37.516185359,127.114540561,0.0,2026-09-02T09:07:00+09:00
V02Q1940714,37.513385412,127.10686824,0.0,2026-09-02T09:07:00+09:00
V02Q1940734,37.518407904,127.100366298,0.0,2026-09-02T09:07:00+09:00
V02Q1940736,37.504194933,127.128187719,3541.0,2026-09-02T09:07:00+09:00
V02Q1940767,37.502603852,127.092310875,3026.0,2026-09-02T09:07:00+09:00
V02Q1940772,37.503635193,127.103503284,4128.0,2026-09-02T09:07:00+09:00
V02Q1940775,37.505801455,127.109663753,2112.0,2026-09-02T09:07:00+09:00
V02Q1940781,37.506173683,127.084756221,1374.0,2026-09-02T09:07:00+09:00
V02Q1940784,37.498247757,127.126296648,1758.0,2026-09-02T09:07:00+09:00
V02Q1940787,37.512955044,127.094661921,0.0,2026-09-02T09:07:00+09:00
V02Q1940788,37.509617855,127.0741524,563.0,2026-09-02T09:07:00+09:00
V02Q1940790,37.514278277,127.112258966,0.0,2026-09-02T09:07:00+09:00
V02Q1940800,37.519952859,127.1123122,0.0,2026-09-02T09:07:00+09:00
V02Q1940811,37.52727312,127.116249051,1828.0,2026-09-02T09:07:00+09:00
V02Q1940819,37.507344263,127.104688643,1914.0,2026-09-02T09:07:00+09:00
V02Q1940820,37.511104225,127.102321793,0.0,2026-09-02T09:07:00+09:00
V02Q1940821,37.502832774,127.108694904,2085.0,2026-09-02T09:07:00+09:00
V02Q1940832,37.511768309,127.124209484,3880.0,2026-09-02T09:07:00+09:00
V02Q1940838,37.51767925,127.08881891,0.0,2026-09-02T09:07:00+09:00
V02Q1940860,37.533442403,127.080963254,3438.0,2026-09-02T09:07:00+09:00
V02Q1940873,37.53247211,127.114301129,0.0,2026-09-02T09:07:00+09:00
V02Q1940887,37.502749128,127.09252424,3454.0,2026-09-02T09:07:00+09:00
V02Q1940941,37.509088133,127.084056858,3532.0,2026-09-02T09:07:00+09:00
V02Q1940392,37.538286643,127.09239683,6672.0,2026-09-02T10:07:00+09:00
V02Q1940403,37.534309074,127.081985567,3722.0,2026-09-02T10:07:00+09:00
V02Q1940391,37.528616803,127.085121222,4375.0,2026-09-02T10:07:00+09:00
V02Q1940411,37.533878243,127.091521,2534.0,2026-09-02T10:07:00+09:00
V02Q1940506,37.535029673,127.093240689,0.0,2026-09-02T10:07:00+09:00
V02Q1940860,37.533442403,127.080963254,4032.0,2026-09-02T10:07:00+09:00
V02Q1940784,37.498247757,127.126296648,3314.0,2026-09-02T10:07:00+09:00
V02Q1940679,37.495212727,127.121438826,0.0,2026-09-02T10:07:00+09:00
V02Q1940706,37.502049127,127.117110751,0.0,2026-09-02T10:07:00+09:00
V02Q1940708,37.514300619,127.091447797,6530.0,2026-09-02T10:07:00+09:00
V02Q1940734,37.518407904,127.100366298,0.0,2026-09-02T10:07:00+09:00
V02Q1940736,37.504194933,127.128187719,5134.0,2026-09-02T10:07:00+09:00
V02Q1940767,37.502603852,127.092310875,5201.0,2026-09-02T10:07:00+09:00
V02Q1940772,37.503635193,127.103503284,7657.0,2026-09-02T10:07:00+09:00
V02Q1940775,37.505801455,127.109663753,3352.0,2026-09-02T10:07:00+09:00
V02Q1940781,37.506173683,127.084756221,2070.0,2026-09-02T10:07:00+09:00
V02Q1940787,37.512955044,127.094661921,0.0,2026-09-02T10:07:00+09:00
V02Q1940788,37.509617855,127.0741524,749.0,2026-09-02T10:07:00+09:00
V02Q1940790,37.514278277,127.112258966,0.0,2026-09-02T10:07:00+09:00
V02Q1940800,37.519952859,127.1123122,0.0,2026-09-02T10:07:00+09:00
V02Q1940713,37.516185359,127.114540561,0.0,2026-09-02T10:07:00+09:00
V02Q1940714,37.513385412,127.10686824,0.0,2026-09-02T10:07:00+09:00
V02Q1940811,37.52727312,127.116249051,3348.0,2026-09-02T10:07:00+09:00
V02Q1940819,37.507344263,127.104688643,3738.0,2026-09-02T10:07:00+09:00
V02Q1940820,37.511104225,127.102321793,0.0,2026-09-02T10:07:00+09:00
V02Q1940821,37.502832774,127.108694904,2779.0,2026-09-02T10:07:00+09:00
V02Q1940832,37.511768309,127.124209484,5583.0,2026-09-02T10:07:00+09:00
V02Q1940838,37.51767925,127.08881891,0.0,2026-09-02T10:07:00+09:00
V02Q1940873,37.53247211,127.114301129,0.0,2026-09-02T10:07:00+09:00
V02Q1940887,37.502749128,127.09252424,5041.0,2026-09-02T10:07:00+09:00
V02Q1940941,37.509088133,127.084056858,4748.0,2026-09-02T10:07:00+09:00
V02Q1940507,37.531277474,127.123271252,2991.0,2026-09-02T10:07:00+09:00
V02Q1940098,37.48670146,127.1000197,7115.0,2026-09-02T10:07:00+09:00
V02Q1940246,37.49920086,127.072395308,2103.0,2026-09-02T10:07:00+09:00
V02Q1940082,37.495507594,127.085748474,4147.0,2026-09-02T10:07:00+09:00
V02Q1940100,37.494978959,127.093144214,4737.0,2026-09-02T10:07:00+09:00
OC3CL210115,37.525641,127.129665,3479.0,2026-09-02T10:07:00+09:00
V02Q1940392,37.538286643,127.09239683,8822.0,2026-09-02T11:07:00+09:00
V02Q1940403,37.534309074,127.081985567,4052.0,2026-09-02T11:07:00+09:00
V02Q1940391,37.528616803,127.085121222,5676.0,2026-09-02T11:07:00+09:00
V02Q1940411,37.533878243,127.091521,3639.0,2026-09-02T11:07:00+09:00
V02Q1940506,37.535029673,127.093240689,0.0,2026-09-02T11:07:00+09:00
V02Q1940860,37.533442403,127.080963254,4498.0,2026-09-02T11:07:00+09:00
V02Q1940679,37.495212727,127.121438826,0.0,2026-09-02T11:07:00+09:00
V02Q1940734,37.518407904,127.100366298,0.0,2026-09-02T11:07:00+09:00
V02Q1940784,37.498247757,127.126296648,2791.0,2026-09-02T11:07:00+09:00
V02Q1940706,37.502049127,127.117110751,0.0,2026-09-02T11:07:00+09:00
V02Q1940708,37.514300619,127.091447797,6191.0,2026-09-02T11:07:00+09:00
V02Q1940736,37.504194933,127.128187719,5625.0,2026-09-02T11:07:00+09:00
V02Q1940767,37.502603852,127.092310875,4787.0,2026-09-02T11:07:00+09:00
V02Q1940772,37.503635193,127.103503284,8915.0,2026-09-02T11:07:00+09:00
V02Q1940775,37.505801455,127.109663753,2577.0,2026-09-02T11:07:00+09:00
V02Q1940781,37.506173683,127.084756221,1734.0,2026-09-02T11:07:00+09:00
V02Q1940787,37.512955044,127.094661921,0.0,2026-09-02T11:07:00+09:00
V02Q1940788,37.509617855,127.0741524,447.0,2026-09-02T11:07:00+09:00
V02Q1940790,37.514278277,127.112258966,0.0,2026-09-02T11:07:00+09:00
V02Q1940800,37.519952859,127.1123122,0.0,2026-09-02T11:07:00+09:00
V02Q1940832,37.511768309,127.124209484,6006.0,2026-09-02T11:07:00+09:00
V02Q1940713,37.516185359,127.114540561,0.0,2026-09-02T11:07:00+09:00
V02Q1940714,37.513385412,127.10686824,0.0,2026-09-02T11:07:00+09:00
V02Q1940811,37.52727312,127.116249051,3284.0,2026-09-02T11:07:00+09:00
V02Q1940819,37.507344263,127.104688643,4081.0,2026-09-02T11:07:00+09:00
V02Q1940820,37.511104225,127.102321793,0.0,2026-09-02T11:07:00+09:00
V02Q1940821,37.502832774,127.108694904,2439.0,2026-09-02T11:07:00+09:00
V02Q1940838,37.51767925,127.08881891,0.0,2026-09-02T11:07:00+09:00
V02Q1940873,37.53247211,127.114301129,0.0,2026-09-02T11:07:00+09:00
V02Q1940887,37.502749128,127.09252424,582.0,2026-09-02T11:07:00+09:00
V02Q1940941,37.509088133,127.084056858,3482.0,2026-09-02T11:07:00+09:00
V02Q1940507,37.531277474,127.123271252,3467.0,2026-09-02T11:07:00+09:00
V02Q1940098,37.48670146,127.1000197,6835.0,2026-09-02T11:07:00+09:00
V02Q1940246,37.49920086,127.072395308,1115.0,2026-09-02T11:07:00+09:00
V02Q1940082,37.495507594,127.085748474,3739.0,2026-09-02T11:07:00+09:00
V02Q1940100,37.494978959,127.093144214,4075.0,2026-09-02T11:07:00+09:00
OC3CL210115,37.525641,127.129665,4387.0,2026-09-02T11:07:00+09:00
OC3CL210115,37.525641,127.129665,4812.0,2026-09-02T12:07:00+09:00
V02Q1940082,37.495507594,127.085748474,3847.0,2026-09-02T12:07:00+09:00
V02Q1940098,37.48670146,127.1000197,7388.0,2026-09-02T12:07:00+09:00
V02Q1940100,37.494978959,127.093144214,4532.0,2026-09-02T12:07:00+09:00
V02Q1940246,37.49920086,127.072395308,2525.0,2026-09-02T12:07:00+09:00
V02Q1940391,37.528616803,127.085121222,6252.0,2026-09-02T12:07:00+09:00
V02Q1940392,37.538286643,127.09239683,10499.0,2026-09-02T12:07:00+09:00
V02Q1940403,37.534309074,127.081985567,5719.0,2026-09-02T12:07:00+09:00
V02Q1940411,37.533878243,127.091521,3899.0,2026-09-02T12:07:00+09:00
V02Q1940506,37.535029673,127.093240689,0.0,2026-09-02T12:07:00+09:00
V02Q1940507,37.531277474,127.123271252,3344.0,2026-09-02T12:07:00+09:00
V02Q1940679,37.495212727,127.121438826,0.0,2026-09-02T12:07:00+09:00
V02Q1940706,37.502049127,127.117110751,0.0,2026-09-02T12:07:00+09:00
V02Q1940708,37.514300619,127.091447797,6589.0,2026-09-02T12:07:00+09:00
V02Q1940713,37.516185359,127.114540561,0.0,2026-09-02T12:07:00+09:00
V02Q1940714,37.513385412,127.10686824,0.0,2026-09-02T12:07:00+09:00
V02Q1940734,37.518407904,127.100366298,0.0,2026-09-02T12:07:00+09:00
V02Q1940736,37.504194933,127.128187719,5432.0,2026-09-02T12:07:00+09:00
V02Q1940767,37.502603852,127.092310875,4761.0,2026-09-02T12:07:00+09:00
V02Q1940772,37.503635193,127.103503284,11632.0,2026-09-02T12:07:00+09:00
V02Q1940775,37.505801455,127.109663753,3439.0,2026-09-02T12:07:00+09:00
V02Q1940781,37.506173683,127.084756221,1823.0,2026-09-02T12:07:00+09:00
V02Q1940784,37.498247757,127.126296648,3920.0,2026-09-02T12:07:00+09:00
V02Q1940787,37.512955044,127.094661921,0.0,2026-09-02T12:07:00+09:00
V02Q1940788,37.509617855,127.0741524,790.0,2026-09-02T12:07:00+09:00
V02Q1940790,37.514278277,127.112258966,0.0,2026-09-02T12:07:00+09:00
V02Q1940800,37.519952859,127.1123122,0.0,2026-09-02T12:07:00+09:00
V02Q1940811,37.52727312,127.116249051,3112.0,2026-09-02T12:07:00+09:00
V02Q1940819,37.507344263,127.104688643,6110.0,2026-09-02T12:07:00+09:00
V02Q1940820,37.511104225,127.102321793,0.0,2026-09-02T12:07:00+09:00
V02Q1940821,37.502832774,127.108694904,4832.0,2026-09-02T12:07:00+09:00
V02Q1940832,37.511768309,127.124209484,5869.0,2026-09-02T12:07:00+09:00
V02Q1940838,37.51767925,127.08881891,0.0,2026-09-02T12:07:00+09:00
V02Q1940860,37.533442403,127.080963254,5759.0,2026-09-02T12:07:00+09:00
V02Q1940873,37.53247211,127.114301129,0.0,2026-09-02T12:07:00+09:00
V02Q1940887,37.502749128,127.09252424,2816.0,2026-09-02T12:07:00+09:00
V02Q1940941,37.509088133,127.084056858,3731.0,2026-09-02T12:07:00+09:00
V02Q1940392,37.538286643,127.09239683,14782.0,2026-09-02T13:07:00+09:00
V02Q1940403,37.534309074,127.081985567,7528.0,2026-09-02T13:07:00+09:00
V02Q1940391,37.528616803,127.085121222,10301.0,2026-09-02T13:07:00+09:00
V02Q1940411,37.533878243,127.091521,6444.0,2026-09-02T13:07:00+09:00
V02Q1940506,37.535029673,127.093240689,0.0,2026-09-02T13:07:00+09:00
V02Q1940860,37.533442403,127.080963254,8048.0,2026-09-02T13:07:00+09:00
V02Q1940679,37.495212727,127.121438826,0.0,2026-09-02T13:07:00+09:00
V02Q1940784,37.498247757,127.126296648,4745.0,2026-09-02T13:07:00+09:00
V02Q1940706,37.502049127,127.117110751,0.0,2026-09-02T13:07:00+09:00
V02Q1940708,37.514300619,127.091447797,12371.0,2026-09-02T13:07:00+09:00
V02Q1940734,37.518407904,127.100366298,0.0,2026-09-02T13:07:00+09:00
V02Q1940736,37.504194933,127.128187719,8794.0,2026-09-02T13:07:00+09:00
V02Q1940767,37.502603852,127.092310875,8716.0,2026-09-02T13:07:00+09:00
V02Q1940772,37.503635193,127.103503284,21574.0,2026-09-02T13:07:00+09:00
V02Q1940775,37.505801455,127.109663753,6918.0,2026-09-02T13:07:00+09:00
V02Q1940781,37.506173683,127.084756221,3322.0,2026-09-02T13:07:00+09:00
V02Q1940787,37.512955044,127.094661921,0.0,2026-09-02T13:07:00+09:00
V02Q1940788,37.509617855,127.0741524,1265.0,2026-09-02T13:07:00+09:00
V02Q1940790,37.514278277,127.112258966,0.0,2026-09-02T13:07:00+09:00
V02Q1940800,37.519952859,127.1123122,0.0,2026-09-02T13:07:00+09:00
V02Q1940713,37.516185359,127.114540561,0.0,2026-09-02T13:07:00+09:00
V02Q1940714,37.513385412,127.10686824,0.0,2026-09-02T13:07:00+09:00
V02Q1940811,37.52727312,127.116249051,6525.0,2026-09-02T13:07:00+09:00
V02Q1940819,37.507344263,127.104688643,10995.0,2026-09-02T13:07:00+09:00
V02Q1940820,37.511104225,127.102321793,0.0,2026-09-02T13:07:00+09:00
V02Q1940821,37.502832774,127.108694904,6680.0,2026-09-02T13:07:00+09:00
V02Q1940832,37.511768309,127.124209484,10301.0,2026-09-02T13:07:00+09:00
V02Q1940838,37.51767925,127.08881891,0.0,2026-09-02T13:07:00+09:00
V02Q1940873,37.53247211,127.114301129,0.0,2026-09-02T13:07:00+09:00
V02Q1940887,37.502749128,127.09252424,0.0,2026-09-02T13:07:00+09:00
V02Q1940941,37.509088133,127.084056858,6424.0,2026-09-02T13:07:00+09:00
V02Q1940507,37.531277474,127.123271252,7220.0,2026-09-02T13:07:00+09:00
V02Q1940246,37.49920086,127.072395308,4710.0,2026-09-02T13:07:00+09:00
V02Q1940082,37.495507594,127.085748474,8984.0,2026-09-02T13:07:00+09:00
V02Q1940098,37.48670146,127.1000197,12476.0,2026-09-02T13:07:00+09:00
V02Q1940100,37.494978959,127.093144214,8813.0,2026-09-02T13:07:00+09:00
OC3CL210115,37.525641,127.129665,7819.0,2026-09-02T13:07:00+09:00
V02Q1940392,37.538286643,127.09239683,10670.0,2026-09-02T14:07:00+09:00
V02Q1940403,37.534309074,127.081985567,7119.0,2026-09-02T14:07:00+09:00
V02Q1940391,37.528616803,127.085121222,7028.0,2026-09-02T14:07:00+09:00
V02Q1940411,37.533878243,127.091521,4436.0,2026-09-02T14:07:00+09:00
V02Q1940506,37.535029673,127.093240689,0.0,2026-09-02T14:07:00+09:00
V02Q1940860,37.533442403,127.080963254,6105.0,2026-09-02T14:07:00+09:00
V02Q1940679,37.495212727,127.121438826,0.0,2026-09-02T14:07:00+09:00
V02Q1940784,37.498247757,127.126296648,4529.0,2026-09-02T14:07:00+09:00
V02Q1940706,37.502049127,127.117110751,0.0,2026-09-02T14:07:00+09:00
V02Q1940708,37.514300619,127.091447797,11781.0,2026-09-02T14:07:00+09:00
V02Q1940734,37.518407904,127.100366298,0.0,2026-09-02T14:07:00+09:00
V02Q1940736,37.504194933,127.128187719,8031.0,2026-09-02T14:07:00+09:00
V02Q1940767,37.502603852,127.092310875,5815.0,2026-09-02T14:07:00+09:00
V02Q1940772,37.503635193,127.103503284,12919.0,2026-09-02T14:07:00+09:00
V02Q1940775,37.505801455,127.109663753,6458.0,2026-09-02T14:07:00+09:00
V02Q1940781,37.506173683,127.084756221,2143.0,2026-09-02T14:07:00+09:00
V02Q1940787,37.512955044,127.094661921,0.0,2026-09-02T14:07:00+09:00
V02Q1940788,37.509617855,127.0741524,952.0,2026-09-02T14:07:00+09:00
V02Q1940790,37.514278277,127.112258966,0.0,2026-09-02T14:07:00+09:00
V02Q1940800,37.519952859,127.1123122,0.0,2026-09-02T14:07:00+09:00
V02Q1940713,37.516185359,127.114540561,0.0,2026-09-02T14:07:00+09:00
V02Q1940714,37.513385412,127.10686824,0.0,2026-09-02T14:07:00+09:00
V02Q1940811,37.52727312,127.116249051,5417.0,2026-09-02T14:07:00+09:00
V02Q1940819,37.507344263,127.104688643,7969.0,2026-09-02T14:07:00+09:00
V02Q1940820,37.511104225,127.102321793,0.0,2026-09-02T14:07:00+09:00
V02Q1940821,37.502832774,127.108694904,0.0,2026-09-02T14:07:00+09:00
V02Q1940832,37.511768309,127.124209484,6331.0,2026-09-02T14:07:00+09:00
V02Q1940838,37.51767925,127.08881891,0.0,2026-09-02T14:07:00+09:00
V02Q1940873,37.53247211,127.114301129,0.0,2026-09-02T14:07:00+09:00
V02Q1940887,37.502749128,127.09252424,0.0,2026-09-02T14:07:00+09:00
V02Q1940941,37.509088133,127.084056858,5040.0,2026-09-02T14:07:00+09:00
V02Q1940507,37.531277474,127.123271252,6652.0,2026-09-02T14:07:00+09:00
V02Q1940246,37.49920086,127.072395308,1835.0,2026-09-02T14:07:00+09:00
V02Q1940082,37.495507594,127.085748474,5098.0,2026-09-02T14:07:00+09:00
V02Q1940098,37.48670146,127.1000197,9437.0,2026-09-02T14:07:00+09:00
V02Q1940100,37.494978959,127.093144214,4944.0,2026-09-02T14:07:00+09:00
OC3CL210115,37.525641,127.129665,7396.0,2026-09-02T14:07:00+09:00
V02Q1940391,37.528616803,127.085121222,14616.0,2026-09-02T15:07:00+09:00
V02Q1940392,37.538286643,127.09239683,20474.0,2026-09-02T15:07:00+09:00
V02Q1940403,37.534309074,127.081985567,13590.0,2026-09-02T15:07:00+09:00
V02Q1940411,37.533878243,127.091521,13937.0,2026-09-02T15:07:00+09:00
V02Q1940506,37.535029673,127.093240689,0.0,2026-09-02T15:07:00+09:00
V02Q1940860,37.533442403,127.080963254,8783.0,2026-09-02T15:07:00+09:00
V02Q1940679,37.495212727,127.121438826,0.0,2026-09-02T15:07:00+09:00
V02Q1940734,37.518407904,127.100366298,0.0,2026-09-02T15:07:00+09:00
V02Q1940784,37.498247757,127.126296648,7821.0,2026-09-02T15:07:00+09:00
V02Q1940706,37.502049127,127.117110751,0.0,2026-09-02T15:07:00+09:00
V02Q1940708,37.514300619,127.091447797,11105.0,2026-09-02T15:07:00+09:00
V02Q1940736,37.504194933,127.128187719,6636.0,2026-09-02T15:07:00+09:00
V02Q1940767,37.502603852,127.092310875,9751.0,2026-09-02T15:07:00+09:00
V02Q1940772,37.503635193,127.103503284,10306.0,2026-09-02T15:07:00+09:00
V02Q1940775,37.505801455,127.109663753,6011.0,2026-09-02T15:07:00+09:00
V02Q1940781,37.506173683,127.084756221,1638.0,2026-09-02T15:07:00+09:00
V02Q1940787,37.512955044,127.094661921,0.0,2026-09-02T15:07:00+09:00
V02Q1940788,37.509617855,127.0741524,1124.0,2026-09-02T15:07:00+09:00
V02Q1940790,37.514278277,127.112258966,0.0,2026-09-02T15:07:00+09:00
V02Q1940800,37.519952859,127.1123122,0.0,2026-09-02T15:07:00+09:00
V02Q1940832,37.511768309,127.124209484,5044.0,2026-09-02T15:07:00+09:00
V02Q1940713,37.516185359,127.114540561,0.0,2026-09-02T15:07:00+09:00
V02Q1940714,37.513385412,127.10686824,0.0,2026-09-02T15:07:00+09:00
V02Q1940811,37.52727312,127.116249051,9362.0,2026-09-02T15:07:00+09:00
V02Q1940819,37.507344263,127.104688643,6310.0,2026-09-02T15:07:00+09:00
V02Q1940820,37.511104225,127.102321793,0.0,2026-09-02T15:07:00+09:00
V02Q1940821,37.502832774,127.108694904,0.0,2026-09-02T15:07:00+09:00
V02Q1940838,37.51767925,127.08881891,0.0,2026-09-02T15:07:00+09:00
V02Q1940873,37.53247211,127.114301129,0.0,2026-09-02T15:07:00+09:00
V02Q1940887,37.502749128,127.09252424,0.0,2026-09-02T15:07:00+09:00
V02Q1940941,37.509088133,127.084056858,6293.0,2026-09-02T15:07:00+09:00
V02Q1940507,37.531277474,127.123271252,19981.0,2026-09-02T15:07:00+09:00
V02Q1940246,37.49920086,127.072395308,2021.0,2026-09-02T15:07:00+09:00
V02Q1940082,37.495507594,127.085748474,4002.0,2026-09-02T15:07:00+09:00
V02Q1940098,37.48670146,127.1000197,7326.0,2026-09-02T15:07:00+09:00
V02Q1940100,37.494978959,127.093144214,3961.0,2026-09-02T15:07:00+09:00
OC3CL210115,37.525641,127.129665,11517.0,2026-09-02T15:07:00+09:00
V02Q1940392,37.538286643,127.09239683,8722.0,2026-09-02T16:07:00+09:00
V02Q1940403,37.534309074,127.081985567,13479.0,2026-09-02T16:07:00+09:00
V02Q1940391,37.528616803,127.085121222,6119.0,2026-09-02T16:07:00+09:00
V02Q1940411,37.533878243,127.091521,7739.0,2026-09-02T16:07:00+09:00
V02Q1940506,37.535029673,127.093240689,0.0,2026-09-02T16:07:00+09:00
V02Q1940860,37.533442403,127.080963254,12596.0,2026-09-02T16:07:00+09:00
V02Q1940679,37.495212727,127.121438826,0.0,2026-09-02T16:07:00+09:00
V02Q1940734,37.518407904,127.100366298,0.0,2026-09-02T16:07:00+09:00
V02Q1940784,37.498247757,127.126296648,3392.0,2026-09-02T16:07:00+09:00
V02Q1940706,37.502049127,127.117110751,0.0,2026-09-02T16:07:00+09:00
V02Q1940708,37.514300619,127.091447797,5060.0,2026-09-02T16:07:00+09:00
V02Q1940736,37.504194933,127.128187719,6554.0,2026-09-02T16:07:00+09:00
V02Q1940767,37.502603852,127.092310875,5579.0,2026-09-02T16:07:00+09:00
V02Q1940772,37.503635193,127.103503284,12535.0,2026-09-02T16:07:00+09:00
V02Q1940775,37.505801455,127.109663753,3635.0,2026-09-02T16:07:00+09:00
V02Q1940781,37.506173683,127.084756221,1069.0,2026-09-02T16:07:00+09:00
V02Q1940787,37.512955044,127.094661921,0.0,2026-09-02T16:07:00+09:00
V02Q1940788,37.509617855,127.0741524,895.0,2026-09-02T16:07:00+09:00
V02Q1940790,37.514278277,127.112258966,0.0,2026-09-02T16:07:00+09:00
V02Q1940800,37.519952859,127.1123122,0.0,2026-09-02T16:07:00+09:00
V02Q1940832,37.511768309,127.124209484,3994.0,2026-09-02T16:07:00+09:00
V02Q1940713,37.516185359,127.114540561,0.0,2026-09-02T16:07:00+09:00
V02Q1940714,37.513385412,127.10686824,0.0,2026-09-02T16:07:00+09:00
V02Q1940811,37.52727312,127.116249051,4390.0,2026-09-02T16:07:00+09:00
V02Q1940819,37.507344263,127.104688643,4432.0,2026-09-02T16:07:00+09:00
V02Q1940820,37.511104225,127.102321793,0.0,2026-09-02T16:07:00+09:00
V02Q1940821,37.502832774,127.108694904,232.0,2026-09-02T16:07:00+09:00
V02Q1940838,37.51767925,127.08881891,0.0,2026-09-02T16:07:00+09:00
V02Q1940873,37.53247211,127.114301129,0.0,2026-09-02T16:07:00+09:00
V02Q1940887,37.502749128,127.09252424,0.0,2026-09-02T16:07:00+09:00
V02Q1940941,37.509088133,127.084056858,2439.0,2026-09-02T16:07:00+09:00
V02Q1940507,37.531277474,127.123271252,5834.0,2026-09-02T16:07:00+09:00
V02Q1940246,37.49920086,127.072395308,1523.0,2026-09-02T16:07:00+09:00
V02Q1940082,37.495507594,127.085748474,3066.0,2026-09-02T16:07:00+09:00
V02Q1940098,37.48670146,127.1000197,6058.0,2026-09-02T16:07:00+09:00
V02Q1940100,37.494978959,127.093144214,5799.0,2026-09-02T16:07:00+09:00
OC3CL210115,37.525641,127.129665,6020.0,2026-09-02T16:07:00+09:00
V02Q1940392,37.538286643,127.09239683,3557.0,2026-09-02T17:07:00+09:00
V02Q1940403,37.534309074,127.081985567,3512.0,2026-09-02T17:07:00+09:00
V02Q1940391,37.528616803,127.085121222,2086.0,2026-09-02T17:07:00+09:00
V02Q1940411,37.533878243,127.091521,1438.0,2026-09-02T17:07:00+09:00
V02Q1940506,37.535029673,127.093240689,0.0,2026-09-02T17:07:00+09:00
V02Q1940860,37.533442403,127.080963254,2795.0,2026-09-02T17:07:00+09:00
V02Q1940679,37.495212727,127.121438826,0.0,2026-09-02T17:07:00+09:00
V02Q1940734,37.518407904,127.100366298,0.0,2026-09-02T17:07:00+09:00
V02Q1940784,37.498247757,127.126296648,2556.0,2026-09-02T17:07:00+09:00
V02Q1940706,37.502049127,127.117110751,0.0,2026-09-02T17:07:00+09:00
V02Q1940708,37.514300619,127.091447797,2946.0,2026-09-02T17:07:00+09:00
V02Q1940736,37.504194933,127.128187719,4584.0,2026-09-02T17:07:00+09:00
V02Q1940767,37.502603852,127.092310875,2718.0,2026-09-02T17:07:00+09:00
V02Q1940772,37.503635193,127.103503284,6174.0,2026-09-02T17:07:00+09:00
V02Q1940775,37.505801455,127.109663753,2043.0,2026-09-02T17:07:00+09:00
V02Q1940781,37.506173683,127.084756221,788.0,2026-09-02T17:07:00+09:00
V02Q1940787,37.512955044,127.094661921,0.0,2026-09-02T17:07:00+09:00
V02Q1940788,37.509617855,127.0741524,1257.0,2026-09-02T17:07:00+09:00
V02Q1940790,37.514278277,127.112258966,0.0,2026-09-02T17:07:00+09:00
V02Q1940800,37.519952859,127.1123122,0.0,2026-09-02T17:07:00+09:00
V02Q1940832,37.511768309,127.124209484,3155.0,2026-09-02T17:07:00+09:00
V02Q1940713,37.516185359,127.114540561,0.0,2026-09-02T17:07:00+09:00
V02Q1940714,37.513385412,127.10686824,0.0,2026-09-02T17:07:00+09:00
V02Q1940811,37.52727312,127.116249051,1636.0,2026-09-02T17:07:00+09:00
V02Q1940819,37.507344263,127.104688643,2694.0,2026-09-02T17:07:00+09:00
V02Q1940820,37.511104225,127.102321793,0.0,2026-09-02T17:07:00+09:00
V02Q1940821,37.502832774,127.108694904,683.0,2026-09-02T17:07:00+09:00
V02Q1940838,37.51767925,127.08881891,0.0,2026-09-02T17:07:00+09:00
V02Q1940873,37.53247211,127.114301129,0.0,2026-09-02T17:07:00+09:00
V02Q1940887,37.502749128,127.09252424,0.0,2026-09-02T17:07:00+09:00
V02Q1940941,37.509088133,127.084056858,1946.0,2026-09-02T17:07:00+09:00
V02Q1940507,37.531277474,127.123271252,3159.0,2026-09-02T17:07:00+09:00
V02Q1940246,37.49920086,127.072395308,1161.0,2026-09-02T17:07:00+09:00
V02Q1940082,37.495507594,127.085748474,2556.0,2026-09-02T17:07:00+09:00
V02Q1940098,37.48670146,127.1000197,4987.0,2026-09-02T17:07:00+09:00
V02Q1940100,37.494978959,127.093144214,3056.0,2026-09-02T17:07:00+09:00
OC3CL210115,37.525641,127.129665,3670.0,2026-09-02T17:07:00+09:00
V02Q1940391,37.528616803,127.085121222,1492.0,2026-09-02T18:07:00+09:00
V02Q1940392,37.538286643,127.09239683,2328.0,2026-09-02T18:07:00+09:00
V02Q1940403,37.534309074,127.081985567,1756.0,2026-09-02T18:07:00+09:00
V02Q1940411,37.533878243,127.091521,961.0,2026-09-02T18:07:00+09:00
V02Q1940506,37.535029673,127.093240689,0.0,2026-09-02T18:07:00+09:00
V02Q1940860,37.533442403,127.080963254,1586.0,2026-09-02T18:07:00+09:00
V02Q1940679,37.495212727,127.121438826,0.0,2026-09-02T18:07:00+09:00
V02Q1940734,37.518407904,127.100366298,0.0,2026-09-02T18:07:00+09:00
V02Q1940784,37.498247757,127.126296648,1082.0,2026-09-02T18:07:00+09:00
V02Q1940706,37.502049127,127.117110751,0.0,2026-09-02T18:07:00+09:00
V02Q1940708,37.514300619,127.091447797,1954.0,2026-09-02T18:07:00+09:00
V02Q1940736,37.504194933,127.128187719,2168.0,2026-09-02T18:07:00+09:00
V02Q1940767,37.502603852,127.092310875,1592.0,2026-09-02T18:07:00+09:00
V02Q1940772,37.503635193,127.103503284,4173.0,2026-09-02T18:07:00+09:00
V02Q1940775,37.505801455,127.109663753,1055.0,2026-09-02T18:07:00+09:00
V02Q1940781,37.506173683,127.084756221,485.0,2026-09-02T18:07:00+09:00
V02Q1940787,37.512955044,127.094661921,0.0,2026-09-02T18:07:00+09:00
V02Q1940788,37.509617855,127.0741524,1113.0,2026-09-02T18:07:00+09:00
V02Q1940790,37.514278277,127.112258966,0.0,2026-09-02T18:07:00+09:00
V02Q1940800,37.519952859,127.1123122,0.0,2026-09-02T18:07:00+09:00
V02Q1940832,37.511768309,127.124209484,1375.0,2026-09-02T18:07:00+09:00
V02Q1940713,37.516185359,127.114540561,0.0,2026-09-02T18:07:00+09:00
V02Q1940714,37.513385412,127.10686824,0.0,2026-09-02T18:07:00+09:00
V02Q1940811,37.52727312,127.116249051,759.0,2026-09-02T18:07:00+09:00
V02Q1940819,37.507344263,127.104688643,1431.0,2026-09-02T18:07:00+09:00
V02Q1940820,37.511104225,127.102321793,0.0,2026-09-02T18:07:00+09:00
V02Q1940821,37.502832774,127.108694904,720.0,2026-09-02T18:07:00+09:00
V02Q1940838,37.51767925,127.08881891,0.0,2026-09-02T18:07:00+09:00
V02Q1940873,37.53247211,127.114301129,0.0,2026-09-02T18:07:00+09:00
V02Q1940887,37.502749128,127.09252424,0.0,2026-09-02T18:07:00+09:00
V02Q1940941,37.509088133,127.084056858,1233.0,2026-09-02T18:07:00+09:00
V02Q1940507,37.531277474,127.123271252,1293.0,2026-09-02T18:07:00+09:00
V02Q1940246,37.49920086,127.072395308,661.0,2026-09-02T18:07:00+09:00
V02Q1940082,37.495507594,127.085748474,1780.0,2026-09-02T18:07:00+09:00
V02Q1940098,37.48670146,127.1000197,3010.0,2026-09-02T18:07:00+09:00
V02Q1940100,37.494978959,127.093144214,1676.0,2026-09-02T18:07:00+09:00
OC3CL210115,37.525641,127.129665,1539.0,2026-09-02T18:07:00+09:00
V02Q1940391,37.528616803,127.085121222,406.0,2026-09-02T19:07:00+09:00
V02Q1940392,37.538286643,127.09239683,677.0,2026-09-02T19:07:00+09:00
V02Q1940403,37.534309074,127.081985567,574.0,2026-09-02T19:07:00+09:00
V02Q1940411,37.533878243,127.091521,282.0,2026-09-02T19:07:00+09:00
V02Q1940506,37.535029673,127.093240689,0.0,2026-09-02T19:07:00+09:00
V02Q1940860,37.533442403,127.080963254,490.0,2026-09-02T19:07:00+09:00
V02Q1940679,37.495212727,127.121438826,0.0,2026-09-02T19:07:00+09:00
V02Q1940734,37.518407904,127.100366298,0.0,2026-09-02T19:07:00+09:00
V02Q1940784,37.498247757,127.126296648,252.0,2026-09-02T19:07:00+09:00
V02Q1940706,37.502049127,127.117110751,0.0,2026-09-02T19:07:00+09:00
V02Q1940708,37.514300619,127.091447797,456.0,2026-09-02T19:07:00+09:00
V02Q1940736,37.504194933,127.128187719,505.0,2026-09-02T19:07:00+09:00
V02Q1940767,37.502603852,127.092310875,352.0,2026-09-02T19:07:00+09:00
V02Q1940772,37.503635193,127.103503284,860.0,2026-09-02T19:07:00+09:00
V02Q1940775,37.505801455,127.109663753,269.0,2026-09-02T19:07:00+09:00
V02Q1940781,37.506173683,127.084756221,98.0,2026-09-02T19:07:00+09:00
V02Q1940787,37.512955044,127.094661921,0.0,2026-09-02T19:07:00+09:00
V02Q1940788,37.509617855,127.0741524,101.0,2026-09-02T19:07:00+09:00
V02Q1940790,37.514278277,127.112258966,0.0,2026-09-02T19:07:00+09:00
V02Q1940800,37.519952859,127.1123122,0.0,2026-09-02T19:07:00+09:00
V02Q1940832,37.511768309,127.124209484,351.0,2026-09-02T19:07:00+09:00
V02Q1940873,37.53247211,127.114301129,0.0,2026-09-02T19:07:00+09:00
V02Q1940507,37.531277474,127.123271252,288.0,2026-09-02T19:07:00+09:00
V02Q1940713,37.516185359,127.114540561,0.0,2026-09-02T19:07:00+09:00
V02Q1940714,37.513385412,127.10686824,0.0,2026-09-02T19:07:00+09:00
V02Q1940811,37.52727312,127.116249051,166.0,2026-09-02T19:07:00+09:00
V02Q1940819,37.507344263,127.104688643,333.0,2026-09-02T19:07:00+09:00
V02Q1940820,37.511104225,127.102321793,0.0,2026-09-02T19:07:00+09:00
V02Q1940821,37.502832774,127.108694904,212.0,2026-09-02T19:07:00+09:00
V02Q1940838,37.51767925,127.08881891,0.0,2026-09-02T19:07:00+09:00
V02Q1940887,37.502749128,127.09252424,0.0,2026-09-02T19:07:00+09:00
V02Q1940941,37.509088133,127.084056858,264.0,2026-09-02T19:07:00+09:00
V02Q1940246,37.49920086,127.072395308,134.0,2026-09-02T19:07:00+09:00
V02Q1940082,37.495507594,127.085748474,334.0,2026-09-02T19:07:00+09:00
V02Q1940098,37.48670146,127.1000197,645.0,2026-09-02T19:07:00+09:00
V02Q1940100,37.494978959,127.093144214,307.0,2026-09-02T19:07:00+09:00
OC3CL210115,37.525641,127.129665,399.0,2026-09-02T19:07:00+09:00
V02Q1940391,37.528616803,127.085121222,10.0,2026-09-02T20:07:00+09:00
V02Q1940392,37.538286643,127.09239683,15.0,2026-09-02T20:07:00+09:00
V02Q1940403,37.534309074,127.081985567,9.0,2026-09-02T20:07:00+09:00
V02Q1940411,37.533878243,127.091521,6.0,2026-09-02T20:07:00+09:00
V02Q1940506,37.535029673,127.093240689,0.0,2026-09-02T20:07:00+09:00
V02Q1940860,37.533442403,127.080963254,12.0,2026-09-02T20:07:00+09:00
V02Q1940679,37.495212727,127.121438826,0.0,2026-09-02T20:07:00+09:00
V02Q1940734,37.518407904,127.100366298,0.0,2026-09-02T20:07:00+09:00
V02Q1940784,37.498247757,127.126296648,4.0,2026-09-02T20:07:00+09:00
V02Q1940706,37.502049127,127.117110751,0.0,2026-09-02T20:07:00+09:00
V02Q1940708,37.514300619,127.091447797,11.0,2026-09-02T20:07:00+09:00
V02Q1940736,37.504194933,127.128187719,17.0,2026-09-02T20:07:00+09:00
V02Q1940767,37.502603852,127.092310875,7.0,2026-09-02T20:07:00+09:00
V02Q1940772,37.503635193,127.103503284,20.0,2026-09-02T20:07:00+09:00
V02Q1940775,37.505801455,127.109663753,4.0,2026-09-02T20:07:00+09:00
V02Q1940781,37.506173683,127.084756221,2.0,2026-09-02T20:07:00+09:00
V02Q1940787,37.512955044,127.094661921,0.0,2026-09-02T20:07:00+09:00
V02Q1940788,37.509617855,127.0741524,4.0,2026-09-02T20:07:00+09:00
V02Q1940790,37.514278277,127.112258966,0.0,2026-09-02T20:07:00+09:00
V02Q1940800,37.519952859,127.1123122,0.0,2026-09-02T20:07:00+09:00
V02Q1940832,37.511768309,127.124209484,7.0,2026-09-02T20:07:00+09:00
V02Q1940873,37.53247211,127.114301129,0.0,2026-09-02T20:07:00+09:00
V02Q1940507,37.531277474,127.123271252,377.0,2026-09-02T20:07:00+09:00
V02Q1940713,37.516185359,127.114540561,0.0,2026-09-02T20:07:00+09:00
V02Q1940714,37.513385412,127.10686824,0.0,2026-09-02T20:07:00+09:00
V02Q1940811,37.52727312,127.116249051,4.0,2026-09-02T20:07:00+09:00
V02Q1940819,37.507344263,127.104688643,7.0,2026-09-02T20:07:00+09:00
V02Q1940820,37.511104225,127.102321793,0.0,2026-09-02T20:07:00+09:00
V02Q1940821,37.502832774,127.108694904,83.0,2026-09-02T20:07:00+09:00
V02Q1940838,37.51767925,127.08881891,0.0,2026-09-02T20:07:00+09:00
V02Q1940887,37.502749128,127.09252424,0.0,2026-09-02T20:07:00+09:00
V02Q1940941,37.509088133,127.084056858,6.0,2026-09-02T20:07:00+09:00
V02Q1940246,37.49920086,127.072395308,3.0,2026-09-02T20:07:00+09:00
V02Q1940082,37.495507594,127.085748474,8.0,2026-09-02T20:07:00+09:00
V02Q1940098,37.48670146,127.1000197,13.0,2026-09-02T20:07:00+09:00
V02Q1940100,37.494978959,127.093144214,21.0,2026-09-02T20:07:00+09:00
OC3CL210115,37.525641,127.129665,20.0,2026-09-02T20:07:00+09:00
OC3CL210115,37.525641,127.129665,16.0,2026-09-02T21:07:00+09:00
V02Q1940082,37.495507594,127.085748474,0.0,2026-09-02T21:07:00+09:00
V02Q1940098,37.48670146,127.1000197,0.0,2026-09-02T21:07:00+09:00
V02Q1940100,37.494978959,127.093144214,16.0,2026-09-02T21:07:00+09:00
V02Q1940246,37.49920086,127.072395308,0.0,2026-09-02T21:07:00+09:00
V02Q1940391,37.528616803,127.085121222,1.0,2026-09-02T21:07:00+09:00
V02Q1940392,37.538286643,127.09239683,0.0,2026-09-02T21:07:00+09:00
V02Q1940403,37.534309074,127.081985567,0.0,2026-09-02T21:07:00+09:00
V02Q1940411,37.533878243,127.091521,0.0,2026-09-02T21:07:00+09:00
V02Q1940506,37.535029673,127.093240689,0.0,2026-09-02T21:07:00+09:00
V02Q1940507,37.531277474,127.123271252,438.0,2026-09-02T21:07:00+09:00
V02Q1940679,37.495212727,127.121438826,0.0,2026-09-02T21:07:00+09:00
V02Q1940706,37.502049127,127.117110751,0.0,2026-09-02T21:07:00+09:00
V02Q1940708,37.514300619,127.091447797,0.0,2026-09-02T21:07:00+09:00
V02Q1940713,37.516185359,127.114540561,0.0,2026-09-02T21:07:00+09:00
V02Q1940714,37.513385412,127.10686824,0.0,2026-09-02T21:07:00+09:00
V02Q1940734,37.518407904,127.100366298,0.0,2026-09-02T21:07:00+09:00
V02Q1940736,37.504194933,127.128187719,11.0,2026-09-02T21:07:00+09:00
V02Q1940767,37.502603852,127.092310875,0.0,2026-09-02T21:07:00+09:00
V02Q1940772,37.503635193,127.103503284,0.0,2026-09-02T21:07:00+09:00
V02Q1940775,37.505801455,127.109663753,0.0,2026-09-02T21:07:00+09:00
V02Q1940781,37.506173683,127.084756221,0.0,2026-09-02T21:07:00+09:00
V02Q1940784,37.498247757,127.126296648,0.0,2026-09-02T21:07:00+09:00
V02Q1940787,37.512955044,127.094661921,0.0,2026-09-02T21:07:00+09:00
V02Q1940788,37.509617855,127.0741524,1.0,2026-09-02T21:07:00+09:00
V02Q1940790,37.514278277,127.112258966,0.0,2026-09-02T21:07:00+09:00
V02Q1940800,37.519952859,127.1123122,0.0,2026-09-02T21:07:00+09:00
V02Q1940811,37.52727312,127.116249051,1.0,2026-09-02T21:07:00+09:00
V02Q1940819,37.507344263,127.104688643,0.0,2026-09-02T21:07:00+09:00
V02Q1940820,37.511104225,127.102321793,0.0,2026-09-02T21:07:00+09:00
V02Q1940821,37.502832774,127.108694904,28.0,2026-09-02T21:07:00+09:00
V02Q1940832,37.511768309,127.124209484,0.0,2026-09-02T21:07:00+09:00
V02Q1940838,37.51767925,127.08881891,0.0,2026-09-02T21:07:00+09:00
V02Q1940860,37.533442403,127.080963254,0.0,2026-09-02T21:07:00+09:00
V02Q1940873,37.53247211,127.114301129,0.0,2026-09-02T21:07:00+09:00
V02Q1940887,37.502749128,127.09252424,0.0,2026-09-02T21:07:00+09:00
V02Q1940941,37.509088133,127.084056858,0.0,2026-09-02T21:07:00+09:00
OC3CL210115,37.525641,127.129665,16.0,2026-09-02T22:07:00+09:00
V02Q1940082,37.495507594,127.085748474,0.0,2026-09-02T22:07:00+09:00
V02Q1940098,37.48670146,127.1000197,0.0,2026-09-02T22:07:00+09:00
V02Q1940100,37.494978959,127.093144214,16.0,2026-09-02T22:07:00+09:00
V02Q1940246,37.49920086,127.072395308,0.0,2026-09-02T22:07:00+09:00
V02Q1940391,37.528616803,127.085121222,1.0,2026-09-02T22:07:00+09:00
V02Q1940392,37.538286643,127.09239683,0.0,2026-09-02T22:07:00+09:00
V02Q1940403,37.534309074,127.081985567,0.0,2026-09-02T22:07:00+09:00
V02Q1940411,37.533878243,127.091521,0.0,2026-09-02T22:07:00+09:00
V02Q1940506,37.535029673,127.093240689,0.0,2026-09-02T22:07:00+09:00
V02Q1940507,37.531277474,127.123271252,432.0,2026-09-02T22:07:00+09:00
V02Q1940679,37.495212727,127.121438826,0.0,2026-09-02T22:07:00+09:00
V02Q1940706,37.502049127,127.117110751,0.0,2026-09-02T22:07:00+09:00
V02Q1940708,37.514300619,127.091447797,0.0,2026-09-02T22:07:00+09:00
V02Q1940713,37.516185359,127.114540561,0.0,2026-09-02T22:07:00+09:00
V02Q1940714,37.513385412,127.10686824,0.0,2026-09-02T22:07:00+09:00
V02Q1940734,37.518407904,127.100366298,0.0,2026-09-02T22:07:00+09:00
V02Q1940736,37.504194933,127.128187719,8.0,2026-09-02T22:07:00+09:00
V02Q1940767,37.502603852,127.092310875,0.0,2026-09-02T22:07:00+09:00
V02Q1940772,37.503635193,127.103503284,0.0,2026-09-02T22:07:00+09:00
V02Q1940775,37.505801455,127.109663753,0.0,2026-09-02T22:07:00+09:00
V02Q1940781,37.506173683,127.084756221,0.0,2026-09-02T22:07:00+09:00
V02Q1940784,37.498247757,127.126296648,0.0,2026-09-02T22:07:00+09:00
V02Q1940787,37.512955044,127.094661921,0.0,2026-09-02T22:07:00+09:00
V02Q1940788,37.509617855,127.0741524,1.0,2026-09-02T22:07:00+09:00
V02Q1940790,37.514278277,127.112258966,0.0,2026-09-02T22:07:00+09:00
V02Q1940800,37.519952859,127.1123122,0.0,2026-09-02T22:07:00+09:00
V02Q1940811,37.52727312,127.116249051,1.0,2026-09-02T22:07:00+09:00
V02Q1940819,37.507344263,127.104688643,0.0,2026-09-02T22:07:00+09:00
V02Q1940820,37.511104225,127.102321793,0.0,2026-09-02T22:07:00+09:00
V02Q1940821,37.502832774,127.108694904,17.0,2026-09-02T22:07:00+09:00
V02Q1940832,37.511768309,127.124209484,0.0,2026-09-02T22:07:00+09:00
V02Q1940838,37.51767925,127.08881891,0.0,2026-09-02T22:07:00+09:00
V02Q1940860,37.533442403,127.080963254,0.0,2026-09-02T22:07:00+09:00
V02Q1940873,37.53247211,127.114301129,0.0,2026-09-02T22:07:00+09:00
V02Q1940887,37.502749128,127.09252424,0.0,2026-09-02T22:07:00+09:00
V02Q1940941,37.509088133,127.084056858,0.0,2026-09-02T22:07:00+09:00
OC3CL210115,37.525641,127.129665,16.0,2026-09-02T23:07:00+09:00
V02Q1940082,37.495507594,127.085748474,0.0,2026-09-02T23:07:00+09:00
V02Q1940098,37.48670146,127.1000197,0.0,2026-09-02T23:07:00+09:00
V02Q1940100,37.494978959,127.093144214,16.0,2026-09-02T23:07:00+09:00
V02Q1940246,37.49920086,127.072395308,0.0,2026-09-02T23:07:00+09:00
V02Q1940391,37.528616803,127.085121222,1.0,2026-09-02T23:07:00+09:00
V02Q1940392,37.538286643,127.09239683,0.0,2026-09-02T23:07:00+09:00
V02Q1940403,37.534309074,127.081985567,0.0,2026-09-02T23:07:00+09:00
V02Q1940411,37.533878243,127.091521,0.0,2026-09-02T23:07:00+09:00
V02Q1940506,37.535029673,127.093240689,0.0,2026-09-02T23:07:00+09:00
V02Q1940507,37.531277474,127.123271252,429.0,2026-09-02T23:07:00+09:00
V02Q1940679,37.495212727,127.121438826,0.0,2026-09-02T23:07:00+09:00
V02Q1940706,37.502049127,127.117110751,0.0,2026-09-02T23:07:00+09:00
V02Q1940708,37.514300619,127.091447797,0.0,2026-09-02T23:07:00+09:00
V02Q1940713,37.516185359,127.114540561,0.0,2026-09-02T23:07:00+09:00
V02Q1940714,37.513385412,127.10686824,0.0,2026-09-02T23:07:00+09:00
V02Q1940734,37.518407904,127.100366298,0.0,2026-09-02T23:07:00+09:00
V02Q1940736,37.504194933,127.128187719,8.0,2026-09-02T23:07:00+09:00
V02Q1940767,37.502603852,127.092310875,0.0,2026-09-02T23:07:00+09:00
V02Q1940772,37.503635193,127.103503284,0.0,2026-09-02T23:07:00+09:00
V02Q1940775,37.505801455,127.109663753,0.0,2026-09-02T23:07:00+09:00
V02Q1940781,37.506173683,127.084756221,0.0,2026-09-02T23:07:00+09:00
V02Q1940784,37.498247757,127.126296648,0.0,2026-09-02T23:07:00+09:00
V02Q1940787,37.512955044,127.094661921,0.0,2026-09-02T23:07:00+09:00
V02Q1940788,37.509617855,127.0741524,1.0,2026-09-02T23:07:00+09:00
V02Q1940790,37.514278277,127.112258966,0.0,2026-09-02T23:07:00+09:00
V02Q1940800,37.519952859,127.1123122,0.0,2026-09-02T23:07:00+09:00
V02Q1940811,37.52727312,127.116249051,1.0,2026-09-02T23:07:00+09:00
V02Q1940819,37.507344263,127.104688643,0.0,2026-09-02T23:07:00+09:00
V02Q1940820,37.511104225,127.102321793,0.0,2026-09-02T23:07:00+09:00
V02Q1940821,37.502832774,127.108694904,105.0,2026-09-02T23:07:00+09:00
V02Q1940832,37.511768309,127.124209484,0.0,2026-09-02T23:07:00+09:00
V02Q1940838,37.51767925,127.08881891,0.0,2026-09-02T23:07:00+09:00
V02Q1940860,37.533442403,127.080963254,0.0,2026-09-02T23:07:00+09:00
V02Q1940873,37.53247211,127.114301129,0.0,2026-09-02T23:07:00+09:00
V02Q1940887,37.502749128,127.09252424,0.0,2026-09-02T23:07:00+09:00
V02Q1940941,37.509088133,127.084056858,0.0,2026-09-02T23:07:00+09:00
OC3CL210115,37.525641,127.129665,16.0,2026-09-03T00:07:00+09:00
V02Q1940082,37.495507594,127.085748474,0.0,2026-09-03T00:07:00+09:00
V02Q1940098,37.48670146,127.1000197,0.0,2026-09-03T00:07:00+09:00
V02Q1940100,37.494978959,127.093144214,16.0,2026-09-03T00:07:00+09:00
V02Q1940246,37.49920086,127.072395308,0.0,2026-09-03T00:07:00+09:00
V02Q1940391,37.528616803,127.085121222,1.0,2026-09-03T00:07:00+09:00
V02Q1940392,37.538286643,127.09239683,0.0,2026-09-03T00:07:00+09:00
V02Q1940403,37.534309074,127.081985567,0.0,2026-09-03T00:07:00+09:00
V02Q1940411,37.533878243,127.091521,0.0,2026-09-03T00:07:00+09:00
V02Q1940506,37.535029673,127.093240689,0.0,2026-09-03T00:07:00+09:00
V02Q1940507,37.531277474,127.123271252,429.0,2026-09-03T00:07:00+09:00
V02Q1940679,37.495212727,127.121438826,0.0,2026-09-03T00:07:00+09:00
V02Q1940706,37.502049127,127.117110751,0.0,2026-09-03T00:07:00+09:00
V02Q1940708,37.514300619,127.091447797,0.0,2026-09-03T00:07:00+09:00
V02Q1940713,37.516185359,127.114540561,0.0,2026-09-03T00:07:00+09:00
V02Q1940714,37.513385412,127.10686824,0.0,2026-09-03T00:07:00+09:00
V02Q1940734,37.518407904,127.100366298,0.0,2026-09-03T00:07:00+09:00
V02Q1940736,37.504194933,127.128187719,8.0,2026-09-03T00:07:00+09:00
V02Q1940767,37.502603852,127.092310875,0.0,2026-09-03T00:07:00+09:00
V02Q1940772,37.503635193,127.103503284,0.0,2026-09-03T00:07:00+09:00
V02Q1940775,37.505801455,127.109663753,0.0,2026-09-03T00:07:00+09:00
V02Q1940781,37.506173683,127.084756221,0.0,2026-09-03T00:07:00+09:00
V02Q1940784,37.498247757,127.126296648,0.0,2026-09-03T00:07:00+09:00
V02Q1940787,37.512955044,127.094661921,0.0,2026-09-03T00:07:00+09:00
V02Q1940788,37.509617855,127.0741524,1.0,2026-09-03T00:07:00+09:00
V02Q1940790,37.514278277,127.112258966,0.0,2026-09-03T00:07:00+09:00
V02Q1940800,37.519952859,127.1123122,0.0,2026-09-03T00:07:00+09:00
V02Q1940811,37.52727312,127.116249051,1.0,2026-09-03T00:07:00+09:00
V02Q1940819,37.507344263,127.104688643,0.0,2026-09-03T00:07:00+09:00
V02Q1940820,37.511104225,127.102321793,0.0,2026-09-03T00:07:00+09:00
V02Q1940821,37.502832774,127.108694904,105.0,2026-09-03T00:07:00+09:00
V02Q1940832,37.511768309,127.124209484,0.0,2026-09-03T00:07:00+09:00
V02Q1940838,37.51767925,127.08881891,0.0,2026-09-03T00:07:00+09:00
V02Q1940860,37.533442403,127.080963254,0.0,2026-09-03T00:07:00+09:00
V02Q1940873,37.53247211,127.114301129,0.0,2026-09-03T00:07:00+09:00
V02Q1940887,37.502749128,127.09252424,0.0,2026-09-03T00:07:00+09:00
V02Q1940941,37.509088133,127.084056858,0.0,2026-09-03T00:07:00+09:00
OC3CL200017,37.52406575,127.1285088,11205.0,2026-09-02T15:07:14+09:00
OC3CL200017,37.52406575,127.1285088,6347.0,2026-09-02T16:07:14+09:00
OC3CL200017,37.52406575,127.1285088,3863.0,2026-09-02T17:07:14+09:00
OC3CL200017,37.52406575,127.1285088,1584.0,2026-09-02T18:07:14+09:00
OC3CL200017,37.52406575,127.1285088,4567.0,2026-09-02T11:07:14+09:00
OC3CL200017,37.52406575,127.1285088,4931.0,2026-09-02T12:07:14+09:00
OC3CL200017,37.52406575,127.1285088,7866.0,2026-09-02T13:07:14+09:00
OC3CL200017,37.52406575,127.1285088,7205.0,2026-09-02T14:07:14+09:00
OC3CL200033,37.51217275,127.1046954,0.0,2026-09-02T05:07:50+09:00
OC3CL200033,37.51217275,127.1046954,0.0,2026-09-02T06:07:50+09:00
OC3CL200033,37.51217275,127.1046954,18.0,2026-09-02T07:07:50+09:00
OC3CL200033,37.51217275,127.1046954,77.0,2026-09-02T08:07:50+09:00
OC3CL200033,37.51217275,127.1046954,174.0,2026-09-02T09:07:50+09:00
OC3CL200033,37.51217275,127.1046954,323.0,2026-09-02T10:07:50+09:00
OC3CL200033,37.51217275,127.1046954,367.0,2026-09-02T11:07:50+09:00
OC3CL200033,37.51217275,127.1046954,0.0,2026-09-02T01:07:50+09:00
OC3CL200033,37.51217275,127.1046954,601.0,2026-09-02T14:07:50+09:00
OC3CL200033,37.51217275,127.1046954,636.0,2026-09-02T13:07:50+09:00
OC3CL200033,37.51217275,127.1046954,455.0,2026-09-02T12:07:50+09:00
OC3CL200033,37.51217275,127.1046954,0.0,2026-09-02T02:07:50+09:00
OC3CL200033,37.51217275,127.1046954,0.0,2026-09-02T03:07:50+09:00
OC3CL200033,37.51217275,127.1046954,0.0,2026-09-02T04:07:50+09:00
OC3CL200141,37.48877157,127.1067039,0.0,2026-09-02T21:07:18+09:00
OC3CL200141,37.48877157,127.1067039,0.0,2026-09-02T22:07:18+09:00
V02Q1940117,37.508537127,127.087121735,3343.0,2026-09-02T11:00:00+09:00
V02Q1940117,37.508537127,127.087121735,0.0,2026-09-02T00:00:00+09:00
V02Q1940117,37.508537127,127.087121735,0.0,2026-09-02T01:00:00+09:00
V02Q1940117,37.508537127,127.087121735,0.0,2026-09-02T02:00:00+09:00
V02Q1940117,37.508537127,127.087121735,0.0,2026-09-02T03:00:00+09:00
V02Q1940117,37.508537127,127.087121735,0.0,2026-09-02T04:00:00+09:00
V02Q1940117,37.508537127,127.087121735,0.0,2026-09-02T05:00:00+09:00
V02Q1940117,37.508537127,127.087121735,1.0,2026-09-02T06:00:00+09:00
V02Q1940117,37.508537127,127.087121735,226.0,2026-09-02T07:00:00+09:00
V02Q1940117,37.508537127,127.087121735,862.0,2026-09-02T08:00:00+09:00
V02Q1940117,37.508537127,127.087121735,2921.0,2026-09-02T09:00:00+09:00
V02Q1940117,37.508537127,127.087121735,4159.0,2026-09-02T10:00:00+09:00
V02Q1940117,37.508537127,127.087121735,3684.0,2026-09-02T12:00:00+09:00
V02Q1940117,37.508537127,127.087121735,5724.0,2026-09-02T13:00:00+09:00
V02Q1940117,37.508537127,127.087121735,4832.0,2026-09-02T14:00:00+09:00
V02Q1940117,37.508537127,127.087121735,5188.0,2026-09-02T15:00:00+09:00
V02Q1940117,37.508537127,127.087121735,2488.0,2026-09-02T16:00:00+09:00
V02Q1940117,37.508537127,127.087121735,1611.0,2026-09-02T17:00:00+09:00
V02Q1940117,37.508537127,127.087121735,1061.0,2026-09-02T18:00:00+09:00
V02Q1940117,37.508537127,127.087121735,235.0,2026-09-02T19:00:00+09:00
V02Q1940117,37.508537127,127.087121735,5.0,2026-09-02T20:00:00+09:00
V02Q1940117,37.508537127,127.087121735,1.0,2026-09-02T21:00:00+09:00
V02Q1940117,37.508537127,127.087121735,1.0,2026-09-02T22:00:00+09:00
V02Q1940117,37.508537127,127.087121735,1.0,2026-09-02T23:00:00+09:00
V02Q1940129,37.497655712,127.074468747,1667.0,2026-09-02T09:00:00+09:00
V02Q1940129,37.497655712,127.074468747,0.0,2026-09-02T00:00:00+09:00
V02Q1940129,37.497655712,127.074468747,0.0,2026-09-02T01:00:00+09:00
V02Q1940129,37.497655712,127.074468747,0.0,2026-09-02T02:00:00+09:00
V02Q1940129,37.497655712,127.074468747,0.0,2026-09-02T03:00:00+09:00
V02Q1940129,37.497655712,127.074468747,0.0,2026-09-02T04:00:00+09:00
V02Q1940129,37.497655712,127.074468747,0.0,2026-09-02T05:00:00+09:00
V02Q1940129,37.497655712,127.074468747,0.0,2026-09-02T06:00:00+09:00
V02Q1940129,37.497655712,127.074468747,136.0,2026-09-02T07:00:00+09:00
V02Q1940129,37.497655712,127.074468747,535.0,2026-09-02T08:00:00+09:00
V02Q1940129,37.497655712,127.074468747,2218.0,2026-09-02T10:00:00+09:00
V02Q1940129,37.497655712,127.074468747,1263.0,2026-09-02T11:00:00+09:00
V02Q1940129,37.497655712,127.074468747,2599.0,2026-09-02T12:00:00+09:00
V02Q1940129,37.497655712,127.074468747,4951.0,2026-09-02T13:00:00+09:00
V02Q1940129,37.497655712,127.074468747,2019.0,2026-09-02T14:00:00+09:00
V02Q1940129,37.497655712,127.074468747,2133.0,2026-09-02T15:00:00+09:00
V02Q1940129,37.497655712,127.074468747,1610.0,2026-09-02T16:00:00+09:00
V02Q1940129,37.497655712,127.074468747,1240.0,2026-09-02T17:00:00+09:00
V02Q1940129,37.497655712,127.074468747,724.0,2026-09-02T18:00:00+09:00
V02Q1940129,37.497655712,127.074468747,145.0,2026-09-02T19:00:00+09:00
V02Q1940129,37.497655712,127.074468747,3.0,2026-09-02T20:00:00+09:00
V02Q1940129,37.497655712,127.074468747,0.0,2026-09-02T21:00:00+09:00
V02Q1940129,37.497655712,127.074468747,0.0,2026-09-02T22:00:00+09:00
V02Q1940129,37.497655712,127.074468747,0.0,2026-09-02T23:00:00+09:00
V02Q1940742,37.501040267,127.109739451,49.0,2026-09-02T20:00:00+09:00
V02Q1940742,37.501040267,127.109739451,58.0,2026-09-02T23:00:00+09:00
V02Q1940742,37.501040267,127.109739451,9.0,2026-09-02T22:00:00+09:00
V02Q1940742,37.501040267,127.109739451,61.0,2026-09-02T00:00:00+09:00
V02Q1940742,37.501040267,127.109739451,60.0,2026-09-02T01:00:00+09:00
V02Q1940742,37.501040267,127.109739451,60.0,2026-09-02T02:00:00+09:00
V02Q1940742,37.501040267,127.109739451,60.0,2026-09-02T03:00:00+09:00
V02Q1940742,37.501040267,127.109739451,65.0,2026-09-02T04:00:00+09:00
V02Q1940742,37.501040267,127.109739451,63.0,2026-09-02T05:00:00+09:00
V02Q1940742,37.501040267,127.109739451,56.0,2026-09-02T06:00:00+09:00
V02Q1940742,37.501040267,127.109739451,224.0,2026-09-02T07:00:00+09:00
V02Q1940742,37.501040267,127.109739451,841.0,2026-09-02T08:00:00+09:00
V02Q1940742,37.501040267,127.109739451,2086.0,2026-09-02T09:00:00+09:00
V02Q1940742,37.501040267,127.109739451,3190.0,2026-09-02T10:00:00+09:00
V02Q1940742,37.501040267,127.109739451,3047.0,2026-09-02T11:00:00+09:00
V02Q1940742,37.501040267,127.109739451,15.0,2026-09-02T21:00:00+09:00
V02Q1940742,37.501040267,127.109739451,4947.0,2026-09-02T12:00:00+09:00
V02Q1940742,37.501040267,127.109739451,7980.0,2026-09-02T13:00:00+09:00
V02Q1940742,37.501040267,127.109739451,3022.0,2026-09-02T14:00:00+09:00
V02Q1940742,37.501040267,127.109739451,2544.0,2026-09-02T15:00:00+09:00
V02Q1940742,37.501040267,127.109739451,2441.0,2026-09-02T16:00:00+09:00
V02Q1940742,37.501040267,127.109739451,1588.0,2026-09-02T17:00:00+09:00
V02Q1940742,37.501040267,127.109739451,1140.0,2026-09-02T18:00:00+09:00
V02Q1940742,37.501040267,127.109739451,281.0,2026-09-02T19:00:00+09:00
OC3CL210115,37.525641,127.129665,16.0,2026-09-03T01:07:00+09:00
V02Q1940082,37.495507594,127.085748474,0.0,2026-09-03T01:07:00+09:00
V02Q1940098,37.48670146,127.1000197,0.0,2026-09-03T01:07:00+09:00
V02Q1940100,37.494978959,127.093144214,16.0,2026-09-03T01:07:00+09:00
V02Q1940246,37.49920086,127.072395308,0.0,2026-09-03T01:07:00+09:00
V02Q1940391,37.528616803,127.085121222,1.0,2026-09-03T01:07:00+09:00
V02Q1940392,37.538286643,127.09239683,0.0,2026-09-03T01:07:00+09:00
V02Q1940403,37.534309074,127.081985567,0.0,2026-09-03T01:07:00+09:00
V02Q1940411,37.533878243,127.091521,0.0,2026-09-03T01:07:00+09:00
V02Q1940506,37.535029673,127.093240689,0.0,2026-09-03T01:07:00+09:00
V02Q1940507,37.531277474,127.123271252,432.0,2026-09-03T01:07:00+09:00
V02Q1940679,37.495212727,127.121438826,0.0,2026-09-03T01:07:00+09:00
V02Q1940706,37.502049127,127.117110751,0.0,2026-09-03T01:07:00+09:00
V02Q1940708,37.514300619,127.091447797,0.0,2026-09-03T01:07:00+09:00
V02Q1940713,37.516185359,127.114540561,0.0,2026-09-03T01:07:00+09:00
V02Q1940714,37.513385412,127.10686824,0.0,2026-09-03T01:07:00+09:00
V02Q1940734,37.518407904,127.100366298,0.0,2026-09-03T01:07:00+09:00
V02Q1940736,37.504194933,127.128187719,8.0,2026-09-03T01:07:00+09:00
V02Q1940767,37.502603852,127.092310875,0.0,2026-09-03T01:07:00+09:00
V02Q1940772,37.503635193,127.103503284,0.0,2026-09-03T01:07:00+09:00
V02Q1940775,37.505801455,127.109663753,0.0,2026-09-03T01:07:00+09:00
V02Q1940781,37.506173683,127.084756221,0.0,2026-09-03T01:07:00+09:00
V02Q1940784,37.498247757,127.126296648,0.0,2026-09-03T01:07:00+09:00
V02Q1940787,37.512955044,127.094661921,0.0,2026-09-03T01:07:00+09:00
V02Q1940788,37.509617855,127.0741524,1.0,2026-09-03T01:07:00+09:00
V02Q1940790,37.514278277,127.112258966,0.0,2026-09-03T01:07:00+09:00
V02Q1940800,37.519952859,127.1123122,0.0,2026-09-03T01:07:00+09:00
V02Q1940811,37.52727312,127.116249051,1.0,2026-09-03T01:07:00+09:00
V02Q1940819,37.507344263,127.104688643,0.0,2026-09-03T01:07:00+09:00
V02Q1940820,37.511104225,127.102321793,0.0,2026-09-03T01:07:00+09:00
V02Q1940821,37.502832774,127.108694904,105.0,2026-09-03T01:07:00+09:00
V02Q1940832,37.511768309,127.124209484,0.0,2026-09-03T01:07:00+09:00
V02Q1940838,37.51767925,127.08881891,0.0,2026-09-03T01:07:00+09:00
V02Q1940860,37.533442403,127.080963254,0.0,2026-09-03T01:07:00+09:00
V02Q1940873,37.53247211,127.114301129,0.0,2026-09-03T01:07:00+09:00
V02Q1940887,37.502749128,127.09252424,0.0,2026-09-03T01:07:00+09:00
V02Q1940941,37.509088133,127.084056858,0.0,2026-09-03T01:07:00+09:00
V02Q1940392,37.538286643,127.09239683,0.0,2026-09-03T02:07:00+09:00
V02Q1940403,37.534309074,127.081985567,0.0,2026-09-03T02:07:00+09:00
V02Q1940391,37.528616803,127.085121222,1.0,2026-09-03T02:07:00+09:00
V02Q1940411,37.533878243,127.091521,0.0,2026-09-03T02:07:00+09:00
V02Q1940506,37.535029673,127.093240689,0.0,2026-09-03T02:07:00+09:00
V02Q1940860,37.533442403,127.080963254,0.0,2026-09-03T02:07:00+09:00
V02Q1940679,37.495212727,127.121438826,0.0,2026-09-03T02:07:00+09:00
V02Q1940734,37.518407904,127.100366298,0.0,2026-09-03T02:07:00+09:00
V02Q1940784,37.498247757,127.126296648,0.0,2026-09-03T02:07:00+09:00
V02Q1940706,37.502049127,127.117110751,0.0,2026-09-03T02:07:00+09:00
V02Q1940708,37.514300619,127.091447797,0.0,2026-09-03T02:07:00+09:00
V02Q1940736,37.504194933,127.128187719,8.0,2026-09-03T02:07:00+09:00
V02Q1940767,37.502603852,127.092310875,0.0,2026-09-03T02:07:00+09:00
V02Q1940772,37.503635193,127.103503284,0.0,2026-09-03T02:07:00+09:00
V02Q1940775,37.505801455,127.109663753,0.0,2026-09-03T02:07:00+09:00
V02Q1940781,37.506173683,127.084756221,0.0,2026-09-03T02:07:00+09:00
V02Q1940787,37.512955044,127.094661921,0.0,2026-09-03T02:07:00+09:00
V02Q1940788,37.509617855,127.0741524,1.0,2026-09-03T02:07:00+09:00
V02Q1940790,37.514278277,127.112258966,0.0,2026-09-03T02:07:00+09:00
V02Q1940800,37.519952859,127.1123122,0.0,2026-09-03T02:07:00+09:00
V02Q1940832,37.511768309,127.124209484,0.0,2026-09-03T02:07:00+09:00
V02Q1940873,37.53247211,127.114301129,0.0,2026-09-03T02:07:00+09:00
V02Q1940507,37.531277474,127.123271252,436.0,2026-09-03T02:07:00+09:00
V02Q1940713,37.516185359,127.114540561,0.0,2026-09-03T02:07:00+09:00
V02Q1940714,37.513385412,127.10686824,0.0,2026-09-03T02:07:00+09:00
V02Q1940811,37.52727312,127.116249051,1.0,2026-09-03T02:07:00+09:00
V02Q1940819,37.507344263,127.104688643,0.0,2026-09-03T02:07:00+09:00
V02Q1940820,37.511104225,127.102321793,0.0,2026-09-03T02:07:00+09:00
V02Q1940821,37.502832774,127.108694904,101.0,2026-09-03T02:07:00+09:00
V02Q1940838,37.51767925,127.08881891,0.0,2026-09-03T02:07:00+09:00
V02Q1940887,37.502749128,127.09252424,0.0,2026-09-03T02:07:00+09:00
V02Q1940941,37.509088133,127.084056858,0.0,2026-09-03T02:07:00+09:00
V02Q1940098,37.48670146,127.1000197,0.0,2026-09-03T02:07:00+09:00
V02Q1940246,37.49920086,127.072395308,0.0,2026-09-03T02:07:00+09:00
V02Q1940082,37.495507594,127.085748474,0.0,2026-09-03T02:07:00+09:00
V02Q1940100,37.494978959,127.093144214,17.0,2026-09-03T02:07:00+09:00
OC3CL210115,37.525641,127.129665,17.0,2026-09-03T02:07:00+09:00
V02Q1940392,37.538286643,127.09239683,0.0,2026-09-03T03:07:00+09:00
V02Q1940403,37.534309074,127.081985567,0.0,2026-09-03T03:07:00+09:00
V02Q1940391,37.528616803,127.085121222,1.0,2026-09-03T03:07:00+09:00
V02Q1940411,37.533878243,127.091521,0.0,2026-09-03T03:07:00+09:00
V02Q1940506,37.535029673,127.093240689,0.0,2026-09-03T03:07:00+09:00
V02Q1940860,37.533442403,127.080963254,0.0,2026-09-03T03:07:00+09:00
V02Q1940679,37.495212727,127.121438826,0.0,2026-09-03T03:07:00+09:00
V02Q1940734,37.518407904,127.100366298,0.0,2026-09-03T03:07:00+09:00
V02Q1940784,37.498247757,127.126296648,0.0,2026-09-03T03:07:00+09:00
V02Q1940706,37.502049127,127.117110751,0.0,2026-09-03T03:07:00+09:00
V02Q1940708,37.514300619,127.091447797,0.0,2026-09-03T03:07:00+09:00
V02Q1940736,37.504194933,127.128187719,9.0,2026-09-03T03:07:00+09:00
V02Q1940767,37.502603852,127.092310875,0.0,2026-09-03T03:07:00+09:00
V02Q1940772,37.503635193,127.103503284,0.0,2026-09-03T03:07:00+09:00
V02Q1940775,37.505801455,127.109663753,0.0,2026-09-03T03:07:00+09:00
V02Q1940781,37.506173683,127.084756221,0.0,2026-09-03T03:07:00+09:00
V02Q1940787,37.512955044,127.094661921,0.0,2026-09-03T03:07:00+09:00
V02Q1940788,37.509617855,127.0741524,1.0,2026-09-03T03:07:00+09:00
V02Q1940790,37.514278277,127.112258966,0.0,2026-09-03T03:07:00+09:00
V02Q1940800,37.519952859,127.1123122,0.0,2026-09-03T03:07:00+09:00
V02Q1940832,37.511768309,127.124209484,0.0,2026-09-03T03:07:00+09:00
V02Q1940873,37.53247211,127.114301129,0.0,2026-09-03T03:07:00+09:00
V02Q1940507,37.531277474,127.123271252,438.0,2026-09-03T03:07:00+09:00
V02Q1940713,37.516185359,127.114540561,0.0,2026-09-03T03:07:00+09:00
V02Q1940714,37.513385412,127.10686824,0.0,2026-09-03T03:07:00+09:00
V02Q1940811,37.52727312,127.116249051,1.0,2026-09-03T03:07:00+09:00
V02Q1940819,37.507344263,127.104688643,0.0,2026-09-03T03:07:00+09:00
V02Q1940820,37.511104225,127.102321793,0.0,2026-09-03T03:07:00+09:00
V02Q1940821,37.502832774,127.108694904,105.0,2026-09-03T03:07:00+09:00
V02Q1940838,37.51767925,127.08881891,0.0,2026-09-03T03:07:00+09:00
V02Q1940887,37.502749128,127.09252424,0.0,2026-09-03T03:07:00+09:00
V02Q1940941,37.509088133,127.084056858,0.0,2026-09-03T03:07:00+09:00
V02Q1940098,37.48670146,127.1000197,0.0,2026-09-03T03:07:00+09:00
V02Q1940246,37.49920086,127.072395308,0.0,2026-09-03T03:07:00+09:00
V02Q1940082,37.495507594,127.085748474,0.0,2026-09-03T03:07:00+09:00
V02Q1940100,37.494978959,127.093144214,19.0,2026-09-03T03:07:00+09:00
OC3CL210115,37.525641,127.129665,17.0,2026-09-03T03:07:00+09:00
OC3CL210115,37.525641,127.129665,17.0,2026-09-03T04:07:00+09:00
V02Q1940082,37.495507594,127.085748474,0.0,2026-09-03T04:07:00+09:00
V02Q1940098,37.48670146,127.1000197,0.0,2026-09-03T04:07:00+09:00
V02Q1940100,37.494978959,127.093144214,19.0,2026-09-03T04:07:00+09:00
V02Q1940246,37.49920086,127.072395308,0.0,2026-09-03T04:07:00+09:00
V02Q1940391,37.528616803,127.085121222,1.0,2026-09-03T04:07:00+09:00
V02Q1940392,37.538286643,127.09239683,0.0,2026-09-03T04:07:00+09:00
V02Q1940403,37.534309074,127.081985567,0.0,2026-09-03T04:07:00+09:00
V02Q1940411,37.533878243,127.091521,0.0,2026-09-03T04:07:00+09:00
V02Q1940506,37.535029673,127.093240689,0.0,2026-09-03T04:07:00+09:00
V02Q1940507,37.531277474,127.123271252,437.0,2026-09-03T04:07:00+09:00
V02Q1940679,37.495212727,127.121438826,0.0,2026-09-03T04:07:00+09:00
V02Q1940706,37.502049127,127.117110751,0.0,2026-09-03T04:07:00+09:00
V02Q1940708,37.514300619,127.091447797,0.0,2026-09-03T04:07:00+09:00
V02Q1940713,37.516185359,127.114540561,0.0,2026-09-03T04:07:00+09:00
V02Q1940714,37.513385412,127.10686824,0.0,2026-09-03T04:07:00+09:00
V02Q1940734,37.518407904,127.100366298,0.0,2026-09-03T04:07:00+09:00
V02Q1940736,37.504194933,127.128187719,9.0,2026-09-03T04:07:00+09:00
V02Q1940767,37.502603852,127.092310875,0.0,2026-09-03T04:07:00+09:00
V02Q1940772,37.503635193,127.103503284,0.0,2026-09-03T04:07:00+09:00
V02Q1940775,37.505801455,127.109663753,0.0,2026-09-03T04:07:00+09:00
V02Q1940781,37.506173683,127.084756221,0.0,2026-09-03T04:07:00+09:00
V02Q1940784,37.498247757,127.126296648,0.0,2026-09-03T04:07:00+09:00
V02Q1940787,37.512955044,127.094661921,0.0,2026-09-03T04:07:00+09:00
V02Q1940788,37.509617855,127.0741524,1.0,2026-09-03T04:07:00+09:00
V02Q1940790,37.514278277,127.112258966,0.0,2026-09-03T04:07:00+09:00
V02Q1940800,37.519952859,127.1123122,0.0,2026-09-03T04:07:00+09:00
V02Q1940811,37.52727312,127.116249051,1.0,2026-09-03T04:07:00+09:00
V02Q1940819,37.507344263,127.104688643,0.0,2026-09-03T04:07:00+09:00
V02Q1940820,37.511104225,127.102321793,0.0,2026-09-03T04:07:00+09:00
V02Q1940821,37.502832774,127.108694904,104.0,2026-09-03T04:07:00+09:00
V02Q1940832,37.511768309,127.124209484,0.0,2026-09-03T04:07:00+09:00
V02Q1940838,37.51767925,127.08881891,0.0,2026-09-03T04:07:00+09:00
V02Q1940860,37.533442403,127.080963254,0.0,2026-09-03T04:07:00+09:00
V02Q1940873,37.53247211,127.114301129,0.0,2026-09-03T04:07:00+09:00
V02Q1940887,37.502749128,127.09252424,0.0,2026-09-03T04:07:00+09:00
V02Q1940941,37.509088133,127.084056858,0.0,2026-09-03T04:07:00+09:00
OC3CL210115,37.525641,127.129665,17.0,2026-09-03T05:07:00+09:00
V02Q1940082,37.495507594,127.085748474,0.0,2026-09-03T05:07:00+09:00
V02Q1940098,37.48670146,127.1000197,0.0,2026-09-03T05:07:00+09:00
V02Q1940100,37.494978959,127.093144214,21.0,2026-09-03T05:07:00+09:00
V02Q1940246,37.49920086,127.072395308,0.0,2026-09-03T05:07:00+09:00
V02Q1940391,37.528616803,127.085121222,1.0,2026-09-03T05:07:00+09:00
V02Q1940392,37.538286643,127.09239683,0.0,2026-09-03T05:07:00+09:00
V02Q1940403,37.534309074,127.081985567,0.0,2026-09-03T05:07:00+09:00
V02Q1940411,37.533878243,127.091521,0.0,2026-09-03T05:07:00+09:00
V02Q1940506,37.535029673,127.093240689,0.0,2026-09-03T05:07:00+09:00
V02Q1940507,37.531277474,127.123271252,452.0,2026-09-03T05:07:00+09:00
V02Q1940679,37.495212727,127.121438826,0.0,2026-09-03T05:07:00+09:00
V02Q1940706,37.502049127,127.117110751,0.0,2026-09-03T05:07:00+09:00
V02Q1940708,37.514300619,127.091447797,0.0,2026-09-03T05:07:00+09:00
V02Q1940713,37.516185359,127.114540561,0.0,2026-09-03T05:07:00+09:00
V02Q1940714,37.513385412,127.10686824,0.0,2026-09-03T05:07:00+09:00
V02Q1940734,37.518407904,127.100366298,0.0,2026-09-03T05:07:00+09:00
V02Q1940736,37.504194933,127.128187719,10.0,2026-09-03T05:07:00+09:00
V02Q1940767,37.502603852,127.092310875,0.0,2026-09-03T05:07:00+09:00
V02Q1940772,37.503635193,127.103503284,0.0,2026-09-03T05:07:00+09:00
V02Q1940775,37.505801455,127.109663753,0.0,2026-09-03T05:07:00+09:00
V02Q1940781,37.506173683,127.084756221,0.0,2026-09-03T05:07:00+09:00
V02Q1940784,37.498247757,127.126296648,0.0,2026-09-03T05:07:00+09:00
V02Q1940787,37.512955044,127.094661921,0.0,2026-09-03T05:07:00+09:00
V02Q1940788,37.509617855,127.0741524,1.0,2026-09-03T05:07:00+09:00
V02Q1940790,37.514278277,127.112258966,0.0,2026-09-03T05:07:00+09:00
V02Q1940800,37.519952859,127.1123122,0.0,2026-09-03T05:07:00+09:00
V02Q1940811,37.52727312,127.116249051,1.0,2026-09-03T05:07:00+09:00
V02Q1940819,37.507344263,127.104688643,0.0,2026-09-03T05:07:00+09:00
V02Q1940820,37.511104225,127.102321793,0.0,2026-09-03T05:07:00+09:00
V02Q1940821,37.502832774,127.108694904,94.0,2026-09-03T05:07:00+09:00
V02Q1940832,37.511768309,127.124209484,0.0,2026-09-03T05:07:00+09:00
V02Q1940838,37.51767925,127.08881891,0.0,2026-09-03T05:07:00+09:00
V02Q1940860,37.533442403,127.080963254,0.0,2026-09-03T05:07:00+09:00
V02Q1940873,37.53247211,127.114301129,0.0,2026-09-03T05:07:00+09:00
V02Q1940887,37.502749128,127.09252424,0.0,2026-09-03T05:07:00+09:00
V02Q1940941,37.509088133,127.084056858,0.0,2026-09-03T05:07:00+09:00
OC3CL210115,37.525641,127.129665,19.0,2026-09-03T06:07:00+09:00
V02Q1940082,37.495507594,127.085748474,3.0,2026-09-03T06:07:00+09:00
V02Q1940098,37.48670146,127.1000197,5.0,2026-09-03T06:07:00+09:00
V02Q1940100,37.494978959,127.093144214,21.0,2026-09-03T06:07:00+09:00
V02Q1940246,37.49920086,127.072395308,1.0,2026-09-03T06:07:00+09:00
V02Q1940391,37.528616803,127.085121222,5.0,2026-09-03T06:07:00+09:00
V02Q1940392,37.538286643,127.09239683,5.0,2026-09-03T06:07:00+09:00
V02Q1940403,37.534309074,127.081985567,3.0,2026-09-03T06:07:00+09:00
V02Q1940411,37.533878243,127.091521,2.0,2026-09-03T06:07:00+09:00
V02Q1940506,37.535029673,127.093240689,0.0,2026-09-03T06:07:00+09:00
V02Q1940507,37.531277474,127.123271252,394.0,2026-09-03T06:07:00+09:00
V02Q1940679,37.495212727,127.121438826,0.0,2026-09-03T06:07:00+09:00
V02Q1940706,37.502049127,127.117110751,0.0,2026-09-03T06:07:00+09:00
V02Q1940708,37.514300619,127.091447797,3.0,2026-09-03T06:07:00+09:00
V02Q1940713,37.516185359,127.114540561,0.0,2026-09-03T06:07:00+09:00
V02Q1940714,37.513385412,127.10686824,0.0,2026-09-03T06:07:00+09:00
V02Q1940734,37.518407904,127.100366298,0.0,2026-09-03T06:07:00+09:00
V02Q1940736,37.504194933,127.128187719,11.0,2026-09-03T06:07:00+09:00
V02Q1940767,37.502603852,127.092310875,3.0,2026-09-03T06:07:00+09:00
V02Q1940772,37.503635193,127.103503284,5.0,2026-09-03T06:07:00+09:00
V02Q1940775,37.505801455,127.109663753,1.0,2026-09-03T06:07:00+09:00
V02Q1940781,37.506173683,127.084756221,1.0,2026-09-03T06:07:00+09:00
V02Q1940784,37.498247757,127.126296648,1.0,2026-09-03T06:07:00+09:00
V02Q1940787,37.512955044,127.094661921,0.0,2026-09-03T06:07:00+09:00
V02Q1940788,37.509617855,127.0741524,0.0,2026-09-03T06:07:00+09:00
V02Q1940790,37.514278277,127.112258966,0.0,2026-09-03T06:07:00+09:00
V02Q1940800,37.519952859,127.1123122,0.0,2026-09-03T06:07:00+09:00
V02Q1940811,37.52727312,127.116249051,1.0,2026-09-03T06:07:00+09:00
V02Q1940819,37.507344263,127.104688643,2.0,2026-09-03T06:07:00+09:00
V02Q1940820,37.511104225,127.102321793,0.0,2026-09-03T06:07:00+09:00
V02Q1940821,37.502832774,127.108694904,68.0,2026-09-03T06:07:00+09:00
V02Q1940832,37.511768309,127.124209484,1.0,2026-09-03T06:07:00+09:00
V02Q1940838,37.51767925,127.08881891,0.0,2026-09-03T06:07:00+09:00
V02Q1940860,37.533442403,127.080963254,3.0,2026-09-03T06:07:00+09:00
V02Q1940873,37.53247211,127.114301129,0.0,2026-09-03T06:07:00+09:00
V02Q1940887,37.502749128,127.09252424,3.0,2026-09-03T06:07:00+09:00
V02Q1940941,37.509088133,127.084056858,3.0,2026-09-03T06:07:00+09:00
V02Q1940391,37.528616803,127.085121222,546.0,2026-09-03T07:07:00+09:00
V02Q1940392,37.538286643,127.09239683,754.0,2026-09-03T07:07:00+09:00
V02Q1940403,37.534309074,127.081985567,496.0,2026-09-03T07:07:00+09:00
V02Q1940411,37.533878243,127.091521,336.0,2026-09-03T07:07:00+09:00
V02Q1940506,37.535029673,127.093240689,0.0,2026-09-03T07:07:00+09:00
V02Q1940860,37.533442403,127.080963254,456.0,2026-09-03T07:07:00+09:00
V02Q1940679,37.495212727,127.121438826,0.0,2026-09-03T07:07:00+09:00
V02Q1940734,37.518407904,127.100366298,0.0,2026-09-03T07:07:00+09:00
V02Q1940784,37.498247757,127.126296648,232.0,2026-09-03T07:07:00+09:00
V02Q1940706,37.502049127,127.117110751,0.0,2026-09-03T07:07:00+09:00
V02Q1940708,37.514300619,127.091447797,551.0,2026-09-03T07:07:00+09:00
V02Q1940714,37.513385412,127.10686824,0.0,2026-09-03T07:07:00+09:00
V02Q1940736,37.504194933,127.128187719,412.0,2026-09-03T07:07:00+09:00
V02Q1940767,37.502603852,127.092310875,507.0,2026-09-03T07:07:00+09:00
V02Q1940772,37.503635193,127.103503284,717.0,2026-09-03T07:07:00+09:00
V02Q1940775,37.505801455,127.109663753,254.0,2026-09-03T07:07:00+09:00
V02Q1940781,37.506173683,127.084756221,148.0,2026-09-03T07:07:00+09:00
V02Q1940787,37.512955044,127.094661921,0.0,2026-09-03T07:07:00+09:00
V02Q1940788,37.509617855,127.0741524,80.0,2026-09-03T07:07:00+09:00
V02Q1940790,37.514278277,127.112258966,0.0,2026-09-03T07:07:00+09:00
V02Q1940800,37.519952859,127.1123122,0.0,2026-09-03T07:07:00+09:00
V02Q1940832,37.511768309,127.124209484,316.0,2026-09-03T07:07:00+09:00
V02Q1940873,37.53247211,127.114301129,0.0,2026-09-03T07:07:00+09:00
V02Q1940507,37.531277474,127.123271252,240.0,2026-09-03T07:07:00+09:00
V02Q1940713,37.516185359,127.114540561,0.0,2026-09-03T07:07:00+09:00
V02Q1940811,37.52727312,127.116249051,170.0,2026-09-03T07:07:00+09:00
V02Q1940819,37.507344263,127.104688643,305.0,2026-09-03T07:07:00+09:00
V02Q1940820,37.511104225,127.102321793,0.0,2026-09-03T07:07:00+09:00
V02Q1940821,37.502832774,127.108694904,233.0,2026-09-03T07:07:00+09:00
V02Q1940838,37.51767925,127.08881891,0.0,2026-09-03T07:07:00+09:00
V02Q1940887,37.502749128,127.09252424,597.0,2026-09-03T07:07:00+09:00
V02Q1940941,37.509088133,127.084056858,392.0,2026-09-03T07:07:00+09:00
V02Q1940098,37.48670146,127.1000197,752.0,2026-09-03T07:07:00+09:00
V02Q1940246,37.49920086,127.072395308,173.0,2026-09-03T07:07:00+09:00
V02Q1940082,37.495507594,127.085748474,467.0,2026-09-03T07:07:00+09:00
V02Q1940100,37.494978959,127.093144214,512.0,2026-09-03T07:07:00+09:00
OC3CL210115,37.525641,127.129665,354.0,2026-09-03T07:07:00+09:00
V02Q1940391,37.528616803,127.085121222,1537.0,2026-09-03T08:07:00+09:00
V02Q1940392,37.538286643,127.09239683,2215.0,2026-09-03T08:07:00+09:00
V02Q1940403,37.534309074,127.081985567,1406.0,2026-09-03T08:07:00+09:00
V02Q1940411,37.533878243,127.091521,1514.0,2026-09-03T08:07:00+09:00
V02Q1940506,37.535029673,127.093240689,0.0,2026-09-03T08:07:00+09:00
V02Q1940860,37.533442403,127.080963254,1143.0,2026-09-03T08:07:00+09:00
V02Q1940679,37.495212727,127.121438826,0.0,2026-09-03T08:07:00+09:00
V02Q1940734,37.518407904,127.100366298,0.0,2026-09-03T08:07:00+09:00
V02Q1940784,37.498247757,127.126296648,877.0,2026-09-03T08:07:00+09:00
V02Q1940790,37.514278277,127.112258966,0.0,2026-09-03T08:07:00+09:00
V02Q1940706,37.502049127,127.117110751,0.0,2026-09-03T08:07:00+09:00
V02Q1940708,37.514300619,127.091447797,1704.0,2026-09-03T08:07:00+09:00
V02Q1940713,37.516185359,127.114540561,0.0,2026-09-03T08:07:00+09:00
V02Q1940714,37.513385412,127.10686824,0.0,2026-09-03T08:07:00+09:00
V02Q1940736,37.504194933,127.128187719,1325.0,2026-09-03T08:07:00+09:00
V02Q1940767,37.502603852,127.092310875,2250.0,2026-09-03T08:07:00+09:00
V02Q1940772,37.503635193,127.103503284,1855.0,2026-09-03T08:07:00+09:00
V02Q1940775,37.505801455,127.109663753,900.0,2026-09-03T08:07:00+09:00
V02Q1940781,37.506173683,127.084756221,379.0,2026-09-03T08:07:00+09:00
V02Q1940787,37.512955044,127.094661921,0.0,2026-09-03T08:07:00+09:00
V02Q1940788,37.509617855,127.0741524,226.0,2026-09-03T08:07:00+09:00
V02Q1940800,37.519952859,127.1123122,0.0,2026-09-03T08:07:00+09:00
V02Q1940832,37.511768309,127.124209484,874.0,2026-09-03T08:07:00+09:00
V02Q1940873,37.53247211,127.114301129,0.0,2026-09-03T08:07:00+09:00
V02Q1940941,37.509088133,127.084056858,1982.0,2026-09-03T08:07:00+09:00
V02Q1940507,37.531277474,127.123271252,603.0,2026-09-03T08:07:00+09:00
V02Q1940811,37.52727312,127.116249051,456.0,2026-09-03T08:07:00+09:00
V02Q1940819,37.507344263,127.104688643,803.0,2026-09-03T08:07:00+09:00
V02Q1940820,37.511104225,127.102321793,0.0,2026-09-03T08:07:00+09:00
V02Q1940821,37.502832774,127.108694904,1185.0,2026-09-03T08:07:00+09:00
V02Q1940838,37.51767925,127.08881891,0.0,2026-09-03T08:07:00+09:00
V02Q1940887,37.502749128,127.09252424,1534.0,2026-09-03T08:07:00+09:00
V02Q1940246,37.49920086,127.072395308,445.0,2026-09-03T08:07:00+09:00
V02Q1940082,37.495507594,127.085748474,1532.0,2026-09-03T08:07:00+09:00
V02Q1940098,37.48670146,127.1000197,3313.0,2026-09-03T08:07:00+09:00
V02Q1940100,37.494978959,127.093144214,3037.0,2026-09-03T08:07:00+09:00
OC3CL210115,37.525641,127.129665,1248.0,2026-09-03T08:07:00+09:00
OC3CL210115,37.525641,127.129665,1676.0,2026-09-03T09:07:00+09:00
V02Q1940082,37.495507594,127.085748474,1874.0,2026-09-03T09:07:00+09:00
V02Q1940098,37.48670146,127.1000197,8302.0,2026-09-03T09:07:00+09:00
V02Q1940100,37.494978959,127.093144214,6777.0,2026-09-03T09:07:00+09:00
V02Q1940246,37.49920086,127.072395308,832.0,2026-09-03T09:07:00+09:00
V02Q1940391,37.528616803,127.085121222,2204.0,2026-09-03T09:07:00+09:00
V02Q1940392,37.538286643,127.09239683,3404.0,2026-09-03T09:07:00+09:00
V02Q1940403,37.534309074,127.081985567,3056.0,2026-09-03T09:07:00+09:00
V02Q1940411,37.533878243,127.091521,1610.0,2026-09-03T09:07:00+09:00
V02Q1940506,37.535029673,127.093240689,0.0,2026-09-03T09:07:00+09:00
V02Q1940507,37.531277474,127.123271252,1198.0,2026-09-03T09:07:00+09:00
V02Q1940679,37.495212727,127.121438826,0.0,2026-09-03T09:07:00+09:00
V02Q1940706,37.502049127,127.117110751,0.0,2026-09-03T09:07:00+09:00
V02Q1940708,37.514300619,127.091447797,2461.0,2026-09-03T09:07:00+09:00
V02Q1940713,37.516185359,127.114540561,0.0,2026-09-03T09:07:00+09:00
V02Q1940714,37.513385412,127.10686824,0.0,2026-09-03T09:07:00+09:00
V02Q1940734,37.518407904,127.100366298,0.0,2026-09-03T09:07:00+09:00
V02Q1940736,37.504194933,127.128187719,1203.0,2026-09-03T09:07:00+09:00
V02Q1940767,37.502603852,127.092310875,5931.0,2026-09-03T09:07:00+09:00
V02Q1940772,37.503635193,127.103503284,2310.0,2026-09-03T09:07:00+09:00
V02Q1940775,37.505801455,127.109663753,1492.0,2026-09-03T09:07:00+09:00
V02Q1940781,37.506173683,127.084756221,662.0,2026-09-03T09:07:00+09:00
V02Q1940784,37.498247757,127.126296648,1504.0,2026-09-03T09:07:00+09:00
V02Q1940787,37.512955044,127.094661921,0.0,2026-09-03T09:07:00+09:00
V02Q1940788,37.509617855,127.0741524,334.0,2026-09-03T09:07:00+09:00
V02Q1940790,37.514278277,127.112258966,0.0,2026-09-03T09:07:00+09:00
V02Q1940800,37.519952859,127.1123122,0.0,2026-09-03T09:07:00+09:00
V02Q1940811,37.52727312,127.116249051,1420.0,2026-09-03T09:07:00+09:00
V02Q1940819,37.507344263,127.104688643,1216.0,2026-09-03T09:07:00+09:00
V02Q1940820,37.511104225,127.102321793,0.0,2026-09-03T09:07:00+09:00
V02Q1940821,37.502832774,127.108694904,4833.0,2026-09-03T09:07:00+09:00
V02Q1940832,37.511768309,127.124209484,1279.0,2026-09-03T09:07:00+09:00
V02Q1940838,37.51767925,127.08881891,0.0,2026-09-03T09:07:00+09:00
V02Q1940860,37.533442403,127.080963254,1493.0,2026-09-03T09:07:00+09:00
V02Q1940873,37.53247211,127.114301129,0.0,2026-09-03T09:07:00+09:00
V02Q1940887,37.502749128,127.09252424,0.0,2026-09-03T09:07:00+09:00
V02Q1940941,37.509088133,127.084056858,4761.0,2026-09-03T09:07:00+09:00
V02Q1940391,37.528616803,127.085121222,2806.0,2026-09-03T10:07:00+09:00
V02Q1940392,37.538286643,127.09239683,4119.0,2026-09-03T10:07:00+09:00
V02Q1940403,37.534309074,127.081985567,2072.0,2026-09-03T10:07:00+09:00
V02Q1940411,37.533878243,127.091521,1869.0,2026-09-03T10:07:00+09:00
V02Q1940506,37.535029673,127.093240689,0.0,2026-09-03T10:07:00+09:00
V02Q1940860,37.533442403,127.080963254,1649.0,2026-09-03T10:07:00+09:00
V02Q1940679,37.495212727,127.121438826,0.0,2026-09-03T10:07:00+09:00
V02Q1940734,37.518407904,127.100366298,0.0,2026-09-03T10:07:00+09:00
V02Q1940784,37.498247757,127.126296648,2345.0,2026-09-03T10:07:00+09:00
V02Q1940706,37.502049127,127.117110751,0.0,2026-09-03T10:07:00+09:00
V02Q1940708,37.514300619,127.091447797,3347.0,2026-09-03T10:07:00+09:00
V02Q1940736,37.504194933,127.128187719,1355.0,2026-09-03T10:07:00+09:00
V02Q1940767,37.502603852,127.092310875,9614.0,2026-09-03T10:07:00+09:00
V02Q1940772,37.503635193,127.103503284,2756.0,2026-09-03T10:07:00+09:00
V02Q1940775,37.505801455,127.109663753,4616.0,2026-09-03T10:07:00+09:00
V02Q1940781,37.506173683,127.084756221,902.0,2026-09-03T10:07:00+09:00
V02Q1940787,37.512955044,127.094661921,0.0,2026-09-03T10:07:00+09:00
V02Q1940788,37.509617855,127.0741524,1257.0,2026-09-03T10:07:00+09:00
V02Q1940790,37.514278277,127.112258966,0.0,2026-09-03T10:07:00+09:00
V02Q1940800,37.519952859,127.1123122,0.0,2026-09-03T10:07:00+09:00
V02Q1940832,37.511768309,127.124209484,6942.0,2026-09-03T10:07:00+09:00
V02Q1940873,37.53247211,127.114301129,0.0,2026-09-03T10:07:00+09:00
V02Q1940507,37.531277474,127.123271252,1294.0,2026-09-03T10:07:00+09:00
V02Q1940713,37.516185359,127.114540561,0.0,2026-09-03T10:07:00+09:00
V02Q1940714,37.513385412,127.10686824,0.0,2026-09-03T10:07:00+09:00
V02Q1940811,37.52727312,127.116249051,9327.0,2026-09-03T10:07:00+09:00
V02Q1940819,37.507344263,127.104688643,1648.0,2026-09-03T10:07:00+09:00
V02Q1940820,37.511104225,127.102321793,0.0,2026-09-03T10:07:00+09:00
V02Q1940821,37.502832774,127.108694904,10429.0,2026-09-03T10:07:00+09:00
V02Q1940838,37.51767925,127.08881891,0.0,2026-09-03T10:07:00+09:00
V02Q1940887,37.502749128,127.09252424,0.0,2026-09-03T10:07:00+09:00
V02Q1940941,37.509088133,127.084056858,10913.0,2026-09-03T10:07:00+09:00
V02Q1940246,37.49920086,127.072395308,1395.0,2026-09-03T10:07:00+09:00
V02Q1940082,37.495507594,127.085748474,3428.0,2026-09-03T10:07:00+09:00
V02Q1940098,37.48670146,127.1000197,14440.0,2026-09-03T10:07:00+09:00
V02Q1940100,37.494978959,127.093144214,11167.0,2026-09-03T10:07:00+09:00
OC3CL210115,37.525641,127.129665,1763.0,2026-09-03T10:07:00+09:00
V02Q1940391,37.528616803,127.085121222,18044.0,2026-09-03T11:07:00+09:00
V02Q1940392,37.538286643,127.09239683,6819.0,2026-09-03T11:07:00+09:00
V02Q1940403,37.534309074,127.081985567,3853.0,2026-09-03T11:07:00+09:00
V02Q1940411,37.533878243,127.091521,2690.0,2026-09-03T11:07:00+09:00
V02Q1940506,37.535029673,127.093240689,0.0,2026-09-03T11:07:00+09:00
V02Q1940860,37.533442403,127.080963254,1833.0,2026-09-03T11:07:00+09:00
V02Q1940679,37.495212727,127.121438826,0.0,2026-09-03T11:07:00+09:00
V02Q1940734,37.518407904,127.100366298,0.0,2026-09-03T11:07:00+09:00
V02Q1940784,37.498247757,127.126296648,9823.0,2026-09-03T11:07:00+09:00
V02Q1940706,37.502049127,127.117110751,0.0,2026-09-03T11:07:00+09:00
V02Q1940708,37.514300619,127.091447797,18249.0,2026-09-03T11:07:00+09:00
V02Q1940736,37.504194933,127.128187719,1443.0,2026-09-03T11:07:00+09:00
V02Q1940767,37.502603852,127.092310875,13302.0,2026-09-03T11:07:00+09:00
V02Q1940772,37.503635193,127.103503284,3212.0,2026-09-03T11:07:00+09:00
V02Q1940775,37.505801455,127.109663753,17490.0,2026-09-03T11:07:00+09:00
V02Q1940781,37.506173683,127.084756221,8349.0,2026-09-03T11:07:00+09:00
V02Q1940787,37.512955044,127.094661921,0.0,2026-09-03T11:07:00+09:00
V02Q1940788,37.509617855,127.0741524,430.0,2026-09-03T11:07:00+09:00
V02Q1940790,37.514278277,127.112258966,0.0,2026-09-03T11:07:00+09:00
V02Q1940800,37.519952859,127.1123122,0.0,2026-09-03T11:07:00+09:00
V02Q1940832,37.511768309,127.124209484,19797.0,2026-09-03T11:07:00+09:00
V02Q1940873,37.53247211,127.114301129,0.0,2026-09-03T11:07:00+09:00
V02Q1940507,37.531277474,127.123271252,1441.0,2026-09-03T11:07:00+09:00
V02Q1940713,37.516185359,127.114540561,0.0,2026-09-03T11:07:00+09:00
V02Q1940714,37.513385412,127.10686824,0.0,2026-09-03T11:07:00+09:00
V02Q1940811,37.52727312,127.116249051,14679.0,2026-09-03T11:07:00+09:00
V02Q1940819,37.507344263,127.104688643,2176.0,2026-09-03T11:07:00+09:00
V02Q1940820,37.511104225,127.102321793,0.0,2026-09-03T11:07:00+09:00
V02Q1940821,37.502832774,127.108694904,12994.0,2026-09-03T11:07:00+09:00
V02Q1940838,37.51767925,127.08881891,0.0,2026-09-03T11:07:00+09:00
V02Q1940887,37.502749128,127.09252424,0.0,2026-09-03T11:07:00+09:00
V02Q1940941,37.509088133,127.084056858,6991.0,2026-09-03T11:07:00+09:00
V02Q1940246,37.49920086,127.072395308,40979.0,2026-09-03T11:07:00+09:00
V02Q1940082,37.495507594,127.085748474,3542.0,2026-09-03T11:07:00+09:00
V02Q1940098,37.48670146,127.1000197,25296.0,2026-09-03T11:07:00+09:00
V02Q1940100,37.494978959,127.093144214,14553.0,2026-09-03T11:07:00+09:00
OC3CL210115,37.525641,127.129665,1838.0,2026-09-03T11:07:00+09:00
OC3CL210115,37.525641,127.129665,3694.0,2026-09-03T12:07:00+09:00
V02Q1940082,37.495507594,127.085748474,2945.0,2026-09-03T12:07:00+09:00
V02Q1940098,37.48670146,127.1000197,9576.0,2026-09-03T12:07:00+09:00
V02Q1940100,37.494978959,127.093144214,15361.0,2026-09-03T12:07:00+09:00
V02Q1940246,37.49920086,127.072395308,31173.0,2026-09-03T12:07:00+09:00
V02Q1940391,37.528616803,127.085121222,29544.0,2026-09-03T12:07:00+09:00
V02Q1940392,37.538286643,127.09239683,24695.0,2026-09-03T12:07:00+09:00
V02Q1940403,37.534309074,127.081985567,3079.0,2026-09-03T12:07:00+09:00
V02Q1940411,37.533878243,127.091521,2727.0,2026-09-03T12:07:00+09:00
V02Q1940506,37.535029673,127.093240689,0.0,2026-09-03T12:07:00+09:00
V02Q1940507,37.531277474,127.123271252,14175.0,2026-09-03T12:07:00+09:00
V02Q1940679,37.495212727,127.121438826,0.0,2026-09-03T12:07:00+09:00
V02Q1940706,37.502049127,127.117110751,0.0,2026-09-03T12:07:00+09:00
V02Q1940708,37.514300619,127.091447797,13020.0,2026-09-03T12:07:00+09:00
V02Q1940713,37.516185359,127.114540561,0.0,2026-09-03T12:07:00+09:00
V02Q1940714,37.513385412,127.10686824,0.0,2026-09-03T12:07:00+09:00
V02Q1940734,37.518407904,127.100366298,0.0,2026-09-03T12:07:00+09:00
V02Q1940736,37.504194933,127.128187719,1938.0,2026-09-03T12:07:00+09:00
V02Q1940767,37.502603852,127.092310875,15598.0,2026-09-03T12:07:00+09:00
V02Q1940772,37.503635193,127.103503284,17734.0,2026-09-03T12:07:00+09:00
V02Q1940775,37.505801455,127.109663753,18186.0,2026-09-03T12:07:00+09:00
V02Q1940781,37.506173683,127.084756221,4737.0,2026-09-03T12:07:00+09:00
V02Q1940784,37.498247757,127.126296648,10229.0,2026-09-03T12:07:00+09:00
V02Q1940787,37.512955044,127.094661921,0.0,2026-09-03T12:07:00+09:00
V02Q1940788,37.509617855,127.0741524,1833.0,2026-09-03T12:07:00+09:00
V02Q1940790,37.514278277,127.112258966,0.0,2026-09-03T12:07:00+09:00
V02Q1940800,37.519952859,127.1123122,0.0,2026-09-03T12:07:00+09:00
V02Q1940811,37.52727312,127.116249051,10177.0,2026-09-03T12:07:00+09:00
V02Q1940819,37.507344263,127.104688643,34346.0,2026-09-03T12:07:00+09:00
V02Q1940820,37.511104225,127.102321793,0.0,2026-09-03T12:07:00+09:00
V02Q1940821,37.502832774,127.108694904,8375.0,2026-09-03T12:07:00+09:00
V02Q1940832,37.511768309,127.124209484,22980.0,2026-09-03T12:07:00+09:00
V02Q1940838,37.51767925,127.08881891,0.0,2026-09-03T12:07:00+09:00
V02Q1940860,37.533442403,127.080963254,8777.0,2026-09-03T12:07:00+09:00
V02Q1940873,37.53247211,127.114301129,0.0,2026-09-03T12:07:00+09:00
V02Q1940887,37.502749128,127.09252424,0.0,2026-09-03T12:07:00+09:00
V02Q1940941,37.509088133,127.084056858,2940.0,2026-09-03T12:07:00+09:00
V02Q1940391,37.528616803,127.085121222,29110.0,2026-09-03T13:07:00+09:00
V02Q1940392,37.538286643,127.09239683,56016.0,2026-09-03T13:07:00+09:00
V02Q1940403,37.534309074,127.081985567,3412.0,2026-09-03T13:07:00+09:00
V02Q1940411,37.533878243,127.091521,28609.0,2026-09-03T13:07:00+09:00
V02Q1940506,37.535029673,127.093240689,0.0,2026-09-03T13:07:00+09:00
V02Q1940860,37.533442403,127.080963254,19249.0,2026-09-03T13:07:00+09:00
V02Q1940679,37.495212727,127.121438826,0.0,2026-09-03T13:07:00+09:00
V02Q1940734,37.518407904,127.100366298,0.0,2026-09-03T13:07:00+09:00
V02Q1940784,37.498247757,127.126296648,3912.0,2026-09-03T13:07:00+09:00
V02Q1940706,37.502049127,127.117110751,0.0,2026-09-03T13:07:00+09:00
V02Q1940708,37.514300619,127.091447797,43910.0,2026-09-03T13:07:00+09:00
V02Q1940736,37.504194933,127.128187719,4866.0,2026-09-03T13:07:00+09:00
V02Q1940767,37.502603852,127.092310875,13820.0,2026-09-03T13:07:00+09:00
V02Q1940772,37.503635193,127.103503284,48047.0,2026-09-03T13:07:00+09:00
V02Q1940775,37.505801455,127.109663753,18304.0,2026-09-03T13:07:00+09:00
V02Q1940781,37.506173683,127.084756221,999.0,2026-09-03T13:07:00+09:00
V02Q1940787,37.512955044,127.094661921,0.0,2026-09-03T13:07:00+09:00
V02Q1940788,37.509617855,127.0741524,549.0,2026-09-03T13:07:00+09:00
V02Q1940790,37.514278277,127.112258966,0.0,2026-09-03T13:07:00+09:00
V02Q1940800,37.519952859,127.1123122,0.0,2026-09-03T13:07:00+09:00
V02Q1940832,37.511768309,127.124209484,7823.0,2026-09-03T13:07:00+09:00
V02Q1940873,37.53247211,127.114301129,0.0,2026-09-03T13:07:00+09:00
V02Q1940507,37.531277474,127.123271252,23059.0,2026-09-03T13:07:00+09:00
V02Q1940713,37.516185359,127.114540561,0.0,2026-09-03T13:07:00+09:00
V02Q1940714,37.513385412,127.10686824,0.0,2026-09-03T13:07:00+09:00
V02Q1940811,37.52727312,127.116249051,19804.0,2026-09-03T13:07:00+09:00
V02Q1940819,37.507344263,127.104688643,34661.0,2026-09-03T13:07:00+09:00
V02Q1940820,37.511104225,127.102321793,0.0,2026-09-03T13:07:00+09:00
V02Q1940821,37.502832774,127.108694904,24206.0,2026-09-03T13:07:00+09:00
V02Q1940838,37.51767925,127.08881891,0.0,2026-09-03T13:07:00+09:00
V02Q1940887,37.502749128,127.09252424,0.0,2026-09-03T13:07:00+09:00
V02Q1940941,37.509088133,127.084056858,2051.0,2026-09-03T13:07:00+09:00
V02Q1940246,37.49920086,127.072395308,13745.0,2026-09-03T13:07:00+09:00
V02Q1940082,37.495507594,127.085748474,7075.0,2026-09-03T13:07:00+09:00
V02Q1940098,37.48670146,127.1000197,12020.0,2026-09-03T13:07:00+09:00
V02Q1940100,37.494978959,127.093144214,10004.0,2026-09-03T13:07:00+09:00
OC3CL210115,37.525641,127.129665,15164.0,2026-09-03T13:07:00+09:00
V02Q1940392,37.538286643,127.09239683,52967.0,2026-09-03T14:07:00+09:00
V02Q1940403,37.534309074,127.081985567,11725.0,2026-09-03T14:07:00+09:00
V02Q1940391,37.528616803,127.085121222,11007.0,2026-09-03T14:07:00+09:00
V02Q1940411,37.533878243,127.091521,32168.0,2026-09-03T14:07:00+09:00
V02Q1940506,37.535029673,127.093240689,0.0,2026-09-03T14:07:00+09:00
V02Q1940860,37.533442403,127.080963254,3833.0,2026-09-03T14:07:00+09:00
V02Q1940679,37.495212727,127.121438826,0.0,2026-09-03T14:07:00+09:00
V02Q1940784,37.498247757,127.126296648,2873.0,2026-09-03T14:07:00+09:00
V02Q1940706,37.502049127,127.117110751,0.0,2026-09-03T14:07:00+09:00
V02Q1940708,37.514300619,127.091447797,51729.0,2026-09-03T14:07:00+09:00
V02Q1940734,37.518407904,127.100366298,0.0,2026-09-03T14:07:00+09:00
V02Q1940736,37.504194933,127.128187719,19236.0,2026-09-03T14:07:00+09:00
V02Q1940767,37.502603852,127.092310875,12853.0,2026-09-03T14:07:00+09:00
V02Q1940772,37.503635193,127.103503284,14267.0,2026-09-03T14:07:00+09:00
V02Q1940775,37.505801455,127.109663753,30330.0,2026-09-03T14:07:00+09:00
V02Q1940781,37.506173683,127.084756221,3061.0,2026-09-03T14:07:00+09:00
V02Q1940787,37.512955044,127.094661921,0.0,2026-09-03T14:07:00+09:00
V02Q1940788,37.509617855,127.0741524,545.0,2026-09-03T14:07:00+09:00
V02Q1940790,37.514278277,127.112258966,0.0,2026-09-03T14:07:00+09:00
V02Q1940800,37.519952859,127.1123122,0.0,2026-09-03T14:07:00+09:00
V02Q1940713,37.516185359,127.114540561,0.0,2026-09-03T14:07:00+09:00
V02Q1940714,37.513385412,127.10686824,0.0,2026-09-03T14:07:00+09:00
V02Q1940811,37.52727312,127.116249051,19770.0,2026-09-03T14:07:00+09:00
V02Q1940819,37.507344263,127.104688643,24241.0,2026-09-03T14:07:00+09:00
V02Q1940820,37.511104225,127.102321793,0.0,2026-09-03T14:07:00+09:00
V02Q1940821,37.502832774,127.108694904,3988.0,2026-09-03T14:07:00+09:00
V02Q1940832,37.511768309,127.124209484,3112.0,2026-09-03T14:07:00+09:00
V02Q1940838,37.51767925,127.08881891,0.0,2026-09-03T14:07:00+09:00
V02Q1940873,37.53247211,127.114301129,0.0,2026-09-03T14:07:00+09:00
V02Q1940887,37.502749128,127.09252424,0.0,2026-09-03T14:07:00+09:00
V02Q1940941,37.509088133,127.084056858,1691.0,2026-09-03T14:07:00+09:00
V02Q1940507,37.531277474,127.123271252,28022.0,2026-09-03T14:07:00+09:00
V02Q1940098,37.48670146,127.1000197,2508.0,2026-09-03T14:07:00+09:00
V02Q1940246,37.49920086,127.072395308,998.0,2026-09-03T14:07:00+09:00
V02Q1940082,37.495507594,127.085748474,1290.0,2026-09-03T14:07:00+09:00
V02Q1940100,37.494978959,127.093144214,2108.0,2026-09-03T14:07:00+09:00
OC3CL210115,37.525641,127.129665,15567.0,2026-09-03T14:07:00+09:00
V02Q1940392,37.538286643,127.09239683,45941.0,2026-09-03T15:07:00+09:00
V02Q1940403,37.534309074,127.081985567,19601.0,2026-09-03T15:07:00+09:00
V02Q1940391,37.528616803,127.085121222,15818.0,2026-09-03T15:07:00+09:00
V02Q1940411,37.533878243,127.091521,24418.0,2026-09-03T15:07:00+09:00
V02Q1940506,37.535029673,127.093240689,0.0,2026-09-03T15:07:00+09:00
V02Q1940860,37.533442403,127.080963254,8243.0,2026-09-03T15:07:00+09:00
V02Q1940679,37.495212727,127.121438826,0.0,2026-09-03T15:07:00+09:00
V02Q1940784,37.498247757,127.126296648,11978.0,2026-09-03T15:07:00+09:00
V02Q1940706,37.502049127,127.117110751,0.0,2026-09-03T15:07:00+09:00
V02Q1940708,37.514300619,127.091447797,13110.0,2026-09-03T15:07:00+09:00
V02Q1940734,37.518407904,127.100366298,0.0,2026-09-03T15:07:00+09:00
V02Q1940736,37.504194933,127.128187719,2157.0,2026-09-03T15:07:00+09:00
V02Q1940767,37.502603852,127.092310875,13437.0,2026-09-03T15:07:00+09:00
V02Q1940772,37.503635193,127.103503284,2848.0,2026-09-03T15:07:00+09:00
V02Q1940775,37.505801455,127.109663753,6273.0,2026-09-03T15:07:00+09:00
V02Q1940781,37.506173683,127.084756221,604.0,2026-09-03T15:07:00+09:00
V02Q1940787,37.512955044,127.094661921,0.0,2026-09-03T15:07:00+09:00
V02Q1940788,37.509617855,127.0741524,684.0,2026-09-03T15:07:00+09:00
V02Q1940790,37.514278277,127.112258966,0.0,2026-09-03T15:07:00+09:00
V02Q1940800,37.519952859,127.1123122,0.0,2026-09-03T15:07:00+09:00
V02Q1940713,37.516185359,127.114540561,0.0,2026-09-03T15:07:00+09:00
V02Q1940714,37.513385412,127.10686824,0.0,2026-09-03T15:07:00+09:00
V02Q1940811,37.52727312,127.116249051,15937.0,2026-09-03T15:07:00+09:00
V02Q1940819,37.507344263,127.104688643,2644.0,2026-09-03T15:07:00+09:00
V02Q1940820,37.511104225,127.102321793,0.0,2026-09-03T15:07:00+09:00
V02Q1940821,37.502832774,127.108694904,902.0,2026-09-03T15:07:00+09:00
V02Q1940832,37.511768309,127.124209484,2689.0,2026-09-03T15:07:00+09:00
V02Q1940838,37.51767925,127.08881891,0.0,2026-09-03T15:07:00+09:00
V02Q1940873,37.53247211,127.114301129,0.0,2026-09-03T15:07:00+09:00
V02Q1940887,37.502749128,127.09252424,0.0,2026-09-03T15:07:00+09:00
V02Q1940941,37.509088133,127.084056858,17673.0,2026-09-03T15:07:00+09:00
V02Q1940507,37.531277474,127.123271252,21288.0,2026-09-03T15:07:00+09:00
V02Q1940098,37.48670146,127.1000197,2023.0,2026-09-03T15:07:00+09:00
V02Q1940246,37.49920086,127.072395308,466.0,2026-09-03T15:07:00+09:00
V02Q1940082,37.495507594,127.085748474,1103.0,2026-09-03T15:07:00+09:00
V02Q1940100,37.494978959,127.093144214,1496.0,2026-09-03T15:07:00+09:00
OC3CL210115,37.525641,127.129665,14951.0,2026-09-03T15:07:00+09:00
V02Q1940392,37.538286643,127.09239683,9029.0,2026-09-03T16:07:00+09:00
V02Q1940403,37.534309074,127.081985567,15221.0,2026-09-03T16:07:00+09:00
V02Q1940391,37.528616803,127.085121222,5572.0,2026-09-03T16:07:00+09:00
V02Q1940411,37.533878243,127.091521,9692.0,2026-09-03T16:07:00+09:00
V02Q1940506,37.535029673,127.093240689,0.0,2026-09-03T16:07:00+09:00
V02Q1940860,37.533442403,127.080963254,16348.0,2026-09-03T16:07:00+09:00
V02Q1940679,37.495212727,127.121438826,0.0,2026-09-03T16:07:00+09:00
V02Q1940734,37.518407904,127.100366298,0.0,2026-09-03T16:07:00+09:00
V02Q1940784,37.498247757,127.126296648,1328.0,2026-09-03T16:07:00+09:00
V02Q1940706,37.502049127,127.117110751,0.0,2026-09-03T16:07:00+09:00
V02Q1940708,37.514300619,127.091447797,4834.0,2026-09-03T16:07:00+09:00
V02Q1940736,37.504194933,127.128187719,3279.0,2026-09-03T16:07:00+09:00
V02Q1940767,37.502603852,127.092310875,6629.0,2026-09-03T16:07:00+09:00
V02Q1940772,37.503635193,127.103503284,13675.0,2026-09-03T16:07:00+09:00
V02Q1940775,37.505801455,127.109663753,2207.0,2026-09-03T16:07:00+09:00
V02Q1940781,37.506173683,127.084756221,1459.0,2026-09-03T16:07:00+09:00
V02Q1940787,37.512955044,127.094661921,0.0,2026-09-03T16:07:00+09:00
V02Q1940788,37.509617855,127.0741524,3297.0,2026-09-03T16:07:00+09:00
V02Q1940790,37.514278277,127.112258966,0.0,2026-09-03T16:07:00+09:00
V02Q1940800,37.519952859,127.1123122,0.0,2026-09-03T16:07:00+09:00
V02Q1940713,37.516185359,127.114540561,0.0,2026-09-03T16:07:00+09:00
V02Q1940714,37.513385412,127.10686824,0.0,2026-09-03T16:07:00+09:00
V02Q1940811,37.52727312,127.116249051,6512.0,2026-09-03T16:07:00+09:00
V02Q1940819,37.507344263,127.104688643,2354.0,2026-09-03T16:07:00+09:00
V02Q1940820,37.511104225,127.102321793,0.0,2026-09-03T16:07:00+09:00
V02Q1940821,37.502832774,127.108694904,788.0,2026-09-03T16:07:00+09:00
V02Q1940832,37.511768309,127.124209484,2381.0,2026-09-03T16:07:00+09:00
V02Q1940838,37.51767925,127.08881891,0.0,2026-09-03T16:07:00+09:00
V02Q1940873,37.53247211,127.114301129,0.0,2026-09-03T16:07:00+09:00
V02Q1940887,37.502749128,127.09252424,0.0,2026-09-03T16:07:00+09:00
V02Q1940941,37.509088133,127.084056858,2997.0,2026-09-03T16:07:00+09:00
V02Q1940507,37.531277474,127.123271252,4278.0,2026-09-03T16:07:00+09:00
V02Q1940246,37.49920086,127.072395308,340.0,2026-09-03T16:07:00+09:00
V02Q1940082,37.495507594,127.085748474,978.0,2026-09-03T16:07:00+09:00
V02Q1940098,37.48670146,127.1000197,1833.0,2026-09-03T16:07:00+09:00
V02Q1940100,37.494978959,127.093144214,8588.0,2026-09-03T16:07:00+09:00
OC3CL210115,37.525641,127.129665,10713.0,2026-09-03T16:07:00+09:00
V02Q1940392,37.538286643,127.09239683,2408.0,2026-09-03T17:07:00+09:00
V02Q1940403,37.534309074,127.081985567,9338.0,2026-09-03T17:07:00+09:00
V02Q1940391,37.528616803,127.085121222,4252.0,2026-09-03T17:07:00+09:00
V02Q1940411,37.533878243,127.091521,1101.0,2026-09-03T17:07:00+09:00
V02Q1940506,37.535029673,127.093240689,0.0,2026-09-03T17:07:00+09:00
V02Q1940860,37.533442403,127.080963254,9044.0,2026-09-03T17:07:00+09:00
V02Q1940679,37.495212727,127.121438826,0.0,2026-09-03T17:07:00+09:00
V02Q1940734,37.518407904,127.100366298,0.0,2026-09-03T17:07:00+09:00
V02Q1940784,37.498247757,127.126296648,727.0,2026-09-03T17:07:00+09:00
V02Q1940706,37.502049127,127.117110751,0.0,2026-09-03T17:07:00+09:00
V02Q1940708,37.514300619,127.091447797,1505.0,2026-09-03T17:07:00+09:00
V02Q1940736,37.504194933,127.128187719,2136.0,2026-09-03T17:07:00+09:00
V02Q1940767,37.502603852,127.092310875,1077.0,2026-09-03T17:07:00+09:00
V02Q1940772,37.503635193,127.103503284,6272.0,2026-09-03T17:07:00+09:00
V02Q1940775,37.505801455,127.109663753,1412.0,2026-09-03T17:07:00+09:00
V02Q1940781,37.506173683,127.084756221,348.0,2026-09-03T17:07:00+09:00
V02Q1940787,37.512955044,127.094661921,0.0,2026-09-03T17:07:00+09:00
V02Q1940788,37.509617855,127.0741524,9537.0,2026-09-03T17:07:00+09:00
V02Q1940790,37.514278277,127.112258966,0.0,2026-09-03T17:07:00+09:00
V02Q1940800,37.519952859,127.1123122,0.0,2026-09-03T17:07:00+09:00
V02Q1940832,37.511768309,127.124209484,2164.0,2026-09-03T17:07:00+09:00
V02Q1940713,37.516185359,127.114540561,0.0,2026-09-03T17:07:00+09:00
V02Q1940714,37.513385412,127.10686824,0.0,2026-09-03T17:07:00+09:00
V02Q1940811,37.52727312,127.116249051,768.0,2026-09-03T17:07:00+09:00
V02Q1940819,37.507344263,127.104688643,1430.0,2026-09-03T17:07:00+09:00
V02Q1940820,37.511104225,127.102321793,0.0,2026-09-03T17:07:00+09:00
V02Q1940821,37.502832774,127.108694904,752.0,2026-09-03T17:07:00+09:00
V02Q1940838,37.51767925,127.08881891,0.0,2026-09-03T17:07:00+09:00
V02Q1940873,37.53247211,127.114301129,0.0,2026-09-03T17:07:00+09:00
V02Q1940887,37.502749128,127.09252424,0.0,2026-09-03T17:07:00+09:00
V02Q1940941,37.509088133,127.084056858,787.0,2026-09-03T17:07:00+09:00
V02Q1940507,37.531277474,127.123271252,7881.0,2026-09-03T17:07:00+09:00
V02Q1940098,37.48670146,127.1000197,7527.0,2026-09-03T17:07:00+09:00
V02Q1940246,37.49920086,127.072395308,290.0,2026-09-03T17:07:00+09:00
V02Q1940082,37.495507594,127.085748474,984.0,2026-09-03T17:07:00+09:00
V02Q1940100,37.494978959,127.093144214,5233.0,2026-09-03T17:07:00+09:00
OC3CL210115,37.525641,127.129665,1779.0,2026-09-03T17:07:00+09:00
V02Q1940391,37.528616803,127.085121222,972.0,2026-09-03T18:07:00+09:00
V02Q1940392,37.538286643,127.09239683,1631.0,2026-09-03T18:07:00+09:00
V02Q1940403,37.534309074,127.081985567,1367.0,2026-09-03T18:07:00+09:00
V02Q1940411,37.533878243,127.091521,681.0,2026-09-03T18:07:00+09:00
V02Q1940506,37.535029673,127.093240689,0.0,2026-09-03T18:07:00+09:00
V02Q1940860,37.533442403,127.080963254,4826.0,2026-09-03T18:07:00+09:00
V02Q1940679,37.495212727,127.121438826,0.0,2026-09-03T18:07:00+09:00
V02Q1940784,37.498247757,127.126296648,439.0,2026-09-03T18:07:00+09:00
V02Q1940706,37.502049127,127.117110751,0.0,2026-09-03T18:07:00+09:00
V02Q1940708,37.514300619,127.091447797,1036.0,2026-09-03T18:07:00+09:00
V02Q1940734,37.518407904,127.100366298,0.0,2026-09-03T18:07:00+09:00
V02Q1940736,37.504194933,127.128187719,1171.0,2026-09-03T18:07:00+09:00
V02Q1940767,37.502603852,127.092310875,781.0,2026-09-03T18:07:00+09:00
V02Q1940772,37.503635193,127.103503284,6392.0,2026-09-03T18:07:00+09:00
V02Q1940775,37.505801455,127.109663753,614.0,2026-09-03T18:07:00+09:00
V02Q1940781,37.506173683,127.084756221,255.0,2026-09-03T18:07:00+09:00
V02Q1940787,37.512955044,127.094661921,0.0,2026-09-03T18:07:00+09:00
V02Q1940788,37.509617855,127.0741524,2972.0,2026-09-03T18:07:00+09:00
V02Q1940790,37.514278277,127.112258966,0.0,2026-09-03T18:07:00+09:00
V02Q1940800,37.519952859,127.1123122,0.0,2026-09-03T18:07:00+09:00
V02Q1940713,37.516185359,127.114540561,0.0,2026-09-03T18:07:00+09:00
V02Q1940714,37.513385412,127.10686824,0.0,2026-09-03T18:07:00+09:00
V02Q1940811,37.52727312,127.116249051,428.0,2026-09-03T18:07:00+09:00
V02Q1940819,37.507344263,127.104688643,793.0,2026-09-03T18:07:00+09:00
V02Q1940820,37.511104225,127.102321793,0.0,2026-09-03T18:07:00+09:00
V02Q1940821,37.502832774,127.108694904,503.0,2026-09-03T18:07:00+09:00
V02Q1940832,37.511768309,127.124209484,1046.0,2026-09-03T18:07:00+09:00
V02Q1940838,37.51767925,127.08881891,0.0,2026-09-03T18:07:00+09:00
V02Q1940873,37.53247211,127.114301129,0.0,2026-09-03T18:07:00+09:00
V02Q1940887,37.502749128,127.09252424,0.0,2026-09-03T18:07:00+09:00
V02Q1940941,37.509088133,127.084056858,494.0,2026-09-03T18:07:00+09:00
V02Q1940507,37.531277474,127.123271252,2346.0,2026-09-03T18:07:00+09:00
V02Q1940246,37.49920086,127.072395308,214.0,2026-09-03T18:07:00+09:00
V02Q1940082,37.495507594,127.085748474,1187.0,2026-09-03T18:07:00+09:00
V02Q1940098,37.48670146,127.1000197,3740.0,2026-09-03T18:07:00+09:00
V02Q1940100,37.494978959,127.093144214,2280.0,2026-09-03T18:07:00+09:00
OC3CL210115,37.525641,127.129665,1115.0,2026-09-03T18:07:00+09:00
V02Q1940392,37.538286643,127.09239683,647.0,2026-09-03T19:07:00+09:00
V02Q1940403,37.534309074,127.081985567,575.0,2026-09-03T19:07:00+09:00
V02Q1940391,37.528616803,127.085121222,418.0,2026-09-03T19:07:00+09:00
V02Q1940411,37.533878243,127.091521,275.0,2026-09-03T19:07:00+09:00
V02Q1940506,37.535029673,127.093240689,0.0,2026-09-03T19:07:00+09:00
V02Q1940860,37.533442403,127.080963254,743.0,2026-09-03T19:07:00+09:00
V02Q1940679,37.495212727,127.121438826,0.0,2026-09-03T19:07:00+09:00
V02Q1940734,37.518407904,127.100366298,0.0,2026-09-03T19:07:00+09:00
V02Q1940784,37.498247757,127.126296648,278.0,2026-09-03T19:07:00+09:00
V02Q1940706,37.502049127,127.117110751,0.0,2026-09-03T19:07:00+09:00
V02Q1940708,37.514300619,127.091447797,482.0,2026-09-03T19:07:00+09:00
V02Q1940736,37.504194933,127.128187719,441.0,2026-09-03T19:07:00+09:00
V02Q1940767,37.502603852,127.092310875,355.0,2026-09-03T19:07:00+09:00
V02Q1940772,37.503635193,127.103503284,1315.0,2026-09-03T19:07:00+09:00
V02Q1940775,37.505801455,127.109663753,282.0,2026-09-03T19:07:00+09:00
V02Q1940781,37.506173683,127.084756221,108.0,2026-09-03T19:07:00+09:00
V02Q1940787,37.512955044,127.094661921,0.0,2026-09-03T19:07:00+09:00
V02Q1940788,37.509617855,127.0741524,410.0,2026-09-03T19:07:00+09:00
V02Q1940790,37.514278277,127.112258966,0.0,2026-09-03T19:07:00+09:00
V02Q1940800,37.519952859,127.1123122,0.0,2026-09-03T19:07:00+09:00
V02Q1940832,37.511768309,127.124209484,324.0,2026-09-03T19:07:00+09:00
V02Q1940713,37.516185359,127.114540561,0.0,2026-09-03T19:07:00+09:00
V02Q1940714,37.513385412,127.10686824,0.0,2026-09-03T19:07:00+09:00
V02Q1940811,37.52727312,127.116249051,187.0,2026-09-03T19:07:00+09:00
V02Q1940819,37.507344263,127.104688643,273.0,2026-09-03T19:07:00+09:00
V02Q1940820,37.511104225,127.102321793,0.0,2026-09-03T19:07:00+09:00
V02Q1940821,37.502832774,127.108694904,203.0,2026-09-03T19:07:00+09:00
V02Q1940838,37.51767925,127.08881891,0.0,2026-09-03T19:07:00+09:00
V02Q1940873,37.53247211,127.114301129,0.0,2026-09-03T19:07:00+09:00
V02Q1940887,37.502749128,127.09252424,0.0,2026-09-03T19:07:00+09:00
V02Q1940941,37.509088133,127.084056858,224.0,2026-09-03T19:07:00+09:00
V02Q1940507,37.531277474,127.123271252,242.0,2026-09-03T19:07:00+09:00
V02Q1940246,37.49920086,127.072395308,104.0,2026-09-03T19:07:00+09:00
V02Q1940082,37.495507594,127.085748474,548.0,2026-09-03T19:07:00+09:00
V02Q1940098,37.48670146,127.1000197,583.0,2026-09-03T19:07:00+09:00
V02Q1940100,37.494978959,127.093144214,314.0,2026-09-03T19:07:00+09:00
OC3CL210115,37.525641,127.129665,410.0,2026-09-03T19:07:00+09:00
V02Q1940391,37.528616803,127.085121222,8.0,2026-09-03T20:07:00+09:00
V02Q1940392,37.538286643,127.09239683,13.0,2026-09-03T20:07:00+09:00
V02Q1940403,37.534309074,127.081985567,9.0,2026-09-03T20:07:00+09:00
V02Q1940411,37.533878243,127.091521,4.0,2026-09-03T20:07:00+09:00
V02Q1940506,37.535029673,127.093240689,0.0,2026-09-03T20:07:00+09:00
V02Q1940860,37.533442403,127.080963254,9.0,2026-09-03T20:07:00+09:00
V02Q1940679,37.495212727,127.121438826,0.0,2026-09-03T20:07:00+09:00
V02Q1940734,37.518407904,127.100366298,0.0,2026-09-03T20:07:00+09:00
V02Q1940784,37.498247757,127.126296648,2.0,2026-09-03T20:07:00+09:00
V02Q1940706,37.502049127,127.117110751,0.0,2026-09-03T20:07:00+09:00
V02Q1940708,37.514300619,127.091447797,9.0,2026-09-03T20:07:00+09:00
V02Q1940736,37.504194933,127.128187719,13.0,2026-09-03T20:07:00+09:00
V02Q1940767,37.502603852,127.092310875,6.0,2026-09-03T20:07:00+09:00
V02Q1940772,37.503635193,127.103503284,14.0,2026-09-03T20:07:00+09:00
V02Q1940775,37.505801455,127.109663753,8.0,2026-09-03T20:07:00+09:00
V02Q1940781,37.506173683,127.084756221,2.0,2026-09-03T20:07:00+09:00
V02Q1940787,37.512955044,127.094661921,0.0,2026-09-03T20:07:00+09:00
V02Q1940788,37.509617855,127.0741524,3.0,2026-09-03T20:07:00+09:00
V02Q1940790,37.514278277,127.112258966,0.0,2026-09-03T20:07:00+09:00
V02Q1940800,37.519952859,127.1123122,0.0,2026-09-03T20:07:00+09:00
V02Q1940832,37.511768309,127.124209484,6.0,2026-09-03T20:07:00+09:00
V02Q1940873,37.53247211,127.114301129,0.0,2026-09-03T20:07:00+09:00
V02Q1940507,37.531277474,127.123271252,315.0,2026-09-03T20:07:00+09:00
V02Q1940713,37.516185359,127.114540561,0.0,2026-09-03T20:07:00+09:00
V02Q1940714,37.513385412,127.10686824,0.0,2026-09-03T20:07:00+09:00
V02Q1940811,37.52727312,127.116249051,4.0,2026-09-03T20:07:00+09:00
V02Q1940819,37.507344263,127.104688643,5.0,2026-09-03T20:07:00+09:00
V02Q1940820,37.511104225,127.102321793,0.0,2026-09-03T20:07:00+09:00
V02Q1940821,37.502832774,127.108694904,69.0,2026-09-03T20:07:00+09:00
V02Q1940838,37.51767925,127.08881891,0.0,2026-09-03T20:07:00+09:00
V02Q1940887,37.502749128,127.09252424,0.0,2026-09-03T20:07:00+09:00
V02Q1940941,37.509088133,127.084056858,4.0,2026-09-03T20:07:00+09:00
V02Q1940098,37.48670146,127.1000197,11.0,2026-09-03T20:07:00+09:00
V02Q1940246,37.49920086,127.072395308,2.0,2026-09-03T20:07:00+09:00
V02Q1940082,37.495507594,127.085748474,7.0,2026-09-03T20:07:00+09:00
V02Q1940100,37.494978959,127.093144214,20.0,2026-09-03T20:07:00+09:00
OC3CL210115,37.525641,127.129665,20.0,2026-09-03T20:07:00+09:00
OC3CL210115,37.525641,127.129665,16.0,2026-09-03T21:07:00+09:00
V02Q1940082,37.495507594,127.085748474,0.0,2026-09-03T21:07:00+09:00
V02Q1940098,37.48670146,127.1000197,0.0,2026-09-03T21:07:00+09:00
V02Q1940100,37.494978959,127.093144214,16.0,2026-09-03T21:07:00+09:00
V02Q1940246,37.49920086,127.072395308,0.0,2026-09-03T21:07:00+09:00
V02Q1940391,37.528616803,127.085121222,1.0,2026-09-03T21:07:00+09:00
V02Q1940392,37.538286643,127.09239683,0.0,2026-09-03T21:07:00+09:00
V02Q1940403,37.534309074,127.081985567,0.0,2026-09-03T21:07:00+09:00
V02Q1940411,37.533878243,127.091521,0.0,2026-09-03T21:07:00+09:00
V02Q1940506,37.535029673,127.093240689,0.0,2026-09-03T21:07:00+09:00
V02Q1940507,37.531277474,127.123271252,364.0,2026-09-03T21:07:00+09:00
V02Q1940679,37.495212727,127.121438826,0.0,2026-09-03T21:07:00+09:00
V02Q1940706,37.502049127,127.117110751,0.0,2026-09-03T21:07:00+09:00
V02Q1940708,37.514300619,127.091447797,0.0,2026-09-03T21:07:00+09:00
V02Q1940713,37.516185359,127.114540561,0.0,2026-09-03T21:07:00+09:00
V02Q1940714,37.513385412,127.10686824,0.0,2026-09-03T21:07:00+09:00
V02Q1940734,37.518407904,127.100366298,0.0,2026-09-03T21:07:00+09:00
V02Q1940736,37.504194933,127.128187719,8.0,2026-09-03T21:07:00+09:00
V02Q1940767,37.502603852,127.092310875,0.0,2026-09-03T21:07:00+09:00
V02Q1940772,37.503635193,127.103503284,0.0,2026-09-03T21:07:00+09:00
V02Q1940775,37.505801455,127.109663753,0.0,2026-09-03T21:07:00+09:00
V02Q1940781,37.506173683,127.084756221,0.0,2026-09-03T21:07:00+09:00
V02Q1940784,37.498247757,127.126296648,1.0,2026-09-03T21:07:00+09:00
V02Q1940787,37.512955044,127.094661921,0.0,2026-09-03T21:07:00+09:00
V02Q1940788,37.509617855,127.0741524,0.0,2026-09-03T21:07:00+09:00
V02Q1940790,37.514278277,127.112258966,0.0,2026-09-03T21:07:00+09:00
V02Q1940800,37.519952859,127.1123122,0.0,2026-09-03T21:07:00+09:00
V02Q1940811,37.52727312,127.116249051,1.0,2026-09-03T21:07:00+09:00
V02Q1940819,37.507344263,127.104688643,0.0,2026-09-03T21:07:00+09:00
V02Q1940820,37.511104225,127.102321793,0.0,2026-09-03T21:07:00+09:00
V02Q1940821,37.502832774,127.108694904,76.0,2026-09-03T21:07:00+09:00
V02Q1940832,37.511768309,127.124209484,0.0,2026-09-03T21:07:00+09:00
V02Q1940838,37.51767925,127.08881891,0.0,2026-09-03T21:07:00+09:00
V02Q1940860,37.533442403,127.080963254,0.0,2026-09-03T21:07:00+09:00
V02Q1940873,37.53247211,127.114301129,0.0,2026-09-03T21:07:00+09:00
V02Q1940887,37.502749128,127.09252424,0.0,2026-09-03T21:07:00+09:00
V02Q1940941,37.509088133,127.084056858,0.0,2026-09-03T21:07:00+09:00
OC3CL210115,37.525641,127.129665,16.0,2026-09-03T22:07:00+09:00
V02Q1940082,37.495507594,127.085748474,0.0,2026-09-03T22:07:00+09:00
V02Q1940098,37.48670146,127.1000197,0.0,2026-09-03T22:07:00+09:00
V02Q1940100,37.494978959,127.093144214,16.0,2026-09-03T22:07:00+09:00
V02Q1940246,37.49920086,127.072395308,0.0,2026-09-03T22:07:00+09:00
V02Q1940391,37.528616803,127.085121222,1.0,2026-09-03T22:07:00+09:00
V02Q1940392,37.538286643,127.09239683,0.0,2026-09-03T22:07:00+09:00
V02Q1940403,37.534309074,127.081985567,0.0,2026-09-03T22:07:00+09:00
V02Q1940411,37.533878243,127.091521,0.0,2026-09-03T22:07:00+09:00
V02Q1940506,37.535029673,127.093240689,0.0,2026-09-03T22:07:00+09:00
V02Q1940507,37.531277474,127.123271252,366.0,2026-09-03T22:07:00+09:00
V02Q1940679,37.495212727,127.121438826,0.0,2026-09-03T22:07:00+09:00
V02Q1940706,37.502049127,127.117110751,0.0,2026-09-03T22:07:00+09:00
V02Q1940708,37.514300619,127.091447797,0.0,2026-09-03T22:07:00+09:00
V02Q1940713,37.516185359,127.114540561,0.0,2026-09-03T22:07:00+09:00
V02Q1940714,37.513385412,127.10686824,0.0,2026-09-03T22:07:00+09:00
V02Q1940734,37.518407904,127.100366298,0.0,2026-09-03T22:07:00+09:00
V02Q1940736,37.504194933,127.128187719,8.0,2026-09-03T22:07:00+09:00
V02Q1940767,37.502603852,127.092310875,0.0,2026-09-03T22:07:00+09:00
V02Q1940772,37.503635193,127.103503284,0.0,2026-09-03T22:07:00+09:00
V02Q1940775,37.505801455,127.109663753,0.0,2026-09-03T22:07:00+09:00
V02Q1940781,37.506173683,127.084756221,0.0,2026-09-03T22:07:00+09:00
V02Q1940784,37.498247757,127.126296648,1.0,2026-09-03T22:07:00+09:00
V02Q1940787,37.512955044,127.094661921,0.0,2026-09-03T22:07:00+09:00
V02Q1940788,37.509617855,127.0741524,0.0,2026-09-03T22:07:00+09:00
V02Q1940790,37.514278277,127.112258966,0.0,2026-09-03T22:07:00+09:00
V02Q1940800,37.519952859,127.1123122,0.0,2026-09-03T22:07:00+09:00
V02Q1940811,37.52727312,127.116249051,1.0,2026-09-03T22:07:00+09:00
V02Q1940819,37.507344263,127.104688643,0.0,2026-09-03T22:07:00+09:00
V02Q1940820,37.511104225,127.102321793,0.0,2026-09-03T22:07:00+09:00
V02Q1940821,37.502832774,127.108694904,76.0,2026-09-03T22:07:00+09:00
V02Q1940832,37.511768309,127.124209484,0.0,2026-09-03T22:07:00+09:00
V02Q1940838,37.51767925,127.08881891,0.0,2026-09-03T22:07:00+09:00
V02Q1940860,37.533442403,127.080963254,0.0,2026-09-03T22:07:00+09:00
V02Q1940873,37.53247211,127.114301129,0.0,2026-09-03T22:07:00+09:00
V02Q1940887,37.502749128,127.09252424,0.0,2026-09-03T22:07:00+09:00
V02Q1940941,37.509088133,127.084056858,0.0,2026-09-03T22:07:00+09:00
OC3CL210115,37.525641,127.129665,16.0,2026-09-03T23:07:00+09:00
V02Q1940082,37.495507594,127.085748474,0.0,2026-09-03T23:07:00+09:00
V02Q1940098,37.48670146,127.1000197,0.0,2026-09-03T23:07:00+09:00
V02Q1940100,37.494978959,127.093144214,16.0,2026-09-03T23:07:00+09:00
V02Q1940246,37.49920086,127.072395308,0.0,2026-09-03T23:07:00+09:00
V02Q1940391,37.528616803,127.085121222,1.0,2026-09-03T23:07:00+09:00
V02Q1940392,37.538286643,127.09239683,0.0,2026-09-03T23:07:00+09:00
V02Q1940403,37.534309074,127.081985567,0.0,2026-09-03T23:07:00+09:00
V02Q1940411,37.533878243,127.091521,0.0,2026-09-03T23:07:00+09:00
V02Q1940506,37.535029673,127.093240689,0.0,2026-09-03T23:07:00+09:00
V02Q1940507,37.531277474,127.123271252,364.0,2026-09-03T23:07:00+09:00
V02Q1940679,37.495212727,127.121438826,0.0,2026-09-03T23:07:00+09:00
V02Q1940706,37.502049127,127.117110751,0.0,2026-09-03T23:07:00+09:00
V02Q1940708,37.514300619,127.091447797,0.0,2026-09-03T23:07:00+09:00
V02Q1940713,37.516185359,127.114540561,0.0,2026-09-03T23:07:00+09:00
V02Q1940714,37.513385412,127.10686824,0.0,2026-09-03T23:07:00+09:00
V02Q1940734,37.518407904,127.100366298,0.0,2026-09-03T23:07:00+09:00
V02Q1940736,37.504194933,127.128187719,8.0,2026-09-03T23:07:00+09:00
V02Q1940767,37.502603852,127.092310875,0.0,2026-09-03T23:07:00+09:00
V02Q1940772,37.503635193,127.103503284,0.0,2026-09-03T23:07:00+09:00
V02Q1940775,37.505801455,127.109663753,0.0,2026-09-03T23:07:00+09:00
V02Q1940781,37.506173683,127.084756221,0.0,2026-09-03T23:07:00+09:00
V02Q1940784,37.498247757,127.126296648,1.0,2026-09-03T23:07:00+09:00
V02Q1940787,37.512955044,127.094661921,0.0,2026-09-03T23:07:00+09:00
V02Q1940788,37.509617855,127.0741524,0.0,2026-09-03T23:07:00+09:00
V02Q1940790,37.514278277,127.112258966,0.0,2026-09-03T23:07:00+09:00
V02Q1940800,37.519952859,127.1123122,0.0,2026-09-03T23:07:00+09:00
V02Q1940811,37.52727312,127.116249051,1.0,2026-09-03T23:07:00+09:00
V02Q1940819,37.507344263,127.104688643,0.0,2026-09-03T23:07:00+09:00
V02Q1940820,37.511104225,127.102321793,0.0,2026-09-03T23:07:00+09:00
V02Q1940821,37.502832774,127.108694904,76.0,2026-09-03T23:07:00+09:00
V02Q1940832,37.511768309,127.124209484,0.0,2026-09-03T23:07:00+09:00
V02Q1940838,37.51767925,127.08881891,0.0,2026-09-03T23:07:00+09:00
V02Q1940860,37.533442403,127.080963254,0.0,2026-09-03T23:07:00+09:00
V02Q1940873,37.53247211,127.114301129,0.0,2026-09-03T23:07:00+09:00
V02Q1940887,37.502749128,127.09252424,0.0,2026-09-03T23:07:00+09:00
V02Q1940941,37.509088133,127.084056858,0.0,2026-09-03T23:07:00+09:00
OC3CL210115,37.525641,127.129665,16.0,2026-09-04T00:07:00+09:00
V02Q1940082,37.495507594,127.085748474,0.0,2026-09-04T00:07:00+09:00
V02Q1940098,37.48670146,127.1000197,0.0,2026-09-04T00:07:00+09:00
V02Q1940100,37.494978959,127.093144214,16.0,2026-09-04T00:07:00+09:00
V02Q1940246,37.49920086,127.072395308,0.0,2026-09-04T00:07:00+09:00
V02Q1940391,37.528616803,127.085121222,1.0,2026-09-04T00:07:00+09:00
V02Q1940392,37.538286643,127.09239683,0.0,2026-09-04T00:07:00+09:00
V02Q1940403,37.534309074,127.081985567,0.0,2026-09-04T00:07:00+09:00
V02Q1940411,37.533878243,127.091521,0.0,2026-09-04T00:07:00+09:00
V02Q1940506,37.535029673,127.093240689,0.0,2026-09-04T00:07:00+09:00
V02Q1940507,37.531277474,127.123271252,364.0,2026-09-04T00:07:00+09:00
V02Q1940679,37.495212727,127.121438826,0.0,2026-09-04T00:07:00+09:00
V02Q1940706,37.502049127,127.117110751,0.0,2026-09-04T00:07:00+09:00
V02Q1940708,37.514300619,127.091447797,0.0,2026-09-04T00:07:00+09:00
V02Q1940713,37.516185359,127.114540561,0.0,2026-09-04T00:07:00+09:00
V02Q1940714,37.513385412,127.10686824,0.0,2026-09-04T00:07:00+09:00
V02Q1940734,37.518407904,127.100366298,0.0,2026-09-04T00:07:00+09:00
V02Q1940736,37.504194933,127.128187719,8.0,2026-09-04T00:07:00+09:00
V02Q1940767,37.502603852,127.092310875,0.0,2026-09-04T00:07:00+09:00
V02Q1940772,37.503635193,127.103503284,0.0,2026-09-04T00:07:00+09:00
V02Q1940775,37.505801455,127.109663753,0.0,2026-09-04T00:07:00+09:00
V02Q1940781,37.506173683,127.084756221,0.0,2026-09-04T00:07:00+09:00
V02Q1940784,37.498247757,127.126296648,1.0,2026-09-04T00:07:00+09:00
V02Q1940787,37.512955044,127.094661921,0.0,2026-09-04T00:07:00+09:00
V02Q1940788,37.509617855,127.0741524,0.0,2026-09-04T00:07:00+09:00
V02Q1940790,37.514278277,127.112258966,0.0,2026-09-04T00:07:00+09:00
V02Q1940800,37.519952859,127.1123122,0.0,2026-09-04T00:07:00+09:00
V02Q1940811,37.52727312,127.116249051,1.0,2026-09-04T00:07:00+09:00
V02Q1940819,37.507344263,127.104688643,0.0,2026-09-04T00:07:00+09:00
V02Q1940820,37.511104225,127.102321793,0.0,2026-09-04T00:07:00+09:00
V02Q1940821,37.502832774,127.108694904,76.0,2026-09-04T00:07:00+09:00
V02Q1940832,37.511768309,127.124209484,0.0,2026-09-04T00:07:00+09:00
V02Q1940838,37.51767925,127.08881891,0.0,2026-09-04T00:07:00+09:00
V02Q1940860,37.533442403,127.080963254,0.0,2026-09-04T00:07:00+09:00
V02Q1940873,37.53247211,127.114301129,0.0,2026-09-04T00:07:00+09:00
V02Q1940887,37.502749128,127.09252424,0.0,2026-09-04T00:07:00+09:00
V02Q1940941,37.509088133,127.084056858,0.0,2026-09-04T00:07:00+09:00
OC3CL200017,37.52406575,127.1285088,5801.0,2026-09-03T12:07:13+09:00
OC3CL200017,37.52406575,127.1285088,15993.0,2026-09-03T13:07:13+09:00
OC3CL200017,37.52406575,127.1285088,16119.0,2026-09-03T14:07:13+09:00
OC3CL200017,37.52406575,127.1285088,14086.0,2026-09-03T15:07:13+09:00
OC3CL200017,37.52406575,127.1285088,9912.0,2026-09-03T16:07:13+09:00
OC3CL200017,37.52406575,127.1285088,2635.0,2026-09-03T17:07:13+09:00
OC3CL200017,37.52406575,127.1285088,1299.0,2026-09-03T18:07:13+09:00
OC3CL200033,37.51217275,127.1046954,0.0,2026-09-03T22:07:52+09:00
OC3CL200033,37.51217275,127.1046954,1275.0,2026-09-03T14:07:52+09:00
OC3CL200033,37.51217275,127.1046954,0.0,2026-09-03T21:07:52+09:00
OC3CL200033,37.51217275,127.1046954,0.0,2026-09-03T01:07:52+09:00
OC3CL200033,37.51217275,127.1046954,0.0,2026-09-03T02:07:52+09:00
OC3CL200033,37.51217275,127.1046954,0.0,2026-09-03T03:07:52+09:00
OC3CL200033,37.51217275,127.1046954,0.0,2026-09-03T04:07:52+09:00
OC3CL200033,37.51217275,127.1046954,0.0,2026-09-03T05:07:52+09:00
OC3CL200033,37.51217275,127.1046954,0.0,2026-09-03T06:07:52+09:00
OC3CL200033,37.51217275,127.1046954,26.0,2026-09-03T07:07:52+09:00
OC3CL200033,37.51217275,127.1046954,81.0,2026-09-03T08:07:52+09:00
OC3CL200033,37.51217275,127.1046954,126.0,2026-09-03T09:07:52+09:00
OC3CL200033,37.51217275,127.1046954,367.0,2026-09-03T10:07:52+09:00
OC3CL200033,37.51217275,127.1046954,477.0,2026-09-03T11:07:52+09:00
OC3CL200033,37.51217275,127.1046954,1465.0,2026-09-03T12:07:52+09:00
OC3CL200033,37.51217275,127.1046954,1696.0,2026-09-03T13:07:52+09:00
OC3CL200135,37.50215692,127.07044791,628.0,2026-09-03T08:07:15+09:00
OC3CL200135,37.50215692,127.07044791,224.0,2026-09-03T07:07:15+09:00
OC3CL200135,37.50215692,127.07044791,1.0,2026-09-03T06:07:15+09:00
OC3CL200135,37.50215692,127.07044791,0.0,2026-09-03T05:07:15+09:00
OC3CL200135,37.50215692,127.07044791,0.0,2026-09-03T04:07:15+09:00
OC3CL200135,37.50215692,127.07044791,0.0,2026-09-03T03:07:15+09:00
OC3CL200141,37.48877157,127.1067039,0.0,2026-09-03T22:07:17+09:00
OC3CL200141,37.48877157,127.1067039,0.0,2026-09-03T21:07:17+09:00
OC3CL200141,37.48877157,127.1067039,11.0,2026-09-03T20:07:17+09:00
OC3CL200141,37.48877157,127.1067039,2508.0,2026-09-03T14:07:17+09:00
OC3CL200141,37.48877157,127.1067039,12020.0,2026-09-03T13:07:17+09:00
OC3CL200141,37.48877157,127.1067039,9576.0,2026-09-03T12:07:17+09:00
OC3CL200141,37.48877157,127.1067039,25296.0,2026-09-03T11:07:17+09:00
OC3CL200141,37.48877157,127.1067039,14440.0,2026-09-03T10:07:17+09:00
OC3CL200141,37.48877157,127.1067039,0.0,2026-09-03T02:07:17+09:00
OC3CL200141,37.48877157,127.1067039,0.0,2026-09-03T01:07:17+09:00
V02Q1940117,37.508537127,127.087121735,8901.0,2026-09-03T11:00:00+09:00
V02Q1940117,37.508537127,127.087121735,1.0,2026-09-03T23:00:00+09:00
V02Q1940117,37.508537127,127.087121735,1.0,2026-09-03T22:00:00+09:00
V02Q1940117,37.508537127,127.087121735,1.0,2026-09-03T21:00:00+09:00
V02Q1940117,37.508537127,127.087121735,4.0,2026-09-03T20:00:00+09:00
V02Q1940117,37.508537127,127.087121735,216.0,2026-09-03T19:00:00+09:00
V02Q1940117,37.508537127,127.087121735,480.0,2026-09-03T18:00:00+09:00
V02Q1940117,37.508537127,127.087121735,758.0,2026-09-03T17:00:00+09:00
V02Q1940117,37.508537127,127.087121735,2761.0,2026-09-03T16:00:00+09:00
V02Q1940117,37.508537127,127.087121735,9209.0,2026-09-03T15:00:00+09:00
V02Q1940117,37.508537127,127.087121735,8304.0,2026-09-03T14:00:00+09:00
V02Q1940117,37.508537127,127.087121735,7127.0,2026-09-03T13:00:00+09:00
V02Q1940117,37.508537127,127.087121735,6172.0,2026-09-03T12:00:00+09:00
V02Q1940117,37.508537127,127.087121735,5920.0,2026-09-03T10:00:00+09:00
V02Q1940117,37.508537127,127.087121735,2743.0,2026-09-03T09:00:00+09:00
V02Q1940117,37.508537127,127.087121735,1361.0,2026-09-03T08:00:00+09:00
V02Q1940117,37.508537127,127.087121735,350.0,2026-09-03T07:00:00+09:00
V02Q1940117,37.508537127,127.087121735,2.0,2026-09-03T06:00:00+09:00
V02Q1940117,37.508537127,127.087121735,0.0,2026-09-03T05:00:00+09:00
V02Q1940117,37.508537127,127.087121735,0.0,2026-09-03T04:00:00+09:00
V02Q1940117,37.508537127,127.087121735,0.0,2026-09-03T03:00:00+09:00
V02Q1940117,37.508537127,127.087121735,0.0,2026-09-03T02:00:00+09:00
V02Q1940117,37.508537127,127.087121735,0.0,2026-09-03T01:00:00+09:00
V02Q1940117,37.508537127,127.087121735,0.0,2026-09-03T00:00:00+09:00
V02Q1940129,37.497655712,127.074468747,0.0,2026-09-03T00:00:00+09:00
V02Q1940129,37.497655712,127.074468747,0.0,2026-09-03T01:00:00+09:00
V02Q1940129,37.497655712,127.074468747,0.0,2026-09-03T02:00:00+09:00
V02Q1940129,37.497655712,127.074468747,0.0,2026-09-03T03:00:00+09:00
V02Q1940129,37.497655712,127.074468747,0.0,2026-09-03T04:00:00+09:00
V02Q1940129,37.497655712,127.074468747,0.0,2026-09-03T05:00:00+09:00
V02Q1940129,37.497655712,127.074468747,1.0,2026-09-03T06:00:00+09:00
V02Q1940129,37.497655712,127.074468747,190.0,2026-09-03T07:00:00+09:00
V02Q1940129,37.497655712,127.074468747,506.0,2026-09-03T08:00:00+09:00
V02Q1940129,37.497655712,127.074468747,891.0,2026-09-03T09:00:00+09:00
V02Q1940129,37.497655712,127.074468747,1509.0,2026-09-03T10:00:00+09:00
V02Q1940129,37.497655712,127.074468747,38871.0,2026-09-03T11:00:00+09:00
V02Q1940129,37.497655712,127.074468747,29583.0,2026-09-03T12:00:00+09:00
V02Q1940129,37.497655712,127.074468747,13369.0,2026-09-03T13:00:00+09:00
V02Q1940129,37.497655712,127.074468747,1014.0,2026-09-03T14:00:00+09:00
V02Q1940129,37.497655712,127.074468747,502.0,2026-09-03T15:00:00+09:00
V02Q1940129,37.497655712,127.074468747,376.0,2026-09-03T16:00:00+09:00
V02Q1940129,37.497655712,127.074468747,329.0,2026-09-03T17:00:00+09:00
V02Q1940129,37.497655712,127.074468747,269.0,2026-09-03T18:00:00+09:00
V02Q1940129,37.497655712,127.074468747,129.0,2026-09-03T19:00:00+09:00
V02Q1940129,37.497655712,127.074468747,2.0,2026-09-03T20:00:00+09:00
V02Q1940129,37.497655712,127.074468747,0.0,2026-09-03T21:00:00+09:00
V02Q1940129,37.497655712,127.074468747,0.0,2026-09-03T22:00:00+09:00
V02Q1940129,37.497655712,127.074468747,0.0,2026-09-03T23:00:00+09:00
V02Q1940742,37.501040267,127.109739451,3249.0,2026-09-03T09:00:00+09:00
V02Q1940742,37.501040267,127.109739451,42.0,2026-09-03T23:00:00+09:00
V02Q1940742,37.501040267,127.109739451,42.0,2026-09-03T22:00:00+09:00
V02Q1940742,37.501040267,127.109739451,42.0,2026-09-03T21:00:00+09:00
V02Q1940742,37.501040267,127.109739451,41.0,2026-09-03T20:00:00+09:00
V02Q1940742,37.501040267,127.109739451,327.0,2026-09-03T19:00:00+09:00
V02Q1940742,37.501040267,127.109739451,1170.0,2026-09-03T18:00:00+09:00
V02Q1940742,37.501040267,127.109739451,1459.0,2026-09-03T17:00:00+09:00
V02Q1940742,37.501040267,127.109739451,2527.0,2026-09-03T16:00:00+09:00
V02Q1940742,37.501040267,127.109739451,1988.0,2026-09-03T15:00:00+09:00
V02Q1940742,37.501040267,127.109739451,10165.0,2026-09-03T14:00:00+09:00
V02Q1940742,37.501040267,127.109739451,24005.0,2026-09-03T13:00:00+09:00
V02Q1940742,37.501040267,127.109739451,11686.0,2026-09-03T12:00:00+09:00
V02Q1940742,37.501040267,127.109739451,10456.0,2026-09-03T11:00:00+09:00
V02Q1940742,37.501040267,127.109739451,6913.0,2026-09-03T10:00:00+09:00
V02Q1940742,37.501040267,127.109739451,1063.0,2026-09-03T08:00:00+09:00
V02Q1940742,37.501040267,127.109739451,271.0,2026-09-03T07:00:00+09:00
V02Q1940742,37.501040267,127.109739451,38.0,2026-09-03T06:00:00+09:00
V02Q1940742,37.501040267,127.109739451,52.0,2026-09-03T05:00:00+09:00
V02Q1940742,37.501040267,127.109739451,57.0,2026-09-03T04:00:00+09:00
V02Q1940742,37.501040267,127.109739451,58.0,2026-09-03T03:00:00+09:00
V02Q1940742,37.501040267,127.109739451,56.0,2026-09-03T02:00:00+09:00
V02Q1940742,37.501040267,127.109739451,58.0,2026-09-03T01:00:00+09:00
V02Q1940742,37.501040267,127.109739451,58.0,2026-09-03T00:00:00+09:00
OC3CL210115,37.525641,127.129665,16.0,2026-09-04T01:07:00+09:00
V02Q1940082,37.495507594,127.085748474,0.0,2026-09-04T01:07:00+09:00
V02Q1940098,37.48670146,127.1000197,0.0,2026-09-04T01:07:00+09:00
V02Q1940100,37.494978959,127.093144214,16.0,2026-09-04T01:07:00+09:00
V02Q1940117,37.508537127,127.087121735,1.0,2026-09-04T01:07:00+09:00
V02Q1940246,37.49920086,127.072395308,0.0,2026-09-04T01:07:00+09:00
V02Q1940391,37.528616803,127.085121222,1.0,2026-09-04T01:07:00+09:00
V02Q1940392,37.538286643,127.09239683,0.0,2026-09-04T01:07:00+09:00
V02Q1940403,37.534309074,127.081985567,0.0,2026-09-04T01:07:00+09:00
V02Q1940411,37.533878243,127.091521,0.0,2026-09-04T01:07:00+09:00
V02Q1940506,37.535029673,127.093240689,0.0,2026-09-04T01:07:00+09:00
V02Q1940507,37.531277474,127.123271252,362.0,2026-09-04T01:07:00+09:00
V02Q1940679,37.495212727,127.121438826,0.0,2026-09-04T01:07:00+09:00
V02Q1940706,37.502049127,127.117110751,0.0,2026-09-04T01:07:00+09:00
V02Q1940708,37.514300619,127.091447797,0.0,2026-09-04T01:07:00+09:00
V02Q1940713,37.516185359,127.114540561,0.0,2026-09-04T01:07:00+09:00
V02Q1940714,37.513385412,127.10686824,0.0,2026-09-04T01:07:00+09:00
V02Q1940734,37.518407904,127.100366298,0.0,2026-09-04T01:07:00+09:00
V02Q1940736,37.504194933,127.128187719,8.0,2026-09-04T01:07:00+09:00
V02Q1940767,37.502603852,127.092310875,0.0,2026-09-04T01:07:00+09:00
V02Q1940772,37.503635193,127.103503284,0.0,2026-09-04T01:07:00+09:00
V02Q1940775,37.505801455,127.109663753,0.0,2026-09-04T01:07:00+09:00
V02Q1940781,37.506173683,127.084756221,0.0,2026-09-04T01:07:00+09:00
V02Q1940784,37.498247757,127.126296648,1.0,2026-09-04T01:07:00+09:00
V02Q1940787,37.512955044,127.094661921,0.0,2026-09-04T01:07:00+09:00
V02Q1940788,37.509617855,127.0741524,0.0,2026-09-04T01:07:00+09:00
V02Q1940790,37.514278277,127.112258966,0.0,2026-09-04T01:07:00+09:00
V02Q1940800,37.519952859,127.1123122,0.0,2026-09-04T01:07:00+09:00
V02Q1940811,37.52727312,127.116249051,1.0,2026-09-04T01:07:00+09:00
V02Q1940819,37.507344263,127.104688643,0.0,2026-09-04T01:07:00+09:00
V02Q1940820,37.511104225,127.102321793,0.0,2026-09-04T01:07:00+09:00
V02Q1940821,37.502832774,127.108694904,76.0,2026-09-04T01:07:00+09:00
V02Q1940832,37.511768309,127.124209484,0.0,2026-09-04T01:07:00+09:00
V02Q1940838,37.51767925,127.08881891,0.0,2026-09-04T01:07:00+09:00
V02Q1940860,37.533442403,127.080963254,0.0,2026-09-04T01:07:00+09:00
V02Q1940873,37.53247211,127.114301129,0.0,2026-09-04T01:07:00+09:00
V02Q1940887,37.502749128,127.09252424,0.0,2026-09-04T01:07:00+09:00
V02Q1940941,37.509088133,127.084056858,0.0,2026-09-04T01:07:00+09:00
V02Q1940392,37.538286643,127.09239683,0.0,2026-09-04T02:07:00+09:00
V02Q1940403,37.534309074,127.081985567,0.0,2026-09-04T02:07:00+09:00
V02Q1940391,37.528616803,127.085121222,1.0,2026-09-04T02:07:00+09:00
V02Q1940411,37.533878243,127.091521,0.0,2026-09-04T02:07:00+09:00
V02Q1940506,37.535029673,127.093240689,0.0,2026-09-04T02:07:00+09:00
V02Q1940860,37.533442403,127.080963254,0.0,2026-09-04T02:07:00+09:00
V02Q1940679,37.495212727,127.121438826,0.0,2026-09-04T02:07:00+09:00
V02Q1940734,37.518407904,127.100366298,0.0,2026-09-04T02:07:00+09:00
V02Q1940784,37.498247757,127.126296648,1.0,2026-09-04T02:07:00+09:00
V02Q1940706,37.502049127,127.117110751,0.0,2026-09-04T02:07:00+09:00
V02Q1940708,37.514300619,127.091447797,0.0,2026-09-04T02:07:00+09:00
V02Q1940714,37.513385412,127.10686824,0.0,2026-09-04T02:07:00+09:00
V02Q1940736,37.504194933,127.128187719,8.0,2026-09-04T02:07:00+09:00
V02Q1940767,37.502603852,127.092310875,0.0,2026-09-04T02:07:00+09:00
V02Q1940772,37.503635193,127.103503284,0.0,2026-09-04T02:07:00+09:00
V02Q1940775,37.505801455,127.109663753,0.0,2026-09-04T02:07:00+09:00
V02Q1940781,37.506173683,127.084756221,0.0,2026-09-04T02:07:00+09:00
V02Q1940787,37.512955044,127.094661921,0.0,2026-09-04T02:07:00+09:00
V02Q1940788,37.509617855,127.0741524,0.0,2026-09-04T02:07:00+09:00
V02Q1940790,37.514278277,127.112258966,0.0,2026-09-04T02:07:00+09:00
V02Q1940800,37.519952859,127.1123122,0.0,2026-09-04T02:07:00+09:00
V02Q1940832,37.511768309,127.124209484,0.0,2026-09-04T02:07:00+09:00
V02Q1940873,37.53247211,127.114301129,0.0,2026-09-04T02:07:00+09:00
V02Q1940117,37.508537127,127.087121735,1.0,2026-09-04T02:07:00+09:00
V02Q1940507,37.531277474,127.123271252,361.0,2026-09-04T02:07:00+09:00
V02Q1940713,37.516185359,127.114540561,0.0,2026-09-04T02:07:00+09:00
V02Q1940811,37.52727312,127.116249051,1.0,2026-09-04T02:07:00+09:00
V02Q1940819,37.507344263,127.104688643,0.0,2026-09-04T02:07:00+09:00
V02Q1940820,37.511104225,127.102321793,0.0,2026-09-04T02:07:00+09:00
V02Q1940821,37.502832774,127.108694904,76.0,2026-09-04T02:07:00+09:00
V02Q1940838,37.51767925,127.08881891,0.0,2026-09-04T02:07:00+09:00
V02Q1940887,37.502749128,127.09252424,0.0,2026-09-04T02:07:00+09:00
V02Q1940941,37.509088133,127.084056858,0.0,2026-09-04T02:07:00+09:00
V02Q1940098,37.48670146,127.1000197,0.0,2026-09-04T02:07:00+09:00
V02Q1940246,37.49920086,127.072395308,0.0,2026-09-04T02:07:00+09:00
V02Q1940082,37.495507594,127.085748474,0.0,2026-09-04T02:07:00+09:00
V02Q1940100,37.494978959,127.093144214,16.0,2026-09-04T02:07:00+09:00
OC3CL210115,37.525641,127.129665,16.0,2026-09-04T02:07:00+09:00
V02Q1940392,37.538286643,127.09239683,0.0,2026-09-04T03:07:00+09:00
V02Q1940403,37.534309074,127.081985567,0.0,2026-09-04T03:07:00+09:00
V02Q1940391,37.528616803,127.085121222,1.0,2026-09-04T03:07:00+09:00
V02Q1940411,37.533878243,127.091521,0.0,2026-09-04T03:07:00+09:00
V02Q1940506,37.535029673,127.093240689,0.0,2026-09-04T03:07:00+09:00
V02Q1940860,37.533442403,127.080963254,0.0,2026-09-04T03:07:00+09:00
V02Q1940679,37.495212727,127.121438826,0.0,2026-09-04T03:07:00+09:00
V02Q1940734,37.518407904,127.100366298,0.0,2026-09-04T03:07:00+09:00
V02Q1940767,37.502603852,127.092310875,0.0,2026-09-04T03:07:00+09:00
V02Q1940784,37.498247757,127.126296648,0.0,2026-09-04T03:07:00+09:00
V02Q1940790,37.514278277,127.112258966,0.0,2026-09-04T03:07:00+09:00
V02Q1940706,37.502049127,127.117110751,0.0,2026-09-04T03:07:00+09:00
V02Q1940708,37.514300619,127.091447797,0.0,2026-09-04T03:07:00+09:00
V02Q1940713,37.516185359,127.114540561,0.0,2026-09-04T03:07:00+09:00
V02Q1940714,37.513385412,127.10686824,0.0,2026-09-04T03:07:00+09:00
V02Q1940736,37.504194933,127.128187719,8.0,2026-09-04T03:07:00+09:00
V02Q1940772,37.503635193,127.103503284,0.0,2026-09-04T03:07:00+09:00
V02Q1940775,37.505801455,127.109663753,0.0,2026-09-04T03:07:00+09:00
V02Q1940781,37.506173683,127.084756221,0.0,2026-09-04T03:07:00+09:00
V02Q1940787,37.512955044,127.094661921,0.0,2026-09-04T03:07:00+09:00
V02Q1940788,37.509617855,127.0741524,0.0,2026-09-04T03:07:00+09:00
V02Q1940800,37.519952859,127.1123122,0.0,2026-09-04T03:07:00+09:00
V02Q1940811,37.52727312,127.116249051,1.0,2026-09-04T03:07:00+09:00
V02Q1940832,37.511768309,127.124209484,0.0,2026-09-04T03:07:00+09:00
V02Q1940873,37.53247211,127.114301129,0.0,2026-09-04T03:07:00+09:00
V02Q1940941,37.509088133,127.084056858,0.0,2026-09-04T03:07:00+09:00
V02Q1940507,37.531277474,127.123271252,362.0,2026-09-04T03:07:00+09:00
V02Q1940819,37.507344263,127.104688643,0.0,2026-09-04T03:07:00+09:00
V02Q1940820,37.511104225,127.102321793,0.0,2026-09-04T03:07:00+09:00
V02Q1940821,37.502832774,127.108694904,76.0,2026-09-04T03:07:00+09:00
V02Q1940838,37.51767925,127.08881891,0.0,2026-09-04T03:07:00+09:00
V02Q1940887,37.502749128,127.09252424,0.0,2026-09-04T03:07:00+09:00
V02Q1940246,37.49920086,127.072395308,0.0,2026-09-04T03:07:00+09:00
V02Q1940082,37.495507594,127.085748474,0.0,2026-09-04T03:07:00+09:00
V02Q1940098,37.48670146,127.1000197,0.0,2026-09-04T03:07:00+09:00
V02Q1940100,37.494978959,127.093144214,16.0,2026-09-04T03:07:00+09:00
OC3CL210115,37.525641,127.129665,16.0,2026-09-04T03:07:00+09:00
OC3CL210115,37.525641,127.129665,16.0,2026-09-04T04:07:00+09:00
V02Q1940082,37.495507594,127.085748474,0.0,2026-09-04T04:07:00+09:00
V02Q1940098,37.48670146,127.1000197,0.0,2026-09-04T04:07:00+09:00
V02Q1940100,37.494978959,127.093144214,16.0,2026-09-04T04:07:00+09:00
V02Q1940117,37.508537127,127.087121735,1.0,2026-09-04T04:07:00+09:00
V02Q1940246,37.49920086,127.072395308,0.0,2026-09-04T04:07:00+09:00
V02Q1940391,37.528616803,127.085121222,1.0,2026-09-04T04:07:00+09:00
V02Q1940392,37.538286643,127.09239683,0.0,2026-09-04T04:07:00+09:00
V02Q1940403,37.534309074,127.081985567,0.0,2026-09-04T04:07:00+09:00
V02Q1940411,37.533878243,127.091521,0.0,2026-09-04T04:07:00+09:00
V02Q1940506,37.535029673,127.093240689,0.0,2026-09-04T04:07:00+09:00
V02Q1940507,37.531277474,127.123271252,365.0,2026-09-04T04:07:00+09:00
V02Q1940679,37.495212727,127.121438826,0.0,2026-09-04T04:07:00+09:00
V02Q1940706,37.502049127,127.117110751,0.0,2026-09-04T04:07:00+09:00
V02Q1940708,37.514300619,127.091447797,0.0,2026-09-04T04:07:00+09:00
V02Q1940713,37.516185359,127.114540561,0.0,2026-09-04T04:07:00+09:00
V02Q1940714,37.513385412,127.10686824,0.0,2026-09-04T04:07:00+09:00
V02Q1940734,37.518407904,127.100366298,0.0,2026-09-04T04:07:00+09:00
V02Q1940736,37.504194933,127.128187719,8.0,2026-09-04T04:07:00+09:00
V02Q1940767,37.502603852,127.092310875,0.0,2026-09-04T04:07:00+09:00
V02Q1940772,37.503635193,127.103503284,0.0,2026-09-04T04:07:00+09:00
V02Q1940775,37.505801455,127.109663753,0.0,2026-09-04T04:07:00+09:00
V02Q1940781,37.506173683,127.084756221,0.0,2026-09-04T04:07:00+09:00
V02Q1940784,37.498247757,127.126296648,0.0,2026-09-04T04:07:00+09:00
V02Q1940787,37.512955044,127.094661921,0.0,2026-09-04T04:07:00+09:00
V02Q1940788,37.509617855,127.0741524,0.0,2026-09-04T04:07:00+09:00
V02Q1940790,37.514278277,127.112258966,0.0,2026-09-04T04:07:00+09:00
V02Q1940800,37.519952859,127.1123122,0.0,2026-09-04T04:07:00+09:00
V02Q1940811,37.52727312,127.116249051,1.0,2026-09-04T04:07:00+09:00
V02Q1940819,37.507344263,127.104688643,0.0,2026-09-04T04:07:00+09:00
V02Q1940820,37.511104225,127.102321793,0.0,2026-09-04T04:07:00+09:00
V02Q1940821,37.502832774,127.108694904,76.0,2026-09-04T04:07:00+09:00
V02Q1940832,37.511768309,127.124209484,0.0,2026-09-04T04:07:00+09:00
V02Q1940838,37.51767925,127.08881891,0.0,2026-09-04T04:07:00+09:00
V02Q1940860,37.533442403,127.080963254,0.0,2026-09-04T04:07:00+09:00
V02Q1940873,37.53247211,127.114301129,0.0,2026-09-04T04:07:00+09:00
V02Q1940887,37.502749128,127.09252424,0.0,2026-09-04T04:07:00+09:00
V02Q1940941,37.509088133,127.084056858,0.0,2026-09-04T04:07:00+09:00
OC3CL210115,37.525641,127.129665,16.0,2026-09-04T05:07:00+09:00
V02Q1940082,37.495507594,127.085748474,0.0,2026-09-04T05:07:00+09:00
V02Q1940098,37.48670146,127.1000197,0.0,2026-09-04T05:07:00+09:00
V02Q1940100,37.494978959,127.093144214,16.0,2026-09-04T05:07:00+09:00
V02Q1940246,37.49920086,127.072395308,0.0,2026-09-04T05:07:00+09:00
V02Q1940391,37.528616803,127.085121222,1.0,2026-09-04T05:07:00+09:00
V02Q1940392,37.538286643,127.09239683,0.0,2026-09-04T05:07:00+09:00
V02Q1940403,37.534309074,127.081985567,0.0,2026-09-04T05:07:00+09:00
V02Q1940411,37.533878243,127.091521,0.0,2026-09-04T05:07:00+09:00
V02Q1940506,37.535029673,127.093240689,0.0,2026-09-04T05:07:00+09:00
V02Q1940507,37.531277474,127.123271252,369.0,2026-09-04T05:07:00+09:00
V02Q1940679,37.495212727,127.121438826,0.0,2026-09-04T05:07:00+09:00
V02Q1940706,37.502049127,127.117110751,0.0,2026-09-04T05:07:00+09:00
V02Q1940708,37.514300619,127.091447797,0.0,2026-09-04T05:07:00+09:00
V02Q1940713,37.516185359,127.114540561,0.0,2026-09-04T05:07:00+09:00
V02Q1940714,37.513385412,127.10686824,0.0,2026-09-04T05:07:00+09:00
V02Q1940734,37.518407904,127.100366298,0.0,2026-09-04T05:07:00+09:00
V02Q1940736,37.504194933,127.128187719,8.0,2026-09-04T05:07:00+09:00
V02Q1940767,37.502603852,127.092310875,0.0,2026-09-04T05:07:00+09:00
V02Q1940772,37.503635193,127.103503284,0.0,2026-09-04T05:07:00+09:00
V02Q1940775,37.505801455,127.109663753,0.0,2026-09-04T05:07:00+09:00
V02Q1940781,37.506173683,127.084756221,0.0,2026-09-04T05:07:00+09:00
V02Q1940784,37.498247757,127.126296648,0.0,2026-09-04T05:07:00+09:00
V02Q1940787,37.512955044,127.094661921,0.0,2026-09-04T05:07:00+09:00
V02Q1940788,37.509617855,127.0741524,0.0,2026-09-04T05:07:00+09:00
V02Q1940790,37.514278277,127.112258966,0.0,2026-09-04T05:07:00+09:00
V02Q1940800,37.519952859,127.1123122,0.0,2026-09-04T05:07:00+09:00
V02Q1940811,37.52727312,127.116249051,1.0,2026-09-04T05:07:00+09:00
V02Q1940819,37.507344263,127.104688643,0.0,2026-09-04T05:07:00+09:00
V02Q1940820,37.511104225,127.102321793,0.0,2026-09-04T05:07:00+09:00
V02Q1940821,37.502832774,127.108694904,76.0,2026-09-04T05:07:00+09:00
V02Q1940832,37.511768309,127.124209484,0.0,2026-09-04T05:07:00+09:00
V02Q1940838,37.51767925,127.08881891,0.0,2026-09-04T05:07:00+09:00
V02Q1940860,37.533442403,127.080963254,0.0,2026-09-04T05:07:00+09:00
V02Q1940873,37.53247211,127.114301129,0.0,2026-09-04T05:07:00+09:00
V02Q1940887,37.502749128,127.09252424,0.0,2026-09-04T05:07:00+09:00
V02Q1940941,37.509088133,127.084056858,0.0,2026-09-04T05:07:00+09:00
OC3CL210115,37.525641,127.129665,17.0,2026-09-04T06:07:00+09:00
V02Q1940082,37.495507594,127.085748474,2.0,2026-09-04T06:07:00+09:00
V02Q1940098,37.48670146,127.1000197,3.0,2026-09-04T06:07:00+09:00
V02Q1940100,37.494978959,127.093144214,19.0,2026-09-04T06:07:00+09:00
V02Q1940246,37.49920086,127.072395308,0.0,2026-09-04T06:07:00+09:00
V02Q1940391,37.528616803,127.085121222,4.0,2026-09-04T06:07:00+09:00
V02Q1940392,37.538286643,127.09239683,4.0,2026-09-04T06:07:00+09:00
V02Q1940403,37.534309074,127.081985567,3.0,2026-09-04T06:07:00+09:00
V02Q1940411,37.533878243,127.091521,1.0,2026-09-04T06:07:00+09:00
V02Q1940506,37.535029673,127.093240689,0.0,2026-09-04T06:07:00+09:00
V02Q1940507,37.531277474,127.123271252,331.0,2026-09-04T06:07:00+09:00
V02Q1940679,37.495212727,127.121438826,0.0,2026-09-04T06:07:00+09:00
V02Q1940706,37.502049127,127.117110751,0.0,2026-09-04T06:07:00+09:00
V02Q1940708,37.514300619,127.091447797,3.0,2026-09-04T06:07:00+09:00
V02Q1940713,37.516185359,127.114540561,0.0,2026-09-04T06:07:00+09:00
V02Q1940714,37.513385412,127.10686824,0.0,2026-09-04T06:07:00+09:00
V02Q1940734,37.518407904,127.100366298,0.0,2026-09-04T06:07:00+09:00
V02Q1940736,37.504194933,127.128187719,10.0,2026-09-04T06:07:00+09:00
V02Q1940767,37.502603852,127.092310875,2.0,2026-09-04T06:07:00+09:00
V02Q1940772,37.503635193,127.103503284,4.0,2026-09-04T06:07:00+09:00
V02Q1940775,37.505801455,127.109663753,1.0,2026-09-04T06:07:00+09:00
V02Q1940781,37.506173683,127.084756221,1.0,2026-09-04T06:07:00+09:00
V02Q1940784,37.498247757,127.126296648,1.0,2026-09-04T06:07:00+09:00
V02Q1940787,37.512955044,127.094661921,0.0,2026-09-04T06:07:00+09:00
V02Q1940788,37.509617855,127.0741524,0.0,2026-09-04T06:07:00+09:00
V02Q1940790,37.514278277,127.112258966,0.0,2026-09-04T06:07:00+09:00
V02Q1940800,37.519952859,127.1123122,0.0,2026-09-04T06:07:00+09:00
V02Q1940811,37.52727312,127.116249051,1.0,2026-09-04T06:07:00+09:00
V02Q1940819,37.507344263,127.104688643,2.0,2026-09-04T06:07:00+09:00
V02Q1940820,37.511104225,127.102321793,0.0,2026-09-04T06:07:00+09:00
V02Q1940821,37.502832774,127.108694904,72.0,2026-09-04T06:07:00+09:00
V02Q1940832,37.511768309,127.124209484,1.0,2026-09-04T06:07:00+09:00
V02Q1940838,37.51767925,127.08881891,0.0,2026-09-04T06:07:00+09:00
V02Q1940860,37.533442403,127.080963254,2.0,2026-09-04T06:07:00+09:00
V02Q1940873,37.53247211,127.114301129,0.0,2026-09-04T06:07:00+09:00
V02Q1940887,37.502749128,127.09252424,0.0,2026-09-04T06:07:00+09:00
V02Q1940941,37.509088133,127.084056858,2.0,2026-09-04T06:07:00+09:00
V02Q1940391,37.528616803,127.085121222,420.0,2026-09-04T07:07:00+09:00
V02Q1940392,37.538286643,127.09239683,599.0,2026-09-04T07:07:00+09:00
V02Q1940403,37.534309074,127.081985567,426.0,2026-09-04T07:07:00+09:00
V02Q1940411,37.533878243,127.091521,352.0,2026-09-04T07:07:00+09:00
V02Q1940506,37.535029673,127.093240689,0.0,2026-09-04T07:07:00+09:00
V02Q1940860,37.533442403,127.080963254,347.0,2026-09-04T07:07:00+09:00
V02Q1940679,37.495212727,127.121438826,0.0,2026-09-04T07:07:00+09:00
V02Q1940734,37.518407904,127.100366298,0.0,2026-09-04T07:07:00+09:00
V02Q1940767,37.502603852,127.092310875,348.0,2026-09-04T07:07:00+09:00
V02Q1940772,37.503635193,127.103503284,628.0,2026-09-04T07:07:00+09:00
V02Q1940784,37.498247757,127.126296648,201.0,2026-09-04T07:07:00+09:00
V02Q1940790,37.514278277,127.112258966,0.0,2026-09-04T07:07:00+09:00
V02Q1940706,37.502049127,127.117110751,0.0,2026-09-04T07:07:00+09:00
V02Q1940708,37.514300619,127.091447797,493.0,2026-09-04T07:07:00+09:00
V02Q1940714,37.513385412,127.10686824,0.0,2026-09-04T07:07:00+09:00
V02Q1940736,37.504194933,127.128187719,331.0,2026-09-04T07:07:00+09:00
V02Q1940775,37.505801455,127.109663753,236.0,2026-09-04T07:07:00+09:00
V02Q1940781,37.506173683,127.084756221,108.0,2026-09-04T07:07:00+09:00
V02Q1940787,37.512955044,127.094661921,0.0,2026-09-04T07:07:00+09:00
V02Q1940788,37.509617855,127.0741524,63.0,2026-09-04T07:07:00+09:00
V02Q1940800,37.519952859,127.1123122,0.0,2026-09-04T07:07:00+09:00
V02Q1940811,37.52727312,127.116249051,136.0,2026-09-04T07:07:00+09:00
V02Q1940821,37.502832774,127.108694904,209.0,2026-09-04T07:07:00+09:00
V02Q1940832,37.511768309,127.124209484,243.0,2026-09-04T07:07:00+09:00
V02Q1940873,37.53247211,127.114301129,0.0,2026-09-04T07:07:00+09:00
V02Q1940941,37.509088133,127.084056858,236.0,2026-09-04T07:07:00+09:00
V02Q1940713,37.516185359,127.114540561,0.0,2026-09-04T07:07:00+09:00
V02Q1940819,37.507344263,127.104688643,217.0,2026-09-04T07:07:00+09:00
V02Q1940820,37.511104225,127.102321793,0.0,2026-09-04T07:07:00+09:00
V02Q1940887,37.502749128,127.09252424,0.0,2026-09-04T07:07:00+09:00
V02Q1940507,37.531277474,127.123271252,187.0,2026-09-04T07:07:00+09:00
V02Q1940838,37.51767925,127.08881891,0.0,2026-09-04T07:07:00+09:00
V02Q1940246,37.49920086,127.072395308,103.0,2026-09-04T07:07:00+09:00
V02Q1940098,37.48670146,127.1000197,518.0,2026-09-04T07:07:00+09:00
V02Q1940100,37.494978959,127.093144214,460.0,2026-09-04T07:07:00+09:00
V02Q1940082,37.495507594,127.085748474,346.0,2026-09-04T07:07:00+09:00
OC3CL210115,37.525641,127.129665,350.0,2026-09-04T07:07:00+09:00
V02Q1940392,37.538286643,127.09239683,1694.0,2026-09-04T08:07:00+09:00
V02Q1940403,37.534309074,127.081985567,1180.0,2026-09-04T08:07:00+09:00
V02Q1940391,37.528616803,127.085121222,1062.0,2026-09-04T08:07:00+09:00
V02Q1940411,37.533878243,127.091521,1562.0,2026-09-04T08:07:00+09:00
V02Q1940506,37.535029673,127.093240689,0.0,2026-09-04T08:07:00+09:00
V02Q1940860,37.533442403,127.080963254,848.0,2026-09-04T08:07:00+09:00
V02Q1940679,37.495212727,127.121438826,0.0,2026-09-04T08:07:00+09:00
V02Q1940734,37.518407904,127.100366298,0.0,2026-09-04T08:07:00+09:00
V02Q1940784,37.498247757,127.126296648,831.0,2026-09-04T08:07:00+09:00
V02Q1940706,37.502049127,127.117110751,0.0,2026-09-04T08:07:00+09:00
V02Q1940708,37.514300619,127.091447797,1466.0,2026-09-04T08:07:00+09:00
V02Q1940714,37.513385412,127.10686824,0.0,2026-09-04T08:07:00+09:00
V02Q1940736,37.504194933,127.128187719,1265.0,2026-09-04T08:07:00+09:00
V02Q1940767,37.502603852,127.092310875,2198.0,2026-09-04T08:07:00+09:00
V02Q1940772,37.503635193,127.103503284,1419.0,2026-09-04T08:07:00+09:00
V02Q1940775,37.505801455,127.109663753,651.0,2026-09-04T08:07:00+09:00
V02Q1940781,37.506173683,127.084756221,271.0,2026-09-04T08:07:00+09:00
V02Q1940787,37.512955044,127.094661921,0.0,2026-09-04T08:07:00+09:00
V02Q1940788,37.509617855,127.0741524,176.0,2026-09-04T08:07:00+09:00
V02Q1940790,37.514278277,127.112258966,0.0,2026-09-04T08:07:00+09:00
V02Q1940800,37.519952859,127.1123122,0.0,2026-09-04T08:07:00+09:00
V02Q1940832,37.511768309,127.124209484,636.0,2026-09-04T08:07:00+09:00
V02Q1940873,37.53247211,127.114301129,0.0,2026-09-04T08:07:00+09:00
V02Q1940507,37.531277474,127.123271252,477.0,2026-09-04T08:07:00+09:00
V02Q1940713,37.516185359,127.114540561,0.0,2026-09-04T08:07:00+09:00
V02Q1940811,37.52727312,127.116249051,349.0,2026-09-04T08:07:00+09:00
V02Q1940819,37.507344263,127.104688643,531.0,2026-09-04T08:07:00+09:00
V02Q1940821,37.502832774,127.108694904,1821.0,2026-09-04T08:07:00+09:00
V02Q1940838,37.51767925,127.08881891,0.0,2026-09-04T08:07:00+09:00
V02Q1940887,37.502749128,127.09252424,0.0,2026-09-04T08:07:00+09:00
V02Q1940941,37.509088133,127.084056858,1773.0,2026-09-04T08:07:00+09:00
V02Q1940820,37.511104225,127.102321793,0.0,2026-09-04T08:07:00+09:00
V02Q1940098,37.48670146,127.1000197,3186.0,2026-09-04T08:07:00+09:00
V02Q1940246,37.49920086,127.072395308,273.0,2026-09-04T08:07:00+09:00
V02Q1940082,37.495507594,127.085748474,1262.0,2026-09-04T08:07:00+09:00
V02Q1940100,37.494978959,127.093144214,3120.0,2026-09-04T08:07:00+09:00
OC3CL210115,37.525641,127.129665,1175.0,2026-09-04T08:07:00+09:00
OC3CL210115,37.525641,127.129665,1455.0,2026-09-04T09:07:00+09:00
V02Q1940082,37.495507594,127.085748474,1400.0,2026-09-04T09:07:00+09:00
V02Q1940098,37.48670146,127.1000197,8809.0,2026-09-04T09:07:00+09:00
V02Q1940100,37.494978959,127.093144214,7336.0,2026-09-04T09:07:00+09:00
V02Q1940246,37.49920086,127.072395308,425.0,2026-09-04T09:07:00+09:00
V02Q1940391,37.528616803,127.085121222,1453.0,2026-09-04T09:07:00+09:00
V02Q1940392,37.538286643,127.09239683,2692.0,2026-09-04T09:07:00+09:00
V02Q1940403,37.534309074,127.081985567,2650.0,2026-09-04T09:07:00+09:00
V02Q1940411,37.533878243,127.091521,1409.0,2026-09-04T09:07:00+09:00
V02Q1940506,37.535029673,127.093240689,0.0,2026-09-04T09:07:00+09:00
V02Q1940507,37.531277474,127.123271252,1412.0,2026-09-04T09:07:00+09:00
V02Q1940679,37.495212727,127.121438826,0.0,2026-09-04T09:07:00+09:00
V02Q1940706,37.502049127,127.117110751,0.0,2026-09-04T09:07:00+09:00
V02Q1940708,37.514300619,127.091447797,1975.0,2026-09-04T09:07:00+09:00
V02Q1940713,37.516185359,127.114540561,0.0,2026-09-04T09:07:00+09:00
V02Q1940714,37.513385412,127.10686824,0.0,2026-09-04T09:07:00+09:00
V02Q1940734,37.518407904,127.100366298,0.0,2026-09-04T09:07:00+09:00
V02Q1940736,37.504194933,127.128187719,1022.0,2026-09-04T09:07:00+09:00
V02Q1940767,37.502603852,127.092310875,5995.0,2026-09-04T09:07:00+09:00
V02Q1940772,37.503635193,127.103503284,1753.0,2026-09-04T09:07:00+09:00
V02Q1940775,37.505801455,127.109663753,1127.0,2026-09-04T09:07:00+09:00
V02Q1940781,37.506173683,127.084756221,370.0,2026-09-04T09:07:00+09:00
V02Q1940784,37.498247757,127.126296648,1196.0,2026-09-04T09:07:00+09:00
V02Q1940787,37.512955044,127.094661921,0.0,2026-09-04T09:07:00+09:00
V02Q1940788,37.509617855,127.0741524,269.0,2026-09-04T09:07:00+09:00
V02Q1940790,37.514278277,127.112258966,0.0,2026-09-04T09:07:00+09:00
V02Q1940800,37.519952859,127.1123122,0.0,2026-09-04T09:07:00+09:00
V02Q1940811,37.52727312,127.116249051,1507.0,2026-09-04T09:07:00+09:00
V02Q1940819,37.507344263,127.104688643,758.0,2026-09-04T09:07:00+09:00
V02Q1940820,37.511104225,127.102321793,0.0,2026-09-04T09:07:00+09:00
V02Q1940821,37.502832774,127.108694904,5453.0,2026-09-04T09:07:00+09:00
V02Q1940832,37.511768309,127.124209484,955.0,2026-09-04T09:07:00+09:00
V02Q1940838,37.51767925,127.08881891,0.0,2026-09-04T09:07:00+09:00
V02Q1940860,37.533442403,127.080963254,1100.0,2026-09-04T09:07:00+09:00
V02Q1940873,37.53247211,127.114301129,0.0,2026-09-04T09:07:00+09:00
V02Q1940887,37.502749128,127.09252424,0.0,2026-09-04T09:07:00+09:00
V02Q1940941,37.509088133,127.084056858,6850.0,2026-09-04T09:07:00+09:00
V02Q1940391,37.528616803,127.085121222,1857.0,2026-09-04T10:07:00+09:00
V02Q1940392,37.538286643,127.09239683,3362.0,2026-09-04T10:07:00+09:00
V02Q1940403,37.534309074,127.081985567,1697.0,2026-09-04T10:07:00+09:00
V02Q1940411,37.533878243,127.091521,1591.0,2026-09-04T10:07:00+09:00
V02Q1940506,37.535029673,127.093240689,0.0,2026-09-04T10:07:00+09:00
V02Q1940860,37.533442403,127.080963254,1230.0,2026-09-04T10:07:00+09:00
V02Q1940679,37.495212727,127.121438826,0.0,2026-09-04T10:07:00+09:00
V02Q1940734,37.518407904,127.100366298,0.0,2026-09-04T10:07:00+09:00
V02Q1940784,37.498247757,127.126296648,1711.0,2026-09-04T10:07:00+09:00
V02Q1940706,37.502049127,127.117110751,0.0,2026-09-04T10:07:00+09:00
V02Q1940708,37.514300619,127.091447797,2837.0,2026-09-04T10:07:00+09:00
V02Q1940714,37.513385412,127.10686824,0.0,2026-09-04T10:07:00+09:00
V02Q1940736,37.504194933,127.128187719,1116.0,2026-09-04T10:07:00+09:00
V02Q1940767,37.502603852,127.092310875,9723.0,2026-09-04T10:07:00+09:00
V02Q1940772,37.503635193,127.103503284,2012.0,2026-09-04T10:07:00+09:00
V02Q1940775,37.505801455,127.109663753,5250.0,2026-09-04T10:07:00+09:00
V02Q1940781,37.506173683,127.084756221,488.0,2026-09-04T10:07:00+09:00
V02Q1940787,37.512955044,127.094661921,0.0,2026-09-04T10:07:00+09:00
V02Q1940788,37.509617855,127.0741524,1564.0,2026-09-04T10:07:00+09:00
V02Q1940790,37.514278277,127.112258966,0.0,2026-09-04T10:07:00+09:00
V02Q1940800,37.519952859,127.1123122,0.0,2026-09-04T10:07:00+09:00
V02Q1940832,37.511768309,127.124209484,6712.0,2026-09-04T10:07:00+09:00
V02Q1940873,37.53247211,127.114301129,0.0,2026-09-04T10:07:00+09:00
V02Q1940507,37.531277474,127.123271252,1141.0,2026-09-04T10:07:00+09:00
V02Q1940713,37.516185359,127.114540561,0.0,2026-09-04T10:07:00+09:00
V02Q1940811,37.52727312,127.116249051,11093.0,2026-09-04T10:07:00+09:00
V02Q1940819,37.507344263,127.104688643,1089.0,2026-09-04T10:07:00+09:00
V02Q1940820,37.511104225,127.102321793,0.0,2026-09-04T10:07:00+09:00
V02Q1940821,37.502832774,127.108694904,9021.0,2026-09-04T10:07:00+09:00
V02Q1940838,37.51767925,127.08881891,0.0,2026-09-04T10:07:00+09:00
V02Q1940887,37.502749128,127.09252424,0.0,2026-09-04T10:07:00+09:00
V02Q1940941,37.509088133,127.084056858,11862.0,2026-09-04T10:07:00+09:00
V02Q1940098,37.48670146,127.1000197,15132.0,2026-09-04T10:07:00+09:00
V02Q1940246,37.49920086,127.072395308,617.0,2026-09-04T10:07:00+09:00
V02Q1940082,37.495507594,127.085748474,3081.0,2026-09-04T10:07:00+09:00
V02Q1940100,37.494978959,127.093144214,11900.0,2026-09-04T10:07:00+09:00
OC3CL210115,37.525641,127.129665,1498.0,2026-09-04T10:07:00+09:00
V02Q1940391,37.528616803,127.085121222,18028.0,2026-09-04T11:07:00+09:00
V02Q1940392,37.538286643,127.09239683,4442.0,2026-09-04T11:07:00+09:00
V02Q1940403,37.534309074,127.081985567,4211.0,2026-09-04T11:07:00+09:00
V02Q1940411,37.533878243,127.091521,2364.0,2026-09-04T11:07:00+09:00
V02Q1940506,37.535029673,127.093240689,0.0,2026-09-04T11:07:00+09:00
V02Q1940860,37.533442403,127.080963254,1297.0,2026-09-04T11:07:00+09:00
V02Q1940679,37.495212727,127.121438826,0.0,2026-09-04T11:07:00+09:00
V02Q1940734,37.518407904,127.100366298,0.0,2026-09-04T11:07:00+09:00
V02Q1940784,37.498247757,127.126296648,9822.0,2026-09-04T11:07:00+09:00
V02Q1940706,37.502049127,127.117110751,0.0,2026-09-04T11:07:00+09:00
V02Q1940708,37.514300619,127.091447797,15906.0,2026-09-04T11:07:00+09:00
V02Q1940714,37.513385412,127.10686824,0.0,2026-09-04T11:07:00+09:00
V02Q1940736,37.504194933,127.128187719,1191.0,2026-09-04T11:07:00+09:00
V02Q1940767,37.502603852,127.092310875,13480.0,2026-09-04T11:07:00+09:00
V02Q1940772,37.503635193,127.103503284,2228.0,2026-09-04T11:07:00+09:00
V02Q1940775,37.505801455,127.109663753,17925.0,2026-09-04T11:07:00+09:00
V02Q1940781,37.506173683,127.084756221,8475.0,2026-09-04T11:07:00+09:00
V02Q1940787,37.512955044,127.094661921,0.0,2026-09-04T11:07:00+09:00
V02Q1940788,37.509617855,127.0741524,364.0,2026-09-04T11:07:00+09:00
V02Q1940790,37.514278277,127.112258966,0.0,2026-09-04T11:07:00+09:00
V02Q1940800,37.519952859,127.1123122,0.0,2026-09-04T11:07:00+09:00
V02Q1940832,37.511768309,127.124209484,20490.0,2026-09-04T11:07:00+09:00
V02Q1940873,37.53247211,127.114301129,0.0,2026-09-04T11:07:00+09:00
V02Q1940507,37.531277474,127.123271252,1139.0,2026-09-04T11:07:00+09:00
V02Q1940713,37.516185359,127.114540561,0.0,2026-09-04T11:07:00+09:00
V02Q1940811,37.52727312,127.116249051,17756.0,2026-09-04T11:07:00+09:00
V02Q1940819,37.507344263,127.104688643,1500.0,2026-09-04T11:07:00+09:00
V02Q1940820,37.511104225,127.102321793,0.0,2026-09-04T11:07:00+09:00
V02Q1940821,37.502832774,127.108694904,10486.0,2026-09-04T11:07:00+09:00
V02Q1940838,37.51767925,127.08881891,0.0,2026-09-04T11:07:00+09:00
V02Q1940887,37.502749128,127.09252424,0.0,2026-09-04T11:07:00+09:00
V02Q1940941,37.509088133,127.084056858,6333.0,2026-09-04T11:07:00+09:00
V02Q1940098,37.48670146,127.1000197,21636.0,2026-09-04T11:07:00+09:00
V02Q1940246,37.49920086,127.072395308,16075.0,2026-09-04T11:07:00+09:00
V02Q1940082,37.495507594,127.085748474,3138.0,2026-09-04T11:07:00+09:00
V02Q1940100,37.494978959,127.093144214,15661.0,2026-09-04T11:07:00+09:00
OC3CL210115,37.525641,127.129665,1554.0,2026-09-04T11:07:00+09:00
OC3CL210115,37.525641,127.129665,3985.0,2026-09-04T12:07:00+09:00
V02Q1940082,37.495507594,127.085748474,1778.0,2026-09-04T12:07:00+09:00
V02Q1940098,37.48670146,127.1000197,20060.0,2026-09-04T12:07:00+09:00
V02Q1940100,37.494978959,127.093144214,15735.0,2026-09-04T12:07:00+09:00
V02Q1940246,37.49920086,127.072395308,31281.0,2026-09-04T12:07:00+09:00
V02Q1940391,37.528616803,127.085121222,30331.0,2026-09-04T12:07:00+09:00
V02Q1940392,37.538286643,127.09239683,24002.0,2026-09-04T12:07:00+09:00
V02Q1940403,37.534309074,127.081985567,2194.0,2026-09-04T12:07:00+09:00
V02Q1940411,37.533878243,127.091521,2386.0,2026-09-04T12:07:00+09:00
V02Q1940506,37.535029673,127.093240689,0.0,2026-09-04T12:07:00+09:00
V02Q1940507,37.531277474,127.123271252,14233.0,2026-09-04T12:07:00+09:00
V02Q1940679,37.495212727,127.121438826,0.0,2026-09-04T12:07:00+09:00
V02Q1940706,37.502049127,127.117110751,0.0,2026-09-04T12:07:00+09:00
V02Q1940708,37.514300619,127.091447797,20024.0,2026-09-04T12:07:00+09:00
V02Q1940713,37.516185359,127.114540561,0.0,2026-09-04T12:07:00+09:00
V02Q1940714,37.513385412,127.10686824,0.0,2026-09-04T12:07:00+09:00
V02Q1940734,37.518407904,127.100366298,0.0,2026-09-04T12:07:00+09:00
V02Q1940736,37.504194933,127.128187719,1375.0,2026-09-04T12:07:00+09:00
V02Q1940767,37.502603852,127.092310875,16963.0,2026-09-04T12:07:00+09:00
V02Q1940772,37.503635193,127.103503284,16361.0,2026-09-04T12:07:00+09:00
V02Q1940775,37.505801455,127.109663753,17309.0,2026-09-04T12:07:00+09:00
V02Q1940781,37.506173683,127.084756221,5999.0,2026-09-04T12:07:00+09:00
V02Q1940784,37.498247757,127.126296648,12514.0,2026-09-04T12:07:00+09:00
V02Q1940787,37.512955044,127.094661921,0.0,2026-09-04T12:07:00+09:00
V02Q1940788,37.509617855,127.0741524,2788.0,2026-09-04T12:07:00+09:00
V02Q1940790,37.514278277,127.112258966,0.0,2026-09-04T12:07:00+09:00
V02Q1940800,37.519952859,127.1123122,0.0,2026-09-04T12:07:00+09:00
V02Q1940811,37.52727312,127.116249051,12416.0,2026-09-04T12:07:00+09:00
V02Q1940819,37.507344263,127.104688643,37983.0,2026-09-04T12:07:00+09:00
V02Q1940820,37.511104225,127.102321793,0.0,2026-09-04T12:07:00+09:00
V02Q1940821,37.502832774,127.108694904,7141.0,2026-09-04T12:07:00+09:00
V02Q1940832,37.511768309,127.124209484,25991.0,2026-09-04T12:07:00+09:00
V02Q1940838,37.51767925,127.08881891,0.0,2026-09-04T12:07:00+09:00
V02Q1940860,37.533442403,127.080963254,6933.0,2026-09-04T12:07:00+09:00
V02Q1940873,37.53247211,127.114301129,0.0,2026-09-04T12:07:00+09:00
V02Q1940887,37.502749128,127.09252424,0.0,2026-09-04T12:07:00+09:00
V02Q1940941,37.509088133,127.084056858,2377.0,2026-09-04T12:07:00+09:00
V02Q1940391,37.528616803,127.085121222,29079.0,2026-09-04T13:07:00+09:00
V02Q1940392,37.538286643,127.09239683,56084.0,2026-09-04T13:07:00+09:00
V02Q1940403,37.534309074,127.081985567,2192.0,2026-09-04T13:07:00+09:00
V02Q1940411,37.533878243,127.091521,29284.0,2026-09-04T13:07:00+09:00
V02Q1940506,37.535029673,127.093240689,0.0,2026-09-04T13:07:00+09:00
V02Q1940860,37.533442403,127.080963254,18567.0,2026-09-04T13:07:00+09:00
V02Q1940679,37.495212727,127.121438826,0.0,2026-09-04T13:07:00+09:00
V02Q1940706,37.502049127,127.117110751,0.0,2026-09-04T13:07:00+09:00
V02Q1940708,37.514300619,127.091447797,47331.0,2026-09-04T13:07:00+09:00
V02Q1940734,37.518407904,127.100366298,0.0,2026-09-04T13:07:00+09:00
V02Q1940767,37.502603852,127.092310875,18693.0,2026-09-04T13:07:00+09:00
V02Q1940775,37.505801455,127.109663753,21479.0,2026-09-04T13:07:00+09:00
V02Q1940784,37.498247757,127.126296648,5342.0,2026-09-04T13:07:00+09:00
V02Q1940790,37.514278277,127.112258966,0.0,2026-09-04T13:07:00+09:00
V02Q1940713,37.516185359,127.114540561,0.0,2026-09-04T13:07:00+09:00
V02Q1940714,37.513385412,127.10686824,0.0,2026-09-04T13:07:00+09:00
V02Q1940736,37.504194933,127.128187719,3005.0,2026-09-04T13:07:00+09:00
V02Q1940772,37.503635193,127.103503284,50240.0,2026-09-04T13:07:00+09:00
V02Q1940781,37.506173683,127.084756221,1223.0,2026-09-04T13:07:00+09:00
V02Q1940787,37.512955044,127.094661921,0.0,2026-09-04T13:07:00+09:00
V02Q1940788,37.509617855,127.0741524,378.0,2026-09-04T13:07:00+09:00
V02Q1940800,37.519952859,127.1123122,0.0,2026-09-04T13:07:00+09:00
V02Q1940811,37.52727312,127.116249051,23815.0,2026-09-04T13:07:00+09:00
V02Q1940821,37.502832774,127.108694904,20581.0,2026-09-04T13:07:00+09:00
V02Q1940832,37.511768309,127.124209484,14655.0,2026-09-04T13:07:00+09:00
V02Q1940873,37.53247211,127.114301129,0.0,2026-09-04T13:07:00+09:00
V02Q1940941,37.509088133,127.084056858,1703.0,2026-09-04T13:07:00+09:00
V02Q1940507,37.531277474,127.123271252,23162.0,2026-09-04T13:07:00+09:00
V02Q1940819,37.507344263,127.104688643,36691.0,2026-09-04T13:07:00+09:00
V02Q1940820,37.511104225,127.102321793,0.0,2026-09-04T13:07:00+09:00
V02Q1940838,37.51767925,127.08881891,0.0,2026-09-04T13:07:00+09:00
V02Q1940887,37.502749128,127.09252424,0.0,2026-09-04T13:07:00+09:00
V02Q1940246,37.49920086,127.072395308,12501.0,2026-09-04T13:07:00+09:00
V02Q1940082,37.495507594,127.085748474,10921.0,2026-09-04T13:07:00+09:00
V02Q1940098,37.48670146,127.1000197,14246.0,2026-09-04T13:07:00+09:00
V02Q1940100,37.494978959,127.093144214,11389.0,2026-09-04T13:07:00+09:00
OC3CL210115,37.525641,127.129665,16170.0,2026-09-04T13:07:00+09:00
V02Q1940391,37.528616803,127.085121222,11963.0,2026-09-04T14:07:00+09:00
V02Q1940392,37.538286643,127.09239683,53509.0,2026-09-04T14:07:00+09:00
V02Q1940403,37.534309074,127.081985567,11271.0,2026-09-04T14:07:00+09:00
V02Q1940411,37.533878243,127.091521,30342.0,2026-09-04T14:07:00+09:00
V02Q1940506,37.535029673,127.093240689,0.0,2026-09-04T14:07:00+09:00
V02Q1940860,37.533442403,127.080963254,2958.0,2026-09-04T14:07:00+09:00
V02Q1940679,37.495212727,127.121438826,0.0,2026-09-04T14:07:00+09:00
V02Q1940734,37.518407904,127.100366298,0.0,2026-09-04T14:07:00+09:00
V02Q1940767,37.502603852,127.092310875,13482.0,2026-09-04T14:07:00+09:00
V02Q1940784,37.498247757,127.126296648,1731.0,2026-09-04T14:07:00+09:00
V02Q1940790,37.514278277,127.112258966,0.0,2026-09-04T14:07:00+09:00
V02Q1940706,37.502049127,127.117110751,0.0,2026-09-04T14:07:00+09:00
V02Q1940708,37.514300619,127.091447797,47810.0,2026-09-04T14:07:00+09:00
V02Q1940713,37.516185359,127.114540561,0.0,2026-09-04T14:07:00+09:00
V02Q1940714,37.513385412,127.10686824,0.0,2026-09-04T14:07:00+09:00
V02Q1940736,37.504194933,127.128187719,20070.0,2026-09-04T14:07:00+09:00
V02Q1940772,37.503635193,127.103503284,11215.0,2026-09-04T14:07:00+09:00
V02Q1940775,37.505801455,127.109663753,30794.0,2026-09-04T14:07:00+09:00
V02Q1940781,37.506173683,127.084756221,3297.0,2026-09-04T14:07:00+09:00
V02Q1940787,37.512955044,127.094661921,0.0,2026-09-04T14:07:00+09:00
V02Q1940788,37.509617855,127.0741524,427.0,2026-09-04T14:07:00+09:00
V02Q1940800,37.519952859,127.1123122,0.0,2026-09-04T14:07:00+09:00
V02Q1940811,37.52727312,127.116249051,20298.0,2026-09-04T14:07:00+09:00
V02Q1940832,37.511768309,127.124209484,3000.0,2026-09-04T14:07:00+09:00
V02Q1940873,37.53247211,127.114301129,0.0,2026-09-04T14:07:00+09:00
V02Q1940941,37.509088133,127.084056858,2151.0,2026-09-04T14:07:00+09:00
V02Q1940507,37.531277474,127.123271252,24749.0,2026-09-04T14:07:00+09:00
V02Q1940819,37.507344263,127.104688643,24517.0,2026-09-04T14:07:00+09:00
V02Q1940820,37.511104225,127.102321793,0.0,2026-09-04T14:07:00+09:00
V02Q1940821,37.502832774,127.108694904,2928.0,2026-09-04T14:07:00+09:00
V02Q1940838,37.51767925,127.08881891,0.0,2026-09-04T14:07:00+09:00
V02Q1940887,37.502749128,127.09252424,0.0,2026-09-04T14:07:00+09:00
V02Q1940246,37.49920086,127.072395308,1045.0,2026-09-04T14:07:00+09:00
V02Q1940082,37.495507594,127.085748474,1376.0,2026-09-04T14:07:00+09:00
V02Q1940098,37.48670146,127.1000197,2185.0,2026-09-04T14:07:00+09:00
V02Q1940100,37.494978959,127.093144214,1576.0,2026-09-04T14:07:00+09:00
OC3CL210115,37.525641,127.129665,16307.0,2026-09-04T14:07:00+09:00
V02Q1940391,37.528616803,127.085121222,14051.0,2026-09-04T15:07:00+09:00
V02Q1940392,37.538286643,127.09239683,43613.0,2026-09-04T15:07:00+09:00
V02Q1940403,37.534309074,127.081985567,18656.0,2026-09-04T15:07:00+09:00
V02Q1940411,37.533878243,127.091521,21917.0,2026-09-04T15:07:00+09:00
V02Q1940506,37.535029673,127.093240689,0.0,2026-09-04T15:07:00+09:00
V02Q1940860,37.533442403,127.080963254,7042.0,2026-09-04T15:07:00+09:00
V02Q1940679,37.495212727,127.121438826,0.0,2026-09-04T15:07:00+09:00
V02Q1940734,37.518407904,127.100366298,0.0,2026-09-04T15:07:00+09:00
V02Q1940784,37.498247757,127.126296648,11481.0,2026-09-04T15:07:00+09:00
V02Q1940790,37.514278277,127.112258966,0.0,2026-09-04T15:07:00+09:00
V02Q1940706,37.502049127,127.117110751,0.0,2026-09-04T15:07:00+09:00
V02Q1940708,37.514300619,127.091447797,11449.0,2026-09-04T15:07:00+09:00
V02Q1940713,37.516185359,127.114540561,0.0,2026-09-04T15:07:00+09:00
V02Q1940714,37.513385412,127.10686824,0.0,2026-09-04T15:07:00+09:00
V02Q1940736,37.504194933,127.128187719,2802.0,2026-09-04T15:07:00+09:00
V02Q1940767,37.502603852,127.092310875,12072.0,2026-09-04T15:07:00+09:00
V02Q1940772,37.503635193,127.103503284,4458.0,2026-09-04T15:07:00+09:00
V02Q1940775,37.505801455,127.109663753,8596.0,2026-09-04T15:07:00+09:00
V02Q1940781,37.506173683,127.084756221,904.0,2026-09-04T15:07:00+09:00
V02Q1940787,37.512955044,127.094661921,0.0,2026-09-04T15:07:00+09:00
V02Q1940788,37.509617855,127.0741524,593.0,2026-09-04T15:07:00+09:00
V02Q1940800,37.519952859,127.1123122,0.0,2026-09-04T15:07:00+09:00
V02Q1940832,37.511768309,127.124209484,3220.0,2026-09-04T15:07:00+09:00
V02Q1940873,37.53247211,127.114301129,0.0,2026-09-04T15:07:00+09:00
V02Q1940941,37.509088133,127.084056858,14644.0,2026-09-04T15:07:00+09:00
V02Q1940507,37.531277474,127.123271252,20788.0,2026-09-04T15:07:00+09:00
V02Q1940811,37.52727312,127.116249051,15537.0,2026-09-04T15:07:00+09:00
V02Q1940819,37.507344263,127.104688643,3330.0,2026-09-04T15:07:00+09:00
V02Q1940820,37.511104225,127.102321793,0.0,2026-09-04T15:07:00+09:00
V02Q1940821,37.502832774,127.108694904,1341.0,2026-09-04T15:07:00+09:00
V02Q1940838,37.51767925,127.08881891,0.0,2026-09-04T15:07:00+09:00
V02Q1940887,37.502749128,127.09252424,0.0,2026-09-04T15:07:00+09:00
V02Q1940246,37.49920086,127.072395308,694.0,2026-09-04T15:07:00+09:00
V02Q1940082,37.495507594,127.085748474,1951.0,2026-09-04T15:07:00+09:00
V02Q1940098,37.48670146,127.1000197,2877.0,2026-09-04T15:07:00+09:00
V02Q1940100,37.494978959,127.093144214,2054.0,2026-09-04T15:07:00+09:00
OC3CL210115,37.525641,127.129665,12879.0,2026-09-04T15:07:00+09:00
V02Q1940391,37.528616803,127.085121222,6174.0,2026-09-04T16:07:00+09:00
V02Q1940392,37.538286643,127.09239683,10311.0,2026-09-04T16:07:00+09:00
V02Q1940403,37.534309074,127.081985567,13619.0,2026-09-04T16:07:00+09:00
V02Q1940411,37.533878243,127.091521,8995.0,2026-09-04T16:07:00+09:00
V02Q1940506,37.535029673,127.093240689,0.0,2026-09-04T16:07:00+09:00
V02Q1940860,37.533442403,127.080963254,13247.0,2026-09-04T16:07:00+09:00
V02Q1940679,37.495212727,127.121438826,0.0,2026-09-04T16:07:00+09:00
V02Q1940734,37.518407904,127.100366298,0.0,2026-09-04T16:07:00+09:00
V02Q1940784,37.498247757,127.126296648,1570.0,2026-09-04T16:07:00+09:00
V02Q1940790,37.514278277,127.112258966,0.0,2026-09-04T16:07:00+09:00
V02Q1940706,37.502049127,127.117110751,0.0,2026-09-04T16:07:00+09:00
V02Q1940708,37.514300619,127.091447797,5488.0,2026-09-04T16:07:00+09:00
V02Q1940713,37.516185359,127.114540561,0.0,2026-09-04T16:07:00+09:00
V02Q1940714,37.513385412,127.10686824,0.0,2026-09-04T16:07:00+09:00
V02Q1940736,37.504194933,127.128187719,3649.0,2026-09-04T16:07:00+09:00
V02Q1940767,37.502603852,127.092310875,5783.0,2026-09-04T16:07:00+09:00
V02Q1940772,37.503635193,127.103503284,10812.0,2026-09-04T16:07:00+09:00
V02Q1940775,37.505801455,127.109663753,2516.0,2026-09-04T16:07:00+09:00
V02Q1940781,37.506173683,127.084756221,1604.0,2026-09-04T16:07:00+09:00
V02Q1940787,37.512955044,127.094661921,0.0,2026-09-04T16:07:00+09:00
V02Q1940788,37.509617855,127.0741524,1422.0,2026-09-04T16:07:00+09:00
V02Q1940800,37.519952859,127.1123122,0.0,2026-09-04T16:07:00+09:00
V02Q1940832,37.511768309,127.124209484,2994.0,2026-09-04T16:07:00+09:00
V02Q1940873,37.53247211,127.114301129,0.0,2026-09-04T16:07:00+09:00
V02Q1940941,37.509088133,127.084056858,3342.0,2026-09-04T16:07:00+09:00
V02Q1940507,37.531277474,127.123271252,5391.0,2026-09-04T16:07:00+09:00
V02Q1940811,37.52727312,127.116249051,6340.0,2026-09-04T16:07:00+09:00
V02Q1940819,37.507344263,127.104688643,2846.0,2026-09-04T16:07:00+09:00
V02Q1940820,37.511104225,127.102321793,0.0,2026-09-04T16:07:00+09:00
V02Q1940821,37.502832774,127.108694904,1131.0,2026-09-04T16:07:00+09:00
V02Q1940838,37.51767925,127.08881891,0.0,2026-09-04T16:07:00+09:00
V02Q1940887,37.502749128,127.09252424,0.0,2026-09-04T16:07:00+09:00
V02Q1940246,37.49920086,127.072395308,676.0,2026-09-04T16:07:00+09:00
V02Q1940082,37.495507594,127.085748474,1931.0,2026-09-04T16:07:00+09:00
V02Q1940098,37.48670146,127.1000197,2937.0,2026-09-04T16:07:00+09:00
V02Q1940100,37.494978959,127.093144214,7307.0,2026-09-04T16:07:00+09:00
OC3CL210115,37.525641,127.129665,9262.0,2026-09-04T16:07:00+09:00
V02Q1940391,37.528616803,127.085121222,3951.0,2026-09-04T17:07:00+09:00
V02Q1940392,37.538286643,127.09239683,3836.0,2026-09-04T17:07:00+09:00
V02Q1940403,37.534309074,127.081985567,6612.0,2026-09-04T17:07:00+09:00
V02Q1940411,37.533878243,127.091521,1885.0,2026-09-04T17:07:00+09:00
V02Q1940506,37.535029673,127.093240689,0.0,2026-09-04T17:07:00+09:00
V02Q1940860,37.533442403,127.080963254,7175.0,2026-09-04T17:07:00+09:00
V02Q1940679,37.495212727,127.121438826,0.0,2026-09-04T17:07:00+09:00
V02Q1940734,37.518407904,127.100366298,0.0,2026-09-04T17:07:00+09:00
V02Q1940784,37.498247757,127.126296648,1565.0,2026-09-04T17:07:00+09:00
V02Q1940706,37.502049127,127.117110751,0.0,2026-09-04T17:07:00+09:00
V02Q1940708,37.514300619,127.091447797,2784.0,2026-09-04T17:07:00+09:00
V02Q1940713,37.516185359,127.114540561,0.0,2026-09-04T17:07:00+09:00
V02Q1940714,37.513385412,127.10686824,0.0,2026-09-04T17:07:00+09:00
V02Q1940736,37.504194933,127.128187719,2889.0,2026-09-04T17:07:00+09:00
V02Q1940767,37.502603852,127.092310875,2271.0,2026-09-04T17:07:00+09:00
V02Q1940772,37.503635193,127.103503284,6154.0,2026-09-04T17:07:00+09:00
V02Q1940775,37.505801455,127.109663753,2145.0,2026-09-04T17:07:00+09:00
V02Q1940781,37.506173683,127.084756221,647.0,2026-09-04T17:07:00+09:00
V02Q1940787,37.512955044,127.094661921,0.0,2026-09-04T17:07:00+09:00
V02Q1940788,37.509617855,127.0741524,6254.0,2026-09-04T17:07:00+09:00
V02Q1940790,37.514278277,127.112258966,0.0,2026-09-04T17:07:00+09:00
V02Q1940800,37.519952859,127.1123122,0.0,2026-09-04T17:07:00+09:00
V02Q1940832,37.511768309,127.124209484,2667.0,2026-09-04T17:07:00+09:00
V02Q1940873,37.53247211,127.114301129,0.0,2026-09-04T17:07:00+09:00
V02Q1940507,37.531277474,127.123271252,6805.0,2026-09-04T17:07:00+09:00
V02Q1940811,37.52727312,127.116249051,1431.0,2026-09-04T17:07:00+09:00
V02Q1940819,37.507344263,127.104688643,2139.0,2026-09-04T17:07:00+09:00
V02Q1940820,37.511104225,127.102321793,0.0,2026-09-04T17:07:00+09:00
V02Q1940821,37.502832774,127.108694904,1284.0,2026-09-04T17:07:00+09:00
V02Q1940838,37.51767925,127.08881891,0.0,2026-09-04T17:07:00+09:00
V02Q1940887,37.502749128,127.09252424,0.0,2026-09-04T17:07:00+09:00
V02Q1940941,37.509088133,127.084056858,1397.0,2026-09-04T17:07:00+09:00
V02Q1940246,37.49920086,127.072395308,619.0,2026-09-04T17:07:00+09:00
V02Q1940098,37.48670146,127.1000197,6016.0,2026-09-04T17:07:00+09:00
V02Q1940100,37.494978959,127.093144214,4605.0,2026-09-04T17:07:00+09:00
V02Q1940082,37.495507594,127.085748474,2018.0,2026-09-04T17:07:00+09:00
OC3CL210115,37.525641,127.129665,3006.0,2026-09-04T17:07:00+09:00
V02Q1940391,37.528616803,127.085121222,1369.0,2026-09-04T18:07:00+09:00
V02Q1940392,37.538286643,127.09239683,2091.0,2026-09-04T18:07:00+09:00
V02Q1940403,37.534309074,127.081985567,2009.0,2026-09-04T18:07:00+09:00
V02Q1940411,37.533878243,127.091521,952.0,2026-09-04T18:07:00+09:00
V02Q1940506,37.535029673,127.093240689,0.0,2026-09-04T18:07:00+09:00
V02Q1940860,37.533442403,127.080963254,3737.0,2026-09-04T18:07:00+09:00
V02Q1940679,37.495212727,127.121438826,0.0,2026-09-04T18:07:00+09:00
V02Q1940734,37.518407904,127.100366298,0.0,2026-09-04T18:07:00+09:00
V02Q1940784,37.498247757,127.126296648,755.0,2026-09-04T18:07:00+09:00
V02Q1940706,37.502049127,127.117110751,0.0,2026-09-04T18:07:00+09:00
V02Q1940708,37.514300619,127.091447797,1576.0,2026-09-04T18:07:00+09:00
V02Q1940736,37.504194933,127.128187719,1680.0,2026-09-04T18:07:00+09:00
V02Q1940767,37.502603852,127.092310875,1201.0,2026-09-04T18:07:00+09:00
V02Q1940772,37.503635193,127.103503284,5219.0,2026-09-04T18:07:00+09:00
V02Q1940775,37.505801455,127.109663753,957.0,2026-09-04T18:07:00+09:00
V02Q1940781,37.506173683,127.084756221,365.0,2026-09-04T18:07:00+09:00
V02Q1940787,37.512955044,127.094661921,0.0,2026-09-04T18:07:00+09:00
V02Q1940788,37.509617855,127.0741524,2548.0,2026-09-04T18:07:00+09:00
V02Q1940790,37.514278277,127.112258966,0.0,2026-09-04T18:07:00+09:00
V02Q1940800,37.519952859,127.1123122,0.0,2026-09-04T18:07:00+09:00
V02Q1940832,37.511768309,127.124209484,1516.0,2026-09-04T18:07:00+09:00
V02Q1940873,37.53247211,127.114301129,0.0,2026-09-04T18:07:00+09:00
V02Q1940507,37.531277474,127.123271252,2466.0,2026-09-04T18:07:00+09:00
V02Q1940713,37.516185359,127.114540561,0.0,2026-09-04T18:07:00+09:00
V02Q1940714,37.513385412,127.10686824,0.0,2026-09-04T18:07:00+09:00
V02Q1940811,37.52727312,127.116249051,781.0,2026-09-04T18:07:00+09:00
V02Q1940819,37.507344263,127.104688643,1110.0,2026-09-04T18:07:00+09:00
V02Q1940820,37.511104225,127.102321793,0.0,2026-09-04T18:07:00+09:00
V02Q1940821,37.502832774,127.108694904,702.0,2026-09-04T18:07:00+09:00
V02Q1940838,37.51767925,127.08881891,0.0,2026-09-04T18:07:00+09:00
V02Q1940887,37.502749128,127.09252424,0.0,2026-09-04T18:07:00+09:00
V02Q1940941,37.509088133,127.084056858,740.0,2026-09-04T18:07:00+09:00
V02Q1940098,37.48670146,127.1000197,3070.0,2026-09-04T18:07:00+09:00
V02Q1940246,37.49920086,127.072395308,345.0,2026-09-04T18:07:00+09:00
V02Q1940082,37.495507594,127.085748474,1190.0,2026-09-04T18:07:00+09:00
V02Q1940100,37.494978959,127.093144214,1930.0,2026-09-04T18:07:00+09:00
OC3CL210115,37.525641,127.129665,1521.0,2026-09-04T18:07:00+09:00
V02Q1940391,37.528616803,127.085121222,396.0,2026-09-04T19:07:00+09:00
V02Q1940392,37.538286643,127.09239683,614.0,2026-09-04T19:07:00+09:00
V02Q1940403,37.534309074,127.081985567,551.0,2026-09-04T19:07:00+09:00
V02Q1940411,37.533878243,127.091521,270.0,2026-09-04T19:07:00+09:00
V02Q1940506,37.535029673,127.093240689,0.0,2026-09-04T19:07:00+09:00
V02Q1940860,37.533442403,127.080963254,677.0,2026-09-04T19:07:00+09:00
V02Q1940679,37.495212727,127.121438826,0.0,2026-09-04T19:07:00+09:00
V02Q1940734,37.518407904,127.100366298,0.0,2026-09-04T19:07:00+09:00
V02Q1940784,37.498247757,127.126296648,188.0,2026-09-04T19:07:00+09:00
V02Q1940706,37.502049127,127.117110751,0.0,2026-09-04T19:07:00+09:00
V02Q1940708,37.514300619,127.091447797,450.0,2026-09-04T19:07:00+09:00
V02Q1940713,37.516185359,127.114540561,0.0,2026-09-04T19:07:00+09:00
V02Q1940714,37.513385412,127.10686824,0.0,2026-09-04T19:07:00+09:00
V02Q1940736,37.504194933,127.128187719,416.0,2026-09-04T19:07:00+09:00
V02Q1940767,37.502603852,127.092310875,338.0,2026-09-04T19:07:00+09:00
V02Q1940772,37.503635193,127.103503284,1232.0,2026-09-04T19:07:00+09:00
V02Q1940775,37.505801455,127.109663753,259.0,2026-09-04T19:07:00+09:00
V02Q1940781,37.506173683,127.084756221,101.0,2026-09-04T19:07:00+09:00
V02Q1940787,37.512955044,127.094661921,0.0,2026-09-04T19:07:00+09:00
V02Q1940788,37.509617855,127.0741524,236.0,2026-09-04T19:07:00+09:00
V02Q1940790,37.514278277,127.112258966,0.0,2026-09-04T19:07:00+09:00
V02Q1940800,37.519952859,127.1123122,0.0,2026-09-04T19:07:00+09:00
V02Q1940832,37.511768309,127.124209484,306.0,2026-09-04T19:07:00+09:00
V02Q1940873,37.53247211,127.114301129,0.0,2026-09-04T19:07:00+09:00
V02Q1940507,37.531277474,127.123271252,252.0,2026-09-04T19:07:00+09:00
V02Q1940811,37.52727312,127.116249051,171.0,2026-09-04T19:07:00+09:00
V02Q1940819,37.507344263,127.104688643,257.0,2026-09-04T19:07:00+09:00
V02Q1940820,37.511104225,127.102321793,0.0,2026-09-04T19:07:00+09:00
V02Q1940821,37.502832774,127.108694904,193.0,2026-09-04T19:07:00+09:00
V02Q1940838,37.51767925,127.08881891,0.0,2026-09-04T19:07:00+09:00
V02Q1940887,37.502749128,127.09252424,0.0,2026-09-04T19:07:00+09:00
V02Q1940941,37.509088133,127.084056858,217.0,2026-09-04T19:07:00+09:00
V02Q1940098,37.48670146,127.1000197,559.0,2026-09-04T19:07:00+09:00
V02Q1940246,37.49920086,127.072395308,98.0,2026-09-04T19:07:00+09:00
V02Q1940082,37.495507594,127.085748474,452.0,2026-09-04T19:07:00+09:00
V02Q1940100,37.494978959,127.093144214,304.0,2026-09-04T19:07:00+09:00
OC3CL210115,37.525641,127.129665,393.0,2026-09-04T19:07:00+09:00
V02Q1940391,37.528616803,127.085121222,6.0,2026-09-04T20:07:00+09:00
V02Q1940392,37.538286643,127.09239683,9.0,2026-09-04T20:07:00+09:00
V02Q1940403,37.534309074,127.081985567,8.0,2026-09-04T20:07:00+09:00
V02Q1940411,37.533878243,127.091521,4.0,2026-09-04T20:07:00+09:00
V02Q1940506,37.535029673,127.093240689,0.0,2026-09-04T20:07:00+09:00
V02Q1940860,37.533442403,127.080963254,7.0,2026-09-04T20:07:00+09:00
V02Q1940679,37.495212727,127.121438826,0.0,2026-09-04T20:07:00+09:00
V02Q1940734,37.518407904,127.100366298,0.0,2026-09-04T20:07:00+09:00
V02Q1940784,37.498247757,127.126296648,4.0,2026-09-04T20:07:00+09:00
V02Q1940706,37.502049127,127.117110751,0.0,2026-09-04T20:07:00+09:00
V02Q1940708,37.514300619,127.091447797,6.0,2026-09-04T20:07:00+09:00
V02Q1940713,37.516185359,127.114540561,0.0,2026-09-04T20:07:00+09:00
V02Q1940714,37.513385412,127.10686824,0.0,2026-09-04T20:07:00+09:00
V02Q1940736,37.504194933,127.128187719,11.0,2026-09-04T20:07:00+09:00
V02Q1940767,37.502603852,127.092310875,4.0,2026-09-04T20:07:00+09:00
V02Q1940772,37.503635193,127.103503284,12.0,2026-09-04T20:07:00+09:00
V02Q1940775,37.505801455,127.109663753,4.0,2026-09-04T20:07:00+09:00
V02Q1940781,37.506173683,127.084756221,1.0,2026-09-04T20:07:00+09:00
V02Q1940787,37.512955044,127.094661921,0.0,2026-09-04T20:07:00+09:00
V02Q1940788,37.509617855,127.0741524,2.0,2026-09-04T20:07:00+09:00
V02Q1940790,37.514278277,127.112258966,0.0,2026-09-04T20:07:00+09:00
V02Q1940800,37.519952859,127.1123122,0.0,2026-09-04T20:07:00+09:00
V02Q1940832,37.511768309,127.124209484,4.0,2026-09-04T20:07:00+09:00
V02Q1940873,37.53247211,127.114301129,0.0,2026-09-04T20:07:00+09:00
V02Q1940507,37.531277474,127.123271252,325.0,2026-09-04T20:07:00+09:00
V02Q1940811,37.52727312,127.116249051,3.0,2026-09-04T20:07:00+09:00
V02Q1940819,37.507344263,127.104688643,3.0,2026-09-04T20:07:00+09:00
V02Q1940820,37.511104225,127.102321793,0.0,2026-09-04T20:07:00+09:00
V02Q1940821,37.502832774,127.108694904,66.0,2026-09-04T20:07:00+09:00
V02Q1940838,37.51767925,127.08881891,0.0,2026-09-04T20:07:00+09:00
V02Q1940887,37.502749128,127.09252424,0.0,2026-09-04T20:07:00+09:00
V02Q1940941,37.509088133,127.084056858,4.0,2026-09-04T20:07:00+09:00
V02Q1940246,37.49920086,127.072395308,1.0,2026-09-04T20:07:00+09:00
V02Q1940098,37.48670146,127.1000197,8.0,2026-09-04T20:07:00+09:00
V02Q1940100,37.494978959,127.093144214,19.0,2026-09-04T20:07:00+09:00
V02Q1940082,37.495507594,127.085748474,5.0,2026-09-04T20:07:00+09:00
OC3CL210115,37.525641,127.129665,18.0,2026-09-04T20:07:00+09:00
OC3CL210115,37.525641,127.129665,16.0,2026-09-04T21:07:00+09:00
V02Q1940082,37.495507594,127.085748474,0.0,2026-09-04T21:07:00+09:00
V02Q1940098,37.48670146,127.1000197,0.0,2026-09-04T21:07:00+09:00
V02Q1940100,37.494978959,127.093144214,16.0,2026-09-04T21:07:00+09:00
V02Q1940246,37.49920086,127.072395308,0.0,2026-09-04T21:07:00+09:00
V02Q1940391,37.528616803,127.085121222,1.0,2026-09-04T21:07:00+09:00
V02Q1940392,37.538286643,127.09239683,0.0,2026-09-04T21:07:00+09:00
V02Q1940403,37.534309074,127.081985567,0.0,2026-09-04T21:07:00+09:00
V02Q1940411,37.533878243,127.091521,0.0,2026-09-04T21:07:00+09:00
V02Q1940506,37.535029673,127.093240689,0.0,2026-09-04T21:07:00+09:00
V02Q1940507,37.531277474,127.123271252,368.0,2026-09-04T21:07:00+09:00
V02Q1940679,37.495212727,127.121438826,0.0,2026-09-04T21:07:00+09:00
V02Q1940706,37.502049127,127.117110751,0.0,2026-09-04T21:07:00+09:00
V02Q1940708,37.514300619,127.091447797,0.0,2026-09-04T21:07:00+09:00
V02Q1940713,37.516185359,127.114540561,0.0,2026-09-04T21:07:00+09:00
V02Q1940714,37.513385412,127.10686824,0.0,2026-09-04T21:07:00+09:00
V02Q1940734,37.518407904,127.100366298,0.0,2026-09-04T21:07:00+09:00
V02Q1940736,37.504194933,127.128187719,8.0,2026-09-04T21:07:00+09:00
V02Q1940767,37.502603852,127.092310875,0.0,2026-09-04T21:07:00+09:00
V02Q1940772,37.503635193,127.103503284,0.0,2026-09-04T21:07:00+09:00
V02Q1940775,37.505801455,127.109663753,0.0,2026-09-04T21:07:00+09:00
V02Q1940781,37.506173683,127.084756221,0.0,2026-09-04T21:07:00+09:00
V02Q1940784,37.498247757,127.126296648,1.0,2026-09-04T21:07:00+09:00
V02Q1940787,37.512955044,127.094661921,0.0,2026-09-04T21:07:00+09:00
V02Q1940788,37.509617855,127.0741524,0.0,2026-09-04T21:07:00+09:00
V02Q1940790,37.514278277,127.112258966,0.0,2026-09-04T21:07:00+09:00
V02Q1940800,37.519952859,127.1123122,0.0,2026-09-04T21:07:00+09:00
V02Q1940811,37.52727312,127.116249051,1.0,2026-09-04T21:07:00+09:00
V02Q1940819,37.507344263,127.104688643,0.0,2026-09-04T21:07:00+09:00
V02Q1940820,37.511104225,127.102321793,0.0,2026-09-04T21:07:00+09:00
V02Q1940821,37.502832774,127.108694904,77.0,2026-09-04T21:07:00+09:00
V02Q1940832,37.511768309,127.124209484,0.0,2026-09-04T21:07:00+09:00
V02Q1940838,37.51767925,127.08881891,0.0,2026-09-04T21:07:00+09:00
V02Q1940860,37.533442403,127.080963254,0.0,2026-09-04T21:07:00+09:00
V02Q1940873,37.53247211,127.114301129,0.0,2026-09-04T21:07:00+09:00
V02Q1940887,37.502749128,127.09252424,0.0,2026-09-04T21:07:00+09:00
V02Q1940941,37.509088133,127.084056858,0.0,2026-09-04T21:07:00+09:00
OC3CL210115,37.525641,127.129665,16.0,2026-09-04T22:07:00+09:00
V02Q1940082,37.495507594,127.085748474,0.0,2026-09-04T22:07:00+09:00
V02Q1940098,37.48670146,127.1000197,0.0,2026-09-04T22:07:00+09:00
V02Q1940100,37.494978959,127.093144214,16.0,2026-09-04T22:07:00+09:00
V02Q1940246,37.49920086,127.072395308,0.0,2026-09-04T22:07:00+09:00
V02Q1940391,37.528616803,127.085121222,1.0,2026-09-04T22:07:00+09:00
V02Q1940392,37.538286643,127.09239683,0.0,2026-09-04T22:07:00+09:00
V02Q1940403,37.534309074,127.081985567,0.0,2026-09-04T22:07:00+09:00
V02Q1940411,37.533878243,127.091521,0.0,2026-09-04T22:07:00+09:00
V02Q1940506,37.535029673,127.093240689,0.0,2026-09-04T22:07:00+09:00
V02Q1940507,37.531277474,127.123271252,370.0,2026-09-04T22:07:00+09:00
V02Q1940679,37.495212727,127.121438826,0.0,2026-09-04T22:07:00+09:00
V02Q1940706,37.502049127,127.117110751,0.0,2026-09-04T22:07:00+09:00
V02Q1940708,37.514300619,127.091447797,0.0,2026-09-04T22:07:00+09:00
V02Q1940713,37.516185359,127.114540561,0.0,2026-09-04T22:07:00+09:00
V02Q1940714,37.513385412,127.10686824,0.0,2026-09-04T22:07:00+09:00
V02Q1940734,37.518407904,127.100366298,0.0,2026-09-04T22:07:00+09:00
V02Q1940736,37.504194933,127.128187719,8.0,2026-09-04T22:07:00+09:00
V02Q1940767,37.502603852,127.092310875,0.0,2026-09-04T22:07:00+09:00
V02Q1940772,37.503635193,127.103503284,0.0,2026-09-04T22:07:00+09:00
V02Q1940775,37.505801455,127.109663753,0.0,2026-09-04T22:07:00+09:00
V02Q1940781,37.506173683,127.084756221,0.0,2026-09-04T22:07:00+09:00
V02Q1940784,37.498247757,127.126296648,1.0,2026-09-04T22:07:00+09:00
V02Q1940787,37.512955044,127.094661921,0.0,2026-09-04T22:07:00+09:00
V02Q1940788,37.509617855,127.0741524,0.0,2026-09-04T22:07:00+09:00
V02Q1940790,37.514278277,127.112258966,0.0,2026-09-04T22:07:00+09:00
V02Q1940800,37.519952859,127.1123122,0.0,2026-09-04T22:07:00+09:00
V02Q1940811,37.52727312,127.116249051,1.0,2026-09-04T22:07:00+09:00
V02Q1940819,37.507344263,127.104688643,0.0,2026-09-04T22:07:00+09:00
V02Q1940820,37.511104225,127.102321793,0.0,2026-09-04T22:07:00+09:00
V02Q1940821,37.502832774,127.108694904,77.0,2026-09-04T22:07:00+09:00
V02Q1940832,37.511768309,127.124209484,0.0,2026-09-04T22:07:00+09:00
V02Q1940838,37.51767925,127.08881891,0.0,2026-09-04T22:07:00+09:00
V02Q1940860,37.533442403,127.080963254,0.0,2026-09-04T22:07:00+09:00
V02Q1940873,37.53247211,127.114301129,0.0,2026-09-04T22:07:00+09:00
V02Q1940887,37.502749128,127.09252424,0.0,2026-09-04T22:07:00+09:00
V02Q1940941,37.509088133,127.084056858,0.0,2026-09-04T22:07:00+09:00
OC3CL210115,37.525641,127.129665,16.0,2026-09-04T23:07:00+09:00
V02Q1940082,37.495507594,127.085748474,0.0,2026-09-04T23:07:00+09:00
V02Q1940098,37.48670146,127.1000197,0.0,2026-09-04T23:07:00+09:00
V02Q1940100,37.494978959,127.093144214,16.0,2026-09-04T23:07:00+09:00
V02Q1940246,37.49920086,127.072395308,0.0,2026-09-04T23:07:00+09:00
V02Q1940391,37.528616803,127.085121222,1.0,2026-09-04T23:07:00+09:00
V02Q1940392,37.538286643,127.09239683,0.0,2026-09-04T23:07:00+09:00
V02Q1940403,37.534309074,127.081985567,0.0,2026-09-04T23:07:00+09:00
V02Q1940411,37.533878243,127.091521,0.0,2026-09-04T23:07:00+09:00
V02Q1940506,37.535029673,127.093240689,0.0,2026-09-04T23:07:00+09:00
V02Q1940507,37.531277474,127.123271252,368.0,2026-09-04T23:07:00+09:00
V02Q1940679,37.495212727,127.121438826,0.0,2026-09-04T23:07:00+09:00
V02Q1940706,37.502049127,127.117110751,0.0,2026-09-04T23:07:00+09:00
V02Q1940708,37.514300619,127.091447797,0.0,2026-09-04T23:07:00+09:00
V02Q1940713,37.516185359,127.114540561,0.0,2026-09-04T23:07:00+09:00
V02Q1940714,37.513385412,127.10686824,0.0,2026-09-04T23:07:00+09:00
V02Q1940734,37.518407904,127.100366298,0.0,2026-09-04T23:07:00+09:00
V02Q1940736,37.504194933,127.128187719,8.0,2026-09-04T23:07:00+09:00
V02Q1940767,37.502603852,127.092310875,0.0,2026-09-04T23:07:00+09:00
V02Q1940772,37.503635193,127.103503284,0.0,2026-09-04T23:07:00+09:00
V02Q1940775,37.505801455,127.109663753,0.0,2026-09-04T23:07:00+09:00
V02Q1940781,37.506173683,127.084756221,0.0,2026-09-04T23:07:00+09:00
V02Q1940784,37.498247757,127.126296648,1.0,2026-09-04T23:07:00+09:00
V02Q1940787,37.512955044,127.094661921,0.0,2026-09-04T23:07:00+09:00
V02Q1940788,37.509617855,127.0741524,0.0,2026-09-04T23:07:00+09:00
V02Q1940790,37.514278277,127.112258966,0.0,2026-09-04T23:07:00+09:00
V02Q1940800,37.519952859,127.1123122,0.0,2026-09-04T23:07:00+09:00
V02Q1940811,37.52727312,127.116249051,1.0,2026-09-04T23:07:00+09:00
V02Q1940819,37.507344263,127.104688643,0.0,2026-09-04T23:07:00+09:00
V02Q1940820,37.511104225,127.102321793,0.0,2026-09-04T23:07:00+09:00
V02Q1940821,37.502832774,127.108694904,77.0,2026-09-04T23:07:00+09:00
V02Q1940832,37.511768309,127.124209484,0.0,2026-09-04T23:07:00+09:00
V02Q1940838,37.51767925,127.08881891,0.0,2026-09-04T23:07:00+09:00
V02Q1940860,37.533442403,127.080963254,0.0,2026-09-04T23:07:00+09:00
V02Q1940873,37.53247211,127.114301129,0.0,2026-09-04T23:07:00+09:00
V02Q1940887,37.502749128,127.09252424,0.0,2026-09-04T23:07:00+09:00
V02Q1940941,37.509088133,127.084056858,0.0,2026-09-04T23:07:00+09:00
OC3CL210115,37.525641,127.129665,16.0,2026-09-05T00:07:00+09:00
V02Q1940082,37.495507594,127.085748474,0.0,2026-09-05T00:07:00+09:00
V02Q1940098,37.48670146,127.1000197,0.0,2026-09-05T00:07:00+09:00
V02Q1940100,37.494978959,127.093144214,16.0,2026-09-05T00:07:00+09:00
V02Q1940246,37.49920086,127.072395308,0.0,2026-09-05T00:07:00+09:00
V02Q1940391,37.528616803,127.085121222,1.0,2026-09-05T00:07:00+09:00
V02Q1940392,37.538286643,127.09239683,0.0,2026-09-05T00:07:00+09:00
V02Q1940403,37.534309074,127.081985567,0.0,2026-09-05T00:07:00+09:00
V02Q1940411,37.533878243,127.091521,0.0,2026-09-05T00:07:00+09:00
V02Q1940506,37.535029673,127.093240689,0.0,2026-09-05T00:07:00+09:00
V02Q1940507,37.531277474,127.123271252,369.0,2026-09-05T00:07:00+09:00
V02Q1940679,37.495212727,127.121438826,0.0,2026-09-05T00:07:00+09:00
V02Q1940706,37.502049127,127.117110751,0.0,2026-09-05T00:07:00+09:00
V02Q1940708,37.514300619,127.091447797,0.0,2026-09-05T00:07:00+09:00
V02Q1940713,37.516185359,127.114540561,0.0,2026-09-05T00:07:00+09:00
V02Q1940714,37.513385412,127.10686824,0.0,2026-09-05T00:07:00+09:00
V02Q1940734,37.518407904,127.100366298,0.0,2026-09-05T00:07:00+09:00
V02Q1940736,37.504194933,127.128187719,8.0,2026-09-05T00:07:00+09:00
V02Q1940767,37.502603852,127.092310875,0.0,2026-09-05T00:07:00+09:00
V02Q1940772,37.503635193,127.103503284,0.0,2026-09-05T00:07:00+09:00
V02Q1940775,37.505801455,127.109663753,0.0,2026-09-05T00:07:00+09:00
V02Q1940781,37.506173683,127.084756221,0.0,2026-09-05T00:07:00+09:00
V02Q1940784,37.498247757,127.126296648,1.0,2026-09-05T00:07:00+09:00
V02Q1940787,37.512955044,127.094661921,0.0,2026-09-05T00:07:00+09:00
V02Q1940788,37.509617855,127.0741524,0.0,2026-09-05T00:07:00+09:00
V02Q1940790,37.514278277,127.112258966,0.0,2026-09-05T00:07:00+09:00
V02Q1940800,37.519952859,127.1123122,0.0,2026-09-05T00:07:00+09:00
V02Q1940811,37.52727312,127.116249051,1.0,2026-09-05T00:07:00+09:00
V02Q1940819,37.507344263,127.104688643,0.0,2026-09-05T00:07:00+09:00
V02Q1940820,37.511104225,127.102321793,0.0,2026-09-05T00:07:00+09:00
V02Q1940821,37.502832774,127.108694904,77.0,2026-09-05T00:07:00+09:00
V02Q1940832,37.511768309,127.124209484,0.0,2026-09-05T00:07:00+09:00
V02Q1940838,37.51767925,127.08881891,0.0,2026-09-05T00:07:00+09:00
V02Q1940860,37.533442403,127.080963254,0.0,2026-09-05T00:07:00+09:00
V02Q1940873,37.53247211,127.114301129,0.0,2026-09-05T00:07:00+09:00
V02Q1940887,37.502749128,127.09252424,0.0,2026-09-05T00:07:00+09:00
V02Q1940941,37.509088133,127.084056858,0.0,2026-09-05T00:07:00+09:00
OC3CL200017,37.52406575,127.1285088,6120.0,2026-09-04T12:07:13+09:00
OC3CL200017,37.52406575,127.1285088,17244.0,2026-09-04T13:07:13+09:00
OC3CL200017,37.52406575,127.1285088,29.0,2026-09-04T04:07:13+09:00
OC3CL200017,37.52406575,127.1285088,16464.0,2026-09-04T14:07:13+09:00
OC3CL200017,37.52406575,127.1285088,12508.0,2026-09-04T15:07:13+09:00
OC3CL200017,37.52406575,127.1285088,8704.0,2026-09-04T16:07:13+09:00
OC3CL200017,37.52406575,127.1285088,30.0,2026-09-04T05:07:13+09:00
OC3CL200017,37.52406575,127.1285088,3535.0,2026-09-04T17:07:13+09:00
OC3CL200017,37.52406575,127.1285088,1665.0,2026-09-04T18:07:13+09:00
OC3CL200017,37.52406575,127.1285088,29.0,2026-09-04T06:07:13+09:00
OC3CL200017,37.52406575,127.1285088,29.0,2026-09-04T03:07:13+09:00
OC3CL200017,37.52406575,127.1285088,3274.0,2026-09-04T11:07:13+09:00
OC3CL200033,37.51217275,127.1046954,85.0,2026-09-04T09:07:51+09:00
OC3CL200033,37.51217275,127.1046954,371.0,2026-09-04T10:07:51+09:00
OC3CL200033,37.51217275,127.1046954,455.0,2026-09-04T11:07:51+09:00
OC3CL200033,37.51217275,127.1046954,1529.0,2026-09-04T12:07:51+09:00
OC3CL200033,37.51217275,127.1046954,1309.0,2026-09-04T14:07:51+09:00
OC3CL200033,37.51217275,127.1046954,1813.0,2026-09-04T13:07:51+09:00
OC3CL200033,37.51217275,127.1046954,0.0,2026-09-04T01:07:51+09:00
OC3CL200033,37.51217275,127.1046954,0.0,2026-09-04T02:07:51+09:00
OC3CL200033,37.51217275,127.1046954,0.0,2026-09-04T03:07:51+09:00
OC3CL200033,37.51217275,127.1046954,0.0,2026-09-04T04:07:51+09:00
OC3CL200033,37.51217275,127.1046954,0.0,2026-09-04T05:07:51+09:00
OC3CL200033,37.51217275,127.1046954,0.0,2026-09-04T06:07:51+09:00
OC3CL200033,37.51217275,127.1046954,21.0,2026-09-04T07:07:51+09:00
OC3CL200033,37.51217275,127.1046954,55.0,2026-09-04T08:07:51+09:00
OC3CL200141,37.48877157,127.1067039,15132.0,2026-09-04T10:07:16+09:00
OC3CL200141,37.48877157,127.1067039,21636.0,2026-09-04T11:07:16+09:00
OC3CL200141,37.48877157,127.1067039,20060.0,2026-09-04T12:07:16+09:00
OC3CL200141,37.48877157,127.1067039,14246.0,2026-09-04T13:07:16+09:00
OC3CL200141,37.48877157,127.1067039,2185.0,2026-09-04T14:07:16+09:00
OC3CL200141,37.48877157,127.1067039,0.0,2026-09-04T02:07:16+09:00
OC3CL200141,37.48877157,127.1067039,0.0,2026-09-04T01:07:16+09:00
V02Q1940117,37.508537127,127.087121735,1287.0,2026-09-04T17:07:26+09:00
V02Q1940117,37.508537127,127.087121735,1.0,2026-09-04T00:07:26+09:00
V02Q1940117,37.508537127,127.087121735,1.0,2026-09-04T03:07:26+09:00
V02Q1940117,37.508537127,127.087121735,1.0,2026-09-04T05:07:26+09:00
V02Q1940117,37.508537127,127.087121735,1.0,2026-09-04T23:07:26+09:00
V02Q1940117,37.508537127,127.087121735,2.0,2026-09-04T06:07:26+09:00
V02Q1940117,37.508537127,127.087121735,220.0,2026-09-04T07:07:26+09:00
V02Q1940117,37.508537127,127.087121735,1084.0,2026-09-04T08:07:26+09:00
V02Q1940117,37.508537127,127.087121735,3269.0,2026-09-04T09:07:26+09:00
V02Q1940117,37.508537127,127.087121735,6108.0,2026-09-04T10:07:26+09:00
V02Q1940117,37.508537127,127.087121735,8505.0,2026-09-04T11:07:26+09:00
V02Q1940117,37.508537127,127.087121735,7169.0,2026-09-04T12:07:26+09:00
V02Q1940117,37.508537127,127.087121735,7782.0,2026-09-04T13:07:26+09:00
V02Q1940117,37.508537127,127.087121735,8372.0,2026-09-04T14:07:26+09:00
V02Q1940117,37.508537127,127.087121735,8161.0,2026-09-04T15:07:26+09:00
V02Q1940117,37.508537127,127.087121735,2959.0,2026-09-04T16:07:26+09:00
V02Q1940117,37.508537127,127.087121735,725.0,2026-09-04T18:07:26+09:00
V02Q1940117,37.508537127,127.087121735,207.0,2026-09-04T19:07:26+09:00
V02Q1940117,37.508537127,127.087121735,4.0,2026-09-04T20:07:26+09:00
V02Q1940117,37.508537127,127.087121735,1.0,2026-09-04T21:07:26+09:00
V02Q1940117,37.508537127,127.087121735,1.0,2026-09-04T22:07:26+09:00
V02Q1940129,37.497655712,127.074468747,0.0,2026-09-04T02:00:00+09:00
V02Q1940129,37.497655712,127.074468747,15346.0,2026-09-04T11:00:00+09:00
V02Q1940129,37.497655712,127.074468747,29620.0,2026-09-04T12:00:00+09:00
V02Q1940129,37.497655712,127.074468747,12412.0,2026-09-04T13:00:00+09:00
V02Q1940129,37.497655712,127.074468747,1064.0,2026-09-04T14:00:00+09:00
V02Q1940129,37.497655712,127.074468747,765.0,2026-09-04T15:00:00+09:00
V02Q1940129,37.497655712,127.074468747,747.0,2026-09-04T16:00:00+09:00
V02Q1940129,37.497655712,127.074468747,698.0,2026-09-04T17:00:00+09:00
V02Q1940129,37.497655712,127.074468747,393.0,2026-09-04T18:00:00+09:00
V02Q1940129,37.497655712,127.074468747,118.0,2026-09-04T19:00:00+09:00
V02Q1940129,37.497655712,127.074468747,1.0,2026-09-04T20:00:00+09:00
V02Q1940129,37.497655712,127.074468747,0.0,2026-09-04T21:00:00+09:00
V02Q1940129,37.497655712,127.074468747,0.0,2026-09-04T22:00:00+09:00
V02Q1940129,37.497655712,127.074468747,0.0,2026-09-04T23:00:00+09:00
V02Q1940129,37.497655712,127.074468747,480.0,2026-09-04T09:00:00+09:00
V02Q1940129,37.497655712,127.074468747,329.0,2026-09-04T08:00:00+09:00
V02Q1940129,37.497655712,127.074468747,117.0,2026-09-04T07:00:00+09:00
V02Q1940129,37.497655712,127.074468747,0.0,2026-09-04T06:00:00+09:00
V02Q1940129,37.497655712,127.074468747,0.0,2026-09-04T05:00:00+09:00
V02Q1940129,37.497655712,127.074468747,0.0,2026-09-04T04:00:00+09:00
V02Q1940129,37.497655712,127.074468747,0.0,2026-09-04T03:00:00+09:00
V02Q1940129,37.497655712,127.074468747,756.0,2026-09-04T10:00:00+09:00
V02Q1940129,37.497655712,127.074468747,0.0,2026-09-04T01:00:00+09:00
V02Q1940129,37.497655712,127.074468747,0.0,2026-09-04T00:00:00+09:00
V02Q1940742,37.501040267,127.109739451,43.0,2026-09-04T21:00:00+09:00
V02Q1940742,37.501040267,127.109739451,42.0,2026-09-04T00:00:00+09:00
V02Q1940742,37.501040267,127.109739451,42.0,2026-09-04T01:00:00+09:00
V02Q1940742,37.501040267,127.109739451,42.0,2026-09-04T02:00:00+09:00
V02Q1940742,37.501040267,127.109739451,42.0,2026-09-04T03:00:00+09:00
V02Q1940742,37.501040267,127.109739451,42.0,2026-09-04T04:00:00+09:00
V02Q1940742,37.501040267,127.109739451,42.0,2026-09-04T05:00:00+09:00
V02Q1940742,37.501040267,127.109739451,40.0,2026-09-04T06:00:00+09:00
V02Q1940742,37.501040267,127.109739451,239.0,2026-09-04T07:00:00+09:00
V02Q1940742,37.501040267,127.109739451,1307.0,2026-09-04T08:00:00+09:00
V02Q1940742,37.501040267,127.109739451,3440.0,2026-09-04T09:00:00+09:00
V02Q1940742,37.501040267,127.109739451,6115.0,2026-09-04T10:00:00+09:00
V02Q1940742,37.501040267,127.109739451,43.0,2026-09-04T23:00:00+09:00
V02Q1940742,37.501040267,127.109739451,8984.0,2026-09-04T11:00:00+09:00
V02Q1940742,37.501040267,127.109739451,10928.0,2026-09-04T12:00:00+09:00
V02Q1940742,37.501040267,127.109739451,22888.0,2026-09-04T13:00:00+09:00
V02Q1940742,37.501040267,127.109739451,9313.0,2026-09-04T14:00:00+09:00
V02Q1940742,37.501040267,127.109739451,2828.0,2026-09-04T15:00:00+09:00
V02Q1940742,37.501040267,127.109739451,2461.0,2026-09-04T16:00:00+09:00
V02Q1940742,37.501040267,127.109739451,1899.0,2026-09-04T17:00:00+09:00
V02Q1940742,37.501040267,127.109739451,1217.0,2026-09-04T18:00:00+09:00
V02Q1940742,37.501040267,127.109739451,43.0,2026-09-04T22:00:00+09:00
V02Q1940742,37.501040267,127.109739451,307.0,2026-09-04T19:00:00+09:00
V02Q1940742,37.501040267,127.109739451,39.0,2026-09-04T20:00:00+09:00
OC3CL210115,37.525641,127.129665,16.0,2026-09-05T01:07:00+09:00
V02Q1940082,37.495507594,127.085748474,0.0,2026-09-05T01:07:00+09:00
V02Q1940098,37.48670146,127.1000197,0.0,2026-09-05T01:07:00+09:00
V02Q1940100,37.494978959,127.093144214,16.0,2026-09-05T01:07:00+09:00
V02Q1940246,37.49920086,127.072395308,0.0,2026-09-05T01:07:00+09:00
V02Q1940391,37.528616803,127.085121222,1.0,2026-09-05T01:07:00+09:00
V02Q1940392,37.538286643,127.09239683,0.0,2026-09-05T01:07:00+09:00
V02Q1940403,37.534309074,127.081985567,0.0,2026-09-05T01:07:00+09:00
V02Q1940411,37.533878243,127.091521,0.0,2026-09-05T01:07:00+09:00
V02Q1940506,37.535029673,127.093240689,0.0,2026-09-05T01:07:00+09:00
V02Q1940507,37.531277474,127.123271252,372.0,2026-09-05T01:07:00+09:00
V02Q1940679,37.495212727,127.121438826,0.0,2026-09-05T01:07:00+09:00
V02Q1940706,37.502049127,127.117110751,0.0,2026-09-05T01:07:00+09:00
V02Q1940708,37.514300619,127.091447797,0.0,2026-09-05T01:07:00+09:00
V02Q1940713,37.516185359,127.114540561,0.0,2026-09-05T01:07:00+09:00
V02Q1940714,37.513385412,127.10686824,0.0,2026-09-05T01:07:00+09:00
V02Q1940734,37.518407904,127.100366298,0.0,2026-09-05T01:07:00+09:00
V02Q1940736,37.504194933,127.128187719,8.0,2026-09-05T01:07:00+09:00
V02Q1940767,37.502603852,127.092310875,0.0,2026-09-05T01:07:00+09:00
V02Q1940772,37.503635193,127.103503284,0.0,2026-09-05T01:07:00+09:00
V02Q1940775,37.505801455,127.109663753,0.0,2026-09-05T01:07:00+09:00
V02Q1940781,37.506173683,127.084756221,0.0,2026-09-05T01:07:00+09:00
V02Q1940784,37.498247757,127.126296648,1.0,2026-09-05T01:07:00+09:00
V02Q1940787,37.512955044,127.094661921,0.0,2026-09-05T01:07:00+09:00
V02Q1940788,37.509617855,127.0741524,0.0,2026-09-05T01:07:00+09:00
V02Q1940790,37.514278277,127.112258966,0.0,2026-09-05T01:07:00+09:00
V02Q1940800,37.519952859,127.1123122,0.0,2026-09-05T01:07:00+09:00
V02Q1940811,37.52727312,127.116249051,1.0,2026-09-05T01:07:00+09:00
V02Q1940819,37.507344263,127.104688643,0.0,2026-09-05T01:07:00+09:00
V02Q1940820,37.511104225,127.102321793,0.0,2026-09-05T01:07:00+09:00
V02Q1940821,37.502832774,127.108694904,77.0,2026-09-05T01:07:00+09:00
V02Q1940832,37.511768309,127.124209484,0.0,2026-09-05T01:07:00+09:00
V02Q1940838,37.51767925,127.08881891,0.0,2026-09-05T01:07:00+09:00
V02Q1940860,37.533442403,127.080963254,0.0,2026-09-05T01:07:00+09:00
V02Q1940873,37.53247211,127.114301129,0.0,2026-09-05T01:07:00+09:00
V02Q1940887,37.502749128,127.09252424,0.0,2026-09-05T01:07:00+09:00
V02Q1940941,37.509088133,127.084056858,0.0,2026-09-05T01:07:00+09:00
V02Q1940391,37.528616803,127.085121222,1.0,2026-09-05T02:07:00+09:00
V02Q1940392,37.538286643,127.09239683,0.0,2026-09-05T02:07:00+09:00
V02Q1940403,37.534309074,127.081985567,0.0,2026-09-05T02:07:00+09:00
V02Q1940411,37.533878243,127.091521,0.0,2026-09-05T02:07:00+09:00
V02Q1940506,37.535029673,127.093240689,0.0,2026-09-05T02:07:00+09:00
V02Q1940860,37.533442403,127.080963254,0.0,2026-09-05T02:07:00+09:00
V02Q1940679,37.495212727,127.121438826,0.0,2026-09-05T02:07:00+09:00
V02Q1940734,37.518407904,127.100366298,0.0,2026-09-05T02:07:00+09:00
V02Q1940767,37.502603852,127.092310875,0.0,2026-09-05T02:07:00+09:00
V02Q1940784,37.498247757,127.126296648,1.0,2026-09-05T02:07:00+09:00
V02Q1940790,37.514278277,127.112258966,0.0,2026-09-05T02:07:00+09:00
V02Q1940706,37.502049127,127.117110751,0.0,2026-09-05T02:07:00+09:00
V02Q1940708,37.514300619,127.091447797,0.0,2026-09-05T02:07:00+09:00
V02Q1940713,37.516185359,127.114540561,0.0,2026-09-05T02:07:00+09:00
V02Q1940714,37.513385412,127.10686824,0.0,2026-09-05T02:07:00+09:00
V02Q1940736,37.504194933,127.128187719,8.0,2026-09-05T02:07:00+09:00
V02Q1940772,37.503635193,127.103503284,0.0,2026-09-05T02:07:00+09:00
V02Q1940775,37.505801455,127.109663753,0.0,2026-09-05T02:07:00+09:00
V02Q1940781,37.506173683,127.084756221,0.0,2026-09-05T02:07:00+09:00
V02Q1940787,37.512955044,127.094661921,0.0,2026-09-05T02:07:00+09:00
V02Q1940788,37.509617855,127.0741524,0.0,2026-09-05T02:07:00+09:00
V02Q1940800,37.519952859,127.1123122,0.0,2026-09-05T02:07:00+09:00
V02Q1940811,37.52727312,127.116249051,1.0,2026-09-05T02:07:00+09:00
V02Q1940832,37.511768309,127.124209484,0.0,2026-09-05T02:07:00+09:00
V02Q1940873,37.53247211,127.114301129,0.0,2026-09-05T02:07:00+09:00
V02Q1940941,37.509088133,127.084056858,0.0,2026-09-05T02:07:00+09:00
V02Q1940507,37.531277474,127.123271252,371.0,2026-09-05T02:07:00+09:00
V02Q1940819,37.507344263,127.104688643,0.0,2026-09-05T02:07:00+09:00
V02Q1940820,37.511104225,127.102321793,0.0,2026-09-05T02:07:00+09:00
V02Q1940821,37.502832774,127.108694904,77.0,2026-09-05T02:07:00+09:00
V02Q1940838,37.51767925,127.08881891,0.0,2026-09-05T02:07:00+09:00
V02Q1940887,37.502749128,127.09252424,0.0,2026-09-05T02:07:00+09:00
V02Q1940246,37.49920086,127.072395308,0.0,2026-09-05T02:07:00+09:00
V02Q1940082,37.495507594,127.085748474,0.0,2026-09-05T02:07:00+09:00
V02Q1940098,37.48670146,127.1000197,0.0,2026-09-05T02:07:00+09:00
V02Q1940100,37.494978959,127.093144214,16.0,2026-09-05T02:07:00+09:00
OC3CL210115,37.525641,127.129665,16.0,2026-09-05T02:07:00+09:00
V02Q1940391,37.528616803,127.085121222,1.0,2026-09-05T03:07:00+09:00
V02Q1940392,37.538286643,127.09239683,0.0,2026-09-05T03:07:00+09:00
V02Q1940403,37.534309074,127.081985567,0.0,2026-09-05T03:07:00+09:00
V02Q1940411,37.533878243,127.091521,0.0,2026-09-05T03:07:00+09:00
V02Q1940506,37.535029673,127.093240689,0.0,2026-09-05T03:07:00+09:00
V02Q1940860,37.533442403,127.080963254,0.0,2026-09-05T03:07:00+09:00
V02Q1940679,37.495212727,127.121438826,0.0,2026-09-05T03:07:00+09:00
V02Q1940734,37.518407904,127.100366298,0.0,2026-09-05T03:07:00+09:00
V02Q1940767,37.502603852,127.092310875,0.0,2026-09-05T03:07:00+09:00
V02Q1940772,37.503635193,127.103503284,0.0,2026-09-05T03:07:00+09:00
V02Q1940775,37.505801455,127.109663753,0.0,2026-09-05T03:07:00+09:00
V02Q1940784,37.498247757,127.126296648,1.0,2026-09-05T03:07:00+09:00
V02Q1940790,37.514278277,127.112258966,0.0,2026-09-05T03:07:00+09:00
V02Q1940706,37.502049127,127.117110751,0.0,2026-09-05T03:07:00+09:00
V02Q1940708,37.514300619,127.091447797,0.0,2026-09-05T03:07:00+09:00
V02Q1940713,37.516185359,127.114540561,0.0,2026-09-05T03:07:00+09:00
V02Q1940714,37.513385412,127.10686824,0.0,2026-09-05T03:07:00+09:00
V02Q1940736,37.504194933,127.128187719,8.0,2026-09-05T03:07:00+09:00
V02Q1940781,37.506173683,127.084756221,0.0,2026-09-05T03:07:00+09:00
V02Q1940787,37.512955044,127.094661921,0.0,2026-09-05T03:07:00+09:00
V02Q1940788,37.509617855,127.0741524,0.0,2026-09-05T03:07:00+09:00
V02Q1940800,37.519952859,127.1123122,0.0,2026-09-05T03:07:00+09:00
V02Q1940811,37.52727312,127.116249051,1.0,2026-09-05T03:07:00+09:00
V02Q1940819,37.507344263,127.104688643,0.0,2026-09-05T03:07:00+09:00
V02Q1940821,37.502832774,127.108694904,77.0,2026-09-05T03:07:00+09:00
V02Q1940832,37.511768309,127.124209484,0.0,2026-09-05T03:07:00+09:00
V02Q1940873,37.53247211,127.114301129,0.0,2026-09-05T03:07:00+09:00
V02Q1940941,37.509088133,127.084056858,0.0,2026-09-05T03:07:00+09:00
V02Q1940507,37.531277474,127.123271252,373.0,2026-09-05T03:07:00+09:00
V02Q1940820,37.511104225,127.102321793,0.0,2026-09-05T03:07:00+09:00
V02Q1940838,37.51767925,127.08881891,0.0,2026-09-05T03:07:00+09:00
V02Q1940887,37.502749128,127.09252424,0.0,2026-09-05T03:07:00+09:00
V02Q1940246,37.49920086,127.072395308,0.0,2026-09-05T03:07:00+09:00
V02Q1940082,37.495507594,127.085748474,0.0,2026-09-05T03:07:00+09:00
V02Q1940098,37.48670146,127.1000197,0.0,2026-09-05T03:07:00+09:00
V02Q1940100,37.494978959,127.093144214,16.0,2026-09-05T03:07:00+09:00
OC3CL210115,37.525641,127.129665,16.0,2026-09-05T03:07:00+09:00
OC3CL210115,37.525641,127.129665,16.0,2026-09-05T04:07:00+09:00
V02Q1940082,37.495507594,127.085748474,0.0,2026-09-05T04:07:00+09:00
V02Q1940098,37.48670146,127.1000197,0.0,2026-09-05T04:07:00+09:00
V02Q1940100,37.494978959,127.093144214,16.0,2026-09-05T04:07:00+09:00
V02Q1940246,37.49920086,127.072395308,0.0,2026-09-05T04:07:00+09:00
V02Q1940391,37.528616803,127.085121222,1.0,2026-09-05T04:07:00+09:00
V02Q1940392,37.538286643,127.09239683,0.0,2026-09-05T04:07:00+09:00
V02Q1940403,37.534309074,127.081985567,0.0,2026-09-05T04:07:00+09:00
V02Q1940411,37.533878243,127.091521,0.0,2026-09-05T04:07:00+09:00
V02Q1940506,37.535029673,127.093240689,0.0,2026-09-05T04:07:00+09:00
V02Q1940507,37.531277474,127.123271252,372.0,2026-09-05T04:07:00+09:00
V02Q1940679,37.495212727,127.121438826,0.0,2026-09-05T04:07:00+09:00
V02Q1940706,37.502049127,127.117110751,0.0,2026-09-05T04:07:00+09:00
V02Q1940708,37.514300619,127.091447797,0.0,2026-09-05T04:07:00+09:00
V02Q1940713,37.516185359,127.114540561,0.0,2026-09-05T04:07:00+09:00
V02Q1940714,37.513385412,127.10686824,0.0,2026-09-05T04:07:00+09:00
V02Q1940734,37.518407904,127.100366298,0.0,2026-09-05T04:07:00+09:00
V02Q1940736,37.504194933,127.128187719,8.0,2026-09-05T04:07:00+09:00
V02Q1940767,37.502603852,127.092310875,0.0,2026-09-05T04:07:00+09:00
V02Q1940772,37.503635193,127.103503284,0.0,2026-09-05T04:07:00+09:00
V02Q1940775,37.505801455,127.109663753,0.0,2026-09-05T04:07:00+09:00
V02Q1940781,37.506173683,127.084756221,0.0,2026-09-05T04:07:00+09:00
V02Q1940784,37.498247757,127.126296648,1.0,2026-09-05T04:07:00+09:00
V02Q1940787,37.512955044,127.094661921,0.0,2026-09-05T04:07:00+09:00
V02Q1940788,37.509617855,127.0741524,0.0,2026-09-05T04:07:00+09:00
V02Q1940790,37.514278277,127.112258966,0.0,2026-09-05T04:07:00+09:00
V02Q1940800,37.519952859,127.1123122,0.0,2026-09-05T04:07:00+09:00
V02Q1940811,37.52727312,127.116249051,1.0,2026-09-05T04:07:00+09:00
V02Q1940819,37.507344263,127.104688643,0.0,2026-09-05T04:07:00+09:00
V02Q1940820,37.511104225,127.102321793,0.0,2026-09-05T04:07:00+09:00
V02Q1940821,37.502832774,127.108694904,77.0,2026-09-05T04:07:00+09:00
V02Q1940832,37.511768309,127.124209484,0.0,2026-09-05T04:07:00+09:00
V02Q1940838,37.51767925,127.08881891,0.0,2026-09-05T04:07:00+09:00
V02Q1940860,37.533442403,127.080963254,0.0,2026-09-05T04:07:00+09:00
V02Q1940873,37.53247211,127.114301129,0.0,2026-09-05T04:07:00+09:00
V02Q1940887,37.502749128,127.09252424,0.0,2026-09-05T04:07:00+09:00
V02Q1940941,37.509088133,127.084056858,0.0,2026-09-05T04:07:00+09:00
OC3CL210115,37.525641,127.129665,16.0,2026-09-05T05:07:00+09:00
V02Q1940082,37.495507594,127.085748474,0.0,2026-09-05T05:07:00+09:00
V02Q1940098,37.48670146,127.1000197,0.0,2026-09-05T05:07:00+09:00
V02Q1940100,37.494978959,127.093144214,16.0,2026-09-05T05:07:00+09:00
V02Q1940246,37.49920086,127.072395308,0.0,2026-09-05T05:07:00+09:00
V02Q1940391,37.528616803,127.085121222,1.0,2026-09-05T05:07:00+09:00
V02Q1940392,37.538286643,127.09239683,0.0,2026-09-05T05:07:00+09:00
V02Q1940403,37.534309074,127.081985567,0.0,2026-09-05T05:07:00+09:00
V02Q1940411,37.533878243,127.091521,0.0,2026-09-05T05:07:00+09:00
V02Q1940506,37.535029673,127.093240689,0.0,2026-09-05T05:07:00+09:00
V02Q1940507,37.531277474,127.123271252,373.0,2026-09-05T05:07:00+09:00
V02Q1940679,37.495212727,127.121438826,0.0,2026-09-05T05:07:00+09:00
V02Q1940706,37.502049127,127.117110751,0.0,2026-09-05T05:07:00+09:00
V02Q1940708,37.514300619,127.091447797,0.0,2026-09-05T05:07:00+09:00
V02Q1940713,37.516185359,127.114540561,0.0,2026-09-05T05:07:00+09:00
V02Q1940714,37.513385412,127.10686824,0.0,2026-09-05T05:07:00+09:00
V02Q1940734,37.518407904,127.100366298,0.0,2026-09-05T05:07:00+09:00
V02Q1940736,37.504194933,127.128187719,8.0,2026-09-05T05:07:00+09:00
V02Q1940767,37.502603852,127.092310875,0.0,2026-09-05T05:07:00+09:00
V02Q1940772,37.503635193,127.103503284,0.0,2026-09-05T05:07:00+09:00
V02Q1940775,37.505801455,127.109663753,0.0,2026-09-05T05:07:00+09:00
V02Q1940781,37.506173683,127.084756221,0.0,2026-09-05T05:07:00+09:00
V02Q1940784,37.498247757,127.126296648,1.0,2026-09-05T05:07:00+09:00
V02Q1940787,37.512955044,127.094661921,0.0,2026-09-05T05:07:00+09:00
V02Q1940788,37.509617855,127.0741524,0.0,2026-09-05T05:07:00+09:00
V02Q1940790,37.514278277,127.112258966,0.0,2026-09-05T05:07:00+09:00
V02Q1940800,37.519952859,127.1123122,0.0,2026-09-05T05:07:00+09:00
V02Q1940811,37.52727312,127.116249051,1.0,2026-09-05T05:07:00+09:00
V02Q1940819,37.507344263,127.104688643,0.0,2026-09-05T05:07:00+09:00
V02Q1940820,37.511104225,127.102321793,0.0,2026-09-05T05:07:00+09:00
V02Q1940821,37.502832774,127.108694904,77.0,2026-09-05T05:07:00+09:00
V02Q1940832,37.511768309,127.124209484,0.0,2026-09-05T05:07:00+09:00
V02Q1940838,37.51767925,127.08881891,0.0,2026-09-05T05:07:00+09:00
V02Q1940860,37.533442403,127.080963254,0.0,2026-09-05T05:07:00+09:00
V02Q1940873,37.53247211,127.114301129,0.0,2026-09-05T05:07:00+09:00
V02Q1940887,37.502749128,127.09252424,0.0,2026-09-05T05:07:00+09:00
V02Q1940941,37.509088133,127.084056858,0.0,2026-09-05T05:07:00+09:00
OC3CL210115,37.525641,127.129665,17.0,2026-09-05T06:07:00+09:00
V02Q1940082,37.495507594,127.085748474,2.0,2026-09-05T06:07:00+09:00
V02Q1940098,37.48670146,127.1000197,3.0,2026-09-05T06:07:00+09:00
V02Q1940100,37.494978959,127.093144214,18.0,2026-09-05T06:07:00+09:00
V02Q1940246,37.49920086,127.072395308,0.0,2026-09-05T06:07:00+09:00
V02Q1940391,37.528616803,127.085121222,2.0,2026-09-05T06:07:00+09:00
V02Q1940392,37.538286643,127.09239683,4.0,2026-09-05T06:07:00+09:00
V02Q1940403,37.534309074,127.081985567,2.0,2026-09-05T06:07:00+09:00
V02Q1940411,37.533878243,127.091521,1.0,2026-09-05T06:07:00+09:00
V02Q1940506,37.535029673,127.093240689,0.0,2026-09-05T06:07:00+09:00
V02Q1940507,37.531277474,127.123271252,335.0,2026-09-05T06:07:00+09:00
V02Q1940679,37.495212727,127.121438826,0.0,2026-09-05T06:07:00+09:00
V02Q1940706,37.502049127,127.117110751,0.0,2026-09-05T06:07:00+09:00
V02Q1940708,37.514300619,127.091447797,2.0,2026-09-05T06:07:00+09:00
V02Q1940713,37.516185359,127.114540561,0.0,2026-09-05T06:07:00+09:00
V02Q1940714,37.513385412,127.10686824,0.0,2026-09-05T06:07:00+09:00
V02Q1940734,37.518407904,127.100366298,0.0,2026-09-05T06:07:00+09:00
V02Q1940736,37.504194933,127.128187719,10.0,2026-09-05T06:07:00+09:00
V02Q1940767,37.502603852,127.092310875,2.0,2026-09-05T06:07:00+09:00
V02Q1940772,37.503635193,127.103503284,3.0,2026-09-05T06:07:00+09:00
V02Q1940775,37.505801455,127.109663753,0.0,2026-09-05T06:07:00+09:00
V02Q1940781,37.506173683,127.084756221,1.0,2026-09-05T06:07:00+09:00
V02Q1940784,37.498247757,127.126296648,2.0,2026-09-05T06:07:00+09:00
V02Q1940787,37.512955044,127.094661921,0.0,2026-09-05T06:07:00+09:00
V02Q1940788,37.509617855,127.0741524,0.0,2026-09-05T06:07:00+09:00
V02Q1940790,37.514278277,127.112258966,0.0,2026-09-05T06:07:00+09:00
V02Q1940800,37.519952859,127.1123122,0.0,2026-09-05T06:07:00+09:00
V02Q1940811,37.52727312,127.116249051,1.0,2026-09-05T06:07:00+09:00
V02Q1940819,37.507344263,127.104688643,1.0,2026-09-05T06:07:00+09:00
V02Q1940820,37.511104225,127.102321793,0.0,2026-09-05T06:07:00+09:00
V02Q1940821,37.502832774,127.108694904,71.0,2026-09-05T06:07:00+09:00
V02Q1940832,37.511768309,127.124209484,1.0,2026-09-05T06:07:00+09:00
V02Q1940838,37.51767925,127.08881891,0.0,2026-09-05T06:07:00+09:00
V02Q1940860,37.533442403,127.080963254,2.0,2026-09-05T06:07:00+09:00
V02Q1940873,37.53247211,127.114301129,0.0,2026-09-05T06:07:00+09:00
V02Q1940887,37.502749128,127.09252424,0.0,2026-09-05T06:07:00+09:00
V02Q1940941,37.509088133,127.084056858,2.0,2026-09-05T06:07:00+09:00
V02Q1940391,37.528616803,127.085121222,377.0,2026-09-05T07:07:00+09:00
V02Q1940392,37.538286643,127.09239683,555.0,2026-09-05T07:07:00+09:00
V02Q1940403,37.534309074,127.081985567,395.0,2026-09-05T07:07:00+09:00
V02Q1940411,37.533878243,127.091521,364.0,2026-09-05T07:07:00+09:00
V02Q1940506,37.535029673,127.093240689,0.0,2026-09-05T07:07:00+09:00
V02Q1940860,37.533442403,127.080963254,321.0,2026-09-05T07:07:00+09:00
V02Q1940679,37.495212727,127.121438826,0.0,2026-09-05T07:07:00+09:00
V02Q1940734,37.518407904,127.100366298,0.0,2026-09-05T07:07:00+09:00
V02Q1940784,37.498247757,127.126296648,221.0,2026-09-05T07:07:00+09:00
V02Q1940790,37.514278277,127.112258966,0.0,2026-09-05T07:07:00+09:00
V02Q1940706,37.502049127,127.117110751,0.0,2026-09-05T07:07:00+09:00
V02Q1940708,37.514300619,127.091447797,473.0,2026-09-05T07:07:00+09:00
V02Q1940713,37.516185359,127.114540561,0.0,2026-09-05T07:07:00+09:00
V02Q1940714,37.513385412,127.10686824,0.0,2026-09-05T07:07:00+09:00
V02Q1940736,37.504194933,127.128187719,328.0,2026-09-05T07:07:00+09:00
V02Q1940767,37.502603852,127.092310875,338.0,2026-09-05T07:07:00+09:00
V02Q1940772,37.503635193,127.103503284,578.0,2026-09-05T07:07:00+09:00
V02Q1940775,37.505801455,127.109663753,210.0,2026-09-05T07:07:00+09:00
V02Q1940781,37.506173683,127.084756221,102.0,2026-09-05T07:07:00+09:00
V02Q1940787,37.512955044,127.094661921,0.0,2026-09-05T07:07:00+09:00
V02Q1940788,37.509617855,127.0741524,65.0,2026-09-05T07:07:00+09:00
V02Q1940800,37.519952859,127.1123122,0.0,2026-09-05T07:07:00+09:00
V02Q1940832,37.511768309,127.124209484,230.0,2026-09-05T07:07:00+09:00
V02Q1940873,37.53247211,127.114301129,0.0,2026-09-05T07:07:00+09:00
V02Q1940941,37.509088133,127.084056858,217.0,2026-09-05T07:07:00+09:00
V02Q1940507,37.531277474,127.123271252,181.0,2026-09-05T07:07:00+09:00
V02Q1940811,37.52727312,127.116249051,129.0,2026-09-05T07:07:00+09:00
V02Q1940819,37.507344263,127.104688643,206.0,2026-09-05T07:07:00+09:00
V02Q1940820,37.511104225,127.102321793,0.0,2026-09-05T07:07:00+09:00
V02Q1940821,37.502832774,127.108694904,190.0,2026-09-05T07:07:00+09:00
V02Q1940838,37.51767925,127.08881891,0.0,2026-09-05T07:07:00+09:00
V02Q1940887,37.502749128,127.09252424,0.0,2026-09-05T07:07:00+09:00
V02Q1940246,37.49920086,127.072395308,94.0,2026-09-05T07:07:00+09:00
V02Q1940098,37.48670146,127.1000197,482.0,2026-09-05T07:07:00+09:00
V02Q1940100,37.494978959,127.093144214,446.0,2026-09-05T07:07:00+09:00
V02Q1940082,37.495507594,127.085748474,327.0,2026-09-05T07:07:00+09:00
OC3CL210115,37.525641,127.129665,346.0,2026-09-05T07:07:00+09:00
V02Q1940391,37.528616803,127.085121222,967.0,2026-09-05T08:07:00+09:00
V02Q1940392,37.538286643,127.09239683,1565.0,2026-09-05T08:07:00+09:00
V02Q1940403,37.534309074,127.081985567,1124.0,2026-09-05T08:07:00+09:00
V02Q1940411,37.533878243,127.091521,1564.0,2026-09-05T08:07:00+09:00
V02Q1940506,37.535029673,127.093240689,0.0,2026-09-05T08:07:00+09:00
V02Q1940860,37.533442403,127.080963254,787.0,2026-09-05T08:07:00+09:00
V02Q1940679,37.495212727,127.121438826,0.0,2026-09-05T08:07:00+09:00
V02Q1940734,37.518407904,127.100366298,0.0,2026-09-05T08:07:00+09:00
V02Q1940784,37.498247757,127.126296648,789.0,2026-09-05T08:07:00+09:00
V02Q1940790,37.514278277,127.112258966,0.0,2026-09-05T08:07:00+09:00
V02Q1940706,37.502049127,127.117110751,0.0,2026-09-05T08:07:00+09:00
V02Q1940708,37.514300619,127.091447797,1387.0,2026-09-05T08:07:00+09:00
V02Q1940713,37.516185359,127.114540561,0.0,2026-09-05T08:07:00+09:00
V02Q1940714,37.513385412,127.10686824,0.0,2026-09-05T08:07:00+09:00
V02Q1940736,37.504194933,127.128187719,1172.0,2026-09-05T08:07:00+09:00
V02Q1940767,37.502603852,127.092310875,2178.0,2026-09-05T08:07:00+09:00
V02Q1940772,37.503635193,127.103503284,1333.0,2026-09-05T08:07:00+09:00
V02Q1940775,37.505801455,127.109663753,707.0,2026-09-05T08:07:00+09:00
V02Q1940781,37.506173683,127.084756221,250.0,2026-09-05T08:07:00+09:00
V02Q1940787,37.512955044,127.094661921,0.0,2026-09-05T08:07:00+09:00
V02Q1940788,37.509617855,127.0741524,179.0,2026-09-05T08:07:00+09:00
V02Q1940800,37.519952859,127.1123122,0.0,2026-09-05T08:07:00+09:00
V02Q1940832,37.511768309,127.124209484,589.0,2026-09-05T08:07:00+09:00
V02Q1940873,37.53247211,127.114301129,0.0,2026-09-05T08:07:00+09:00
V02Q1940941,37.509088133,127.084056858,1582.0,2026-09-05T08:07:00+09:00
V02Q1940507,37.531277474,127.123271252,462.0,2026-09-05T08:07:00+09:00
V02Q1940811,37.52727312,127.116249051,326.0,2026-09-05T08:07:00+09:00
V02Q1940819,37.507344263,127.104688643,501.0,2026-09-05T08:07:00+09:00
V02Q1940820,37.511104225,127.102321793,0.0,2026-09-05T08:07:00+09:00
V02Q1940821,37.502832774,127.108694904,1958.0,2026-09-05T08:07:00+09:00
V02Q1940838,37.51767925,127.08881891,0.0,2026-09-05T08:07:00+09:00
V02Q1940887,37.502749128,127.09252424,0.0,2026-09-05T08:07:00+09:00
V02Q1940098,37.48670146,127.1000197,3159.0,2026-09-05T08:07:00+09:00
V02Q1940246,37.49920086,127.072395308,250.0,2026-09-05T08:07:00+09:00
V02Q1940082,37.495507594,127.085748474,1147.0,2026-09-05T08:07:00+09:00
V02Q1940100,37.494978959,127.093144214,3148.0,2026-09-05T08:07:00+09:00
OC3CL210115,37.525641,127.129665,1145.0,2026-09-05T08:07:00+09:00
OC3CL210115,37.525641,127.129665,1423.0,2026-09-05T09:07:00+09:00
V02Q1940082,37.495507594,127.085748474,1333.0,2026-09-05T09:07:00+09:00
V02Q1940098,37.48670146,127.1000197,8899.0,2026-09-05T09:07:00+09:00
V02Q1940100,37.494978959,127.093144214,7406.0,2026-09-05T09:07:00+09:00
V02Q1940246,37.49920086,127.072395308,387.0,2026-09-05T09:07:00+09:00
V02Q1940391,37.528616803,127.085121222,1332.0,2026-09-05T09:07:00+09:00
V02Q1940392,37.538286643,127.09239683,2516.0,2026-09-05T09:07:00+09:00
V02Q1940403,37.534309074,127.081985567,2288.0,2026-09-05T09:07:00+09:00
V02Q1940411,37.533878243,127.091521,1342.0,2026-09-05T09:07:00+09:00
V02Q1940506,37.535029673,127.093240689,0.0,2026-09-05T09:07:00+09:00
V02Q1940507,37.531277474,127.123271252,1645.0,2026-09-05T09:07:00+09:00
V02Q1940679,37.495212727,127.121438826,0.0,2026-09-05T09:07:00+09:00
V02Q1940706,37.502049127,127.117110751,0.0,2026-09-05T09:07:00+09:00
V02Q1940708,37.514300619,127.091447797,1909.0,2026-09-05T09:07:00+09:00
V02Q1940713,37.516185359,127.114540561,0.0,2026-09-05T09:07:00+09:00
V02Q1940714,37.513385412,127.10686824,0.0,2026-09-05T09:07:00+09:00
V02Q1940734,37.518407904,127.100366298,0.0,2026-09-05T09:07:00+09:00
V02Q1940736,37.504194933,127.128187719,988.0,2026-09-05T09:07:00+09:00
V02Q1940767,37.502603852,127.092310875,6000.0,2026-09-05T09:07:00+09:00
V02Q1940772,37.503635193,127.103503284,1642.0,2026-09-05T09:07:00+09:00
V02Q1940775,37.505801455,127.109663753,1034.0,2026-09-05T09:07:00+09:00
V02Q1940781,37.506173683,127.084756221,341.0,2026-09-05T09:07:00+09:00
V02Q1940784,37.498247757,127.126296648,1111.0,2026-09-05T09:07:00+09:00
V02Q1940787,37.512955044,127.094661921,0.0,2026-09-05T09:07:00+09:00
V02Q1940788,37.509617855,127.0741524,291.0,2026-09-05T09:07:00+09:00
V02Q1940790,37.514278277,127.112258966,0.0,2026-09-05T09:07:00+09:00
V02Q1940800,37.519952859,127.1123122,0.0,2026-09-05T09:07:00+09:00
V02Q1940811,37.52727312,127.116249051,1646.0,2026-09-05T09:07:00+09:00
V02Q1940819,37.507344263,127.104688643,715.0,2026-09-05T09:07:00+09:00
V02Q1940820,37.511104225,127.102321793,0.0,2026-09-05T09:07:00+09:00
V02Q1940821,37.502832774,127.108694904,5509.0,2026-09-05T09:07:00+09:00
V02Q1940832,37.511768309,127.124209484,884.0,2026-09-05T09:07:00+09:00
V02Q1940838,37.51767925,127.08881891,0.0,2026-09-05T09:07:00+09:00
V02Q1940860,37.533442403,127.080963254,1037.0,2026-09-05T09:07:00+09:00
V02Q1940873,37.53247211,127.114301129,0.0,2026-09-05T09:07:00+09:00
V02Q1940887,37.502749128,127.09252424,0.0,2026-09-05T09:07:00+09:00
V02Q1940941,37.509088133,127.084056858,5857.0,2026-09-05T09:07:00+09:00
V02Q1940391,37.528616803,127.085121222,2311.0,2026-09-05T10:07:00+09:00
V02Q1940392,37.538286643,127.09239683,3782.0,2026-09-05T10:07:00+09:00
V02Q1940403,37.534309074,127.081985567,2034.0,2026-09-05T10:07:00+09:00
V02Q1940411,37.533878243,127.091521,1729.0,2026-09-05T10:07:00+09:00
V02Q1940506,37.535029673,127.093240689,0.0,2026-09-05T10:07:00+09:00
V02Q1940860,37.533442403,127.080963254,1612.0,2026-09-05T10:07:00+09:00
V02Q1940679,37.495212727,127.121438826,0.0,2026-09-05T10:07:00+09:00
V02Q1940734,37.518407904,127.100366298,0.0,2026-09-05T10:07:00+09:00
V02Q1940784,37.498247757,127.126296648,1668.0,2026-09-05T10:07:00+09:00
V02Q1940706,37.502049127,127.117110751,0.0,2026-09-05T10:07:00+09:00
V02Q1940708,37.514300619,127.091447797,3220.0,2026-09-05T10:07:00+09:00
V02Q1940713,37.516185359,127.114540561,0.0,2026-09-05T10:07:00+09:00
V02Q1940714,37.513385412,127.10686824,0.0,2026-09-05T10:07:00+09:00
V02Q1940736,37.504194933,127.128187719,1390.0,2026-09-05T10:07:00+09:00
V02Q1940767,37.502603852,127.092310875,9825.0,2026-09-05T10:07:00+09:00
V02Q1940772,37.503635193,127.103503284,2544.0,2026-09-05T10:07:00+09:00
V02Q1940775,37.505801455,127.109663753,6071.0,2026-09-05T10:07:00+09:00
V02Q1940781,37.506173683,127.084756221,649.0,2026-09-05T10:07:00+09:00
V02Q1940787,37.512955044,127.094661921,0.0,2026-09-05T10:07:00+09:00
V02Q1940788,37.509617855,127.0741524,1429.0,2026-09-05T10:07:00+09:00
V02Q1940790,37.514278277,127.112258966,0.0,2026-09-05T10:07:00+09:00
V02Q1940800,37.519952859,127.1123122,0.0,2026-09-05T10:07:00+09:00
V02Q1940832,37.511768309,127.124209484,6574.0,2026-09-05T10:07:00+09:00
V02Q1940873,37.53247211,127.114301129,0.0,2026-09-05T10:07:00+09:00
V02Q1940507,37.531277474,127.123271252,1397.0,2026-09-05T10:07:00+09:00
V02Q1940811,37.52727312,127.116249051,10190.0,2026-09-05T10:07:00+09:00
V02Q1940819,37.507344263,127.104688643,1348.0,2026-09-05T10:07:00+09:00
V02Q1940820,37.511104225,127.102321793,0.0,2026-09-05T10:07:00+09:00
V02Q1940821,37.502832774,127.108694904,8695.0,2026-09-05T10:07:00+09:00
V02Q1940838,37.51767925,127.08881891,0.0,2026-09-05T10:07:00+09:00
V02Q1940887,37.502749128,127.09252424,0.0,2026-09-05T10:07:00+09:00
V02Q1940941,37.509088133,127.084056858,12094.0,2026-09-05T10:07:00+09:00
V02Q1940246,37.49920086,127.072395308,732.0,2026-09-05T10:07:00+09:00
V02Q1940082,37.495507594,127.085748474,3355.0,2026-09-05T10:07:00+09:00
V02Q1940098,37.48670146,127.1000197,15697.0,2026-09-05T10:07:00+09:00
V02Q1940100,37.494978959,127.093144214,11839.0,2026-09-05T10:07:00+09:00
OC3CL210115,37.525641,127.129665,1693.0,2026-09-05T10:07:00+09:00
V02Q1940391,37.528616803,127.085121222,17956.0,2026-09-05T11:07:00+09:00
V02Q1940392,37.538286643,127.09239683,4628.0,2026-09-05T11:07:00+09:00
V02Q1940403,37.534309074,127.081985567,4215.0,2026-09-05T11:07:00+09:00
V02Q1940411,37.533878243,127.091521,2861.0,2026-09-05T11:07:00+09:00
V02Q1940506,37.535029673,127.093240689,0.0,2026-09-05T11:07:00+09:00
V02Q1940860,37.533442403,127.080963254,1776.0,2026-09-05T11:07:00+09:00
V02Q1940679,37.495212727,127.121438826,0.0,2026-09-05T11:07:00+09:00
V02Q1940734,37.518407904,127.100366298,0.0,2026-09-05T11:07:00+09:00
V02Q1940784,37.498247757,127.126296648,10088.0,2026-09-05T11:07:00+09:00
V02Q1940790,37.514278277,127.112258966,0.0,2026-09-05T11:07:00+09:00
V02Q1940706,37.502049127,127.117110751,0.0,2026-09-05T11:07:00+09:00
V02Q1940708,37.514300619,127.091447797,13591.0,2026-09-05T11:07:00+09:00
V02Q1940713,37.516185359,127.114540561,0.0,2026-09-05T11:07:00+09:00
V02Q1940714,37.513385412,127.10686824,0.0,2026-09-05T11:07:00+09:00
V02Q1940736,37.504194933,127.128187719,1541.0,2026-09-05T11:07:00+09:00
V02Q1940767,37.502603852,127.092310875,12959.0,2026-09-05T11:07:00+09:00
V02Q1940772,37.503635193,127.103503284,3326.0,2026-09-05T11:07:00+09:00
V02Q1940775,37.505801455,127.109663753,17356.0,2026-09-05T11:07:00+09:00
V02Q1940781,37.506173683,127.084756221,7716.0,2026-09-05T11:07:00+09:00
V02Q1940787,37.512955044,127.094661921,0.0,2026-09-05T11:07:00+09:00
V02Q1940788,37.509617855,127.0741524,489.0,2026-09-05T11:07:00+09:00
V02Q1940800,37.519952859,127.1123122,0.0,2026-09-05T11:07:00+09:00
V02Q1940832,37.511768309,127.124209484,19855.0,2026-09-05T11:07:00+09:00
V02Q1940873,37.53247211,127.114301129,0.0,2026-09-05T11:07:00+09:00
V02Q1940941,37.509088133,127.084056858,4822.0,2026-09-05T11:07:00+09:00
V02Q1940507,37.531277474,127.123271252,1696.0,2026-09-05T11:07:00+09:00
V02Q1940811,37.52727312,127.116249051,16989.0,2026-09-05T11:07:00+09:00
V02Q1940819,37.507344263,127.104688643,2480.0,2026-09-05T11:07:00+09:00
V02Q1940820,37.511104225,127.102321793,0.0,2026-09-05T11:07:00+09:00
V02Q1940821,37.502832774,127.108694904,9415.0,2026-09-05T11:07:00+09:00
V02Q1940838,37.51767925,127.08881891,0.0,2026-09-05T11:07:00+09:00
V02Q1940887,37.502749128,127.09252424,0.0,2026-09-05T11:07:00+09:00
V02Q1940246,37.49920086,127.072395308,13645.0,2026-09-05T11:07:00+09:00
V02Q1940098,37.48670146,127.1000197,17686.0,2026-09-05T11:07:00+09:00
V02Q1940100,37.494978959,127.093144214,14768.0,2026-09-05T11:07:00+09:00
V02Q1940082,37.495507594,127.085748474,3280.0,2026-09-05T11:07:00+09:00
OC3CL210115,37.525641,127.129665,2002.0,2026-09-05T11:07:00+09:00
OC3CL210115,37.525641,127.129665,4063.0,2026-09-05T12:07:00+09:00
V02Q1940082,37.495507594,127.085748474,2665.0,2026-09-05T12:07:00+09:00
V02Q1940098,37.48670146,127.1000197,20522.0,2026-09-05T12:07:00+09:00
V02Q1940100,37.494978959,127.093144214,12925.0,2026-09-05T12:07:00+09:00
V02Q1940246,37.49920086,127.072395308,22105.0,2026-09-05T12:07:00+09:00
V02Q1940391,37.528616803,127.085121222,26116.0,2026-09-05T12:07:00+09:00
V02Q1940392,37.538286643,127.09239683,19462.0,2026-09-05T12:07:00+09:00
V02Q1940403,37.534309074,127.081985567,3353.0,2026-09-05T12:07:00+09:00
V02Q1940411,37.533878243,127.091521,3366.0,2026-09-05T12:07:00+09:00
V02Q1940506,37.535029673,127.093240689,0.0,2026-09-05T12:07:00+09:00
V02Q1940507,37.531277474,127.123271252,13524.0,2026-09-05T12:07:00+09:00
V02Q1940679,37.495212727,127.121438826,0.0,2026-09-05T12:07:00+09:00
V02Q1940706,37.502049127,127.117110751,0.0,2026-09-05T12:07:00+09:00
V02Q1940708,37.514300619,127.091447797,16039.0,2026-09-05T12:07:00+09:00
V02Q1940713,37.516185359,127.114540561,0.0,2026-09-05T12:07:00+09:00
V02Q1940714,37.513385412,127.10686824,0.0,2026-09-05T12:07:00+09:00
V02Q1940734,37.518407904,127.100366298,0.0,2026-09-05T12:07:00+09:00
V02Q1940736,37.504194933,127.128187719,2353.0,2026-09-05T12:07:00+09:00
V02Q1940767,37.502603852,127.092310875,14493.0,2026-09-05T12:07:00+09:00
V02Q1940772,37.503635193,127.103503284,11872.0,2026-09-05T12:07:00+09:00
V02Q1940775,37.505801455,127.109663753,14568.0,2026-09-05T12:07:00+09:00
V02Q1940781,37.506173683,127.084756221,5298.0,2026-09-05T12:07:00+09:00
V02Q1940784,37.498247757,127.126296648,10663.0,2026-09-05T12:07:00+09:00
V02Q1940787,37.512955044,127.094661921,0.0,2026-09-05T12:07:00+09:00
V02Q1940788,37.509617855,127.0741524,1405.0,2026-09-05T12:07:00+09:00
V02Q1940790,37.514278277,127.112258966,0.0,2026-09-05T12:07:00+09:00
V02Q1940800,37.519952859,127.1123122,0.0,2026-09-05T12:07:00+09:00
V02Q1940811,37.52727312,127.116249051,10244.0,2026-09-05T12:07:00+09:00
V02Q1940819,37.507344263,127.104688643,30867.0,2026-09-05T12:07:00+09:00
V02Q1940820,37.511104225,127.102321793,0.0,2026-09-05T12:07:00+09:00
V02Q1940821,37.502832774,127.108694904,5772.0,2026-09-05T12:07:00+09:00
V02Q1940832,37.511768309,127.124209484,21514.0,2026-09-05T12:07:00+09:00
V02Q1940838,37.51767925,127.08881891,0.0,2026-09-05T12:07:00+09:00
V02Q1940860,37.533442403,127.080963254,5771.0,2026-09-05T12:07:00+09:00
V02Q1940873,37.53247211,127.114301129,0.0,2026-09-05T12:07:00+09:00
V02Q1940887,37.502749128,127.09252424,0.0,2026-09-05T12:07:00+09:00
V02Q1940941,37.509088133,127.084056858,3423.0,2026-09-05T12:07:00+09:00
V02Q1940391,37.528616803,127.085121222,26728.0,2026-09-05T13:07:00+09:00
V02Q1940392,37.538286643,127.09239683,47873.0,2026-09-05T13:07:00+09:00
V02Q1940403,37.534309074,127.081985567,4060.0,2026-09-05T13:07:00+09:00
V02Q1940411,37.533878243,127.091521,27353.0,2026-09-05T13:07:00+09:00
V02Q1940506,37.535029673,127.093240689,0.0,2026-09-05T13:07:00+09:00
V02Q1940860,37.533442403,127.080963254,16614.0,2026-09-05T13:07:00+09:00
V02Q1940679,37.495212727,127.121438826,0.0,2026-09-05T13:07:00+09:00
V02Q1940734,37.518407904,127.100366298,0.0,2026-09-05T13:07:00+09:00
V02Q1940784,37.498247757,127.126296648,5088.0,2026-09-05T13:07:00+09:00
V02Q1940790,37.514278277,127.112258966,0.0,2026-09-05T13:07:00+09:00
V02Q1940706,37.502049127,127.117110751,0.0,2026-09-05T13:07:00+09:00
V02Q1940708,37.514300619,127.091447797,39331.0,2026-09-05T13:07:00+09:00
V02Q1940713,37.516185359,127.114540561,0.0,2026-09-05T13:07:00+09:00
V02Q1940714,37.513385412,127.10686824,0.0,2026-09-05T13:07:00+09:00
V02Q1940736,37.504194933,127.128187719,3414.0,2026-09-05T13:07:00+09:00
V02Q1940767,37.502603852,127.092310875,15661.0,2026-09-05T13:07:00+09:00
V02Q1940772,37.503635193,127.103503284,38565.0,2026-09-05T13:07:00+09:00
V02Q1940775,37.505801455,127.109663753,16815.0,2026-09-05T13:07:00+09:00
V02Q1940781,37.506173683,127.084756221,1496.0,2026-09-05T13:07:00+09:00
V02Q1940787,37.512955044,127.094661921,0.0,2026-09-05T13:07:00+09:00
V02Q1940788,37.509617855,127.0741524,508.0,2026-09-05T13:07:00+09:00
V02Q1940800,37.519952859,127.1123122,0.0,2026-09-05T13:07:00+09:00
V02Q1940832,37.511768309,127.124209484,13448.0,2026-09-05T13:07:00+09:00
V02Q1940873,37.53247211,127.114301129,0.0,2026-09-05T13:07:00+09:00
V02Q1940941,37.509088133,127.084056858,4201.0,2026-09-05T13:07:00+09:00
V02Q1940507,37.531277474,127.123271252,21607.0,2026-09-05T13:07:00+09:00
V02Q1940811,37.52727312,127.116249051,22113.0,2026-09-05T13:07:00+09:00
V02Q1940819,37.507344263,127.104688643,29477.0,2026-09-05T13:07:00+09:00
V02Q1940820,37.511104225,127.102321793,0.0,2026-09-05T13:07:00+09:00
V02Q1940821,37.502832774,127.108694904,15710.0,2026-09-05T13:07:00+09:00
V02Q1940838,37.51767925,127.08881891,0.0,2026-09-05T13:07:00+09:00
V02Q1940887,37.502749128,127.09252424,0.0,2026-09-05T13:07:00+09:00
V02Q1940246,37.49920086,127.072395308,9295.0,2026-09-05T13:07:00+09:00
V02Q1940082,37.495507594,127.085748474,9634.0,2026-09-05T13:07:00+09:00
V02Q1940098,37.48670146,127.1000197,14086.0,2026-09-05T13:07:00+09:00
V02Q1940100,37.494978959,127.093144214,10054.0,2026-09-05T13:07:00+09:00
OC3CL210115,37.525641,127.129665,15339.0,2026-09-05T13:07:00+09:00
V02Q1940391,37.528616803,127.085121222,11789.0,2026-09-05T14:07:00+09:00
V02Q1940392,37.538286643,127.09239683,25431.0,2026-09-05T14:07:00+09:00
V02Q1940403,37.534309074,127.081985567,8250.0,2026-09-05T14:07:00+09:00
V02Q1940411,37.533878243,127.091521,17030.0,2026-09-05T14:07:00+09:00
V02Q1940506,37.535029673,127.093240689,0.0,2026-09-05T14:07:00+09:00
V02Q1940860,37.533442403,127.080963254,5079.0,2026-09-05T14:07:00+09:00
V02Q1940679,37.495212727,127.121438826,0.0,2026-09-05T14:07:00+09:00
V02Q1940734,37.518407904,127.100366298,0.0,2026-09-05T14:07:00+09:00
V02Q1940784,37.498247757,127.126296648,3088.0,2026-09-05T14:07:00+09:00
V02Q1940790,37.514278277,127.112258966,0.0,2026-09-05T14:07:00+09:00
V02Q1940706,37.502049127,127.117110751,0.0,2026-09-05T14:07:00+09:00
V02Q1940708,37.514300619,127.091447797,35508.0,2026-09-05T14:07:00+09:00
V02Q1940713,37.516185359,127.114540561,0.0,2026-09-05T14:07:00+09:00
V02Q1940714,37.513385412,127.10686824,0.0,2026-09-05T14:07:00+09:00
V02Q1940736,37.504194933,127.128187719,17362.0,2026-09-05T14:07:00+09:00
V02Q1940767,37.502603852,127.092310875,13009.0,2026-09-05T14:07:00+09:00
V02Q1940772,37.503635193,127.103503284,14573.0,2026-09-05T14:07:00+09:00
V02Q1940775,37.505801455,127.109663753,25880.0,2026-09-05T14:07:00+09:00
V02Q1940781,37.506173683,127.084756221,3131.0,2026-09-05T14:07:00+09:00
V02Q1940787,37.512955044,127.094661921,0.0,2026-09-05T14:07:00+09:00
V02Q1940788,37.509617855,127.0741524,732.0,2026-09-05T14:07:00+09:00
V02Q1940800,37.519952859,127.1123122,0.0,2026-09-05T14:07:00+09:00
V02Q1940832,37.511768309,127.124209484,4971.0,2026-09-05T14:07:00+09:00
V02Q1940873,37.53247211,127.114301129,0.0,2026-09-05T14:07:00+09:00
V02Q1940941,37.509088133,127.084056858,3127.0,2026-09-05T14:07:00+09:00
V02Q1940507,37.531277474,127.123271252,12710.0,2026-09-05T14:07:00+09:00
V02Q1940811,37.52727312,127.116249051,15566.0,2026-09-05T14:07:00+09:00
V02Q1940819,37.507344263,127.104688643,23297.0,2026-09-05T14:07:00+09:00
V02Q1940820,37.511104225,127.102321793,0.0,2026-09-05T14:07:00+09:00
V02Q1940821,37.502832774,127.108694904,5180.0,2026-09-05T14:07:00+09:00
V02Q1940838,37.51767925,127.08881891,0.0,2026-09-05T14:07:00+09:00
V02Q1940887,37.502749128,127.09252424,0.0,2026-09-05T14:07:00+09:00
V02Q1940246,37.49920086,127.072395308,1899.0,2026-09-05T14:07:00+09:00
V02Q1940098,37.48670146,127.1000197,5905.0,2026-09-05T14:07:00+09:00
V02Q1940100,37.494978959,127.093144214,3383.0,2026-09-05T14:07:00+09:00
V02Q1940082,37.495507594,127.085748474,3319.0,2026-09-05T14:07:00+09:00
OC3CL210115,37.525641,127.129665,13147.0,2026-09-05T14:07:00+09:00
V02Q1940391,37.528616803,127.085121222,10592.0,2026-09-05T15:07:00+09:00
V02Q1940392,37.538286643,127.09239683,41986.0,2026-09-05T15:07:00+09:00
V02Q1940403,37.534309074,127.081985567,17425.0,2026-09-05T15:07:00+09:00
V02Q1940411,37.533878243,127.091521,21041.0,2026-09-05T15:07:00+09:00
V02Q1940506,37.535029673,127.093240689,0.0,2026-09-05T15:07:00+09:00
V02Q1940860,37.533442403,127.080963254,8330.0,2026-09-05T15:07:00+09:00
V02Q1940679,37.495212727,127.121438826,0.0,2026-09-05T15:07:00+09:00
V02Q1940734,37.518407904,127.100366298,0.0,2026-09-05T15:07:00+09:00
V02Q1940784,37.498247757,127.126296648,9480.0,2026-09-05T15:07:00+09:00
V02Q1940706,37.502049127,127.117110751,0.0,2026-09-05T15:07:00+09:00
V02Q1940708,37.514300619,127.091447797,10372.0,2026-09-05T15:07:00+09:00
V02Q1940714,37.513385412,127.10686824,0.0,2026-09-05T15:07:00+09:00
V02Q1940736,37.504194933,127.128187719,2736.0,2026-09-05T15:07:00+09:00
V02Q1940767,37.502603852,127.092310875,12982.0,2026-09-05T15:07:00+09:00
V02Q1940772,37.503635193,127.103503284,4516.0,2026-09-05T15:07:00+09:00
V02Q1940775,37.505801455,127.109663753,9154.0,2026-09-05T15:07:00+09:00
V02Q1940781,37.506173683,127.084756221,1083.0,2026-09-05T15:07:00+09:00
V02Q1940787,37.512955044,127.094661921,0.0,2026-09-05T15:07:00+09:00
V02Q1940788,37.509617855,127.0741524,713.0,2026-09-05T15:07:00+09:00
V02Q1940790,37.514278277,127.112258966,0.0,2026-09-05T15:07:00+09:00
V02Q1940800,37.519952859,127.1123122,0.0,2026-09-05T15:07:00+09:00
V02Q1940832,37.511768309,127.124209484,3373.0,2026-09-05T15:07:00+09:00
V02Q1940873,37.53247211,127.114301129,0.0,2026-09-05T15:07:00+09:00
V02Q1940507,37.531277474,127.123271252,19784.0,2026-09-05T15:07:00+09:00
V02Q1940713,37.516185359,127.114540561,0.0,2026-09-05T15:07:00+09:00
V02Q1940811,37.52727312,127.116249051,13835.0,2026-09-05T15:07:00+09:00
V02Q1940819,37.507344263,127.104688643,3421.0,2026-09-05T15:07:00+09:00
V02Q1940820,37.511104225,127.102321793,0.0,2026-09-05T15:07:00+09:00
V02Q1940821,37.502832774,127.108694904,1328.0,2026-09-05T15:07:00+09:00
V02Q1940838,37.51767925,127.08881891,0.0,2026-09-05T15:07:00+09:00
V02Q1940887,37.502749128,127.09252424,0.0,2026-09-05T15:07:00+09:00
V02Q1940941,37.509088133,127.084056858,14341.0,2026-09-05T15:07:00+09:00
V02Q1940098,37.48670146,127.1000197,3275.0,2026-09-05T15:07:00+09:00
V02Q1940246,37.49920086,127.072395308,771.0,2026-09-05T15:07:00+09:00
V02Q1940082,37.495507594,127.085748474,2023.0,2026-09-05T15:07:00+09:00
V02Q1940100,37.494978959,127.093144214,2054.0,2026-09-05T15:07:00+09:00
OC3CL210115,37.525641,127.129665,13596.0,2026-09-05T15:07:00+09:00
V02Q1940391,37.528616803,127.085121222,6999.0,2026-09-05T16:07:00+09:00
V02Q1940392,37.538286643,127.09239683,9549.0,2026-09-05T16:07:00+09:00
V02Q1940403,37.534309074,127.081985567,12976.0,2026-09-05T16:07:00+09:00
V02Q1940411,37.533878243,127.091521,9400.0,2026-09-05T16:07:00+09:00
V02Q1940506,37.535029673,127.093240689,0.0,2026-09-05T16:07:00+09:00
V02Q1940860,37.533442403,127.080963254,13532.0,2026-09-05T16:07:00+09:00
V02Q1940679,37.495212727,127.121438826,0.0,2026-09-05T16:07:00+09:00
V02Q1940734,37.518407904,127.100366298,0.0,2026-09-05T16:07:00+09:00
V02Q1940784,37.498247757,127.126296648,1430.0,2026-09-05T16:07:00+09:00
V02Q1940706,37.502049127,127.117110751,0.0,2026-09-05T16:07:00+09:00
V02Q1940708,37.514300619,127.091447797,5238.0,2026-09-05T16:07:00+09:00
V02Q1940714,37.513385412,127.10686824,0.0,2026-09-05T16:07:00+09:00
V02Q1940736,37.504194933,127.128187719,4627.0,2026-09-05T16:07:00+09:00
V02Q1940767,37.502603852,127.092310875,5495.0,2026-09-05T16:07:00+09:00
V02Q1940772,37.503635193,127.103503284,12914.0,2026-09-05T16:07:00+09:00
V02Q1940775,37.505801455,127.109663753,2537.0,2026-09-05T16:07:00+09:00
V02Q1940781,37.506173683,127.084756221,1778.0,2026-09-05T16:07:00+09:00
V02Q1940787,37.512955044,127.094661921,0.0,2026-09-05T16:07:00+09:00
V02Q1940788,37.509617855,127.0741524,1938.0,2026-09-05T16:07:00+09:00
V02Q1940790,37.514278277,127.112258966,0.0,2026-09-05T16:07:00+09:00
V02Q1940800,37.519952859,127.1123122,0.0,2026-09-05T16:07:00+09:00
V02Q1940832,37.511768309,127.124209484,3495.0,2026-09-05T16:07:00+09:00
V02Q1940873,37.53247211,127.114301129,0.0,2026-09-05T16:07:00+09:00
V02Q1940507,37.531277474,127.123271252,6110.0,2026-09-05T16:07:00+09:00
V02Q1940713,37.516185359,127.114540561,0.0,2026-09-05T16:07:00+09:00
V02Q1940811,37.52727312,127.116249051,5541.0,2026-09-05T16:07:00+09:00
V02Q1940819,37.507344263,127.104688643,2742.0,2026-09-05T16:07:00+09:00
V02Q1940820,37.511104225,127.102321793,0.0,2026-09-05T16:07:00+09:00
V02Q1940821,37.502832774,127.108694904,1314.0,2026-09-05T16:07:00+09:00
V02Q1940838,37.51767925,127.08881891,0.0,2026-09-05T16:07:00+09:00
V02Q1940887,37.502749128,127.09252424,0.0,2026-09-05T16:07:00+09:00
V02Q1940941,37.509088133,127.084056858,3274.0,2026-09-05T16:07:00+09:00
V02Q1940098,37.48670146,127.1000197,2706.0,2026-09-05T16:07:00+09:00
V02Q1940246,37.49920086,127.072395308,653.0,2026-09-05T16:07:00+09:00
V02Q1940082,37.495507594,127.085748474,1938.0,2026-09-05T16:07:00+09:00
V02Q1940100,37.494978959,127.093144214,6034.0,2026-09-05T16:07:00+09:00
OC3CL210115,37.525641,127.129665,7965.0,2026-09-05T16:07:00+09:00
V02Q1940391,37.528616803,127.085121222,4351.0,2026-09-05T17:07:00+09:00
V02Q1940392,37.538286643,127.09239683,2533.0,2026-09-05T17:07:00+09:00
V02Q1940403,37.534309074,127.081985567,8134.0,2026-09-05T17:07:00+09:00
V02Q1940411,37.533878243,127.091521,1189.0,2026-09-05T17:07:00+09:00
V02Q1940506,37.535029673,127.093240689,0.0,2026-09-05T17:07:00+09:00
V02Q1940860,37.533442403,127.080963254,8838.0,2026-09-05T17:07:00+09:00
V02Q1940679,37.495212727,127.121438826,0.0,2026-09-05T17:07:00+09:00
V02Q1940734,37.518407904,127.100366298,0.0,2026-09-05T17:07:00+09:00
V02Q1940784,37.498247757,127.126296648,727.0,2026-09-05T17:07:00+09:00
V02Q1940706,37.502049127,127.117110751,0.0,2026-09-05T17:07:00+09:00
V02Q1940708,37.514300619,127.091447797,1713.0,2026-09-05T17:07:00+09:00
V02Q1940714,37.513385412,127.10686824,0.0,2026-09-05T17:07:00+09:00
V02Q1940736,37.504194933,127.128187719,2277.0,2026-09-05T17:07:00+09:00
V02Q1940767,37.502603852,127.092310875,1281.0,2026-09-05T17:07:00+09:00
V02Q1940772,37.503635193,127.103503284,5930.0,2026-09-05T17:07:00+09:00
V02Q1940775,37.505801455,127.109663753,1717.0,2026-09-05T17:07:00+09:00
V02Q1940781,37.506173683,127.084756221,423.0,2026-09-05T17:07:00+09:00
V02Q1940787,37.512955044,127.094661921,0.0,2026-09-05T17:07:00+09:00
V02Q1940788,37.509617855,127.0741524,8386.0,2026-09-05T17:07:00+09:00
V02Q1940790,37.514278277,127.112258966,0.0,2026-09-05T17:07:00+09:00
V02Q1940800,37.519952859,127.1123122,0.0,2026-09-05T17:07:00+09:00
V02Q1940832,37.511768309,127.124209484,2251.0,2026-09-05T17:07:00+09:00
V02Q1940873,37.53247211,127.114301129,0.0,2026-09-05T17:07:00+09:00
V02Q1940507,37.531277474,127.123271252,7770.0,2026-09-05T17:07:00+09:00
V02Q1940713,37.516185359,127.114540561,0.0,2026-09-05T17:07:00+09:00
V02Q1940811,37.52727312,127.116249051,973.0,2026-09-05T17:07:00+09:00
V02Q1940819,37.507344263,127.104688643,1534.0,2026-09-05T17:07:00+09:00
V02Q1940820,37.511104225,127.102321793,0.0,2026-09-05T17:07:00+09:00
V02Q1940821,37.502832774,127.108694904,778.0,2026-09-05T17:07:00+09:00
V02Q1940838,37.51767925,127.08881891,0.0,2026-09-05T17:07:00+09:00
V02Q1940887,37.502749128,127.09252424,0.0,2026-09-05T17:07:00+09:00
V02Q1940941,37.509088133,127.084056858,891.0,2026-09-05T17:07:00+09:00
V02Q1940246,37.49920086,127.072395308,350.0,2026-09-05T17:07:00+09:00
V02Q1940098,37.48670146,127.1000197,6183.0,2026-09-05T17:07:00+09:00
V02Q1940100,37.494978959,127.093144214,4318.0,2026-09-05T17:07:00+09:00
V02Q1940082,37.495507594,127.085748474,1130.0,2026-09-05T17:07:00+09:00
OC3CL210115,37.525641,127.129665,2064.0,2026-09-05T17:07:00+09:00
V02Q1940391,37.528616803,127.085121222,918.0,2026-09-05T18:07:00+09:00
V02Q1940392,37.538286643,127.09239683,1473.0,2026-09-05T18:07:00+09:00
V02Q1940403,37.534309074,127.081985567,1381.0,2026-09-05T18:07:00+09:00
V02Q1940411,37.533878243,127.091521,622.0,2026-09-05T18:07:00+09:00
V02Q1940506,37.535029673,127.093240689,0.0,2026-09-05T18:07:00+09:00
V02Q1940860,37.533442403,127.080963254,3839.0,2026-09-05T18:07:00+09:00
V02Q1940679,37.495212727,127.121438826,0.0,2026-09-05T18:07:00+09:00
V02Q1940734,37.518407904,127.100366298,0.0,2026-09-05T18:07:00+09:00
V02Q1940784,37.498247757,127.126296648,434.0,2026-09-05T18:07:00+09:00
V02Q1940790,37.514278277,127.112258966,0.0,2026-09-05T18:07:00+09:00
V02Q1940706,37.502049127,127.117110751,0.0,2026-09-05T18:07:00+09:00
V02Q1940708,37.514300619,127.091447797,1012.0,2026-09-05T18:07:00+09:00
V02Q1940713,37.516185359,127.114540561,0.0,2026-09-05T18:07:00+09:00
V02Q1940714,37.513385412,127.10686824,0.0,2026-09-05T18:07:00+09:00
V02Q1940736,37.504194933,127.128187719,1120.0,2026-09-05T18:07:00+09:00
V02Q1940767,37.502603852,127.092310875,779.0,2026-09-05T18:07:00+09:00
V02Q1940772,37.503635193,127.103503284,6381.0,2026-09-05T18:07:00+09:00
V02Q1940775,37.505801455,127.109663753,590.0,2026-09-05T18:07:00+09:00
V02Q1940781,37.506173683,127.084756221,265.0,2026-09-05T18:07:00+09:00
V02Q1940787,37.512955044,127.094661921,0.0,2026-09-05T18:07:00+09:00
V02Q1940788,37.509617855,127.0741524,3541.0,2026-09-05T18:07:00+09:00
V02Q1940800,37.519952859,127.1123122,0.0,2026-09-05T18:07:00+09:00
V02Q1940832,37.511768309,127.124209484,1046.0,2026-09-05T18:07:00+09:00
V02Q1940873,37.53247211,127.114301129,0.0,2026-09-05T18:07:00+09:00
V02Q1940941,37.509088133,127.084056858,479.0,2026-09-05T18:07:00+09:00
V02Q1940507,37.531277474,127.123271252,1616.0,2026-09-05T18:07:00+09:00
V02Q1940811,37.52727312,127.116249051,426.0,2026-09-05T18:07:00+09:00
V02Q1940819,37.507344263,127.104688643,781.0,2026-09-05T18:07:00+09:00
V02Q1940820,37.511104225,127.102321793,0.0,2026-09-05T18:07:00+09:00
V02Q1940821,37.502832774,127.108694904,508.0,2026-09-05T18:07:00+09:00
V02Q1940838,37.51767925,127.08881891,0.0,2026-09-05T18:07:00+09:00
V02Q1940887,37.502749128,127.09252424,0.0,2026-09-05T18:07:00+09:00
V02Q1940098,37.48670146,127.1000197,3398.0,2026-09-05T18:07:00+09:00
V02Q1940246,37.49920086,127.072395308,217.0,2026-09-05T18:07:00+09:00
V02Q1940082,37.495507594,127.085748474,1031.0,2026-09-05T18:07:00+09:00
V02Q1940100,37.494978959,127.093144214,2081.0,2026-09-05T18:07:00+09:00
OC3CL210115,37.525641,127.129665,1066.0,2026-09-05T18:07:00+09:00
V02Q1940391,37.528616803,127.085121222,380.0,2026-09-05T19:07:00+09:00
V02Q1940392,37.538286643,127.09239683,575.0,2026-09-05T19:07:00+09:00
V02Q1940403,37.534309074,127.081985567,481.0,2026-09-05T19:07:00+09:00
V02Q1940411,37.533878243,127.091521,246.0,2026-09-05T19:07:00+09:00
V02Q1940506,37.535029673,127.093240689,0.0,2026-09-05T19:07:00+09:00
V02Q1940860,37.533442403,127.080963254,692.0,2026-09-05T19:07:00+09:00
V02Q1940679,37.495212727,127.121438826,0.0,2026-09-05T19:07:00+09:00
V02Q1940734,37.518407904,127.100366298,0.0,2026-09-05T19:07:00+09:00
V02Q1940784,37.498247757,127.126296648,193.0,2026-09-05T19:07:00+09:00
V02Q1940706,37.502049127,127.117110751,0.0,2026-09-05T19:07:00+09:00
V02Q1940708,37.514300619,127.091447797,430.0,2026-09-05T19:07:00+09:00
V02Q1940714,37.513385412,127.10686824,0.0,2026-09-05T19:07:00+09:00
V02Q1940736,37.504194933,127.128187719,384.0,2026-09-05T19:07:00+09:00
V02Q1940767,37.502603852,127.092310875,320.0,2026-09-05T19:07:00+09:00
V02Q1940772,37.503635193,127.103503284,1184.0,2026-09-05T19:07:00+09:00
V02Q1940775,37.505801455,127.109663753,233.0,2026-09-05T19:07:00+09:00
V02Q1940781,37.506173683,127.084756221,100.0,2026-09-05T19:07:00+09:00
V02Q1940787,37.512955044,127.094661921,0.0,2026-09-05T19:07:00+09:00
V02Q1940788,37.509617855,127.0741524,420.0,2026-09-05T19:07:00+09:00
V02Q1940790,37.514278277,127.112258966,0.0,2026-09-05T19:07:00+09:00
V02Q1940800,37.519952859,127.1123122,0.0,2026-09-05T19:07:00+09:00
V02Q1940832,37.511768309,127.124209484,284.0,2026-09-05T19:07:00+09:00
V02Q1940873,37.53247211,127.114301129,0.0,2026-09-05T19:07:00+09:00
V02Q1940507,37.531277474,127.123271252,243.0,2026-09-05T19:07:00+09:00
V02Q1940713,37.516185359,127.114540561,0.0,2026-09-05T19:07:00+09:00
V02Q1940811,37.52727312,127.116249051,159.0,2026-09-05T19:07:00+09:00
V02Q1940819,37.507344263,127.104688643,238.0,2026-09-05T19:07:00+09:00
V02Q1940820,37.511104225,127.102321793,0.0,2026-09-05T19:07:00+09:00
V02Q1940821,37.502832774,127.108694904,193.0,2026-09-05T19:07:00+09:00
V02Q1940838,37.51767925,127.08881891,0.0,2026-09-05T19:07:00+09:00
V02Q1940887,37.502749128,127.09252424,0.0,2026-09-05T19:07:00+09:00
V02Q1940941,37.509088133,127.084056858,200.0,2026-09-05T19:07:00+09:00
V02Q1940246,37.49920086,127.072395308,91.0,2026-09-05T19:07:00+09:00
V02Q1940082,37.495507594,127.085748474,489.0,2026-09-05T19:07:00+09:00
V02Q1940098,37.48670146,127.1000197,520.0,2026-09-05T19:07:00+09:00
V02Q1940100,37.494978959,127.093144214,284.0,2026-09-05T19:07:00+09:00
OC3CL210115,37.525641,127.129665,376.0,2026-09-05T19:07:00+09:00
V02Q1940391,37.528616803,127.085121222,5.0,2026-09-05T20:07:00+09:00
V02Q1940392,37.538286643,127.09239683,7.0,2026-09-05T20:07:00+09:00
V02Q1940403,37.534309074,127.081985567,5.0,2026-09-05T20:07:00+09:00
V02Q1940411,37.533878243,127.091521,2.0,2026-09-05T20:07:00+09:00
V02Q1940506,37.535029673,127.093240689,0.0,2026-09-05T20:07:00+09:00
V02Q1940860,37.533442403,127.080963254,6.0,2026-09-05T20:07:00+09:00
V02Q1940679,37.495212727,127.121438826,0.0,2026-09-05T20:07:00+09:00
V02Q1940734,37.518407904,127.100366298,0.0,2026-09-05T20:07:00+09:00
V02Q1940784,37.498247757,127.126296648,3.0,2026-09-05T20:07:00+09:00
V02Q1940706,37.502049127,127.117110751,0.0,2026-09-05T20:07:00+09:00
V02Q1940708,37.514300619,127.091447797,5.0,2026-09-05T20:07:00+09:00
V02Q1940714,37.513385412,127.10686824,0.0,2026-09-05T20:07:00+09:00
V02Q1940736,37.504194933,127.128187719,10.0,2026-09-05T20:07:00+09:00
V02Q1940767,37.502603852,127.092310875,3.0,2026-09-05T20:07:00+09:00
V02Q1940772,37.503635193,127.103503284,10.0,2026-09-05T20:07:00+09:00
V02Q1940775,37.505801455,127.109663753,3.0,2026-09-05T20:07:00+09:00
V02Q1940781,37.506173683,127.084756221,1.0,2026-09-05T20:07:00+09:00
V02Q1940787,37.512955044,127.094661921,0.0,2026-09-05T20:07:00+09:00
V02Q1940788,37.509617855,127.0741524,1.0,2026-09-05T20:07:00+09:00
V02Q1940790,37.514278277,127.112258966,0.0,2026-09-05T20:07:00+09:00
V02Q1940800,37.519952859,127.1123122,0.0,2026-09-05T20:07:00+09:00
V02Q1940832,37.511768309,127.124209484,3.0,2026-09-05T20:07:00+09:00
V02Q1940873,37.53247211,127.114301129,0.0,2026-09-05T20:07:00+09:00
V02Q1940507,37.531277474,127.123271252,314.0,2026-09-05T20:07:00+09:00
V02Q1940713,37.516185359,127.114540561,0.0,2026-09-05T20:07:00+09:00
V02Q1940811,37.52727312,127.116249051,3.0,2026-09-05T20:07:00+09:00
V02Q1940819,37.507344263,127.104688643,3.0,2026-09-05T20:07:00+09:00
V02Q1940820,37.511104225,127.102321793,0.0,2026-09-05T20:07:00+09:00
V02Q1940821,37.502832774,127.108694904,67.0,2026-09-05T20:07:00+09:00
V02Q1940838,37.51767925,127.08881891,0.0,2026-09-05T20:07:00+09:00
V02Q1940887,37.502749128,127.09252424,0.0,2026-09-05T20:07:00+09:00
V02Q1940941,37.509088133,127.084056858,2.0,2026-09-05T20:07:00+09:00
V02Q1940246,37.49920086,127.072395308,1.0,2026-09-05T20:07:00+09:00
V02Q1940082,37.495507594,127.085748474,4.0,2026-09-05T20:07:00+09:00
V02Q1940098,37.48670146,127.1000197,6.0,2026-09-05T20:07:00+09:00
V02Q1940100,37.494978959,127.093144214,19.0,2026-09-05T20:07:00+09:00
OC3CL210115,37.525641,127.129665,18.0,2026-09-05T20:07:00+09:00
OC3CL210115,37.525641,127.129665,16.0,2026-09-05T21:07:00+09:00
V02Q1940082,37.495507594,127.085748474,0.0,2026-09-05T21:07:00+09:00
V02Q1940098,37.48670146,127.1000197,0.0,2026-09-05T21:07:00+09:00
V02Q1940100,37.494978959,127.093144214,16.0,2026-09-05T21:07:00+09:00
V02Q1940246,37.49920086,127.072395308,0.0,2026-09-05T21:07:00+09:00
V02Q1940391,37.528616803,127.085121222,1.0,2026-09-05T21:07:00+09:00
V02Q1940392,37.538286643,127.09239683,0.0,2026-09-05T21:07:00+09:00
V02Q1940403,37.534309074,127.081985567,0.0,2026-09-05T21:07:00+09:00
V02Q1940411,37.533878243,127.091521,0.0,2026-09-05T21:07:00+09:00
V02Q1940506,37.535029673,127.093240689,0.0,2026-09-05T21:07:00+09:00
V02Q1940507,37.531277474,127.123271252,369.0,2026-09-05T21:07:00+09:00
V02Q1940679,37.495212727,127.121438826,0.0,2026-09-05T21:07:00+09:00
V02Q1940706,37.502049127,127.117110751,0.0,2026-09-05T21:07:00+09:00
V02Q1940708,37.514300619,127.091447797,0.0,2026-09-05T21:07:00+09:00
V02Q1940713,37.516185359,127.114540561,0.0,2026-09-05T21:07:00+09:00
V02Q1940714,37.513385412,127.10686824,0.0,2026-09-05T21:07:00+09:00
V02Q1940734,37.518407904,127.100366298,0.0,2026-09-05T21:07:00+09:00
V02Q1940736,37.504194933,127.128187719,8.0,2026-09-05T21:07:00+09:00
V02Q1940767,37.502603852,127.092310875,0.0,2026-09-05T21:07:00+09:00
V02Q1940772,37.503635193,127.103503284,0.0,2026-09-05T21:07:00+09:00
V02Q1940775,37.505801455,127.109663753,0.0,2026-09-05T21:07:00+09:00
V02Q1940781,37.506173683,127.084756221,0.0,2026-09-05T21:07:00+09:00
V02Q1940784,37.498247757,127.126296648,1.0,2026-09-05T21:07:00+09:00
V02Q1940787,37.512955044,127.094661921,0.0,2026-09-05T21:07:00+09:00
V02Q1940788,37.509617855,127.0741524,0.0,2026-09-05T21:07:00+09:00
V02Q1940790,37.514278277,127.112258966,0.0,2026-09-05T21:07:00+09:00
V02Q1940800,37.519952859,127.1123122,0.0,2026-09-05T21:07:00+09:00
V02Q1940811,37.52727312,127.116249051,1.0,2026-09-05T21:07:00+09:00
V02Q1940819,37.507344263,127.104688643,0.0,2026-09-05T21:07:00+09:00
V02Q1940820,37.511104225,127.102321793,0.0,2026-09-05T21:07:00+09:00
V02Q1940821,37.502832774,127.108694904,77.0,2026-09-05T21:07:00+09:00
V02Q1940832,37.511768309,127.124209484,0.0,2026-09-05T21:07:00+09:00
V02Q1940838,37.51767925,127.08881891,0.0,2026-09-05T21:07:00+09:00
V02Q1940860,37.533442403,127.080963254,0.0,2026-09-05T21:07:00+09:00
V02Q1940873,37.53247211,127.114301129,0.0,2026-09-05T21:07:00+09:00
V02Q1940887,37.502749128,127.09252424,0.0,2026-09-05T21:07:00+09:00
V02Q1940941,37.509088133,127.084056858,0.0,2026-09-05T21:07:00+09:00
OC3CL210115,37.525641,127.129665,16.0,2026-09-05T22:07:00+09:00
V02Q1940082,37.495507594,127.085748474,0.0,2026-09-05T22:07:00+09:00
V02Q1940098,37.48670146,127.1000197,0.0,2026-09-05T22:07:00+09:00
V02Q1940100,37.494978959,127.093144214,16.0,2026-09-05T22:07:00+09:00
V02Q1940246,37.49920086,127.072395308,0.0,2026-09-05T22:07:00+09:00
V02Q1940391,37.528616803,127.085121222,1.0,2026-09-05T22:07:00+09:00
V02Q1940392,37.538286643,127.09239683,0.0,2026-09-05T22:07:00+09:00
V02Q1940403,37.534309074,127.081985567,0.0,2026-09-05T22:07:00+09:00
V02Q1940411,37.533878243,127.091521,0.0,2026-09-05T22:07:00+09:00
V02Q1940506,37.535029673,127.093240689,0.0,2026-09-05T22:07:00+09:00
V02Q1940507,37.531277474,127.123271252,368.0,2026-09-05T22:07:00+09:00
V02Q1940679,37.495212727,127.121438826,0.0,2026-09-05T22:07:00+09:00
V02Q1940706,37.502049127,127.117110751,0.0,2026-09-05T22:07:00+09:00
V02Q1940708,37.514300619,127.091447797,0.0,2026-09-05T22:07:00+09:00
V02Q1940713,37.516185359,127.114540561,0.0,2026-09-05T22:07:00+09:00
V02Q1940714,37.513385412,127.10686824,0.0,2026-09-05T22:07:00+09:00
V02Q1940734,37.518407904,127.100366298,0.0,2026-09-05T22:07:00+09:00
V02Q1940736,37.504194933,127.128187719,8.0,2026-09-05T22:07:00+09:00
V02Q1940767,37.502603852,127.092310875,0.0,2026-09-05T22:07:00+09:00
V02Q1940772,37.503635193,127.103503284,0.0,2026-09-05T22:07:00+09:00
V02Q1940775,37.505801455,127.109663753,0.0,2026-09-05T22:07:00+09:00
V02Q1940781,37.506173683,127.084756221,0.0,2026-09-05T22:07:00+09:00
V02Q1940784,37.498247757,127.126296648,1.0,2026-09-05T22:07:00+09:00
V02Q1940787,37.512955044,127.094661921,0.0,2026-09-05T22:07:00+09:00
V02Q1940788,37.509617855,127.0741524,0.0,2026-09-05T22:07:00+09:00
V02Q1940790,37.514278277,127.112258966,0.0,2026-09-05T22:07:00+09:00
V02Q1940800,37.519952859,127.1123122,0.0,2026-09-05T22:07:00+09:00
V02Q1940811,37.52727312,127.116249051,1.0,2026-09-05T22:07:00+09:00
V02Q1940819,37.507344263,127.104688643,0.0,2026-09-05T22:07:00+09:00
V02Q1940820,37.511104225,127.102321793,0.0,2026-09-05T22:07:00+09:00
V02Q1940821,37.502832774,127.108694904,77.0,2026-09-05T22:07:00+09:00
V02Q1940832,37.511768309,127.124209484,0.0,2026-09-05T22:07:00+09:00
V02Q1940838,37.51767925,127.08881891,0.0,2026-09-05T22:07:00+09:00
V02Q1940860,37.533442403,127.080963254,0.0,2026-09-05T22:07:00+09:00
V02Q1940873,37.53247211,127.114301129,0.0,2026-09-05T22:07:00+09:00
V02Q1940887,37.502749128,127.09252424,0.0,2026-09-05T22:07:00+09:00
V02Q1940941,37.509088133,127.084056858,0.0,2026-09-05T22:07:00+09:00
OC3CL210115,37.525641,127.129665,16.0,2026-09-05T23:07:00+09:00
V02Q1940082,37.495507594,127.085748474,0.0,2026-09-05T23:07:00+09:00
V02Q1940098,37.48670146,127.1000197,0.0,2026-09-05T23:07:00+09:00
V02Q1940100,37.494978959,127.093144214,16.0,2026-09-05T23:07:00+09:00
V02Q1940246,37.49920086,127.072395308,0.0,2026-09-05T23:07:00+09:00
V02Q1940391,37.528616803,127.085121222,1.0,2026-09-05T23:07:00+09:00
V02Q1940392,37.538286643,127.09239683,0.0,2026-09-05T23:07:00+09:00
V02Q1940403,37.534309074,127.081985567,0.0,2026-09-05T23:07:00+09:00
V02Q1940411,37.533878243,127.091521,0.0,2026-09-05T23:07:00+09:00
V02Q1940506,37.535029673,127.093240689,0.0,2026-09-05T23:07:00+09:00
V02Q1940507,37.531277474,127.123271252,367.0,2026-09-05T23:07:00+09:00
V02Q1940679,37.495212727,127.121438826,0.0,2026-09-05T23:07:00+09:00
V02Q1940706,37.502049127,127.117110751,0.0,2026-09-05T23:07:00+09:00
V02Q1940708,37.514300619,127.091447797,0.0,2026-09-05T23:07:00+09:00
V02Q1940713,37.516185359,127.114540561,0.0,2026-09-05T23:07:00+09:00
V02Q1940714,37.513385412,127.10686824,0.0,2026-09-05T23:07:00+09:00
V02Q1940734,37.518407904,127.100366298,0.0,2026-09-05T23:07:00+09:00
V02Q1940736,37.504194933,127.128187719,8.0,2026-09-05T23:07:00+09:00
V02Q1940767,37.502603852,127.092310875,0.0,2026-09-05T23:07:00+09:00
V02Q1940772,37.503635193,127.103503284,0.0,2026-09-05T23:07:00+09:00
V02Q1940775,37.505801455,127.109663753,0.0,2026-09-05T23:07:00+09:00
V02Q1940781,37.506173683,127.084756221,0.0,2026-09-05T23:07:00+09:00
V02Q1940784,37.498247757,127.126296648,1.0,2026-09-05T23:07:00+09:00
V02Q1940787,37.512955044,127.094661921,0.0,2026-09-05T23:07:00+09:00
V02Q1940788,37.509617855,127.0741524,0.0,2026-09-05T23:07:00+09:00
V02Q1940790,37.514278277,127.112258966,0.0,2026-09-05T23:07:00+09:00
V02Q1940800,37.519952859,127.1123122,0.0,2026-09-05T23:07:00+09:00
V02Q1940811,37.52727312,127.116249051,1.0,2026-09-05T23:07:00+09:00
V02Q1940819,37.507344263,127.104688643,0.0,2026-09-05T23:07:00+09:00
V02Q1940820,37.511104225,127.102321793,0.0,2026-09-05T23:07:00+09:00
V02Q1940821,37.502832774,127.108694904,77.0,2026-09-05T23:07:00+09:00
V02Q1940832,37.511768309,127.124209484,0.0,2026-09-05T23:07:00+09:00
V02Q1940838,37.51767925,127.08881891,0.0,2026-09-05T23:07:00+09:00
V02Q1940860,37.533442403,127.080963254,0.0,2026-09-05T23:07:00+09:00
V02Q1940873,37.53247211,127.114301129,0.0,2026-09-05T23:07:00+09:00
V02Q1940887,37.502749128,127.09252424,0.0,2026-09-05T23:07:00+09:00
V02Q1940941,37.509088133,127.084056858,0.0,2026-09-05T23:07:00+09:00
OC3CL210115,37.525641,127.129665,16.0,2026-09-06T00:07:00+09:00
V02Q1940082,37.495507594,127.085748474,0.0,2026-09-06T00:07:00+09:00
V02Q1940098,37.48670146,127.1000197,0.0,2026-09-06T00:07:00+09:00
V02Q1940100,37.494978959,127.093144214,16.0,2026-09-06T00:07:00+09:00
V02Q1940246,37.49920086,127.072395308,0.0,2026-09-06T00:07:00+09:00
V02Q1940391,37.528616803,127.085121222,1.0,2026-09-06T00:07:00+09:00
V02Q1940392,37.538286643,127.09239683,0.0,2026-09-06T00:07:00+09:00
V02Q1940403,37.534309074,127.081985567,0.0,2026-09-06T00:07:00+09:00
V02Q1940411,37.533878243,127.091521,0.0,2026-09-06T00:07:00+09:00
V02Q1940506,37.535029673,127.093240689,0.0,2026-09-06T00:07:00+09:00
V02Q1940507,37.531277474,127.123271252,368.0,2026-09-06T00:07:00+09:00
V02Q1940679,37.495212727,127.121438826,0.0,2026-09-06T00:07:00+09:00
V02Q1940706,37.502049127,127.117110751,0.0,2026-09-06T00:07:00+09:00
V02Q1940708,37.514300619,127.091447797,0.0,2026-09-06T00:07:00+09:00
V02Q1940713,37.516185359,127.114540561,0.0,2026-09-06T00:07:00+09:00
V02Q1940714,37.513385412,127.10686824,0.0,2026-09-06T00:07:00+09:00
V02Q1940734,37.518407904,127.100366298,0.0,2026-09-06T00:07:00+09:00
V02Q1940736,37.504194933,127.128187719,8.0,2026-09-06T00:07:00+09:00
V02Q1940767,37.502603852,127.092310875,0.0,2026-09-06T00:07:00+09:00
V02Q1940772,37.503635193,127.103503284,0.0,2026-09-06T00:07:00+09:00
V02Q1940775,37.505801455,127.109663753,0.0,2026-09-06T00:07:00+09:00
V02Q1940781,37.506173683,127.084756221,0.0,2026-09-06T00:07:00+09:00
V02Q1940784,37.498247757,127.126296648,0.0,2026-09-06T00:07:00+09:00
V02Q1940787,37.512955044,127.094661921,0.0,2026-09-06T00:07:00+09:00
V02Q1940788,37.509617855,127.0741524,0.0,2026-09-06T00:07:00+09:00
V02Q1940790,37.514278277,127.112258966,0.0,2026-09-06T00:07:00+09:00
V02Q1940800,37.519952859,127.1123122,0.0,2026-09-06T00:07:00+09:00
V02Q1940811,37.52727312,127.116249051,1.0,2026-09-06T00:07:00+09:00
V02Q1940819,37.507344263,127.104688643,0.0,2026-09-06T00:07:00+09:00
V02Q1940820,37.511104225,127.102321793,0.0,2026-09-06T00:07:00+09:00
V02Q1940821,37.502832774,127.108694904,76.0,2026-09-06T00:07:00+09:00
V02Q1940832,37.511768309,127.124209484,0.0,2026-09-06T00:07:00+09:00
V02Q1940838,37.51767925,127.08881891,0.0,2026-09-06T00:07:00+09:00
V02Q1940860,37.533442403,127.080963254,0.0,2026-09-06T00:07:00+09:00
V02Q1940873,37.53247211,127.114301129,0.0,2026-09-06T00:07:00+09:00
V02Q1940887,37.502749128,127.09252424,0.0,2026-09-06T00:07:00+09:00
V02Q1940941,37.509088133,127.084056858,0.0,2026-09-06T00:07:00+09:00
OC3CL200017,37.52406575,127.1285088,5912.0,2026-09-05T12:07:13+09:00
OC3CL200017,37.52406575,127.1285088,2482.0,2026-09-05T10:07:13+09:00
OC3CL200017,37.52406575,127.1285088,3676.0,2026-09-05T11:07:13+09:00
OC3CL200017,37.52406575,127.1285088,16351.0,2026-09-05T13:07:13+09:00
OC3CL200017,37.52406575,127.1285088,13096.0,2026-09-05T14:07:13+09:00
OC3CL200017,37.52406575,127.1285088,12976.0,2026-09-05T15:07:13+09:00
OC3CL200017,37.52406575,127.1285088,7698.0,2026-09-05T16:07:13+09:00
OC3CL200017,37.52406575,127.1285088,2861.0,2026-09-05T17:07:13+09:00
OC3CL200017,37.52406575,127.1285088,1167.0,2026-09-05T18:07:13+09:00
OC3CL200033,37.51217275,127.1046954,434.0,2026-09-05T11:07:51+09:00
OC3CL200033,37.51217275,127.1046954,0.0,2026-09-05T22:07:51+09:00
OC3CL200033,37.51217275,127.1046954,0.0,2026-09-05T21:07:51+09:00
OC3CL200033,37.51217275,127.1046954,1148.0,2026-09-05T14:07:51+09:00
OC3CL200033,37.51217275,127.1046954,1491.0,2026-09-05T13:07:51+09:00
OC3CL200033,37.51217275,127.1046954,1279.0,2026-09-05T12:07:51+09:00
OC3CL200033,37.51217275,127.1046954,378.0,2026-09-05T10:07:51+09:00
OC3CL200033,37.51217275,127.1046954,76.0,2026-09-05T09:07:51+09:00
OC3CL200033,37.51217275,127.1046954,52.0,2026-09-05T08:07:51+09:00
OC3CL200033,37.51217275,127.1046954,20.0,2026-09-05T07:07:51+09:00
OC3CL200033,37.51217275,127.1046954,0.0,2026-09-05T06:07:51+09:00
OC3CL200033,37.51217275,127.1046954,0.0,2026-09-05T05:07:51+09:00
OC3CL200033,37.51217275,127.1046954,0.0,2026-09-05T04:07:51+09:00
OC3CL200033,37.51217275,127.1046954,0.0,2026-09-05T03:07:51+09:00
OC3CL200033,37.51217275,127.1046954,0.0,2026-09-05T02:07:51+09:00
OC3CL200033,37.51217275,127.1046954,0.0,2026-09-05T01:07:51+09:00
OC3CL200141,37.48877157,127.1067039,5905.0,2026-09-05T14:07:15+09:00
OC3CL200141,37.48877157,127.1067039,14086.0,2026-09-05T13:07:15+09:00
OC3CL200141,37.48877157,127.1067039,20522.0,2026-09-05T12:07:15+09:00
OC3CL200141,37.48877157,127.1067039,17686.0,2026-09-05T11:07:15+09:00
OC3CL200141,37.48877157,127.1067039,15697.0,2026-09-05T10:07:15+09:00
V02Q1940117,37.508537127,127.087121735,207.0,2026-09-05T07:00:00+09:00
V02Q1940117,37.508537127,127.087121735,1.0,2026-09-05T23:00:00+09:00
V02Q1940117,37.508537127,127.087121735,1.0,2026-09-05T22:00:00+09:00
V02Q1940117,37.508537127,127.087121735,1.0,2026-09-05T21:00:00+09:00
V02Q1940117,37.508537127,127.087121735,3.0,2026-09-05T20:00:00+09:00
V02Q1940117,37.508537127,127.087121735,193.0,2026-09-05T19:00:00+09:00
V02Q1940117,37.508537127,127.087121735,486.0,2026-09-05T18:00:00+09:00
V02Q1940117,37.508537127,127.087121735,850.0,2026-09-05T17:00:00+09:00
V02Q1940117,37.508537127,127.087121735,2924.0,2026-09-05T16:00:00+09:00
V02Q1940117,37.508537127,127.087121735,7975.0,2026-09-05T15:00:00+09:00
V02Q1940117,37.508537127,127.087121735,7181.0,2026-09-05T14:00:00+09:00
V02Q1940117,37.508537127,127.087121735,7766.0,2026-09-05T13:00:00+09:00
V02Q1940117,37.508537127,127.087121735,6665.0,2026-09-05T12:00:00+09:00
V02Q1940117,37.508537127,127.087121735,7300.0,2026-09-05T11:00:00+09:00
V02Q1940117,37.508537127,127.087121735,6266.0,2026-09-05T10:00:00+09:00
V02Q1940117,37.508537127,127.087121735,2880.0,2026-09-05T09:00:00+09:00
V02Q1940117,37.508537127,127.087121735,994.0,2026-09-05T08:00:00+09:00
V02Q1940117,37.508537127,127.087121735,2.0,2026-09-05T06:00:00+09:00
V02Q1940117,37.508537127,127.087121735,0.0,2026-09-05T05:00:00+09:00
V02Q1940117,37.508537127,127.087121735,0.0,2026-09-05T04:00:00+09:00
V02Q1940117,37.508537127,127.087121735,0.0,2026-09-05T03:00:00+09:00
V02Q1940117,37.508537127,127.087121735,0.0,2026-09-05T02:00:00+09:00
V02Q1940117,37.508537127,127.087121735,0.0,2026-09-05T01:00:00+09:00
V02Q1940117,37.508537127,127.087121735,0.0,2026-09-05T00:00:00+09:00
V02Q1940129,37.497655712,127.074468747,0.0,2026-09-05T05:00:00+09:00
V02Q1940129,37.497655712,127.074468747,0.0,2026-09-05T01:00:00+09:00
V02Q1940129,37.497655712,127.074468747,0.0,2026-09-05T00:00:00+09:00
V02Q1940129,37.497655712,127.074468747,0.0,2026-09-05T04:00:00+09:00
V02Q1940129,37.497655712,127.074468747,0.0,2026-09-05T03:00:00+09:00
V02Q1940129,37.497655712,127.074468747,0.0,2026-09-05T23:00:00+09:00
V02Q1940129,37.497655712,127.074468747,0.0,2026-09-05T22:00:00+09:00
V02Q1940129,37.497655712,127.074468747,0.0,2026-09-05T21:00:00+09:00
V02Q1940129,37.497655712,127.074468747,1.0,2026-09-05T20:00:00+09:00
V02Q1940129,37.497655712,127.074468747,113.0,2026-09-05T19:00:00+09:00
V02Q1940129,37.497655712,127.074468747,263.0,2026-09-05T18:00:00+09:00
V02Q1940129,37.497655712,127.074468747,394.0,2026-09-05T17:00:00+09:00
V02Q1940129,37.497655712,127.074468747,0.0,2026-09-05T02:00:00+09:00
V02Q1940129,37.497655712,127.074468747,725.0,2026-09-05T16:00:00+09:00
V02Q1940129,37.497655712,127.074468747,842.0,2026-09-05T15:00:00+09:00
V02Q1940129,37.497655712,127.074468747,1979.0,2026-09-05T14:00:00+09:00
V02Q1940129,37.497655712,127.074468747,9314.0,2026-09-05T13:00:00+09:00
V02Q1940129,37.497655712,127.074468747,21010.0,2026-09-05T12:00:00+09:00
V02Q1940129,37.497655712,127.074468747,13061.0,2026-09-05T11:00:00+09:00
V02Q1940129,37.497655712,127.074468747,880.0,2026-09-05T10:00:00+09:00
V02Q1940129,37.497655712,127.074468747,440.0,2026-09-05T09:00:00+09:00
V02Q1940129,37.497655712,127.074468747,301.0,2026-09-05T08:00:00+09:00
V02Q1940129,37.497655712,127.074468747,107.0,2026-09-05T07:00:00+09:00
V02Q1940129,37.497655712,127.074468747,0.0,2026-09-05T06:00:00+09:00
V02Q1940742,37.501040267,127.109739451,43.0,2026-09-05T00:00:00+09:00
V02Q1940742,37.501040267,127.109739451,43.0,2026-09-05T01:00:00+09:00
V02Q1940742,37.501040267,127.109739451,43.0,2026-09-05T02:00:00+09:00
V02Q1940742,37.501040267,127.109739451,43.0,2026-09-05T03:00:00+09:00
V02Q1940742,37.501040267,127.109739451,43.0,2026-09-05T04:00:00+09:00
V02Q1940742,37.501040267,127.109739451,43.0,2026-09-05T05:00:00+09:00
V02Q1940742,37.501040267,127.109739451,40.0,2026-09-05T06:00:00+09:00
V02Q1940742,37.501040267,127.109739451,218.0,2026-09-05T07:00:00+09:00
V02Q1940742,37.501040267,127.109739451,1380.0,2026-09-05T08:00:00+09:00
V02Q1940742,37.501040267,127.109739451,3441.0,2026-09-05T09:00:00+09:00
V02Q1940742,37.501040267,127.109739451,6143.0,2026-09-05T10:00:00+09:00
V02Q1940742,37.501040267,127.109739451,8491.0,2026-09-05T11:00:00+09:00
V02Q1940742,37.501040267,127.109739451,8777.0,2026-09-05T12:00:00+09:00
V02Q1940742,37.501040267,127.109739451,17653.0,2026-09-05T13:00:00+09:00
V02Q1940742,37.501040267,127.109739451,10095.0,2026-09-05T14:00:00+09:00
V02Q1940742,37.501040267,127.109739451,2922.0,2026-09-05T15:00:00+09:00
V02Q1940742,37.501040267,127.109739451,2805.0,2026-09-05T16:00:00+09:00
V02Q1940742,37.501040267,127.109739451,1489.0,2026-09-05T17:00:00+09:00
V02Q1940742,37.501040267,127.109739451,1167.0,2026-09-05T18:00:00+09:00
V02Q1940742,37.501040267,127.109739451,296.0,2026-09-05T19:00:00+09:00
V02Q1940742,37.501040267,127.109739451,39.0,2026-09-05T20:00:00+09:00
V02Q1940742,37.501040267,127.109739451,43.0,2026-09-05T21:00:00+09:00
V02Q1940742,37.501040267,127.109739451,43.0,2026-09-05T22:00:00+09:00
V02Q1940742,37.501040267,127.109739451,43.0,2026-09-05T23:00:00+09:00
OC3CL210115,37.525641,127.129665,16.0,2026-09-06T01:07:00+09:00
V02Q1940082,37.495507594,127.085748474,0.0,2026-09-06T01:07:00+09:00
V02Q1940098,37.48670146,127.1000197,0.0,2026-09-06T01:07:00+09:00
V02Q1940100,37.494978959,127.093144214,16.0,2026-09-06T01:07:00+09:00
V02Q1940246,37.49920086,127.072395308,0.0,2026-09-06T01:07:00+09:00
V02Q1940391,37.528616803,127.085121222,1.0,2026-09-06T01:07:00+09:00
V02Q1940392,37.538286643,127.09239683,0.0,2026-09-06T01:07:00+09:00
V02Q1940403,37.534309074,127.081985567,0.0,2026-09-06T01:07:00+09:00
V02Q1940411,37.533878243,127.091521,0.0,2026-09-06T01:07:00+09:00
V02Q1940506,37.535029673,127.093240689,0.0,2026-09-06T01:07:00+09:00
V02Q1940507,37.531277474,127.123271252,369.0,2026-09-06T01:07:00+09:00
V02Q1940679,37.495212727,127.121438826,0.0,2026-09-06T01:07:00+09:00
V02Q1940706,37.502049127,127.117110751,0.0,2026-09-06T01:07:00+09:00
V02Q1940708,37.514300619,127.091447797,0.0,2026-09-06T01:07:00+09:00
V02Q1940713,37.516185359,127.114540561,0.0,2026-09-06T01:07:00+09:00
V02Q1940714,37.513385412,127.10686824,0.0,2026-09-06T01:07:00+09:00
V02Q1940734,37.518407904,127.100366298,0.0,2026-09-06T01:07:00+09:00
V02Q1940736,37.504194933,127.128187719,8.0,2026-09-06T01:07:00+09:00
V02Q1940767,37.502603852,127.092310875,0.0,2026-09-06T01:07:00+09:00
V02Q1940772,37.503635193,127.103503284,0.0,2026-09-06T01:07:00+09:00
V02Q1940775,37.505801455,127.109663753,0.0,2026-09-06T01:07:00+09:00
V02Q1940781,37.506173683,127.084756221,0.0,2026-09-06T01:07:00+09:00
V02Q1940784,37.498247757,127.126296648,0.0,2026-09-06T01:07:00+09:00
V02Q1940787,37.512955044,127.094661921,0.0,2026-09-06T01:07:00+09:00
V02Q1940788,37.509617855,127.0741524,0.0,2026-09-06T01:07:00+09:00
V02Q1940790,37.514278277,127.112258966,0.0,2026-09-06T01:07:00+09:00
V02Q1940800,37.519952859,127.1123122,0.0,2026-09-06T01:07:00+09:00
V02Q1940811,37.52727312,127.116249051,1.0,2026-09-06T01:07:00+09:00
V02Q1940819,37.507344263,127.104688643,0.0,2026-09-06T01:07:00+09:00
V02Q1940820,37.511104225,127.102321793,0.0,2026-09-06T01:07:00+09:00
V02Q1940821,37.502832774,127.108694904,77.0,2026-09-06T01:07:00+09:00
V02Q1940832,37.511768309,127.124209484,0.0,2026-09-06T01:07:00+09:00
V02Q1940838,37.51767925,127.08881891,0.0,2026-09-06T01:07:00+09:00
V02Q1940860,37.533442403,127.080963254,0.0,2026-09-06T01:07:00+09:00
V02Q1940873,37.53247211,127.114301129,0.0,2026-09-06T01:07:00+09:00
V02Q1940887,37.502749128,127.09252424,0.0,2026-09-06T01:07:00+09:00
V02Q1940941,37.509088133,127.084056858,0.0,2026-09-06T01:07:00+09:00
V02Q1940391,37.528616803,127.085121222,1.0,2026-09-06T02:07:00+09:00
V02Q1940392,37.538286643,127.09239683,0.0,2026-09-06T02:07:00+09:00
V02Q1940403,37.534309074,127.081985567,0.0,2026-09-06T02:07:00+09:00
V02Q1940411,37.533878243,127.091521,0.0,2026-09-06T02:07:00+09:00
V02Q1940506,37.535029673,127.093240689,0.0,2026-09-06T02:07:00+09:00
V02Q1940860,37.533442403,127.080963254,0.0,2026-09-06T02:07:00+09:00
V02Q1940679,37.495212727,127.121438826,0.0,2026-09-06T02:07:00+09:00
V02Q1940734,37.518407904,127.100366298,0.0,2026-09-06T02:07:00+09:00
V02Q1940767,37.502603852,127.092310875,0.0,2026-09-06T02:07:00+09:00
V02Q1940784,37.498247757,127.126296648,0.0,2026-09-06T02:07:00+09:00
V02Q1940790,37.514278277,127.112258966,0.0,2026-09-06T02:07:00+09:00
V02Q1940706,37.502049127,127.117110751,0.0,2026-09-06T02:07:00+09:00
V02Q1940708,37.514300619,127.091447797,0.0,2026-09-06T02:07:00+09:00
V02Q1940713,37.516185359,127.114540561,0.0,2026-09-06T02:07:00+09:00
V02Q1940714,37.513385412,127.10686824,0.0,2026-09-06T02:07:00+09:00
V02Q1940736,37.504194933,127.128187719,8.0,2026-09-06T02:07:00+09:00
V02Q1940772,37.503635193,127.103503284,0.0,2026-09-06T02:07:00+09:00
V02Q1940775,37.505801455,127.109663753,0.0,2026-09-06T02:07:00+09:00
V02Q1940781,37.506173683,127.084756221,0.0,2026-09-06T02:07:00+09:00
V02Q1940787,37.512955044,127.094661921,0.0,2026-09-06T02:07:00+09:00
V02Q1940788,37.509617855,127.0741524,0.0,2026-09-06T02:07:00+09:00
V02Q1940800,37.519952859,127.1123122,0.0,2026-09-06T02:07:00+09:00
V02Q1940811,37.52727312,127.116249051,1.0,2026-09-06T02:07:00+09:00
V02Q1940832,37.511768309,127.124209484,0.0,2026-09-06T02:07:00+09:00
V02Q1940873,37.53247211,127.114301129,0.0,2026-09-06T02:07:00+09:00
V02Q1940941,37.509088133,127.084056858,0.0,2026-09-06T02:07:00+09:00
V02Q1940507,37.531277474,127.123271252,372.0,2026-09-06T02:07:00+09:00
V02Q1940819,37.507344263,127.104688643,0.0,2026-09-06T02:07:00+09:00
V02Q1940820,37.511104225,127.102321793,0.0,2026-09-06T02:07:00+09:00
V02Q1940821,37.502832774,127.108694904,77.0,2026-09-06T02:07:00+09:00
V02Q1940838,37.51767925,127.08881891,0.0,2026-09-06T02:07:00+09:00
V02Q1940887,37.502749128,127.09252424,0.0,2026-09-06T02:07:00+09:00
V02Q1940246,37.49920086,127.072395308,0.0,2026-09-06T02:07:00+09:00
V02Q1940082,37.495507594,127.085748474,0.0,2026-09-06T02:07:00+09:00
V02Q1940098,37.48670146,127.1000197,0.0,2026-09-06T02:07:00+09:00
V02Q1940100,37.494978959,127.093144214,16.0,2026-09-06T02:07:00+09:00
OC3CL210115,37.525641,127.129665,16.0,2026-09-06T02:07:00+09:00
V02Q1940391,37.528616803,127.085121222,1.0,2026-09-06T03:07:00+09:00
V02Q1940392,37.538286643,127.09239683,0.0,2026-09-06T03:07:00+09:00
V02Q1940403,37.534309074,127.081985567,0.0,2026-09-06T03:07:00+09:00
V02Q1940411,37.533878243,127.091521,0.0,2026-09-06T03:07:00+09:00
V02Q1940506,37.535029673,127.093240689,0.0,2026-09-06T03:07:00+09:00
V02Q1940860,37.533442403,127.080963254,0.0,2026-09-06T03:07:00+09:00
V02Q1940679,37.495212727,127.121438826,0.0,2026-09-06T03:07:00+09:00
V02Q1940734,37.518407904,127.100366298,0.0,2026-09-06T03:07:00+09:00
V02Q1940784,37.498247757,127.126296648,0.0,2026-09-06T03:07:00+09:00
V02Q1940706,37.502049127,127.117110751,0.0,2026-09-06T03:07:00+09:00
V02Q1940708,37.514300619,127.091447797,0.0,2026-09-06T03:07:00+09:00
V02Q1940714,37.513385412,127.10686824,0.0,2026-09-06T03:07:00+09:00
V02Q1940736,37.504194933,127.128187719,8.0,2026-09-06T03:07:00+09:00
V02Q1940767,37.502603852,127.092310875,0.0,2026-09-06T03:07:00+09:00
V02Q1940772,37.503635193,127.103503284,0.0,2026-09-06T03:07:00+09:00
V02Q1940775,37.505801455,127.109663753,0.0,2026-09-06T03:07:00+09:00
V02Q1940781,37.506173683,127.084756221,0.0,2026-09-06T03:07:00+09:00
V02Q1940787,37.512955044,127.094661921,0.0,2026-09-06T03:07:00+09:00
V02Q1940788,37.509617855,127.0741524,0.0,2026-09-06T03:07:00+09:00
V02Q1940790,37.514278277,127.112258966,0.0,2026-09-06T03:07:00+09:00
V02Q1940800,37.519952859,127.1123122,0.0,2026-09-06T03:07:00+09:00
V02Q1940832,37.511768309,127.124209484,0.0,2026-09-06T03:07:00+09:00
V02Q1940873,37.53247211,127.114301129,0.0,2026-09-06T03:07:00+09:00
V02Q1940507,37.531277474,127.123271252,375.0,2026-09-06T03:07:00+09:00
V02Q1940713,37.516185359,127.114540561,0.0,2026-09-06T03:07:00+09:00
V02Q1940811,37.52727312,127.116249051,1.0,2026-09-06T03:07:00+09:00
V02Q1940819,37.507344263,127.104688643,0.0,2026-09-06T03:07:00+09:00
V02Q1940820,37.511104225,127.102321793,0.0,2026-09-06T03:07:00+09:00
V02Q1940821,37.502832774,127.108694904,77.0,2026-09-06T03:07:00+09:00
V02Q1940838,37.51767925,127.08881891,0.0,2026-09-06T03:07:00+09:00
V02Q1940887,37.502749128,127.09252424,0.0,2026-09-06T03:07:00+09:00
V02Q1940941,37.509088133,127.084056858,0.0,2026-09-06T03:07:00+09:00
V02Q1940246,37.49920086,127.072395308,0.0,2026-09-06T03:07:00+09:00
V02Q1940082,37.495507594,127.085748474,0.0,2026-09-06T03:07:00+09:00
V02Q1940098,37.48670146,127.1000197,0.0,2026-09-06T03:07:00+09:00
V02Q1940100,37.494978959,127.093144214,16.0,2026-09-06T03:07:00+09:00
OC3CL210115,37.525641,127.129665,16.0,2026-09-06T03:07:00+09:00
OC3CL210115,37.525641,127.129665,16.0,2026-09-06T04:07:00+09:00
V02Q1940082,37.495507594,127.085748474,0.0,2026-09-06T04:07:00+09:00
V02Q1940098,37.48670146,127.1000197,0.0,2026-09-06T04:07:00+09:00
V02Q1940100,37.494978959,127.093144214,16.0,2026-09-06T04:07:00+09:00
V02Q1940246,37.49920086,127.072395308,0.0,2026-09-06T04:07:00+09:00
V02Q1940391,37.528616803,127.085121222,1.0,2026-09-06T04:07:00+09:00
V02Q1940392,37.538286643,127.09239683,0.0,2026-09-06T04:07:00+09:00
V02Q1940403,37.534309074,127.081985567,0.0,2026-09-06T04:07:00+09:00
V02Q1940411,37.533878243,127.091521,0.0,2026-09-06T04:07:00+09:00
V02Q1940506,37.535029673,127.093240689,0.0,2026-09-06T04:07:00+09:00
V02Q1940507,37.531277474,127.123271252,371.0,2026-09-06T04:07:00+09:00
V02Q1940679,37.495212727,127.121438826,0.0,2026-09-06T04:07:00+09:00
V02Q1940706,37.502049127,127.117110751,0.0,2026-09-06T04:07:00+09:00
V02Q1940708,37.514300619,127.091447797,0.0,2026-09-06T04:07:00+09:00
V02Q1940713,37.516185359,127.114540561,0.0,2026-09-06T04:07:00+09:00
V02Q1940714,37.513385412,127.10686824,0.0,2026-09-06T04:07:00+09:00
V02Q1940734,37.518407904,127.100366298,0.0,2026-09-06T04:07:00+09:00
V02Q1940736,37.504194933,127.128187719,8.0,2026-09-06T04:07:00+09:00
V02Q1940767,37.502603852,127.092310875,0.0,2026-09-06T04:07:00+09:00
V02Q1940772,37.503635193,127.103503284,0.0,2026-09-06T04:07:00+09:00
V02Q1940775,37.505801455,127.109663753,0.0,2026-09-06T04:07:00+09:00
V02Q1940781,37.506173683,127.084756221,0.0,2026-09-06T04:07:00+09:00
V02Q1940784,37.498247757,127.126296648,0.0,2026-09-06T04:07:00+09:00
V02Q1940787,37.512955044,127.094661921,0.0,2026-09-06T04:07:00+09:00
V02Q1940788,37.509617855,127.0741524,0.0,2026-09-06T04:07:00+09:00
V02Q1940790,37.514278277,127.112258966,0.0,2026-09-06T04:07:00+09:00
V02Q1940800,37.519952859,127.1123122,0.0,2026-09-06T04:07:00+09:00
V02Q1940811,37.52727312,127.116249051,1.0,2026-09-06T04:07:00+09:00
V02Q1940819,37.507344263,127.104688643,0.0,2026-09-06T04:07:00+09:00
V02Q1940820,37.511104225,127.102321793,0.0,2026-09-06T04:07:00+09:00
V02Q1940821,37.502832774,127.108694904,77.0,2026-09-06T04:07:00+09:00
V02Q1940832,37.511768309,127.124209484,0.0,2026-09-06T04:07:00+09:00
V02Q1940838,37.51767925,127.08881891,0.0,2026-09-06T04:07:00+09:00
V02Q1940860,37.533442403,127.080963254,0.0,2026-09-06T04:07:00+09:00
V02Q1940873,37.53247211,127.114301129,0.0,2026-09-06T04:07:00+09:00
V02Q1940887,37.502749128,127.09252424,0.0,2026-09-06T04:07:00+09:00
V02Q1940941,37.509088133,127.084056858,0.0,2026-09-06T04:07:00+09:00
OC3CL210115,37.525641,127.129665,16.0,2026-09-06T05:07:00+09:00
V02Q1940082,37.495507594,127.085748474,0.0,2026-09-06T05:07:00+09:00
V02Q1940098,37.48670146,127.1000197,0.0,2026-09-06T05:07:00+09:00
V02Q1940100,37.494978959,127.093144214,16.0,2026-09-06T05:07:00+09:00
V02Q1940246,37.49920086,127.072395308,0.0,2026-09-06T05:07:00+09:00
V02Q1940391,37.528616803,127.085121222,1.0,2026-09-06T05:07:00+09:00
V02Q1940392,37.538286643,127.09239683,0.0,2026-09-06T05:07:00+09:00
V02Q1940403,37.534309074,127.081985567,0.0,2026-09-06T05:07:00+09:00
V02Q1940411,37.533878243,127.091521,0.0,2026-09-06T05:07:00+09:00
V02Q1940506,37.535029673,127.093240689,0.0,2026-09-06T05:07:00+09:00
V02Q1940507,37.531277474,127.123271252,371.0,2026-09-06T05:07:00+09:00
V02Q1940679,37.495212727,127.121438826,0.0,2026-09-06T05:07:00+09:00
V02Q1940706,37.502049127,127.117110751,0.0,2026-09-06T05:07:00+09:00
V02Q1940708,37.514300619,127.091447797,0.0,2026-09-06T05:07:00+09:00
V02Q1940714,37.513385412,127.10686824,0.0,2026-09-06T05:07:00+09:00
V02Q1940713,37.516185359,127.114540561,0.0,2026-09-06T05:07:00+09:00
V02Q1940734,37.518407904,127.100366298,0.0,2026-09-06T05:07:00+09:00
V02Q1940736,37.504194933,127.128187719,8.0,2026-09-06T05:07:00+09:00
V02Q1940767,37.502603852,127.092310875,0.0,2026-09-06T05:07:00+09:00
V02Q1940772,37.503635193,127.103503284,0.0,2026-09-06T05:07:00+09:00
V02Q1940775,37.505801455,127.109663753,0.0,2026-09-06T05:07:00+09:00
V02Q1940781,37.506173683,127.084756221,0.0,2026-09-06T05:07:00+09:00
V02Q1940784,37.498247757,127.126296648,0.0,2026-09-06T05:07:00+09:00
V02Q1940787,37.512955044,127.094661921,0.0,2026-09-06T05:07:00+09:00
V02Q1940788,37.509617855,127.0741524,0.0,2026-09-06T05:07:00+09:00
V02Q1940790,37.514278277,127.112258966,0.0,2026-09-06T05:07:00+09:00
V02Q1940800,37.519952859,127.1123122,0.0,2026-09-06T05:07:00+09:00
V02Q1940811,37.52727312,127.116249051,1.0,2026-09-06T05:07:00+09:00
V02Q1940819,37.507344263,127.104688643,0.0,2026-09-06T05:07:00+09:00
V02Q1940820,37.511104225,127.102321793,0.0,2026-09-06T05:07:00+09:00
V02Q1940821,37.502832774,127.108694904,77.0,2026-09-06T05:07:00+09:00
V02Q1940832,37.511768309,127.124209484,0.0,2026-09-06T05:07:00+09:00
V02Q1940838,37.51767925,127.08881891,0.0,2026-09-06T05:07:00+09:00
V02Q1940860,37.533442403,127.080963254,0.0,2026-09-06T05:07:00+09:00
V02Q1940873,37.53247211,127.114301129,0.0,2026-09-06T05:07:00+09:00
V02Q1940887,37.502749128,127.09252424,0.0,2026-09-06T05:07:00+09:00
V02Q1940941,37.509088133,127.084056858,0.0,2026-09-06T05:07:00+09:00
OC3CL210115,37.525641,127.129665,16.0,2026-09-06T06:07:00+09:00
V02Q1940082,37.495507594,127.085748474,2.0,2026-09-06T06:07:00+09:00
V02Q1940098,37.48670146,127.1000197,3.0,2026-09-06T06:07:00+09:00
V02Q1940100,37.494978959,127.093144214,18.0,2026-09-06T06:07:00+09:00
V02Q1940246,37.49920086,127.072395308,0.0,2026-09-06T06:07:00+09:00
V02Q1940391,37.528616803,127.085121222,4.0,2026-09-06T06:07:00+09:00
V02Q1940392,37.538286643,127.09239683,3.0,2026-09-06T06:07:00+09:00
V02Q1940403,37.534309074,127.081985567,2.0,2026-09-06T06:07:00+09:00
V02Q1940411,37.533878243,127.091521,1.0,2026-09-06T06:07:00+09:00
V02Q1940506,37.535029673,127.093240689,0.0,2026-09-06T06:07:00+09:00
V02Q1940507,37.531277474,127.123271252,340.0,2026-09-06T06:07:00+09:00
V02Q1940679,37.495212727,127.121438826,0.0,2026-09-06T06:07:00+09:00
V02Q1940706,37.502049127,127.117110751,0.0,2026-09-06T06:07:00+09:00
V02Q1940708,37.514300619,127.091447797,2.0,2026-09-06T06:07:00+09:00
V02Q1940713,37.516185359,127.114540561,0.0,2026-09-06T06:07:00+09:00
V02Q1940714,37.513385412,127.10686824,0.0,2026-09-06T06:07:00+09:00
V02Q1940734,37.518407904,127.100366298,0.0,2026-09-06T06:07:00+09:00
V02Q1940736,37.504194933,127.128187719,10.0,2026-09-06T06:07:00+09:00
V02Q1940767,37.502603852,127.092310875,2.0,2026-09-06T06:07:00+09:00
V02Q1940772,37.503635193,127.103503284,3.0,2026-09-06T06:07:00+09:00
V02Q1940775,37.505801455,127.109663753,0.0,2026-09-06T06:07:00+09:00
V02Q1940781,37.506173683,127.084756221,1.0,2026-09-06T06:07:00+09:00
V02Q1940784,37.498247757,127.126296648,1.0,2026-09-06T06:07:00+09:00
V02Q1940787,37.512955044,127.094661921,0.0,2026-09-06T06:07:00+09:00
V02Q1940788,37.509617855,127.0741524,0.0,2026-09-06T06:07:00+09:00
V02Q1940790,37.514278277,127.112258966,0.0,2026-09-06T06:07:00+09:00
V02Q1940800,37.519952859,127.1123122,0.0,2026-09-06T06:07:00+09:00
V02Q1940811,37.52727312,127.116249051,1.0,2026-09-06T06:07:00+09:00
V02Q1940819,37.507344263,127.104688643,1.0,2026-09-06T06:07:00+09:00
V02Q1940820,37.511104225,127.102321793,0.0,2026-09-06T06:07:00+09:00
V02Q1940821,37.502832774,127.108694904,71.0,2026-09-06T06:07:00+09:00
V02Q1940832,37.511768309,127.124209484,1.0,2026-09-06T06:07:00+09:00
V02Q1940838,37.51767925,127.08881891,0.0,2026-09-06T06:07:00+09:00
V02Q1940860,37.533442403,127.080963254,2.0,2026-09-06T06:07:00+09:00
V02Q1940873,37.53247211,127.114301129,0.0,2026-09-06T06:07:00+09:00
V02Q1940887,37.502749128,127.09252424,0.0,2026-09-06T06:07:00+09:00
V02Q1940941,37.509088133,127.084056858,2.0,2026-09-06T06:07:00+09:00
V02Q1940391,37.528616803,127.085121222,443.0,2026-09-06T07:07:00+09:00
V02Q1940392,37.538286643,127.09239683,650.0,2026-09-06T07:07:00+09:00
V02Q1940403,37.534309074,127.081985567,393.0,2026-09-06T07:07:00+09:00
V02Q1940411,37.533878243,127.091521,245.0,2026-09-06T07:07:00+09:00
V02Q1940506,37.535029673,127.093240689,0.0,2026-09-06T07:07:00+09:00
V02Q1940860,37.533442403,127.080963254,411.0,2026-09-06T07:07:00+09:00
V02Q1940679,37.495212727,127.121438826,0.0,2026-09-06T07:07:00+09:00
V02Q1940734,37.518407904,127.100366298,0.0,2026-09-06T07:07:00+09:00
V02Q1940784,37.498247757,127.126296648,214.0,2026-09-06T07:07:00+09:00
V02Q1940706,37.502049127,127.117110751,0.0,2026-09-06T07:07:00+09:00
V02Q1940708,37.514300619,127.091447797,446.0,2026-09-06T07:07:00+09:00
V02Q1940713,37.516185359,127.114540561,0.0,2026-09-06T07:07:00+09:00
V02Q1940714,37.513385412,127.10686824,0.0,2026-09-06T07:07:00+09:00
V02Q1940736,37.504194933,127.128187719,317.0,2026-09-06T07:07:00+09:00
V02Q1940767,37.502603852,127.092310875,380.0,2026-09-06T07:07:00+09:00
V02Q1940772,37.503635193,127.103503284,613.0,2026-09-06T07:07:00+09:00
V02Q1940775,37.505801455,127.109663753,214.0,2026-09-06T07:07:00+09:00
V02Q1940781,37.506173683,127.084756221,131.0,2026-09-06T07:07:00+09:00
V02Q1940787,37.512955044,127.094661921,0.0,2026-09-06T07:07:00+09:00
V02Q1940788,37.509617855,127.0741524,57.0,2026-09-06T07:07:00+09:00
V02Q1940790,37.514278277,127.112258966,0.0,2026-09-06T07:07:00+09:00
V02Q1940800,37.519952859,127.1123122,0.0,2026-09-06T07:07:00+09:00
V02Q1940832,37.511768309,127.124209484,273.0,2026-09-06T07:07:00+09:00
V02Q1940873,37.53247211,127.114301129,0.0,2026-09-06T07:07:00+09:00
V02Q1940507,37.531277474,127.123271252,184.0,2026-09-06T07:07:00+09:00
V02Q1940811,37.52727312,127.116249051,159.0,2026-09-06T07:07:00+09:00
V02Q1940819,37.507344263,127.104688643,227.0,2026-09-06T07:07:00+09:00
V02Q1940820,37.511104225,127.102321793,0.0,2026-09-06T07:07:00+09:00
V02Q1940821,37.502832774,127.108694904,255.0,2026-09-06T07:07:00+09:00
V02Q1940838,37.51767925,127.08881891,0.0,2026-09-06T07:07:00+09:00
V02Q1940887,37.502749128,127.09252424,0.0,2026-09-06T07:07:00+09:00
V02Q1940941,37.509088133,127.084056858,286.0,2026-09-06T07:07:00+09:00
V02Q1940098,37.48670146,127.1000197,555.0,2026-09-06T07:07:00+09:00
V02Q1940246,37.49920086,127.072395308,99.0,2026-09-06T07:07:00+09:00
V02Q1940082,37.495507594,127.085748474,366.0,2026-09-06T07:07:00+09:00
V02Q1940100,37.494978959,127.093144214,374.0,2026-09-06T07:07:00+09:00
OC3CL210115,37.525641,127.129665,279.0,2026-09-06T07:07:00+09:00
V02Q1940391,37.528616803,127.085121222,2289.0,2026-09-06T08:07:00+09:00
V02Q1940392,37.538286643,127.09239683,3107.0,2026-09-06T08:07:00+09:00
V02Q1940403,37.534309074,127.081985567,1736.0,2026-09-06T08:07:00+09:00
V02Q1940411,37.533878243,127.091521,1113.0,2026-09-06T08:07:00+09:00
V02Q1940506,37.535029673,127.093240689,0.0,2026-09-06T08:07:00+09:00
V02Q1940860,37.533442403,127.080963254,1689.0,2026-09-06T08:07:00+09:00
V02Q1940679,37.495212727,127.121438826,0.0,2026-09-06T08:07:00+09:00
V02Q1940734,37.518407904,127.100366298,0.0,2026-09-06T08:07:00+09:00
V02Q1940784,37.498247757,127.126296648,1018.0,2026-09-06T08:07:00+09:00
V02Q1940706,37.502049127,127.117110751,0.0,2026-09-06T08:07:00+09:00
V02Q1940708,37.514300619,127.091447797,2043.0,2026-09-06T08:07:00+09:00
V02Q1940714,37.513385412,127.10686824,0.0,2026-09-06T08:07:00+09:00
V02Q1940736,37.504194933,127.128187719,1323.0,2026-09-06T08:07:00+09:00
V02Q1940767,37.502603852,127.092310875,2082.0,2026-09-06T08:07:00+09:00
V02Q1940772,37.503635193,127.103503284,2458.0,2026-09-06T08:07:00+09:00
V02Q1940775,37.505801455,127.109663753,1067.0,2026-09-06T08:07:00+09:00
V02Q1940781,37.506173683,127.084756221,614.0,2026-09-06T08:07:00+09:00
V02Q1940787,37.512955044,127.094661921,0.0,2026-09-06T08:07:00+09:00
V02Q1940788,37.509617855,127.0741524,204.0,2026-09-06T08:07:00+09:00
V02Q1940790,37.514278277,127.112258966,0.0,2026-09-06T08:07:00+09:00
V02Q1940800,37.519952859,127.1123122,0.0,2026-09-06T08:07:00+09:00
V02Q1940832,37.511768309,127.124209484,1354.0,2026-09-06T08:07:00+09:00
V02Q1940873,37.53247211,127.114301129,0.0,2026-09-06T08:07:00+09:00
V02Q1940507,37.531277474,127.123271252,845.0,2026-09-06T08:07:00+09:00
V02Q1940713,37.516185359,127.114540561,0.0,2026-09-06T08:07:00+09:00
V02Q1940811,37.52727312,127.116249051,784.0,2026-09-06T08:07:00+09:00
V02Q1940819,37.507344263,127.104688643,887.0,2026-09-06T08:07:00+09:00
V02Q1940820,37.511104225,127.102321793,0.0,2026-09-06T08:07:00+09:00
V02Q1940821,37.502832774,127.108694904,1895.0,2026-09-06T08:07:00+09:00
V02Q1940838,37.51767925,127.08881891,0.0,2026-09-06T08:07:00+09:00
V02Q1940887,37.502749128,127.09252424,0.0,2026-09-06T08:07:00+09:00
V02Q1940941,37.509088133,127.084056858,1450.0,2026-09-06T08:07:00+09:00
V02Q1940098,37.48670146,127.1000197,3711.0,2026-09-06T08:07:00+09:00
V02Q1940246,37.49920086,127.072395308,457.0,2026-09-06T08:07:00+09:00
V02Q1940082,37.495507594,127.085748474,1714.0,2026-09-06T08:07:00+09:00
V02Q1940100,37.494978959,127.093144214,2880.0,2026-09-06T08:07:00+09:00
OC3CL210115,37.525641,127.129665,1381.0,2026-09-06T08:07:00+09:00
OC3CL210115,37.525641,127.129665,1535.0,2026-09-06T09:07:00+09:00
V02Q1940082,37.495507594,127.085748474,1917.0,2026-09-06T09:07:00+09:00
V02Q1940098,37.48670146,127.1000197,8708.0,2026-09-06T09:07:00+09:00
V02Q1940100,37.494978959,127.093144214,7021.0,2026-09-06T09:07:00+09:00
V02Q1940246,37.49920086,127.072395308,515.0,2026-09-06T09:07:00+09:00
V02Q1940391,37.528616803,127.085121222,2102.0,2026-09-06T09:07:00+09:00
V02Q1940392,37.538286643,127.09239683,3261.0,2026-09-06T09:07:00+09:00
V02Q1940403,37.534309074,127.081985567,2298.0,2026-09-06T09:07:00+09:00
V02Q1940411,37.533878243,127.091521,1412.0,2026-09-06T09:07:00+09:00
V02Q1940506,37.535029673,127.093240689,0.0,2026-09-06T09:07:00+09:00
V02Q1940507,37.531277474,127.123271252,1857.0,2026-09-06T09:07:00+09:00
V02Q1940679,37.495212727,127.121438826,0.0,2026-09-06T09:07:00+09:00
V02Q1940706,37.502049127,127.117110751,0.0,2026-09-06T09:07:00+09:00
V02Q1940708,37.514300619,127.091447797,2341.0,2026-09-06T09:07:00+09:00
V02Q1940713,37.516185359,127.114540561,0.0,2026-09-06T09:07:00+09:00
V02Q1940714,37.513385412,127.10686824,0.0,2026-09-06T09:07:00+09:00
V02Q1940734,37.518407904,127.100366298,0.0,2026-09-06T09:07:00+09:00
V02Q1940736,37.504194933,127.128187719,1234.0,2026-09-06T09:07:00+09:00
V02Q1940767,37.502603852,127.092310875,5691.0,2026-09-06T09:07:00+09:00
V02Q1940772,37.503635193,127.103503284,2449.0,2026-09-06T09:07:00+09:00
V02Q1940775,37.505801455,127.109663753,1305.0,2026-09-06T09:07:00+09:00
V02Q1940781,37.506173683,127.084756221,570.0,2026-09-06T09:07:00+09:00
V02Q1940784,37.498247757,127.126296648,1310.0,2026-09-06T09:07:00+09:00
V02Q1940787,37.512955044,127.094661921,0.0,2026-09-06T09:07:00+09:00
V02Q1940788,37.509617855,127.0741524,311.0,2026-09-06T09:07:00+09:00
V02Q1940790,37.514278277,127.112258966,0.0,2026-09-06T09:07:00+09:00
V02Q1940800,37.519952859,127.1123122,0.0,2026-09-06T09:07:00+09:00
V02Q1940811,37.52727312,127.116249051,1956.0,2026-09-06T09:07:00+09:00
V02Q1940819,37.507344263,127.104688643,971.0,2026-09-06T09:07:00+09:00
V02Q1940820,37.511104225,127.102321793,0.0,2026-09-06T09:07:00+09:00
V02Q1940821,37.502832774,127.108694904,4871.0,2026-09-06T09:07:00+09:00
V02Q1940832,37.511768309,127.124209484,1290.0,2026-09-06T09:07:00+09:00
V02Q1940838,37.51767925,127.08881891,0.0,2026-09-06T09:07:00+09:00
V02Q1940860,37.533442403,127.080963254,1454.0,2026-09-06T09:07:00+09:00
V02Q1940873,37.53247211,127.114301129,0.0,2026-09-06T09:07:00+09:00
V02Q1940887,37.502749128,127.09252424,0.0,2026-09-06T09:07:00+09:00
V02Q1940941,37.509088133,127.084056858,4753.0,2026-09-06T09:07:00+09:00
V02Q1940391,37.528616803,127.085121222,1840.0,2026-09-06T10:07:00+09:00
V02Q1940392,37.538286643,127.09239683,3297.0,2026-09-06T10:07:00+09:00
V02Q1940403,37.534309074,127.081985567,1630.0,2026-09-06T10:07:00+09:00
V02Q1940411,37.533878243,127.091521,1554.0,2026-09-06T10:07:00+09:00
V02Q1940506,37.535029673,127.093240689,0.0,2026-09-06T10:07:00+09:00
V02Q1940860,37.533442403,127.080963254,1239.0,2026-09-06T10:07:00+09:00
V02Q1940784,37.498247757,127.126296648,1722.0,2026-09-06T10:07:00+09:00
V02Q1940679,37.495212727,127.121438826,0.0,2026-09-06T10:07:00+09:00
V02Q1940706,37.502049127,127.117110751,0.0,2026-09-06T10:07:00+09:00
V02Q1940734,37.518407904,127.100366298,0.0,2026-09-06T10:07:00+09:00
V02Q1940767,37.502603852,127.092310875,9674.0,2026-09-06T10:07:00+09:00
V02Q1940772,37.503635193,127.103503284,2021.0,2026-09-06T10:07:00+09:00
V02Q1940775,37.505801455,127.109663753,7542.0,2026-09-06T10:07:00+09:00
V02Q1940781,37.506173683,127.084756221,483.0,2026-09-06T10:07:00+09:00
V02Q1940788,37.509617855,127.0741524,1589.0,2026-09-06T10:07:00+09:00
V02Q1940790,37.514278277,127.112258966,0.0,2026-09-06T10:07:00+09:00
V02Q1940708,37.514300619,127.091447797,2843.0,2026-09-06T10:07:00+09:00
V02Q1940713,37.516185359,127.114540561,0.0,2026-09-06T10:07:00+09:00
V02Q1940714,37.513385412,127.10686824,0.0,2026-09-06T10:07:00+09:00
V02Q1940736,37.504194933,127.128187719,1119.0,2026-09-06T10:07:00+09:00
V02Q1940787,37.512955044,127.094661921,0.0,2026-09-06T10:07:00+09:00
V02Q1940800,37.519952859,127.1123122,0.0,2026-09-06T10:07:00+09:00
V02Q1940832,37.511768309,127.124209484,6376.0,2026-09-06T10:07:00+09:00
V02Q1940873,37.53247211,127.114301129,0.0,2026-09-06T10:07:00+09:00
V02Q1940507,37.531277474,127.123271252,1322.0,2026-09-06T10:07:00+09:00
V02Q1940811,37.52727312,127.116249051,10813.0,2026-09-06T10:07:00+09:00
V02Q1940819,37.507344263,127.104688643,1060.0,2026-09-06T10:07:00+09:00
V02Q1940820,37.511104225,127.102321793,0.0,2026-09-06T10:07:00+09:00
V02Q1940821,37.502832774,127.108694904,7379.0,2026-09-06T10:07:00+09:00
V02Q1940838,37.51767925,127.08881891,0.0,2026-09-06T10:07:00+09:00
V02Q1940887,37.502749128,127.09252424,0.0,2026-09-06T10:07:00+09:00
V02Q1940941,37.509088133,127.084056858,11878.0,2026-09-06T10:07:00+09:00
V02Q1940098,37.48670146,127.1000197,15459.0,2026-09-06T10:07:00+09:00
V02Q1940246,37.49920086,127.072395308,592.0,2026-09-06T10:07:00+09:00
V02Q1940082,37.495507594,127.085748474,2963.0,2026-09-06T10:07:00+09:00
V02Q1940100,37.494978959,127.093144214,11860.0,2026-09-06T10:07:00+09:00
OC3CL210115,37.525641,127.129665,1526.0,2026-09-06T10:07:00+09:00
V02Q1940391,37.528616803,127.085121222,18605.0,2026-09-06T11:07:00+09:00
V02Q1940392,37.538286643,127.09239683,3941.0,2026-09-06T11:07:00+09:00
V02Q1940403,37.534309074,127.081985567,3118.0,2026-09-06T11:07:00+09:00
V02Q1940411,37.533878243,127.091521,2361.0,2026-09-06T11:07:00+09:00
V02Q1940506,37.535029673,127.093240689,0.0,2026-09-06T11:07:00+09:00
V02Q1940860,37.533442403,127.080963254,1288.0,2026-09-06T11:07:00+09:00
V02Q1940679,37.495212727,127.121438826,0.0,2026-09-06T11:07:00+09:00
V02Q1940734,37.518407904,127.100366298,0.0,2026-09-06T11:07:00+09:00
V02Q1940784,37.498247757,127.126296648,10467.0,2026-09-06T11:07:00+09:00
V02Q1940706,37.502049127,127.117110751,0.0,2026-09-06T11:07:00+09:00
V02Q1940708,37.514300619,127.091447797,19160.0,2026-09-06T11:07:00+09:00
V02Q1940713,37.516185359,127.114540561,0.0,2026-09-06T11:07:00+09:00
V02Q1940714,37.513385412,127.10686824,0.0,2026-09-06T11:07:00+09:00
V02Q1940736,37.504194933,127.128187719,1234.0,2026-09-06T11:07:00+09:00
V02Q1940767,37.502603852,127.092310875,13753.0,2026-09-06T11:07:00+09:00
V02Q1940772,37.503635193,127.103503284,2346.0,2026-09-06T11:07:00+09:00
V02Q1940775,37.505801455,127.109663753,18156.0,2026-09-06T11:07:00+09:00
V02Q1940781,37.506173683,127.084756221,8422.0,2026-09-06T11:07:00+09:00
V02Q1940787,37.512955044,127.094661921,0.0,2026-09-06T11:07:00+09:00
V02Q1940788,37.509617855,127.0741524,406.0,2026-09-06T11:07:00+09:00
V02Q1940790,37.514278277,127.112258966,0.0,2026-09-06T11:07:00+09:00
V02Q1940800,37.519952859,127.1123122,0.0,2026-09-06T11:07:00+09:00
V02Q1940832,37.511768309,127.124209484,22029.0,2026-09-06T11:07:00+09:00
V02Q1940873,37.53247211,127.114301129,0.0,2026-09-06T11:07:00+09:00
V02Q1940507,37.531277474,127.123271252,1268.0,2026-09-06T11:07:00+09:00
V02Q1940811,37.52727312,127.116249051,18233.0,2026-09-06T11:07:00+09:00
V02Q1940819,37.507344263,127.104688643,2296.0,2026-09-06T11:07:00+09:00
V02Q1940820,37.511104225,127.102321793,0.0,2026-09-06T11:07:00+09:00
V02Q1940821,37.502832774,127.108694904,7126.0,2026-09-06T11:07:00+09:00
V02Q1940838,37.51767925,127.08881891,0.0,2026-09-06T11:07:00+09:00
V02Q1940887,37.502749128,127.09252424,0.0,2026-09-06T11:07:00+09:00
V02Q1940941,37.509088133,127.084056858,4040.0,2026-09-06T11:07:00+09:00
V02Q1940246,37.49920086,127.072395308,15794.0,2026-09-06T11:07:00+09:00
V02Q1940082,37.495507594,127.085748474,3024.0,2026-09-06T11:07:00+09:00
V02Q1940098,37.48670146,127.1000197,14728.0,2026-09-06T11:07:00+09:00
V02Q1940100,37.494978959,127.093144214,15908.0,2026-09-06T11:07:00+09:00
OC3CL210115,37.525641,127.129665,1618.0,2026-09-06T11:07:00+09:00
OC3CL210115,37.525641,127.129665,3796.0,2026-09-06T12:07:00+09:00
V02Q1940082,37.495507594,127.085748474,1647.0,2026-09-06T12:07:00+09:00
V02Q1940098,37.48670146,127.1000197,27896.0,2026-09-06T12:07:00+09:00
V02Q1940100,37.494978959,127.093144214,15702.0,2026-09-06T12:07:00+09:00
V02Q1940246,37.49920086,127.072395308,29557.0,2026-09-06T12:07:00+09:00
V02Q1940391,37.528616803,127.085121222,30459.0,2026-09-06T12:07:00+09:00
V02Q1940392,37.538286643,127.09239683,21449.0,2026-09-06T12:07:00+09:00
V02Q1940403,37.534309074,127.081985567,1978.0,2026-09-06T12:07:00+09:00
V02Q1940411,37.533878243,127.091521,2361.0,2026-09-06T12:07:00+09:00
V02Q1940506,37.535029673,127.093240689,0.0,2026-09-06T12:07:00+09:00
V02Q1940507,37.531277474,127.123271252,16963.0,2026-09-06T12:07:00+09:00
V02Q1940679,37.495212727,127.121438826,0.0,2026-09-06T12:07:00+09:00
V02Q1940706,37.502049127,127.117110751,0.0,2026-09-06T12:07:00+09:00
V02Q1940708,37.514300619,127.091447797,24149.0,2026-09-06T12:07:00+09:00
V02Q1940713,37.516185359,127.114540561,0.0,2026-09-06T12:07:00+09:00
V02Q1940714,37.513385412,127.10686824,0.0,2026-09-06T12:07:00+09:00
V02Q1940734,37.518407904,127.100366298,0.0,2026-09-06T12:07:00+09:00
V02Q1940736,37.504194933,127.128187719,1293.0,2026-09-06T12:07:00+09:00
V02Q1940767,37.502603852,127.092310875,16985.0,2026-09-06T12:07:00+09:00
V02Q1940772,37.503635193,127.103503284,17497.0,2026-09-06T12:07:00+09:00
V02Q1940775,37.505801455,127.109663753,16981.0,2026-09-06T12:07:00+09:00
V02Q1940781,37.506173683,127.084756221,5477.0,2026-09-06T12:07:00+09:00
V02Q1940784,37.498247757,127.126296648,12610.0,2026-09-06T12:07:00+09:00
V02Q1940787,37.512955044,127.094661921,0.0,2026-09-06T12:07:00+09:00
V02Q1940788,37.509617855,127.0741524,599.0,2026-09-06T12:07:00+09:00
V02Q1940790,37.514278277,127.112258966,0.0,2026-09-06T12:07:00+09:00
V02Q1940800,37.519952859,127.1123122,0.0,2026-09-06T12:07:00+09:00
V02Q1940811,37.52727312,127.116249051,11402.0,2026-09-06T12:07:00+09:00
V02Q1940819,37.507344263,127.104688643,39341.0,2026-09-06T12:07:00+09:00
V02Q1940820,37.511104225,127.102321793,0.0,2026-09-06T12:07:00+09:00
V02Q1940821,37.502832774,127.108694904,6318.0,2026-09-06T12:07:00+09:00
V02Q1940832,37.511768309,127.124209484,27296.0,2026-09-06T12:07:00+09:00
V02Q1940838,37.51767925,127.08881891,0.0,2026-09-06T12:07:00+09:00
V02Q1940860,37.533442403,127.080963254,7364.0,2026-09-06T12:07:00+09:00
V02Q1940873,37.53247211,127.114301129,0.0,2026-09-06T12:07:00+09:00
V02Q1940887,37.502749128,127.09252424,0.0,2026-09-06T12:07:00+09:00
V02Q1940941,37.509088133,127.084056858,4307.0,2026-09-06T12:07:00+09:00
V02Q1940391,37.528616803,127.085121222,29505.0,2026-09-06T13:07:00+09:00
V02Q1940392,37.538286643,127.09239683,56497.0,2026-09-06T13:07:00+09:00
V02Q1940403,37.534309074,127.081985567,2490.0,2026-09-06T13:07:00+09:00
V02Q1940411,37.533878243,127.091521,28681.0,2026-09-06T13:07:00+09:00
V02Q1940506,37.535029673,127.093240689,0.0,2026-09-06T13:07:00+09:00
V02Q1940860,37.533442403,127.080963254,20609.0,2026-09-06T13:07:00+09:00
V02Q1940679,37.495212727,127.121438826,0.0,2026-09-06T13:07:00+09:00
V02Q1940734,37.518407904,127.100366298,0.0,2026-09-06T13:07:00+09:00
V02Q1940784,37.498247757,127.126296648,5051.0,2026-09-06T13:07:00+09:00
V02Q1940706,37.502049127,127.117110751,0.0,2026-09-06T13:07:00+09:00
V02Q1940708,37.514300619,127.091447797,42468.0,2026-09-06T13:07:00+09:00
V02Q1940736,37.504194933,127.128187719,1982.0,2026-09-06T13:07:00+09:00
V02Q1940767,37.502603852,127.092310875,18826.0,2026-09-06T13:07:00+09:00
V02Q1940772,37.503635193,127.103503284,50666.0,2026-09-06T13:07:00+09:00
V02Q1940775,37.505801455,127.109663753,22396.0,2026-09-06T13:07:00+09:00
V02Q1940781,37.506173683,127.084756221,1478.0,2026-09-06T13:07:00+09:00
V02Q1940787,37.512955044,127.094661921,0.0,2026-09-06T13:07:00+09:00
V02Q1940788,37.509617855,127.0741524,387.0,2026-09-06T13:07:00+09:00
V02Q1940790,37.514278277,127.112258966,0.0,2026-09-06T13:07:00+09:00
V02Q1940800,37.519952859,127.1123122,0.0,2026-09-06T13:07:00+09:00
V02Q1940832,37.511768309,127.124209484,14957.0,2026-09-06T13:07:00+09:00
V02Q1940873,37.53247211,127.114301129,0.0,2026-09-06T13:07:00+09:00
V02Q1940507,37.531277474,127.123271252,21546.0,2026-09-06T13:07:00+09:00
V02Q1940713,37.516185359,127.114540561,0.0,2026-09-06T13:07:00+09:00
V02Q1940714,37.513385412,127.10686824,0.0,2026-09-06T13:07:00+09:00
V02Q1940811,37.52727312,127.116249051,22909.0,2026-09-06T13:07:00+09:00
V02Q1940819,37.507344263,127.104688643,37501.0,2026-09-06T13:07:00+09:00
V02Q1940820,37.511104225,127.102321793,0.0,2026-09-06T13:07:00+09:00
V02Q1940821,37.502832774,127.108694904,20054.0,2026-09-06T13:07:00+09:00
V02Q1940838,37.51767925,127.08881891,0.0,2026-09-06T13:07:00+09:00
V02Q1940887,37.502749128,127.09252424,0.0,2026-09-06T13:07:00+09:00
V02Q1940941,37.509088133,127.084056858,7215.0,2026-09-06T13:07:00+09:00
V02Q1940246,37.49920086,127.072395308,10469.0,2026-09-06T13:07:00+09:00
V02Q1940082,37.495507594,127.085748474,9943.0,2026-09-06T13:07:00+09:00
V02Q1940098,37.48670146,127.1000197,13627.0,2026-09-06T13:07:00+09:00
V02Q1940100,37.494978959,127.093144214,9702.0,2026-09-06T13:07:00+09:00
OC3CL210115,37.525641,127.129665,16403.0,2026-09-06T13:07:00+09:00
V02Q1940391,37.528616803,127.085121222,8648.0,2026-09-06T14:07:00+09:00
V02Q1940392,37.538286643,127.09239683,38279.0,2026-09-06T14:07:00+09:00
V02Q1940403,37.534309074,127.081985567,8373.0,2026-09-06T14:07:00+09:00
V02Q1940411,37.533878243,127.091521,23392.0,2026-09-06T14:07:00+09:00
V02Q1940506,37.535029673,127.093240689,0.0,2026-09-06T14:07:00+09:00
V02Q1940860,37.533442403,127.080963254,5267.0,2026-09-06T14:07:00+09:00
V02Q1940679,37.495212727,127.121438826,0.0,2026-09-06T14:07:00+09:00
V02Q1940734,37.518407904,127.100366298,0.0,2026-09-06T14:07:00+09:00
V02Q1940784,37.498247757,127.126296648,2895.0,2026-09-06T14:07:00+09:00
V02Q1940790,37.514278277,127.112258966,0.0,2026-09-06T14:07:00+09:00
V02Q1940706,37.502049127,127.117110751,0.0,2026-09-06T14:07:00+09:00
V02Q1940708,37.514300619,127.091447797,41789.0,2026-09-06T14:07:00+09:00
V02Q1940713,37.516185359,127.114540561,0.0,2026-09-06T14:07:00+09:00
V02Q1940714,37.513385412,127.10686824,0.0,2026-09-06T14:07:00+09:00
V02Q1940736,37.504194933,127.128187719,19280.0,2026-09-06T14:07:00+09:00
V02Q1940767,37.502603852,127.092310875,12403.0,2026-09-06T14:07:00+09:00
V02Q1940772,37.503635193,127.103503284,13985.0,2026-09-06T14:07:00+09:00
V02Q1940775,37.505801455,127.109663753,21908.0,2026-09-06T14:07:00+09:00
V02Q1940781,37.506173683,127.084756221,3995.0,2026-09-06T14:07:00+09:00
V02Q1940787,37.512955044,127.094661921,0.0,2026-09-06T14:07:00+09:00
V02Q1940788,37.509617855,127.0741524,721.0,2026-09-06T14:07:00+09:00
V02Q1940800,37.519952859,127.1123122,0.0,2026-09-06T14:07:00+09:00
V02Q1940832,37.511768309,127.124209484,4760.0,2026-09-06T14:07:00+09:00
V02Q1940873,37.53247211,127.114301129,0.0,2026-09-06T14:07:00+09:00
V02Q1940941,37.509088133,127.084056858,3263.0,2026-09-06T14:07:00+09:00
V02Q1940507,37.531277474,127.123271252,21988.0,2026-09-06T14:07:00+09:00
V02Q1940811,37.52727312,127.116249051,18688.0,2026-09-06T14:07:00+09:00
V02Q1940819,37.507344263,127.104688643,19762.0,2026-09-06T14:07:00+09:00
V02Q1940820,37.511104225,127.102321793,0.0,2026-09-06T14:07:00+09:00
V02Q1940821,37.502832774,127.108694904,4450.0,2026-09-06T14:07:00+09:00
V02Q1940838,37.51767925,127.08881891,0.0,2026-09-06T14:07:00+09:00
V02Q1940887,37.502749128,127.09252424,0.0,2026-09-06T14:07:00+09:00
V02Q1940246,37.49920086,127.072395308,1556.0,2026-09-06T14:07:00+09:00
V02Q1940082,37.495507594,127.085748474,2925.0,2026-09-06T14:07:00+09:00
V02Q1940098,37.48670146,127.1000197,5148.0,2026-09-06T14:07:00+09:00
V02Q1940100,37.494978959,127.093144214,3287.0,2026-09-06T14:07:00+09:00
OC3CL210115,37.525641,127.129665,15684.0,2026-09-06T14:07:00+09:00
V02Q1940391,37.528616803,127.085121222,10603.0,2026-09-06T15:07:00+09:00
V02Q1940392,37.538286643,127.09239683,30582.0,2026-09-06T15:07:00+09:00
V02Q1940403,37.534309074,127.081985567,15069.0,2026-09-06T15:07:00+09:00
V02Q1940411,37.533878243,127.091521,16302.0,2026-09-06T15:07:00+09:00
V02Q1940506,37.535029673,127.093240689,0.0,2026-09-06T15:07:00+09:00
V02Q1940860,37.533442403,127.080963254,7430.0,2026-09-06T15:07:00+09:00
V02Q1940679,37.495212727,127.121438826,0.0,2026-09-06T15:07:00+09:00
V02Q1940734,37.518407904,127.100366298,0.0,2026-09-06T15:07:00+09:00
V02Q1940784,37.498247757,127.126296648,8914.0,2026-09-06T15:07:00+09:00
V02Q1940790,37.514278277,127.112258966,0.0,2026-09-06T15:07:00+09:00
V02Q1940706,37.502049127,127.117110751,0.0,2026-09-06T15:07:00+09:00
V02Q1940708,37.514300619,127.091447797,7905.0,2026-09-06T15:07:00+09:00
V02Q1940713,37.516185359,127.114540561,0.0,2026-09-06T15:07:00+09:00
V02Q1940714,37.513385412,127.10686824,0.0,2026-09-06T15:07:00+09:00
V02Q1940736,37.504194933,127.128187719,4625.0,2026-09-06T15:07:00+09:00
V02Q1940767,37.502603852,127.092310875,11319.0,2026-09-06T15:07:00+09:00
V02Q1940772,37.503635193,127.103503284,7786.0,2026-09-06T15:07:00+09:00
V02Q1940775,37.505801455,127.109663753,9262.0,2026-09-06T15:07:00+09:00
V02Q1940781,37.506173683,127.084756221,1456.0,2026-09-06T15:07:00+09:00
V02Q1940787,37.512955044,127.094661921,0.0,2026-09-06T15:07:00+09:00
V02Q1940788,37.509617855,127.0741524,973.0,2026-09-06T15:07:00+09:00
V02Q1940800,37.519952859,127.1123122,0.0,2026-09-06T15:07:00+09:00
V02Q1940832,37.511768309,127.124209484,4932.0,2026-09-06T15:07:00+09:00
V02Q1940873,37.53247211,127.114301129,0.0,2026-09-06T15:07:00+09:00
V02Q1940941,37.509088133,127.084056858,11581.0,2026-09-06T15:07:00+09:00
V02Q1940507,37.531277474,127.123271252,14241.0,2026-09-06T15:07:00+09:00
V02Q1940811,37.52727312,127.116249051,9879.0,2026-09-06T15:07:00+09:00
V02Q1940819,37.507344263,127.104688643,5119.0,2026-09-06T15:07:00+09:00
V02Q1940820,37.511104225,127.102321793,0.0,2026-09-06T15:07:00+09:00
V02Q1940821,37.502832774,127.108694904,2268.0,2026-09-06T15:07:00+09:00
V02Q1940838,37.51767925,127.08881891,0.0,2026-09-06T15:07:00+09:00
V02Q1940887,37.502749128,127.09252424,0.0,2026-09-06T15:07:00+09:00
V02Q1940246,37.49920086,127.072395308,1157.0,2026-09-06T15:07:00+09:00
V02Q1940082,37.495507594,127.085748474,3247.0,2026-09-06T15:07:00+09:00
V02Q1940098,37.48670146,127.1000197,4534.0,2026-09-06T15:07:00+09:00
V02Q1940100,37.494978959,127.093144214,3120.0,2026-09-06T15:07:00+09:00
OC3CL210115,37.525641,127.129665,10681.0,2026-09-06T15:07:00+09:00
V02Q1940391,37.528616803,127.085121222,8741.0,2026-09-06T16:07:00+09:00
V02Q1940392,37.538286643,127.09239683,10428.0,2026-09-06T16:07:00+09:00
V02Q1940403,37.534309074,127.081985567,14816.0,2026-09-06T16:07:00+09:00
V02Q1940411,37.533878243,127.091521,9589.0,2026-09-06T16:07:00+09:00
V02Q1940506,37.535029673,127.093240689,0.0,2026-09-06T16:07:00+09:00
V02Q1940860,37.533442403,127.080963254,15319.0,2026-09-06T16:07:00+09:00
V02Q1940679,37.495212727,127.121438826,0.0,2026-09-06T16:07:00+09:00
V02Q1940734,37.518407904,127.100366298,0.0,2026-09-06T16:07:00+09:00
V02Q1940784,37.498247757,127.126296648,955.0,2026-09-06T16:07:00+09:00
V02Q1940706,37.502049127,127.117110751,0.0,2026-09-06T16:07:00+09:00
V02Q1940708,37.514300619,127.091447797,3431.0,2026-09-06T16:07:00+09:00
V02Q1940713,37.516185359,127.114540561,0.0,2026-09-06T16:07:00+09:00
V02Q1940714,37.513385412,127.10686824,0.0,2026-09-06T16:07:00+09:00
V02Q1940736,37.504194933,127.128187719,3753.0,2026-09-06T16:07:00+09:00
V02Q1940767,37.502603852,127.092310875,6162.0,2026-09-06T16:07:00+09:00
V02Q1940772,37.503635193,127.103503284,11906.0,2026-09-06T16:07:00+09:00
V02Q1940775,37.505801455,127.109663753,2307.0,2026-09-06T16:07:00+09:00
V02Q1940781,37.506173683,127.084756221,913.0,2026-09-06T16:07:00+09:00
V02Q1940787,37.512955044,127.094661921,0.0,2026-09-06T16:07:00+09:00
V02Q1940788,37.509617855,127.0741524,2326.0,2026-09-06T16:07:00+09:00
V02Q1940790,37.514278277,127.112258966,0.0,2026-09-06T16:07:00+09:00
V02Q1940800,37.519952859,127.1123122,0.0,2026-09-06T16:07:00+09:00
V02Q1940832,37.511768309,127.124209484,2514.0,2026-09-06T16:07:00+09:00
V02Q1940873,37.53247211,127.114301129,0.0,2026-09-06T16:07:00+09:00
V02Q1940507,37.531277474,127.123271252,5373.0,2026-09-06T16:07:00+09:00
V02Q1940811,37.52727312,127.116249051,5461.0,2026-09-06T16:07:00+09:00
V02Q1940819,37.507344263,127.104688643,2566.0,2026-09-06T16:07:00+09:00
V02Q1940820,37.511104225,127.102321793,0.0,2026-09-06T16:07:00+09:00
V02Q1940821,37.502832774,127.108694904,846.0,2026-09-06T16:07:00+09:00
V02Q1940838,37.51767925,127.08881891,0.0,2026-09-06T16:07:00+09:00
V02Q1940887,37.502749128,127.09252424,0.0,2026-09-06T16:07:00+09:00
V02Q1940941,37.509088133,127.084056858,2407.0,2026-09-06T16:07:00+09:00
V02Q1940246,37.49920086,127.072395308,441.0,2026-09-06T16:07:00+09:00
V02Q1940082,37.495507594,127.085748474,1296.0,2026-09-06T16:07:00+09:00
V02Q1940098,37.48670146,127.1000197,2195.0,2026-09-06T16:07:00+09:00
V02Q1940100,37.494978959,127.093144214,7965.0,2026-09-06T16:07:00+09:00
OC3CL210115,37.525641,127.129665,13071.0,2026-09-06T16:07:00+09:00
V02Q1940391,37.528616803,127.085121222,4434.0,2026-09-06T17:07:00+09:00
V02Q1940392,37.538286643,127.09239683,2249.0,2026-09-06T17:07:00+09:00
V02Q1940403,37.534309074,127.081985567,8843.0,2026-09-06T17:07:00+09:00
V02Q1940411,37.533878243,127.091521,975.0,2026-09-06T17:07:00+09:00
V02Q1940506,37.535029673,127.093240689,0.0,2026-09-06T17:07:00+09:00
V02Q1940860,37.533442403,127.080963254,9035.0,2026-09-06T17:07:00+09:00
V02Q1940679,37.495212727,127.121438826,0.0,2026-09-06T17:07:00+09:00
V02Q1940708,37.514300619,127.091447797,1291.0,2026-09-06T17:07:00+09:00
V02Q1940734,37.518407904,127.100366298,0.0,2026-09-06T17:07:00+09:00
V02Q1940767,37.502603852,127.092310875,1002.0,2026-09-06T17:07:00+09:00
V02Q1940772,37.503635193,127.103503284,4554.0,2026-09-06T17:07:00+09:00
V02Q1940775,37.505801455,127.109663753,1370.0,2026-09-06T17:07:00+09:00
V02Q1940784,37.498247757,127.126296648,574.0,2026-09-06T17:07:00+09:00
V02Q1940790,37.514278277,127.112258966,0.0,2026-09-06T17:07:00+09:00
V02Q1940706,37.502049127,127.117110751,0.0,2026-09-06T17:07:00+09:00
V02Q1940713,37.516185359,127.114540561,0.0,2026-09-06T17:07:00+09:00
V02Q1940714,37.513385412,127.10686824,0.0,2026-09-06T17:07:00+09:00
V02Q1940736,37.504194933,127.128187719,1952.0,2026-09-06T17:07:00+09:00
V02Q1940781,37.506173683,127.084756221,334.0,2026-09-06T17:07:00+09:00
V02Q1940787,37.512955044,127.094661921,0.0,2026-09-06T17:07:00+09:00
V02Q1940788,37.509617855,127.0741524,8465.0,2026-09-06T17:07:00+09:00
V02Q1940800,37.519952859,127.1123122,0.0,2026-09-06T17:07:00+09:00
V02Q1940811,37.52727312,127.116249051,616.0,2026-09-06T17:07:00+09:00
V02Q1940832,37.511768309,127.124209484,1974.0,2026-09-06T17:07:00+09:00
V02Q1940873,37.53247211,127.114301129,0.0,2026-09-06T17:07:00+09:00
V02Q1940507,37.531277474,127.123271252,8543.0,2026-09-06T17:07:00+09:00
V02Q1940819,37.507344263,127.104688643,1290.0,2026-09-06T17:07:00+09:00
V02Q1940820,37.511104225,127.102321793,0.0,2026-09-06T17:07:00+09:00
V02Q1940821,37.502832774,127.108694904,693.0,2026-09-06T17:07:00+09:00
V02Q1940838,37.51767925,127.08881891,0.0,2026-09-06T17:07:00+09:00
V02Q1940887,37.502749128,127.09252424,0.0,2026-09-06T17:07:00+09:00
V02Q1940941,37.509088133,127.084056858,716.0,2026-09-06T17:07:00+09:00
V02Q1940246,37.49920086,127.072395308,288.0,2026-09-06T17:07:00+09:00
V02Q1940098,37.48670146,127.1000197,6918.0,2026-09-06T17:07:00+09:00
V02Q1940100,37.494978959,127.093144214,5149.0,2026-09-06T17:07:00+09:00
V02Q1940082,37.495507594,127.085748474,953.0,2026-09-06T17:07:00+09:00
OC3CL210115,37.525641,127.129665,1584.0,2026-09-06T17:07:00+09:00
V02Q1940391,37.528616803,127.085121222,942.0,2026-09-06T18:07:00+09:00
V02Q1940392,37.538286643,127.09239683,1535.0,2026-09-06T18:07:00+09:00
V02Q1940403,37.534309074,127.081985567,1498.0,2026-09-06T18:07:00+09:00
V02Q1940411,37.533878243,127.091521,656.0,2026-09-06T18:07:00+09:00
V02Q1940506,37.535029673,127.093240689,0.0,2026-09-06T18:07:00+09:00
V02Q1940860,37.533442403,127.080963254,4546.0,2026-09-06T18:07:00+09:00
V02Q1940679,37.495212727,127.121438826,0.0,2026-09-06T18:07:00+09:00
V02Q1940734,37.518407904,127.100366298,0.0,2026-09-06T18:07:00+09:00
V02Q1940784,37.498247757,127.126296648,423.0,2026-09-06T18:07:00+09:00
V02Q1940706,37.502049127,127.117110751,0.0,2026-09-06T18:07:00+09:00
V02Q1940708,37.514300619,127.091447797,1002.0,2026-09-06T18:07:00+09:00
V02Q1940713,37.516185359,127.114540561,0.0,2026-09-06T18:07:00+09:00
V02Q1940714,37.513385412,127.10686824,0.0,2026-09-06T18:07:00+09:00
V02Q1940736,37.504194933,127.128187719,1110.0,2026-09-06T18:07:00+09:00
V02Q1940767,37.502603852,127.092310875,783.0,2026-09-06T18:07:00+09:00
V02Q1940772,37.503635193,127.103503284,6047.0,2026-09-06T18:07:00+09:00
V02Q1940775,37.505801455,127.109663753,591.0,2026-09-06T18:07:00+09:00
V02Q1940781,37.506173683,127.084756221,255.0,2026-09-06T18:07:00+09:00
V02Q1940787,37.512955044,127.094661921,0.0,2026-09-06T18:07:00+09:00
V02Q1940788,37.509617855,127.0741524,3359.0,2026-09-06T18:07:00+09:00
V02Q1940790,37.514278277,127.112258966,0.0,2026-09-06T18:07:00+09:00
V02Q1940800,37.519952859,127.1123122,0.0,2026-09-06T18:07:00+09:00
V02Q1940832,37.511768309,127.124209484,995.0,2026-09-06T18:07:00+09:00
V02Q1940873,37.53247211,127.114301129,0.0,2026-09-06T18:07:00+09:00
V02Q1940507,37.531277474,127.123271252,2223.0,2026-09-06T18:07:00+09:00
V02Q1940811,37.52727312,127.116249051,400.0,2026-09-06T18:07:00+09:00
V02Q1940819,37.507344263,127.104688643,782.0,2026-09-06T18:07:00+09:00
V02Q1940820,37.511104225,127.102321793,0.0,2026-09-06T18:07:00+09:00
V02Q1940821,37.502832774,127.108694904,492.0,2026-09-06T18:07:00+09:00
V02Q1940838,37.51767925,127.08881891,0.0,2026-09-06T18:07:00+09:00
V02Q1940887,37.502749128,127.09252424,0.0,2026-09-06T18:07:00+09:00
V02Q1940941,37.509088133,127.084056858,477.0,2026-09-06T18:07:00+09:00
V02Q1940246,37.49920086,127.072395308,207.0,2026-09-06T18:07:00+09:00
V02Q1940098,37.48670146,127.1000197,2973.0,2026-09-06T18:07:00+09:00
V02Q1940100,37.494978959,127.093144214,2143.0,2026-09-06T18:07:00+09:00
V02Q1940082,37.495507594,127.085748474,1091.0,2026-09-06T18:07:00+09:00
OC3CL210115,37.525641,127.129665,1068.0,2026-09-06T18:07:00+09:00
V02Q1940391,37.528616803,127.085121222,370.0,2026-09-06T19:07:00+09:00
V02Q1940392,37.538286643,127.09239683,540.0,2026-09-06T19:07:00+09:00
V02Q1940403,37.534309074,127.081985567,505.0,2026-09-06T19:07:00+09:00
V02Q1940411,37.533878243,127.091521,238.0,2026-09-06T19:07:00+09:00
V02Q1940506,37.535029673,127.093240689,0.0,2026-09-06T19:07:00+09:00
V02Q1940860,37.533442403,127.080963254,649.0,2026-09-06T19:07:00+09:00
V02Q1940679,37.495212727,127.121438826,0.0,2026-09-06T19:07:00+09:00
V02Q1940734,37.518407904,127.100366298,0.0,2026-09-06T19:07:00+09:00
V02Q1940784,37.498247757,127.126296648,187.0,2026-09-06T19:07:00+09:00
V02Q1940706,37.502049127,127.117110751,0.0,2026-09-06T19:07:00+09:00
V02Q1940708,37.514300619,127.091447797,417.0,2026-09-06T19:07:00+09:00
V02Q1940714,37.513385412,127.10686824,0.0,2026-09-06T19:07:00+09:00
V02Q1940736,37.504194933,127.128187719,361.0,2026-09-06T19:07:00+09:00
V02Q1940767,37.502603852,127.092310875,312.0,2026-09-06T19:07:00+09:00
V02Q1940772,37.503635193,127.103503284,1158.0,2026-09-06T19:07:00+09:00
V02Q1940775,37.505801455,127.109663753,219.0,2026-09-06T19:07:00+09:00
V02Q1940781,37.506173683,127.084756221,93.0,2026-09-06T19:07:00+09:00
V02Q1940787,37.512955044,127.094661921,0.0,2026-09-06T19:07:00+09:00
V02Q1940788,37.509617855,127.0741524,331.0,2026-09-06T19:07:00+09:00
V02Q1940790,37.514278277,127.112258966,0.0,2026-09-06T19:07:00+09:00
V02Q1940800,37.519952859,127.1123122,0.0,2026-09-06T19:07:00+09:00
V02Q1940832,37.511768309,127.124209484,267.0,2026-09-06T19:07:00+09:00
V02Q1940873,37.53247211,127.114301129,0.0,2026-09-06T19:07:00+09:00
V02Q1940117,37.508537127,127.087121735,87.0,2026-09-06T19:07:00+09:00
V02Q1940507,37.531277474,127.123271252,224.0,2026-09-06T19:07:00+09:00
V02Q1940713,37.516185359,127.114540561,0.0,2026-09-06T19:07:00+09:00
V02Q1940811,37.52727312,127.116249051,142.0,2026-09-06T19:07:00+09:00
V02Q1940819,37.507344263,127.104688643,227.0,2026-09-06T19:07:00+09:00
V02Q1940820,37.511104225,127.102321793,0.0,2026-09-06T19:07:00+09:00
V02Q1940821,37.502832774,127.108694904,173.0,2026-09-06T19:07:00+09:00
V02Q1940838,37.51767925,127.08881891,0.0,2026-09-06T19:07:00+09:00
V02Q1940887,37.502749128,127.09252424,0.0,2026-09-06T19:07:00+09:00
V02Q1940941,37.509088133,127.084056858,191.0,2026-09-06T19:07:00+09:00
V02Q1940246,37.49920086,127.072395308,96.0,2026-09-06T19:07:00+09:00
V02Q1940098,37.48670146,127.1000197,514.0,2026-09-06T19:07:00+09:00
V02Q1940100,37.494978959,127.093144214,285.0,2026-09-06T19:07:00+09:00
V02Q1940082,37.495507594,127.085748474,463.0,2026-09-06T19:07:00+09:00
OC3CL210115,37.525641,127.129665,341.0,2026-09-06T19:07:00+09:00
V02Q1940391,37.528616803,127.085121222,4.0,2026-09-06T20:07:00+09:00
V02Q1940392,37.538286643,127.09239683,6.0,2026-09-06T20:07:00+09:00
V02Q1940403,37.534309074,127.081985567,6.0,2026-09-06T20:07:00+09:00
V02Q1940411,37.533878243,127.091521,2.0,2026-09-06T20:07:00+09:00
V02Q1940506,37.535029673,127.093240689,0.0,2026-09-06T20:07:00+09:00
V02Q1940860,37.533442403,127.080963254,5.0,2026-09-06T20:07:00+09:00
V02Q1940679,37.495212727,127.121438826,0.0,2026-09-06T20:07:00+09:00
V02Q1940734,37.518407904,127.100366298,0.0,2026-09-06T20:07:00+09:00
V02Q1940784,37.498247757,127.126296648,3.0,2026-09-06T20:07:00+09:00
V02Q1940790,37.514278277,127.112258966,0.0,2026-09-06T20:07:00+09:00
V02Q1940706,37.502049127,127.117110751,0.0,2026-09-06T20:07:00+09:00
V02Q1940708,37.514300619,127.091447797,4.0,2026-09-06T20:07:00+09:00
V02Q1940713,37.516185359,127.114540561,0.0,2026-09-06T20:07:00+09:00
V02Q1940714,37.513385412,127.10686824,0.0,2026-09-06T20:07:00+09:00
V02Q1940736,37.504194933,127.128187719,9.0,2026-09-06T20:07:00+09:00
V02Q1940767,37.502603852,127.092310875,3.0,2026-09-06T20:07:00+09:00
V02Q1940772,37.503635193,127.103503284,8.0,2026-09-06T20:07:00+09:00
V02Q1940775,37.505801455,127.109663753,2.0,2026-09-06T20:07:00+09:00
V02Q1940781,37.506173683,127.084756221,1.0,2026-09-06T20:07:00+09:00
V02Q1940787,37.512955044,127.094661921,0.0,2026-09-06T20:07:00+09:00
V02Q1940788,37.509617855,127.0741524,1.0,2026-09-06T20:07:00+09:00
V02Q1940800,37.519952859,127.1123122,0.0,2026-09-06T20:07:00+09:00
V02Q1940832,37.511768309,127.124209484,3.0,2026-09-06T20:07:00+09:00
V02Q1940873,37.53247211,127.114301129,0.0,2026-09-06T20:07:00+09:00
V02Q1940941,37.509088133,127.084056858,2.0,2026-09-06T20:07:00+09:00
V02Q1940507,37.531277474,127.123271252,312.0,2026-09-06T20:07:00+09:00
V02Q1940811,37.52727312,127.116249051,2.0,2026-09-06T20:07:00+09:00
V02Q1940819,37.507344263,127.104688643,2.0,2026-09-06T20:07:00+09:00
V02Q1940820,37.511104225,127.102321793,0.0,2026-09-06T20:07:00+09:00
V02Q1940821,37.502832774,127.108694904,68.0,2026-09-06T20:07:00+09:00
V02Q1940838,37.51767925,127.08881891,0.0,2026-09-06T20:07:00+09:00
V02Q1940887,37.502749128,127.09252424,0.0,2026-09-06T20:07:00+09:00
V02Q1940246,37.49920086,127.072395308,1.0,2026-09-06T20:07:00+09:00
V02Q1940082,37.495507594,127.085748474,3.0,2026-09-06T20:07:00+09:00
V02Q1940098,37.48670146,127.1000197,5.0,2026-09-06T20:07:00+09:00
V02Q1940100,37.494978959,127.093144214,18.0,2026-09-06T20:07:00+09:00
OC3CL210115,37.525641,127.129665,18.0,2026-09-06T20:07:00+09:00
OC3CL210115,37.525641,127.129665,17.0,2026-09-06T21:07:00+09:00
V02Q1940082,37.495507594,127.085748474,0.0,2026-09-06T21:07:00+09:00
V02Q1940098,37.48670146,127.1000197,0.0,2026-09-06T21:07:00+09:00
V02Q1940100,37.494978959,127.093144214,16.0,2026-09-06T21:07:00+09:00
V02Q1940246,37.49920086,127.072395308,0.0,2026-09-06T21:07:00+09:00
V02Q1940391,37.528616803,127.085121222,1.0,2026-09-06T21:07:00+09:00
V02Q1940392,37.538286643,127.09239683,0.0,2026-09-06T21:07:00+09:00
V02Q1940403,37.534309074,127.081985567,0.0,2026-09-06T21:07:00+09:00
V02Q1940411,37.533878243,127.091521,0.0,2026-09-06T21:07:00+09:00
V02Q1940506,37.535029673,127.093240689,0.0,2026-09-06T21:07:00+09:00
V02Q1940507,37.531277474,127.123271252,372.0,2026-09-06T21:07:00+09:00
V02Q1940679,37.495212727,127.121438826,0.0,2026-09-06T21:07:00+09:00
V02Q1940706,37.502049127,127.117110751,0.0,2026-09-06T21:07:00+09:00
V02Q1940708,37.514300619,127.091447797,0.0,2026-09-06T21:07:00+09:00
V02Q1940713,37.516185359,127.114540561,0.0,2026-09-06T21:07:00+09:00
V02Q1940714,37.513385412,127.10686824,0.0,2026-09-06T21:07:00+09:00
V02Q1940734,37.518407904,127.100366298,0.0,2026-09-06T21:07:00+09:00
V02Q1940736,37.504194933,127.128187719,8.0,2026-09-06T21:07:00+09:00
V02Q1940767,37.502603852,127.092310875,0.0,2026-09-06T21:07:00+09:00
V02Q1940772,37.503635193,127.103503284,0.0,2026-09-06T21:07:00+09:00
V02Q1940775,37.505801455,127.109663753,0.0,2026-09-06T21:07:00+09:00
V02Q1940781,37.506173683,127.084756221,0.0,2026-09-06T21:07:00+09:00
V02Q1940784,37.498247757,127.126296648,1.0,2026-09-06T21:07:00+09:00
V02Q1940787,37.512955044,127.094661921,0.0,2026-09-06T21:07:00+09:00
V02Q1940788,37.509617855,127.0741524,0.0,2026-09-06T21:07:00+09:00
V02Q1940790,37.514278277,127.112258966,0.0,2026-09-06T21:07:00+09:00
V02Q1940800,37.519952859,127.1123122,0.0,2026-09-06T21:07:00+09:00
V02Q1940811,37.52727312,127.116249051,1.0,2026-09-06T21:07:00+09:00
V02Q1940819,37.507344263,127.104688643,0.0,2026-09-06T21:07:00+09:00
V02Q1940820,37.511104225,127.102321793,0.0,2026-09-06T21:07:00+09:00
V02Q1940821,37.502832774,127.108694904,77.0,2026-09-06T21:07:00+09:00
V02Q1940832,37.511768309,127.124209484,0.0,2026-09-06T21:07:00+09:00
V02Q1940838,37.51767925,127.08881891,0.0,2026-09-06T21:07:00+09:00
V02Q1940860,37.533442403,127.080963254,0.0,2026-09-06T21:07:00+09:00
V02Q1940873,37.53247211,127.114301129,0.0,2026-09-06T21:07:00+09:00
V02Q1940887,37.502749128,127.09252424,0.0,2026-09-06T21:07:00+09:00
V02Q1940941,37.509088133,127.084056858,0.0,2026-09-06T21:07:00+09:00
OC3CL210115,37.525641,127.129665,16.0,2026-09-06T22:07:00+09:00
V02Q1940082,37.495507594,127.085748474,0.0,2026-09-06T22:07:00+09:00
V02Q1940098,37.48670146,127.1000197,0.0,2026-09-06T22:07:00+09:00
V02Q1940100,37.494978959,127.093144214,16.0,2026-09-06T22:07:00+09:00
V02Q1940246,37.49920086,127.072395308,0.0,2026-09-06T22:07:00+09:00
V02Q1940391,37.528616803,127.085121222,1.0,2026-09-06T22:07:00+09:00
V02Q1940392,37.538286643,127.09239683,0.0,2026-09-06T22:07:00+09:00
V02Q1940403,37.534309074,127.081985567,0.0,2026-09-06T22:07:00+09:00
V02Q1940411,37.533878243,127.091521,0.0,2026-09-06T22:07:00+09:00
V02Q1940506,37.535029673,127.093240689,0.0,2026-09-06T22:07:00+09:00
V02Q1940507,37.531277474,127.123271252,370.0,2026-09-06T22:07:00+09:00
V02Q1940679,37.495212727,127.121438826,0.0,2026-09-06T22:07:00+09:00
V02Q1940706,37.502049127,127.117110751,0.0,2026-09-06T22:07:00+09:00
V02Q1940708,37.514300619,127.091447797,0.0,2026-09-06T22:07:00+09:00
V02Q1940713,37.516185359,127.114540561,0.0,2026-09-06T22:07:00+09:00
V02Q1940714,37.513385412,127.10686824,0.0,2026-09-06T22:07:00+09:00
V02Q1940734,37.518407904,127.100366298,0.0,2026-09-06T22:07:00+09:00
V02Q1940736,37.504194933,127.128187719,8.0,2026-09-06T22:07:00+09:00
V02Q1940767,37.502603852,127.092310875,0.0,2026-09-06T22:07:00+09:00
V02Q1940772,37.503635193,127.103503284,0.0,2026-09-06T22:07:00+09:00
V02Q1940775,37.505801455,127.109663753,0.0,2026-09-06T22:07:00+09:00
V02Q1940781,37.506173683,127.084756221,0.0,2026-09-06T22:07:00+09:00
V02Q1940784,37.498247757,127.126296648,1.0,2026-09-06T22:07:00+09:00
V02Q1940787,37.512955044,127.094661921,0.0,2026-09-06T22:07:00+09:00
V02Q1940788,37.509617855,127.0741524,0.0,2026-09-06T22:07:00+09:00
V02Q1940790,37.514278277,127.112258966,0.0,2026-09-06T22:07:00+09:00
V02Q1940800,37.519952859,127.1123122,0.0,2026-09-06T22:07:00+09:00
V02Q1940811,37.52727312,127.116249051,1.0,2026-09-06T22:07:00+09:00
V02Q1940819,37.507344263,127.104688643,0.0,2026-09-06T22:07:00+09:00
V02Q1940820,37.511104225,127.102321793,0.0,2026-09-06T22:07:00+09:00
V02Q1940821,37.502832774,127.108694904,77.0,2026-09-06T22:07:00+09:00
V02Q1940832,37.511768309,127.124209484,0.0,2026-09-06T22:07:00+09:00
V02Q1940838,37.51767925,127.08881891,0.0,2026-09-06T22:07:00+09:00
V02Q1940860,37.533442403,127.080963254,0.0,2026-09-06T22:07:00+09:00
V02Q1940873,37.53247211,127.114301129,0.0,2026-09-06T22:07:00+09:00
V02Q1940887,37.502749128,127.09252424,0.0,2026-09-06T22:07:00+09:00
V02Q1940941,37.509088133,127.084056858,0.0,2026-09-06T22:07:00+09:00
OC3CL210115,37.525641,127.129665,16.0,2026-09-06T23:07:00+09:00
V02Q1940082,37.495507594,127.085748474,0.0,2026-09-06T23:07:00+09:00
V02Q1940098,37.48670146,127.1000197,0.0,2026-09-06T23:07:00+09:00
V02Q1940100,37.494978959,127.093144214,16.0,2026-09-06T23:07:00+09:00
V02Q1940246,37.49920086,127.072395308,0.0,2026-09-06T23:07:00+09:00
V02Q1940391,37.528616803,127.085121222,1.0,2026-09-06T23:07:00+09:00
V02Q1940392,37.538286643,127.09239683,0.0,2026-09-06T23:07:00+09:00
V02Q1940403,37.534309074,127.081985567,0.0,2026-09-06T23:07:00+09:00
V02Q1940411,37.533878243,127.091521,0.0,2026-09-06T23:07:00+09:00
V02Q1940506,37.535029673,127.093240689,0.0,2026-09-06T23:07:00+09:00
V02Q1940507,37.531277474,127.123271252,368.0,2026-09-06T23:07:00+09:00
V02Q1940679,37.495212727,127.121438826,0.0,2026-09-06T23:07:00+09:00
V02Q1940706,37.502049127,127.117110751,0.0,2026-09-06T23:07:00+09:00
V02Q1940708,37.514300619,127.091447797,0.0,2026-09-06T23:07:00+09:00
V02Q1940713,37.516185359,127.114540561,0.0,2026-09-06T23:07:00+09:00
V02Q1940714,37.513385412,127.10686824,0.0,2026-09-06T23:07:00+09:00
V02Q1940734,37.518407904,127.100366298,0.0,2026-09-06T23:07:00+09:00
V02Q1940736,37.504194933,127.128187719,8.0,2026-09-06T23:07:00+09:00
V02Q1940767,37.502603852,127.092310875,0.0,2026-09-06T23:07:00+09:00
V02Q1940772,37.503635193,127.103503284,0.0,2026-09-06T23:07:00+09:00
V02Q1940775,37.505801455,127.109663753,0.0,2026-09-06T23:07:00+09:00
V02Q1940781,37.506173683,127.084756221,0.0,2026-09-06T23:07:00+09:00
V02Q1940784,37.498247757,127.126296648,1.0,2026-09-06T23:07:00+09:00
V02Q1940787,37.512955044,127.094661921,0.0,2026-09-06T23:07:00+09:00
V02Q1940788,37.509617855,127.0741524,0.0,2026-09-06T23:07:00+09:00
V02Q1940790,37.514278277,127.112258966,0.0,2026-09-06T23:07:00+09:00
V02Q1940800,37.519952859,127.1123122,0.0,2026-09-06T23:07:00+09:00
V02Q1940811,37.52727312,127.116249051,1.0,2026-09-06T23:07:00+09:00
V02Q1940819,37.507344263,127.104688643,0.0,2026-09-06T23:07:00+09:00
V02Q1940820,37.511104225,127.102321793,0.0,2026-09-06T23:07:00+09:00
V02Q1940821,37.502832774,127.108694904,77.0,2026-09-06T23:07:00+09:00
V02Q1940832,37.511768309,127.124209484,0.0,2026-09-06T23:07:00+09:00
V02Q1940838,37.51767925,127.08881891,0.0,2026-09-06T23:07:00+09:00
V02Q1940860,37.533442403,127.080963254,0.0,2026-09-06T23:07:00+09:00
V02Q1940873,37.53247211,127.114301129,0.0,2026-09-06T23:07:00+09:00
V02Q1940887,37.502749128,127.09252424,0.0,2026-09-06T23:07:00+09:00
V02Q1940941,37.509088133,127.084056858,0.0,2026-09-06T23:07:00+09:00
V02Q1940403,37.534309074,127.081985567,2104.0,2026-09-20T13:07:00+09:00
V02Q1940391,37.528616803,127.085121222,24081.0,2026-09-20T13:07:00+09:00
V02Q1940411,37.533878243,127.091521,16230.0,2026-09-20T13:07:00+09:00
V02Q1940392,37.538286643,127.09239683,45086.0,2026-09-20T13:07:00+09:00
V02Q1940082,37.495507594,127.085748474,6063.0,2026-09-20T13:07:00+09:00
V02Q1940098,37.48670146,127.1000197,7009.0,2026-09-20T13:07:00+09:00
V02Q1940100,37.494978959,127.093144214,4845.0,2026-09-20T13:07:00+09:00
V02Q1940246,37.49920086,127.072395308,2613.0,2026-09-20T13:07:00+09:00
V02Q1940506,37.535029673,127.093240689,0.0,2026-09-20T13:07:00+09:00
V02Q1940860,37.533442403,127.080963254,3630.0,2026-09-20T13:07:00+09:00
V02Q1940507,37.531277474,127.123271252,19690.0,2026-09-20T13:07:00+09:00
V02Q1940838,37.51767925,127.08881891,0.0,2026-09-20T13:07:00+09:00
V02Q1940713,37.516185359,127.114540561,0.0,2026-09-20T13:07:00+09:00
V02Q1940941,37.509088133,127.084056858,4017.0,2026-09-20T13:07:00+09:00
V02Q1940821,37.502832774,127.108694904,1681.0,2026-09-20T13:07:00+09:00
V02Q1940887,37.502749128,127.09252424,0.0,2026-09-20T13:07:00+09:00
V02Q1940819,37.507344263,127.104688643,31126.0,2026-09-20T13:07:00+09:00
V02Q1940832,37.511768309,127.124209484,11398.0,2026-09-20T13:07:00+09:00
V02Q1940811,37.52727312,127.116249051,17598.0,2026-09-20T13:07:00+09:00
V02Q1940714,37.513385412,127.10686824,0.0,2026-09-20T13:07:00+09:00
V02Q1940781,37.506173683,127.084756221,3804.0,2026-09-20T13:07:00+09:00
V02Q1940873,37.53247211,127.114301129,0.0,2026-09-20T13:07:00+09:00
V02Q1940820,37.511104225,127.102321793,0.0,2026-09-20T13:07:00+09:00
V02Q1940800,37.519952859,127.1123122,0.0,2026-09-20T13:07:00+09:00
V02Q1940736,37.504194933,127.128187719,1497.0,2026-09-20T13:07:00+09:00
V02Q1940788,37.509617855,127.0741524,422.0,2026-09-20T13:07:00+09:00
V02Q1940708,37.514300619,127.091447797,35659.0,2026-09-20T13:07:00+09:00
V02Q1940787,37.512955044,127.094661921,0.0,2026-09-20T13:07:00+09:00
V02Q1940706,37.502049127,127.117110751,0.0,2026-09-20T13:07:00+09:00
V02Q1940772,37.503635193,127.103503284,43636.0,2026-09-20T13:07:00+09:00
V02Q1940734,37.518407904,127.100366298,0.0,2026-09-20T13:07:00+09:00
V02Q1940790,37.514278277,127.112258966,0.0,2026-09-20T13:07:00+09:00
V02Q1940784,37.498247757,127.126296648,2978.0,2026-09-20T13:07:00+09:00
V02Q1940775,37.505801455,127.109663753,18875.0,2026-09-20T13:07:00+09:00
V02Q1940767,37.502603852,127.092310875,15881.0,2026-09-20T13:07:00+09:00
V02Q1940679,37.495212727,127.121438826,0.0,2026-09-20T13:07:00+09:00
OC3CL210115,37.525641,127.129665,15010.0,2026-09-20T13:07:00+09:00
V02Q1940736,37.504194933,127.128187719,1494.0,2026-09-20T12:07:00+09:00
V02Q1940734,37.518407904,127.100366298,0.0,2026-09-20T12:07:00+09:00
V02Q1940714,37.513385412,127.10686824,0.0,2026-09-20T12:07:00+09:00
V02Q1940713,37.516185359,127.114540561,0.0,2026-09-20T12:07:00+09:00
V02Q1940706,37.502049127,127.117110751,0.0,2026-09-20T12:07:00+09:00
V02Q1940708,37.514300619,127.091447797,16684.0,2026-09-20T12:07:00+09:00
V02Q1940679,37.495212727,127.121438826,0.0,2026-09-20T12:07:00+09:00
V02Q1940887,37.502749128,127.09252424,0.0,2026-09-20T12:07:00+09:00
V02Q1940941,37.509088133,127.084056858,20530.0,2026-09-20T12:07:00+09:00
V02Q1940873,37.53247211,127.114301129,0.0,2026-09-20T12:07:00+09:00
V02Q1940860,37.533442403,127.080963254,2396.0,2026-09-20T12:07:00+09:00
V02Q1940838,37.51767925,127.08881891,0.0,2026-09-20T12:07:00+09:00
V02Q1940832,37.511768309,127.124209484,23313.0,2026-09-20T12:07:00+09:00
V02Q1940819,37.507344263,127.104688643,28013.0,2026-09-20T12:07:00+09:00
V02Q1940820,37.511104225,127.102321793,0.0,2026-09-20T12:07:00+09:00
V02Q1940811,37.52727312,127.116249051,11391.0,2026-09-20T12:07:00+09:00
V02Q1940821,37.502832774,127.108694904,1785.0,2026-09-20T12:07:00+09:00
V02Q1940800,37.519952859,127.1123122,0.0,2026-09-20T12:07:00+09:00
V02Q1940790,37.514278277,127.112258966,0.0,2026-09-20T12:07:00+09:00
V02Q1940788,37.509617855,127.0741524,455.0,2026-09-20T12:07:00+09:00
V02Q1940787,37.512955044,127.094661921,0.0,2026-09-20T12:07:00+09:00
V02Q1940784,37.498247757,127.126296648,11693.0,2026-09-20T12:07:00+09:00
V02Q1940781,37.506173683,127.084756221,3671.0,2026-09-20T12:07:00+09:00
V02Q1940775,37.505801455,127.109663753,7520.0,2026-09-20T12:07:00+09:00
V02Q1940767,37.502603852,127.092310875,14587.0,2026-09-20T12:07:00+09:00
V02Q1940772,37.503635193,127.103503284,20790.0,2026-09-20T12:07:00+09:00
V02Q1940506,37.535029673,127.093240689,0.0,2026-09-20T12:07:00+09:00
V02Q1940507,37.531277474,127.123271252,18937.0,2026-09-20T12:07:00+09:00
V02Q1940411,37.533878243,127.091521,7434.0,2026-09-20T12:07:00+09:00
V02Q1940403,37.534309074,127.081985567,2006.0,2026-09-20T12:07:00+09:00
V02Q1940392,37.538286643,127.09239683,15645.0,2026-09-20T12:07:00+09:00
V02Q1940391,37.528616803,127.085121222,24856.0,2026-09-20T12:07:00+09:00
V02Q1940246,37.49920086,127.072395308,24462.0,2026-09-20T12:07:00+09:00
V02Q1940098,37.48670146,127.1000197,27342.0,2026-09-20T12:07:00+09:00
V02Q1940100,37.494978959,127.093144214,12528.0,2026-09-20T12:07:00+09:00
V02Q1940082,37.495507594,127.085748474,1688.0,2026-09-20T12:07:00+09:00
OC3CL210115,37.525641,127.129665,6968.0,2026-09-20T12:07:00+09:00
V02Q1940403,37.534309074,127.081985567,1853.0,2026-09-20T11:07:00+09:00
V02Q1940411,37.533878243,127.091521,2349.0,2026-09-20T11:07:00+09:00
V02Q1940391,37.528616803,127.085121222,16850.0,2026-09-20T11:07:00+09:00
V02Q1940392,37.538286643,127.09239683,3692.0,2026-09-20T11:07:00+09:00
V02Q1940860,37.533442403,127.080963254,1414.0,2026-09-20T11:07:00+09:00
V02Q1940506,37.535029673,127.093240689,0.0,2026-09-20T11:07:00+09:00
V02Q1940679,37.495212727,127.121438826,0.0,2026-09-20T11:07:00+09:00
V02Q1940767,37.502603852,127.092310875,11640.0,2026-09-20T11:07:00+09:00
V02Q1940775,37.505801455,127.109663753,15075.0,2026-09-20T11:07:00+09:00
V02Q1940734,37.518407904,127.100366298,0.0,2026-09-20T11:07:00+09:00
V02Q1940784,37.498247757,127.126296648,6597.0,2026-09-20T11:07:00+09:00
V02Q1940790,37.514278277,127.112258966,0.0,2026-09-20T11:07:00+09:00
V02Q1940706,37.502049127,127.117110751,0.0,2026-09-20T11:07:00+09:00
V02Q1940772,37.503635193,127.103503284,2661.0,2026-09-20T11:07:00+09:00
V02Q1940708,37.514300619,127.091447797,24080.0,2026-09-20T11:07:00+09:00
V02Q1940941,37.509088133,127.084056858,10386.0,2026-09-20T11:07:00+09:00
V02Q1940781,37.506173683,127.084756221,6593.0,2026-09-20T11:07:00+09:00
V02Q1940787,37.512955044,127.094661921,0.0,2026-09-20T11:07:00+09:00
V02Q1940800,37.519952859,127.1123122,0.0,2026-09-20T11:07:00+09:00
V02Q1940832,37.511768309,127.124209484,12255.0,2026-09-20T11:07:00+09:00
V02Q1940873,37.53247211,127.114301129,0.0,2026-09-20T11:07:00+09:00
V02Q1940713,37.516185359,127.114540561,0.0,2026-09-20T11:07:00+09:00
V02Q1940811,37.52727312,127.116249051,13198.0,2026-09-20T11:07:00+09:00
V02Q1940736,37.504194933,127.128187719,1315.0,2026-09-20T11:07:00+09:00
V02Q1940714,37.513385412,127.10686824,0.0,2026-09-20T11:07:00+09:00
V02Q1940819,37.507344263,127.104688643,18672.0,2026-09-20T11:07:00+09:00
V02Q1940820,37.511104225,127.102321793,0.0,2026-09-20T11:07:00+09:00
V02Q1940821,37.502832774,127.108694904,1403.0,2026-09-20T11:07:00+09:00
V02Q1940788,37.509617855,127.0741524,446.0,2026-09-20T11:07:00+09:00
V02Q1940838,37.51767925,127.08881891,0.0,2026-09-20T11:07:00+09:00
V02Q1940887,37.502749128,127.09252424,0.0,2026-09-20T11:07:00+09:00
V02Q1940507,37.531277474,127.123271252,2005.0,2026-09-20T11:07:00+09:00
V02Q1940246,37.49920086,127.072395308,6758.0,2026-09-20T11:07:00+09:00
V02Q1940100,37.494978959,127.093144214,13277.0,2026-09-20T11:07:00+09:00
V02Q1940082,37.495507594,127.085748474,2263.0,2026-09-20T11:07:00+09:00
V02Q1940098,37.48670146,127.1000197,20948.0,2026-09-20T11:07:00+09:00
OC3CL210115,37.525641,127.129665,1764.0,2026-09-20T11:07:00+09:00
V02Q1940411,37.533878243,127.091521,1545.0,2026-09-20T10:07:00+09:00
V02Q1940403,37.534309074,127.081985567,1701.0,2026-09-20T10:07:00+09:00
V02Q1940392,37.538286643,127.09239683,3375.0,2026-09-20T10:07:00+09:00
V02Q1940391,37.528616803,127.085121222,2171.0,2026-09-20T10:07:00+09:00
V02Q1940860,37.533442403,127.080963254,1332.0,2026-09-20T10:07:00+09:00
V02Q1940506,37.535029673,127.093240689,0.0,2026-09-20T10:07:00+09:00
V02Q1940790,37.514278277,127.112258966,0.0,2026-09-20T10:07:00+09:00
V02Q1940784,37.498247757,127.126296648,1710.0,2026-09-20T10:07:00+09:00
V02Q1940734,37.518407904,127.100366298,0.0,2026-09-20T10:07:00+09:00
V02Q1940679,37.495212727,127.121438826,0.0,2026-09-20T10:07:00+09:00
V02Q1940767,37.502603852,127.092310875,8404.0,2026-09-20T10:07:00+09:00
V02Q1940772,37.503635193,127.103503284,2328.0,2026-09-20T10:07:00+09:00
V02Q1940708,37.514300619,127.091447797,3088.0,2026-09-20T10:07:00+09:00
V02Q1940775,37.505801455,127.109663753,10798.0,2026-09-20T10:07:00+09:00
V02Q1940788,37.509617855,127.0741524,396.0,2026-09-20T10:07:00+09:00
V02Q1940781,37.506173683,127.084756221,587.0,2026-09-20T10:07:00+09:00
V02Q1940706,37.502049127,127.117110751,0.0,2026-09-20T10:07:00+09:00
V02Q1940800,37.519952859,127.1123122,0.0,2026-09-20T10:07:00+09:00
V02Q1940736,37.504194933,127.128187719,1166.0,2026-09-20T10:07:00+09:00
V02Q1940787,37.512955044,127.094661921,0.0,2026-09-20T10:07:00+09:00
V02Q1940714,37.513385412,127.10686824,0.0,2026-09-20T10:07:00+09:00
V02Q1940713,37.516185359,127.114540561,0.0,2026-09-20T10:07:00+09:00
V02Q1940821,37.502832774,127.108694904,1156.0,2026-09-20T10:07:00+09:00
V02Q1940873,37.53247211,127.114301129,0.0,2026-09-20T10:07:00+09:00
V02Q1940811,37.52727312,127.116249051,8450.0,2026-09-20T10:07:00+09:00
V02Q1940941,37.509088133,127.084056858,2768.0,2026-09-20T10:07:00+09:00
V02Q1940832,37.511768309,127.124209484,1643.0,2026-09-20T10:07:00+09:00
V02Q1940820,37.511104225,127.102321793,0.0,2026-09-20T10:07:00+09:00
V02Q1940887,37.502749128,127.09252424,0.0,2026-09-20T10:07:00+09:00
V02Q1940819,37.507344263,127.104688643,1956.0,2026-09-20T10:07:00+09:00
V02Q1940838,37.51767925,127.08881891,0.0,2026-09-20T10:07:00+09:00
V02Q1940507,37.531277474,127.123271252,4006.0,2026-09-20T10:07:00+09:00
V02Q1940246,37.49920086,127.072395308,828.0,2026-09-20T10:07:00+09:00
V02Q1940098,37.48670146,127.1000197,12327.0,2026-09-20T10:07:00+09:00
V02Q1940100,37.494978959,127.093144214,4012.0,2026-09-20T10:07:00+09:00
V02Q1940082,37.495507594,127.085748474,2046.0,2026-09-20T10:07:00+09:00
OC3CL210115,37.525641,127.129665,1635.0,2026-09-20T10:07:00+09:00
V02Q1940713,37.516185359,127.114540561,0.0,2026-09-20T09:07:00+09:00
V02Q1940708,37.514300619,127.091447797,2100.0,2026-09-20T09:07:00+09:00
V02Q1940714,37.513385412,127.10686824,0.0,2026-09-20T09:07:00+09:00
V02Q1940706,37.502049127,127.117110751,0.0,2026-09-20T09:07:00+09:00
V02Q1940734,37.518407904,127.100366298,0.0,2026-09-20T09:07:00+09:00
V02Q1940736,37.504194933,127.128187719,1036.0,2026-09-20T09:07:00+09:00
V02Q1940772,37.503635193,127.103503284,1989.0,2026-09-20T09:07:00+09:00
V02Q1940767,37.502603852,127.092310875,5116.0,2026-09-20T09:07:00+09:00
V02Q1940775,37.505801455,127.109663753,1568.0,2026-09-20T09:07:00+09:00
V02Q1940781,37.506173683,127.084756221,439.0,2026-09-20T09:07:00+09:00
V02Q1940790,37.514278277,127.112258966,0.0,2026-09-20T09:07:00+09:00
V02Q1940787,37.512955044,127.094661921,0.0,2026-09-20T09:07:00+09:00
V02Q1940788,37.509617855,127.0741524,257.0,2026-09-20T09:07:00+09:00
V02Q1940784,37.498247757,127.126296648,1082.0,2026-09-20T09:07:00+09:00
V02Q1940819,37.507344263,127.104688643,1120.0,2026-09-20T09:07:00+09:00
V02Q1940800,37.519952859,127.1123122,0.0,2026-09-20T09:07:00+09:00
V02Q1940811,37.52727312,127.116249051,1960.0,2026-09-20T09:07:00+09:00
V02Q1940820,37.511104225,127.102321793,0.0,2026-09-20T09:07:00+09:00
V02Q1940832,37.511768309,127.124209484,1064.0,2026-09-20T09:07:00+09:00
V02Q1940838,37.51767925,127.08881891,0.0,2026-09-20T09:07:00+09:00
V02Q1940821,37.502832774,127.108694904,2323.0,2026-09-20T09:07:00+09:00
V02Q1940860,37.533442403,127.080963254,1201.0,2026-09-20T09:07:00+09:00
V02Q1940887,37.502749128,127.09252424,0.0,2026-09-20T09:07:00+09:00
V02Q1940873,37.53247211,127.114301129,0.0,2026-09-20T09:07:00+09:00
V02Q1940941,37.509088133,127.084056858,1568.0,2026-09-20T09:07:00+09:00
OC3CL210115,37.525641,127.129665,1467.0,2026-09-20T09:07:00+09:00
V02Q1940679,37.495212727,127.121438826,0.0,2026-09-20T09:07:00+09:00
V02Q1940506,37.535029673,127.093240689,0.0,2026-09-20T09:07:00+09:00
V02Q1940507,37.531277474,127.123271252,2931.0,2026-09-20T09:07:00+09:00
V02Q1940392,37.538286643,127.09239683,2565.0,2026-09-20T09:07:00+09:00
V02Q1940391,37.528616803,127.085121222,1705.0,2026-09-20T09:07:00+09:00
V02Q1940411,37.533878243,127.091521,1008.0,2026-09-20T09:07:00+09:00
V02Q1940403,37.534309074,127.081985567,1771.0,2026-09-20T09:07:00+09:00
V02Q1940246,37.49920086,127.072395308,482.0,2026-09-20T09:07:00+09:00
V02Q1940100,37.494978959,127.093144214,5104.0,2026-09-20T09:07:00+09:00
V02Q1940098,37.48670146,127.1000197,2746.0,2026-09-20T09:07:00+09:00
V02Q1940082,37.495507594,127.085748474,2045.0,2026-09-20T09:07:00+09:00
V02Q1940100,37.494978959,127.093144214,2359.0,2026-09-20T08:07:00+09:00
V02Q1940082,37.495507594,127.085748474,922.0,2026-09-20T08:07:00+09:00
V02Q1940098,37.48670146,127.1000197,2343.0,2026-09-20T08:07:00+09:00
V02Q1940246,37.49920086,127.072395308,291.0,2026-09-20T08:07:00+09:00
V02Q1940507,37.531277474,127.123271252,473.0,2026-09-20T08:07:00+09:00
V02Q1940838,37.51767925,127.08881891,0.0,2026-09-20T08:07:00+09:00
V02Q1940820,37.511104225,127.102321793,0.0,2026-09-20T08:07:00+09:00
V02Q1940887,37.502749128,127.09252424,0.0,2026-09-20T08:07:00+09:00
V02Q1940941,37.509088133,127.084056858,789.0,2026-09-20T08:07:00+09:00
V02Q1940713,37.516185359,127.114540561,0.0,2026-09-20T08:07:00+09:00
V02Q1940873,37.53247211,127.114301129,0.0,2026-09-20T08:07:00+09:00
V02Q1940821,37.502832774,127.108694904,1860.0,2026-09-20T08:07:00+09:00
V02Q1940819,37.507344263,127.104688643,749.0,2026-09-20T08:07:00+09:00
V02Q1940736,37.504194933,127.128187719,813.0,2026-09-20T08:07:00+09:00
V02Q1940781,37.506173683,127.084756221,287.0,2026-09-20T08:07:00+09:00
V02Q1940714,37.513385412,127.10686824,0.0,2026-09-20T08:07:00+09:00
V02Q1940832,37.511768309,127.124209484,661.0,2026-09-20T08:07:00+09:00
V02Q1940811,37.52727312,127.116249051,350.0,2026-09-20T08:07:00+09:00
V02Q1940788,37.509617855,127.0741524,171.0,2026-09-20T08:07:00+09:00
V02Q1940787,37.512955044,127.094661921,0.0,2026-09-20T08:07:00+09:00
V02Q1940708,37.514300619,127.091447797,1281.0,2026-09-20T08:07:00+09:00
V02Q1940800,37.519952859,127.1123122,0.0,2026-09-20T08:07:00+09:00
V02Q1940706,37.502049127,127.117110751,0.0,2026-09-20T08:07:00+09:00
V02Q1940734,37.518407904,127.100366298,0.0,2026-09-20T08:07:00+09:00
V02Q1940772,37.503635193,127.103503284,1459.0,2026-09-20T08:07:00+09:00
V02Q1940784,37.498247757,127.126296648,639.0,2026-09-20T08:07:00+09:00
V02Q1940679,37.495212727,127.121438826,0.0,2026-09-20T08:07:00+09:00
V02Q1940775,37.505801455,127.109663753,743.0,2026-09-20T08:07:00+09:00
V02Q1940790,37.514278277,127.112258966,0.0,2026-09-20T08:07:00+09:00
V02Q1940767,37.502603852,127.092310875,1899.0,2026-09-20T08:07:00+09:00
V02Q1940860,37.533442403,127.080963254,835.0,2026-09-20T08:07:00+09:00
V02Q1940506,37.535029673,127.093240689,0.0,2026-09-20T08:07:00+09:00
V02Q1940392,37.538286643,127.09239683,1562.0,2026-09-20T08:07:00+09:00
V02Q1940411,37.533878243,127.091521,956.0,2026-09-20T08:07:00+09:00
V02Q1940403,37.534309074,127.081985567,1083.0,2026-09-20T08:07:00+09:00
V02Q1940391,37.528616803,127.085121222,1103.0,2026-09-20T08:07:00+09:00
OC3CL210115,37.525641,127.129665,1017.0,2026-09-20T08:07:00+09:00
