noise_id,lat,lng,noise_level_db,occurred_at,noise_type
OC3CL200017_2026-08-31T00:07:00+09:00,37.52406575,127.1285088,59.0,2026-08-31T00:07:00+09:00,environment
OC3CL200033_2026-08-31T00:07:00+09:00,37.51217275,127.1046954,55.0,2026-08-31T00:07:00+09:00,environment
OC3CL200135_2026-08-31T00:07:00+09:00,37.50215692,127.07044791,60.0,2026-08-31T00:07:00+09:00,environment
OC3CL200141_2026-08-31T00:07:00+09:00,37.48877157,127.1067039,58.0,2026-08-31T00:07:00+09:00,environment
OC3CL200157_2026-08-31T00:07:00+09:00,37.492381245,127.094589306,65.0,2026-08-31T00:07:00+09:00,environment
OC3CL200207_2026-08-31T00:07:00+09:00,37.494957877,127.124194746,35.0,2026-08-31T00:07:00+09:00,environment
OC3CL210115_2026-08-31T00:07:00+09:00,37.525641,127.129665,57.0,2026-08-31T00:07:00+09:00,environment
V02Q1940079_2026-08-31T00:07:00+09:00,37.494102447,127.082209375,35.0,2026-08-31T00:07:00+09:00,environment
V02Q1940082_2026-08-31T00:07:00+09:00,37.495507594,127.085748474,46.0,2026-08-31T00:07:00+09:00,environment
V02Q1940098_2026-08-31T00:07:00+09:00,37.48670146,127.1000197,56.0,2026-08-31T00:07:00+09:00,environment
V02Q1940100_2026-08-31T00:07:00+09:00,37.494978959,127.093144214,59.0,2026-08-31T00:07:00+09:00,environment
V02Q1940246_2026-08-31T00:07:00+09:00,37.49920086,127.072395308,44.0,2026-08-31T00:07:00+09:00,environment
V02Q1940391_2026-08-31T00:07:00+09:00,37.528616803,127.085121222,40.0,2026-08-31T00:07:00+09:00,environment
V02Q1940392_2026-08-31T00:07:00+09:00,37.538286643,127.09239683,46.0,2026-08-31T00:07:00+09:00,environment
V02Q1940403_2026-08-31T00:07:00+09:00,37.534309074,127.081985567,45.0,2026-08-31T00:07:00+09:00,environment
V02Q1940411_2026-08-31T00:07:00+09:00,37.533878243,127.091521,36.0,2026-08-31T00:07:00+09:00,environment
V02Q1940506_2026-08-31T00:07:00+09:00,37.535029673,127.093240689,47.0,2026-08-31T00:07:00+09:00,environment
V02Q1940507_2026-08-31T00:07:00+09:00,37.531277474,127.123271252,37.0,2026-08-31T00:07:00+09:00,environment
V02Q1940679_2026-08-31T00:07:00+09:00,37.495212727,127.121438826,46.0,2026-08-31T00:07:00+09:00,environment
V02Q1940706_2026-08-31T00:07:00+09:00,37.502049127,127.117110751,44.0,2026-08-31T00:07:00+09:00,environment
V02Q1940708_2026-08-31T00:07:00+09:00,37.514300619,127.091447797,46.0,2026-08-31T00:07:00+09:00,environment
V02Q1940713_2026-08-31T00:07:00+09:00,37.516185359,127.114540561,46.0,2026-08-31T00:07:00+09:00,environment
V02Q1940714_2026-08-31T00:07:00+09:00,37.513385412,127.10686824,52.0,2026-08-31T00:07:00+09:00,environment
V02Q1940734_2026-08-31T00:07:00+09:00,37.518407904,127.100366298,38.0,2026-08-31T00:07:00+09:00,environment
V02Q1940736_2026-08-31T00:07:00+09:00,37.504194933,127.128187719,40.0,2026-08-31T00:07:00+09:00,environment
V02Q1940767_2026-08-31T00:07:00+09:00,37.502603852,127.092310875,45.0,2026-08-31T00:07:00+09:00,environment
V02Q1940772_2026-08-31T00:07:00+09:00,37.503635193,127.103503284,47.0,2026-08-31T00:07:00+09:00,environment
V02Q1940775_2026-08-31T00:07:00+09:00,37.505801455,127.109663753,43.0,2026-08-31T00:07:00+09:00,environment
V02Q1940781_2026-08-31T00:07:00+09:00,37.506173683,127.084756221,38.0,2026-08-31T00:07:00+09:00,environment
V02Q1940784_2026-08-31T00:07:00+09:00,37.498247757,127.126296648,38.0,2026-08-31T00:07:00+09:00,environment
V02Q1940787_2026-08-31T00:07:00+09:00,37.512955044,127.094661921,36.0,2026-08-31T00:07:00+09:00,environment
V02Q1940788_2026-08-31T00:07:00+09:00,37.509617855,127.0741524,45.0,2026-08-31T00:07:00+09:00,environment
V02Q1940790_2026-08-31T00:07:00+09:00,37.514278277,127.112258966,39.0,2026-08-31T00:07:00+09:00,environment
V02Q1940800_2026-08-31T00:07:00+09:00,37.519952859,127.1123122,45.0,2026-08-31T00:07:00+09:00,environment
V02Q1940811_2026-08-31T00:07:00+09:00,37.52727312,127.116249051,48.0,2026-08-31T00:07:00+09:00,environment
V02Q1940819_2026-08-31T00:07:00+09:00,37.507344263,127.104688643,40.0,2026-08-31T00:07:00+09:00,environment
V02Q1940820_2026-08-31T00:07:00+09:00,37.511104225,127.102321793,51.0,2026-08-31T00:07:00+09:00,environment
V02Q1940821_2026-08-31T00:07:00+09:00,37.502832774,127.108694904,47.0,2026-08-31T00:07:00+09:00,environment
V02Q1940832_2026-08-31T00:07:00+09:00,37.511768309,127.124209484,43.0,2026-08-31T00:07:00+09:00,environment
V02Q1940838_2026-08-31T00:07:00+09:00,37.51767925,127.08881891,44.0,2026-08-31T00:07:00+09:00,environment
V02Q1940847_2026-08-31T00:07:00+09:00,37.489683491,127.111908205,35.0,2026-08-31T00:07:00+09:00,environment
V02Q1940873_2026-08-31T00:07:00+09:00,37.53247211,127.114301129,45.0,2026-08-31T00:07:00+09:00,environment
V02Q1940941_2026-08-31T00:07:00+09:00,37.509088133,127.084056858,44.0,2026-08-31T00:07:00+09:00,environment
OC3CL200033_2026-08-30T05:07:54+09:00,37.51217275,127.1046954,49.0,2026-08-30T05:07:54+09:00,environment
OC3CL200033_2026-08-30T14:07:54+09:00,37.51217275,127.1046954,54.0,2026-08-30T14:07:54+09:00,environment
OC3CL200033_2026-08-30T13:07:54+09:00,37.51217275,127.1046954,53.0,2026-08-30T13:07:54+09:00,environment
OC3CL200033_2026-08-30T12:07:54+09:00,37.51217275,127.1046954,53.0,2026-08-30T12:07:54+09:00,environment
OC3CL200033_2026-08-30T11:07:54+09:00,37.51217275,127.1046954,53.0,2026-08-30T11:07:54+09:00,environment
OC3CL200033_2026-08-30T10:07:54+09:00,37.51217275,127.1046954,52.0,2026-08-30T10:07:54+09:00,environment
OC3CL200033_2026-08-30T09:07:54+09:00,37.51217275,127.1046954,51.0,2026-08-30T09:07:54+09:00,environment
OC3CL200033_2026-08-30T08:07:54+09:00,37.51217275,127.1046954,51.0,2026-08-30T08:07:54+09:00,environment
OC3CL200033_2026-08-30T07:07:54+09:00,37.51217275,127.1046954,51.0,2026-08-30T07:07:54+09:00,environment
OC3CL200033_2026-08-30T06:07:54+09:00,37.51217275,127.1046954,50.0,2026-08-30T06:07:54+09:00,environment
OC3CL200033_2026-08-30T04:07:54+09:00,37.51217275,127.1046954,48.0,2026-08-30T04:07:54+09:00,environment
OC3CL200033_2026-08-30T03:07:54+09:00,37.51217275,127.1046954,49.0,2026-08-30T03:07:54+09:00,environment
OC3CL200033_2026-08-30T02:07:54+09:00,37.51217275,127.1046954,50.0,2026-08-30T02:07:54+09:00,environment
OC3CL200033_2026-08-30T01:07:54+09:00,37.51217275,127.1046954,51.0,2026-08-30T01:07:54+09:00,environment
OC3CL200033_2026-08-30T15:07:54+09:00,37.51217275,127.1046954,58.0,2026-08-30T15:07:54+09:00,environment
OC3CL200033_2026-08-30T00:07:54+09:00,37.51217275,127.1046954,58.0,2026-08-30T00:07:54+09:00,environment
OC3CL200141_2026-08-30T02:07:18+09:00,37.48877157,127.1067039,43.0,2026-08-30T02:07:18+09:00,environment
OC3CL200141_2026-08-30T00:07:18+09:00,37.48877157,127.1067039,55.0,2026-08-30T00:07:18+09:00,environment
OC3CL200141_2026-08-30T03:07:18+09:00,37.48877157,127.1067039,55.0,2026-08-30T03:07:18+09:00,environment
OC3CL200141_2026-08-30T01:07:18+09:00,37.48877157,127.1067039,44.0,2026-08-30T01:07:18+09:00,environment
V02Q1940117_2026-08-30T11:00:00+09:00,37.508537127,127.087121735,46.0,2026-08-30T11:00:00+09:00,environment
V02Q1940117_2026-08-30T23:00:00+09:00,37.508537127,127.087121735,44.0,2026-08-30T23:00:00+09:00,environment
V02Q1940117_2026-08-30T22:00:00+09:00,37.508537127,127.087121735,44.0,2026-08-30T22:00:00+09:00,environment
V02Q1940117_2026-08-30T21:00:00+09:00,37.508537127,127.087121735,44.0,2026-08-30T21:00:00+09:00,environment
V02Q1940117_2026-08-30T20:00:00+09:00,37.508537127,127.087121735,44.0,2026-08-30T20:00:00+09:00,environment
V02Q1940117_2026-08-30T19:00:00+09:00,37.508537127,127.087121735,44.0,2026-08-30T19:00:00+09:00,environment
V02Q1940117_2026-08-30T18:00:00+09:00,37.508537127,127.087121735,44.0,2026-08-30T18:00:00+09:00,environment
V02Q1940117_2026-08-30T17:00:00+09:00,37.508537127,127.087121735,44.0,2026-08-30T17:00:00+09:00,environment
V02Q1940117_2026-08-30T16:00:00+09:00,37.508537127,127.087121735,44.0,2026-08-30T16:00:00+09:00,environment
V02Q1940117_2026-08-30T15:00:00+09:00,37.508537127,127.087121735,44.0,2026-08-30T15:00:00+09:00,environment
V02Q1940117_2026-08-30T14:00:00+09:00,37.508537127,127.087121735,44.0,2026-08-30T14:00:00+09:00,environment
V02Q1940117_2026-08-30T13:00:00+09:00,37.508537127,127.087121735,45.0,2026-08-30T13:00:00+09:00,environment
V02Q1940117_2026-08-30T12:00:00+09:00,37.508537127,127.087121735,45.0,2026-08-30T12:00:00+09:00,environment
V02Q1940117_2026-08-30T10:00:00+09:00,37.508537127,127.087121735,44.0,2026-08-30T10:00:00+09:00,environment
V02Q1940117_2026-08-30T09:00:00+09:00,37.508537127,127.087121735,44.0,2026-08-30T09:00:00+09:00,environment
V02Q1940117_2026-08-30T08:00:00+09:00,37.508537127,127.087121735,44.0,2026-08-30T08:00:00+09:00,environment
V02Q1940117_2026-08-30T07:00:00+09:00,37.508537127,127.087121735,44.0,2026-08-30T07:00:00+09:00,environment
V02Q1940117_2026-08-30T06:00:00+09:00,37.508537127,127.087121735,45.0,2026-08-30T06:00:00+09:00,environment
V02Q1940117_2026-08-30T05:00:00+09:00,37.508537127,127.087121735,45.0,2026-08-30T05:00:00+09:00,environment
V02Q1940117_2026-08-30T04:00:00+09:00,37.508537127,127.087121735,43.0,2026-08-30T04:00:00+09:00,environment
V02Q1940117_2026-08-30T03:00:00+09:00,37.508537127,127.087121735,42.0,2026-08-30T03:00:00+09:00,environment
V02Q1940117_2026-08-30T02:00:00+09:00,37.508537127,127.087121735,43.0,2026-08-30T02:00:00+09:00,environment
V02Q1940117_2026-08-30T01:00:00+09:00,37.508537127,127.087121735,43.0,2026-08-30T01:00:00+09:00,environment
V02Q1940117_2026-08-30T00:00:00+09:00,37.508537127,127.087121735,43.0,2026-08-30T00:00:00+09:00,environment
V02Q1940129_2026-08-30T00:00:00+09:00,37.497655712,127.074468747,47.0,2026-08-30T00:00:00+09:00,environment
V02Q1940129_2026-08-30T23:00:00+09:00,37.497655712,127.074468747,46.0,2026-08-30T23:00:00+09:00,environment
V02Q1940129_2026-08-30T22:00:00+09:00,37.497655712,127.074468747,48.0,2026-08-30T22:00:00+09:00,environment
V02Q1940129_2026-08-30T21:00:00+09:00,37.497655712,127.074468747,50.0,2026-08-30T21:00:00+09:00,environment
V02Q1940129_2026-08-30T20:00:00+09:00,37.497655712,127.074468747,49.0,2026-08-30T20:00:00+09:00,environment
V02Q1940129_2026-08-30T19:00:00+09:00,37.497655712,127.074468747,46.0,2026-08-30T19:00:00+09:00,environment
V02Q1940129_2026-08-30T18:00:00+09:00,37.497655712,127.074468747,43.0,2026-08-30T18:00:00+09:00,environment
V02Q1940129_2026-08-30T17:00:00+09:00,37.497655712,127.074468747,48.0,2026-08-30T17:00:00+09:00,environment
V02Q1940129_2026-08-30T16:00:00+09:00,37.497655712,127.074468747,51.0,2026-08-30T16:00:00+09:00,environment
V02Q1940129_2026-08-30T15:00:00+09:00,37.497655712,127.074468747,53.0,2026-08-30T15:00:00+09:00,environment
V02Q1940129_2026-08-30T14:00:00+09:00,37.497655712,127.074468747,54.0,2026-08-30T14:00:00+09:00,environment
V02Q1940129_2026-08-30T13:00:00+09:00,37.497655712,127.074468747,53.0,2026-08-30T13:00:00+09:00,environment
V02Q1940129_2026-08-30T12:00:00+09:00,37.497655712,127.074468747,54.0,2026-08-30T12:00:00+09:00,environment
V02Q1940129_2026-08-30T11:00:00+09:00,37.497655712,127.074468747,53.0,2026-08-30T11:00:00+09:00,environment
V02Q1940129_2026-08-30T10:00:00+09:00,37.497655712,127.074468747,48.0,2026-08-30T10:00:00+09:00,environment
V02Q1940129_2026-08-30T09:00:00+09:00,37.497655712,127.074468747,49.0,2026-08-30T09:00:00+09:00,environment
V02Q1940129_2026-08-30T08:00:00+09:00,37.497655712,127.074468747,49.0,2026-08-30T08:00:00+09:00,environment
V02Q1940129_2026-08-30T07:00:00+09:00,37.497655712,127.074468747,51.0,2026-08-30T07:00:00+09:00,environment
V02Q1940129_2026-08-30T06:00:00+09:00,37.497655712,127.074468747,51.0,2026-08-30T06:00:00+09:00,environment
V02Q1940129_2026-08-30T05:00:00+09:00,37.497655712,127.074468747,50.0,2026-08-30T05:00:00+09:00,environment
V02Q1940129_2026-08-30T04:00:00+09:00,37.497655712,127.074468747,48.0,2026-08-30T04:00:00+09:00,environment
V02Q1940129_2026-08-30T03:00:00+09:00,37.497655712,127.074468747,46.0,2026-08-30T03:00:00+09:00,environment
V02Q1940129_2026-08-30T02:00:00+09:00,37.497655712,127.074468747,46.0,2026-08-30T02:00:00+09:00,environment
V02Q1940129_2026-08-30T01:00:00+09:00,37.497655712,127.074468747,46.0,2026-08-30T01:00:00+09:00,environment
V02Q1940742_2026-08-30T00:00:00+09:00,37.501040267,127.109739451,47.0,2026-08-30T00:00:00+09:00,environment
V02Q1940742_2026-08-30T01:00:00+09:00,37.501040267,127.109739451,45.0,2026-08-30T01:00:00+09:00,environment
V02Q1940742_2026-08-30T02:00:00+09:00,37.501040267,127.109739451,45.0,2026-08-30T02:00:00+09:00,environment
V02Q1940742_2026-08-30T03:00:00+09:00,37.501040267,127.109739451,43.0,2026-08-30T03:00:00+09:00,environment
V02Q1940742_2026-08-30T04:00:00+09:00,37.501040267,127.109739451,41.0,2026-08-30T04:00:00+09:00,environment
V02Q1940742_2026-08-30T05:00:00+09:00,37.501040267,127.109739451,42.0,2026-08-30T05:00:00+09:00,environment
V02Q1940742_2026-08-30T06:00:00+09:00,37.501040267,127.109739451,42.0,2026-08-30T06:00:00+09:00,environment
V02Q1940742_2026-08-30T07:00:00+09:00,37.501040267,127.109739451,44.0,2026-08-30T07:00:00+09:00,environment
V02Q1940742_2026-08-30T08:00:00+09:00,37.501040267,127.109739451,45.0,2026-08-30T08:00:00+09:00,environment
V02Q1940742_2026-08-30T09:00:00+09:00,37.501040267,127.109739451,46.0,2026-08-30T09:00:00+09:00,environment
V02Q1940742_2026-08-30T10:00:00+09:00,37.501040267,127.109739451,47.0,2026-08-30T10:00:00+09:00,environment
V02Q1940742_2026-08-30T11:00:00+09:00,37.501040267,127.109739451,48.0,2026-08-30T11:00:00+09:00,environment
V02Q1940742_2026-08-30T12:00:00+09:00,37.501040267,127.109739451,48.0,2026-08-30T12:00:00+09:00,environment
V02Q1940742_2026-08-30T13:00:00+09:00,37.501040267,127.109739451,48.0,2026-08-30T13:00:00+09:00,environment
V02Q1940742_2026-08-30T14:00:00+09:00,37.501040267,127.109739451,48.0,2026-08-30T14:00:00+09:00,environment
V02Q1940742_2026-08-30T15:00:00+09:00,37.501040267,127.109739451,48.0,2026-08-30T15:00:00+09:00,environment
V02Q1940742_2026-08-30T16:00:00+09:00,37.501040267,127.109739451,48.0,2026-08-30T16:00:00+09:00,environment
V02Q1940742_2026-08-30T17:00:00+09:00,37.501040267,127.109739451,48.0,2026-08-30T17:00:00+09:00,environment
V02Q1940742_2026-08-30T18:00:00+09:00,37.501040267,127.109739451,48.0,2026-08-30T18:00:00+09:00,environment
V02Q1940742_2026-08-30T19:00:00+09:00,37.501040267,127.109739451,48.0,2026-08-30T19:00:00+09:00,environment
V02Q1940742_2026-08-30T20:00:00+09:00,37.501040267,127.109739451,48.0,2026-08-30T20:00:00+09:00,environment
V02Q1940742_2026-08-30T21:00:00+09:00,37.501040267,127.109739451,48.0,2026-08-30T21:00:00+09:00,environment
V02Q1940742_2026-08-30T23:00:00+09:00,37.501040267,127.109739451,47.0,2026-08-30T23:00:00+09:00,environment
V02Q1940742_2026-08-30T22:00:00+09:00,37.501040267,127.109739451,47.0,2026-08-30T22:00:00+09:00,environment
OC3CL200017_2026-08-31T01:07:00+09:00,37.52406575,127.1285088,58.0,2026-08-31T01:07:00+09:00,environment
OC3CL200033_2026-08-31T01:07:00+09:00,37.51217275,127.1046954,55.0,2026-08-31T01:07:00+09:00,environment
OC3CL200135_2026-08-31T01:07:00+09:00,37.50215692,127.07044791,59.0,2026-08-31T01:07:00+09:00,environment
OC3CL200141_2026-08-31T01:07:00+09:00,37.48877157,127.1067039,57.0,2026-08-31T01:07:00+09:00,environment
OC3CL200157_2026-08-31T01:07:00+09:00,37.492381245,127.094589306,64.0,2026-08-31T01:07:00+09:00,environment
OC3CL200207_2026-08-31T01:07:00+09:00,37.494957877,127.124194746,35.0,2026-08-31T01:07:00+09:00,environment
OC3CL210115_2026-08-31T01:07:00+09:00,37.525641,127.129665,55.0,2026-08-31T01:07:00+09:00,environment
V02Q1940079_2026-08-31T01:07:00+09:00,37.494102447,127.082209375,35.0,2026-08-31T01:07:00+09:00,environment
V02Q1940082_2026-08-31T01:07:00+09:00,37.495507594,127.085748474,46.0,2026-08-31T01:07:00+09:00,environment
V02Q1940098_2026-08-31T01:07:00+09:00,37.48670146,127.1000197,56.0,2026-08-31T01:07:00+09:00,environment
V02Q1940100_2026-08-31T01:07:00+09:00,37.494978959,127.093144214,58.0,2026-08-31T01:07:00+09:00,environment
V02Q1940246_2026-08-31T01:07:00+09:00,37.49920086,127.072395308,44.0,2026-08-31T01:07:00+09:00,environment
V02Q1940391_2026-08-31T01:07:00+09:00,37.528616803,127.085121222,42.0,2026-08-31T01:07:00+09:00,environment
V02Q1940392_2026-08-31T01:07:00+09:00,37.538286643,127.09239683,45.0,2026-08-31T01:07:00+09:00,environment
V02Q1940403_2026-08-31T01:07:00+09:00,37.534309074,127.081985567,43.0,2026-08-31T01:07:00+09:00,environment
V02Q1940411_2026-08-31T01:07:00+09:00,37.533878243,127.091521,36.0,2026-08-31T01:07:00+09:00,environment
V02Q1940506_2026-08-31T01:07:00+09:00,37.535029673,127.093240689,44.0,2026-08-31T01:07:00+09:00,environment
V02Q1940507_2026-08-31T01:07:00+09:00,37.531277474,127.123271252,36.0,2026-08-31T01:07:00+09:00,environment
V02Q1940679_2026-08-31T01:07:00+09:00,37.495212727,127.121438826,45.0,2026-08-31T01:07:00+09:00,environment
V02Q1940706_2026-08-31T01:07:00+09:00,37.502049127,127.117110751,43.0,2026-08-31T01:07:00+09:00,environment
V02Q1940708_2026-08-31T01:07:00+09:00,37.514300619,127.091447797,44.0,2026-08-31T01:07:00+09:00,environment
V02Q1940713_2026-08-31T01:07:00+09:00,37.516185359,127.114540561,45.0,2026-08-31T01:07:00+09:00,environment
V02Q1940714_2026-08-31T01:07:00+09:00,37.513385412,127.10686824,50.0,2026-08-31T01:07:00+09:00,environment
V02Q1940734_2026-08-31T01:07:00+09:00,37.518407904,127.100366298,41.0,2026-08-31T01:07:00+09:00,environment
V02Q1940736_2026-08-31T01:07:00+09:00,37.504194933,127.128187719,39.0,2026-08-31T01:07:00+09:00,environment
V02Q1940767_2026-08-31T01:07:00+09:00,37.502603852,127.092310875,44.0,2026-08-31T01:07:00+09:00,environment
V02Q1940772_2026-08-31T01:07:00+09:00,37.503635193,127.103503284,47.0,2026-08-31T01:07:00+09:00,environment
V02Q1940775_2026-08-31T01:07:00+09:00,37.505801455,127.109663753,42.0,2026-08-31T01:07:00+09:00,environment
V02Q1940781_2026-08-31T01:07:00+09:00,37.506173683,127.084756221,37.0,2026-08-31T01:07:00+09:00,environment
V02Q1940784_2026-08-31T01:07:00+09:00,37.498247757,127.126296648,38.0,2026-08-31T01:07:00+09:00,environment
V02Q1940787_2026-08-31T01:07:00+09:00,37.512955044,127.094661921,35.0,2026-08-31T01:07:00+09:00,environment
V02Q1940788_2026-08-31T01:07:00+09:00,37.509617855,127.0741524,44.0,2026-08-31T01:07:00+09:00,environment
V02Q1940790_2026-08-31T01:07:00+09:00,37.514278277,127.112258966,39.0,2026-08-31T01:07:00+09:00,environment
V02Q1940800_2026-08-31T01:07:00+09:00,37.519952859,127.1123122,43.0,2026-08-31T01:07:00+09:00,environment
V02Q1940811_2026-08-31T01:07:00+09:00,37.52727312,127.116249051,49.0,2026-08-31T01:07:00+09:00,environment
V02Q1940819_2026-08-31T01:07:00+09:00,37.507344263,127.104688643,39.0,2026-08-31T01:07:00+09:00,environment
V02Q1940820_2026-08-31T01:07:00+09:00,37.511104225,127.102321793,51.0,2026-08-31T01:07:00+09:00,environment
V02Q1940821_2026-08-31T01:07:00+09:00,37.502832774,127.108694904,45.0,2026-08-31T01:07:00+09:00,environment
V02Q1940832_2026-08-31T01:07:00+09:00,37.511768309,127.124209484,40.0,2026-08-31T01:07:00+09:00,environment
V02Q1940838_2026-08-31T01:07:00+09:00,37.51767925,127.08881891,44.0,2026-08-31T01:07:00+09:00,environment
V02Q1940847_2026-08-31T01:07:00+09:00,37.489683491,127.111908205,35.0,2026-08-31T01:07:00+09:00,environment
V02Q1940873_2026-08-31T01:07:00+09:00,37.53247211,127.114301129,44.0,2026-08-31T01:07:00+09:00,environment
V02Q1940941_2026-08-31T01:07:00+09:00,37.509088133,127.084056858,44.0,2026-08-31T01:07:00+09:00,environment
V02Q1940392_2026-08-31T02:07:00+09:00,37.538286643,127.09239683,47.0,2026-08-31T02:07:00+09:00,environment
V02Q1940403_2026-08-31T02:07:00+09:00,37.534309074,127.081985567,41.0,2026-08-31T02:07:00+09:00,environment
V02Q1940391_2026-08-31T02:07:00+09:00,37.528616803,127.085121222,44.0,2026-08-31T02:07:00+09:00,environment
V02Q1940411_2026-08-31T02:07:00+09:00,37.533878243,127.091521,36.0,2026-08-31T02:07:00+09:00,environment
V02Q1940506_2026-08-31T02:07:00+09:00,37.535029673,127.093240689,44.0,2026-08-31T02:07:00+09:00,environment
V02Q1940679_2026-08-31T02:07:00+09:00,37.495212727,127.121438826,45.0,2026-08-31T02:07:00+09:00,environment
V02Q1940784_2026-08-31T02:07:00+09:00,37.498247757,127.126296648,38.0,2026-08-31T02:07:00+09:00,environment
V02Q1940706_2026-08-31T02:07:00+09:00,37.502049127,127.117110751,41.0,2026-08-31T02:07:00+09:00,environment
V02Q1940708_2026-08-31T02:07:00+09:00,37.514300619,127.091447797,45.0,2026-08-31T02:07:00+09:00,environment
V02Q1940734_2026-08-31T02:07:00+09:00,37.518407904,127.100366298,41.0,2026-08-31T02:07:00+09:00,environment
V02Q1940767_2026-08-31T02:07:00+09:00,37.502603852,127.092310875,43.0,2026-08-31T02:07:00+09:00,environment
V02Q1940772_2026-08-31T02:07:00+09:00,37.503635193,127.103503284,45.0,2026-08-31T02:07:00+09:00,environment
V02Q1940775_2026-08-31T02:07:00+09:00,37.505801455,127.109663753,41.0,2026-08-31T02:07:00+09:00,environment
V02Q1940790_2026-08-31T02:07:00+09:00,37.514278277,127.112258966,41.0,2026-08-31T02:07:00+09:00,environment
V02Q1940847_2026-08-31T02:07:00+09:00,37.489683491,127.111908205,35.0,2026-08-31T02:07:00+09:00,environment
V02Q1940713_2026-08-31T02:07:00+09:00,37.516185359,127.114540561,44.0,2026-08-31T02:07:00+09:00,environment
V02Q1940714_2026-08-31T02:07:00+09:00,37.513385412,127.10686824,50.0,2026-08-31T02:07:00+09:00,environment
V02Q1940736_2026-08-31T02:07:00+09:00,37.504194933,127.128187719,40.0,2026-08-31T02:07:00+09:00,environment
V02Q1940781_2026-08-31T02:07:00+09:00,37.506173683,127.084756221,37.0,2026-08-31T02:07:00+09:00,environment
V02Q1940787_2026-08-31T02:07:00+09:00,37.512955044,127.094661921,35.0,2026-08-31T02:07:00+09:00,environment
V02Q1940788_2026-08-31T02:07:00+09:00,37.509617855,127.0741524,44.0,2026-08-31T02:07:00+09:00,environment
V02Q1940800_2026-08-31T02:07:00+09:00,37.519952859,127.1123122,42.0,2026-08-31T02:07:00+09:00,environment
V02Q1940811_2026-08-31T02:07:00+09:00,37.52727312,127.116249051,49.0,2026-08-31T02:07:00+09:00,environment
V02Q1940819_2026-08-31T02:07:00+09:00,37.507344263,127.104688643,38.0,2026-08-31T02:07:00+09:00,environment
V02Q1940820_2026-08-31T02:07:00+09:00,37.511104225,127.102321793,51.0,2026-08-31T02:07:00+09:00,environment
V02Q1940821_2026-08-31T02:07:00+09:00,37.502832774,127.108694904,45.0,2026-08-31T02:07:00+09:00,environment
V02Q1940832_2026-08-31T02:07:00+09:00,37.511768309,127.124209484,43.0,2026-08-31T02:07:00+09:00,environment
V02Q1940838_2026-08-31T02:07:00+09:00,37.51767925,127.08881891,44.0,2026-08-31T02:07:00+09:00,environment
V02Q1940873_2026-08-31T02:07:00+09:00,37.53247211,127.114301129,45.0,2026-08-31T02:07:00+09:00,environment
V02Q1940887_2026-08-31T02:07:00+09:00,37.502749128,127.09252424,51.0,2026-08-31T02:07:00+09:00,environment
V02Q1940941_2026-08-31T02:07:00+09:00,37.509088133,127.084056858,44.0,2026-08-31T02:07:00+09:00,environment
V02Q1940507_2026-08-31T02:07:00+09:00,37.531277474,127.123271252,37.0,2026-08-31T02:07:00+09:00,environment
V02Q1940079_2026-08-31T02:07:00+09:00,37.494102447,127.082209375,35.0,2026-08-31T02:07:00+09:00,environment
V02Q1940098_2026-08-31T02:07:00+09:00,37.48670146,127.1000197,55.0,2026-08-31T02:07:00+09:00,environment
V02Q1940246_2026-08-31T02:07:00+09:00,37.49920086,127.072395308,45.0,2026-08-31T02:07:00+09:00,environment
V02Q1940082_2026-08-31T02:07:00+09:00,37.495507594,127.085748474,46.0,2026-08-31T02:07:00+09:00,environment
V02Q1940100_2026-08-31T02:07:00+09:00,37.494978959,127.093144214,57.0,2026-08-31T02:07:00+09:00,environment
OC3CL200033_2026-08-31T02:07:00+09:00,37.51217275,127.1046954,55.0,2026-08-31T02:07:00+09:00,environment
OC3CL200135_2026-08-31T02:07:00+09:00,37.50215692,127.07044791,58.0,2026-08-31T02:07:00+09:00,environment
OC3CL200141_2026-08-31T02:07:00+09:00,37.48877157,127.1067039,56.0,2026-08-31T02:07:00+09:00,environment
OC3CL200157_2026-08-31T02:07:00+09:00,37.492381245,127.094589306,63.0,2026-08-31T02:07:00+09:00,environment
OC3CL200207_2026-08-31T02:07:00+09:00,37.494957877,127.124194746,35.0,2026-08-31T02:07:00+09:00,environment
OC3CL200017_2026-08-31T02:07:00+09:00,37.52406575,127.1285088,56.0,2026-08-31T02:07:00+09:00,environment
OC3CL210115_2026-08-31T02:07:00+09:00,37.525641,127.129665,53.0,2026-08-31T02:07:00+09:00,environment
V02Q1940392_2026-08-31T03:07:00+09:00,37.538286643,127.09239683,48.0,2026-08-31T03:07:00+09:00,environment
V02Q1940403_2026-08-31T03:07:00+09:00,37.534309074,127.081985567,40.0,2026-08-31T03:07:00+09:00,environment
V02Q1940391_2026-08-31T03:07:00+09:00,37.528616803,127.085121222,46.0,2026-08-31T03:07:00+09:00,environment
V02Q1940411_2026-08-31T03:07:00+09:00,37.533878243,127.091521,36.0,2026-08-31T03:07:00+09:00,environment
V02Q1940506_2026-08-31T03:07:00+09:00,37.535029673,127.093240689,42.0,2026-08-31T03:07:00+09:00,environment
V02Q1940679_2026-08-31T03:07:00+09:00,37.495212727,127.121438826,46.0,2026-08-31T03:07:00+09:00,environment
V02Q1940706_2026-08-31T03:07:00+09:00,37.502049127,127.117110751,41.0,2026-08-31T03:07:00+09:00,environment
V02Q1940708_2026-08-31T03:07:00+09:00,37.514300619,127.091447797,47.0,2026-08-31T03:07:00+09:00,environment
V02Q1940734_2026-08-31T03:07:00+09:00,37.518407904,127.100366298,42.0,2026-08-31T03:07:00+09:00,environment
V02Q1940767_2026-08-31T03:07:00+09:00,37.502603852,127.092310875,44.0,2026-08-31T03:07:00+09:00,environment
V02Q1940772_2026-08-31T03:07:00+09:00,37.503635193,127.103503284,44.0,2026-08-31T03:07:00+09:00,environment
V02Q1940775_2026-08-31T03:07:00+09:00,37.505801455,127.109663753,41.0,2026-08-31T03:07:00+09:00,environment
V02Q1940784_2026-08-31T03:07:00+09:00,37.498247757,127.126296648,43.0,2026-08-31T03:07:00+09:00,environment
V02Q1940787_2026-08-31T03:07:00+09:00,37.512955044,127.094661921,36.0,2026-08-31T03:07:00+09:00,environment
V02Q1940790_2026-08-31T03:07:00+09:00,37.514278277,127.112258966,42.0,2026-08-31T03:07:00+09:00,environment
V02Q1940847_2026-08-31T03:07:00+09:00,37.489683491,127.111908205,35.0,2026-08-31T03:07:00+09:00,environment
V02Q1940713_2026-08-31T03:07:00+09:00,37.516185359,127.114540561,43.0,2026-08-31T03:07:00+09:00,environment
V02Q1940714_2026-08-31T03:07:00+09:00,37.513385412,127.10686824,50.0,2026-08-31T03:07:00+09:00,environment
V02Q1940736_2026-08-31T03:07:00+09:00,37.504194933,127.128187719,44.0,2026-08-31T03:07:00+09:00,environment
V02Q1940781_2026-08-31T03:07:00+09:00,37.506173683,127.084756221,41.0,2026-08-31T03:07:00+09:00,environment
V02Q1940788_2026-08-31T03:07:00+09:00,37.509617855,127.0741524,45.0,2026-08-31T03:07:00+09:00,environment
V02Q1940800_2026-08-31T03:07:00+09:00,37.519952859,127.1123122,42.0,2026-08-31T03:07:00+09:00,environment
V02Q1940811_2026-08-31T03:07:00+09:00,37.52727312,127.116249051,50.0,2026-08-31T03:07:00+09:00,environment
V02Q1940819_2026-08-31T03:07:00+09:00,37.507344263,127.104688643,39.0,2026-08-31T03:07:00+09:00,environment
V02Q1940820_2026-08-31T03:07:00+09:00,37.511104225,127.102321793,49.0,2026-08-31T03:07:00+09:00,environment
V02Q1940821_2026-08-31T03:07:00+09:00,37.502832774,127.108694904,45.0,2026-08-31T03:07:00+09:00,environment
V02Q1940832_2026-08-31T03:07:00+09:00,37.511768309,127.124209484,43.0,2026-08-31T03:07:00+09:00,environment
V02Q1940838_2026-08-31T03:07:00+09:00,37.51767925,127.08881891,44.0,2026-08-31T03:07:00+09:00,environment
V02Q1940873_2026-08-31T03:07:00+09:00,37.53247211,127.114301129,46.0,2026-08-31T03:07:00+09:00,environment
V02Q1940887_2026-08-31T03:07:00+09:00,37.502749128,127.09252424,51.0,2026-08-31T03:07:00+09:00,environment
V02Q1940941_2026-08-31T03:07:00+09:00,37.509088133,127.084056858,44.0,2026-08-31T03:07:00+09:00,environment
V02Q1940507_2026-08-31T03:07:00+09:00,37.531277474,127.123271252,38.0,2026-08-31T03:07:00+09:00,environment
V02Q1940079_2026-08-31T03:07:00+09:00,37.494102447,127.082209375,35.0,2026-08-31T03:07:00+09:00,environment
V02Q1940098_2026-08-31T03:07:00+09:00,37.48670146,127.1000197,54.0,2026-08-31T03:07:00+09:00,environment
V02Q1940246_2026-08-31T03:07:00+09:00,37.49920086,127.072395308,45.0,2026-08-31T03:07:00+09:00,environment
V02Q1940082_2026-08-31T03:07:00+09:00,37.495507594,127.085748474,45.0,2026-08-31T03:07:00+09:00,environment
V02Q1940100_2026-08-31T03:07:00+09:00,37.494978959,127.093144214,56.0,2026-08-31T03:07:00+09:00,environment
OC3CL200033_2026-08-31T03:07:00+09:00,37.51217275,127.1046954,55.0,2026-08-31T03:07:00+09:00,environment
OC3CL200135_2026-08-31T03:07:00+09:00,37.50215692,127.07044791,58.0,2026-08-31T03:07:00+09:00,environment
OC3CL200141_2026-08-31T03:07:00+09:00,37.48877157,127.1067039,56.0,2026-08-31T03:07:00+09:00,environment
OC3CL200157_2026-08-31T03:07:00+09:00,37.492381245,127.094589306,62.0,2026-08-31T03:07:00+09:00,environment
OC3CL200207_2026-08-31T03:07:00+09:00,37.494957877,127.124194746,36.0,2026-08-31T03:07:00+09:00,environment
OC3CL200017_2026-08-31T03:07:00+09:00,37.52406575,127.1285088,55.0,2026-08-31T03:07:00+09:00,environment
OC3CL210115_2026-08-31T03:07:00+09:00,37.525641,127.129665,52.0,2026-08-31T03:07:00+09:00,environment
OC3CL200017_2026-08-31T04:07:00+09:00,37.52406575,127.1285088,60.0,2026-08-31T04:07:00+09:00,environment
OC3CL200033_2026-08-31T04:07:00+09:00,37.51217275,127.1046954,60.0,2026-08-31T04:07:00+09:00,environment
OC3CL200135_2026-08-31T04:07:00+09:00,37.50215692,127.07044791,59.0,2026-08-31T04:07:00+09:00,environment
OC3CL200141_2026-08-31T04:07:00+09:00,37.48877157,127.1067039,58.0,2026-08-31T04:07:00+09:00,environment
OC3CL200157_2026-08-31T04:07:00+09:00,37.492381245,127.094589306,64.0,2026-08-31T04:07:00+09:00,environment
OC3CL200207_2026-08-31T04:07:00+09:00,37.494957877,127.124194746,35.0,2026-08-31T04:07:00+09:00,environment
OC3CL210115_2026-08-31T04:07:00+09:00,37.525641,127.129665,57.0,2026-08-31T04:07:00+09:00,environment
V02Q1940079_2026-08-31T04:07:00+09:00,37.494102447,127.082209375,35.0,2026-08-31T04:07:00+09:00,environment
V02Q1940082_2026-08-31T04:07:00+09:00,37.495507594,127.085748474,51.0,2026-08-31T04:07:00+09:00,environment
V02Q1940098_2026-08-31T04:07:00+09:00,37.48670146,127.1000197,55.0,2026-08-31T04:07:00+09:00,environment
V02Q1940100_2026-08-31T04:07:00+09:00,37.494978959,127.093144214,63.0,2026-08-31T04:07:00+09:00,environment
V02Q1940246_2026-08-31T04:07:00+09:00,37.49920086,127.072395308,50.0,2026-08-31T04:07:00+09:00,environment
V02Q1940391_2026-08-31T04:07:00+09:00,37.528616803,127.085121222,51.0,2026-08-31T04:07:00+09:00,environment
V02Q1940392_2026-08-31T04:07:00+09:00,37.538286643,127.09239683,53.0,2026-08-31T04:07:00+09:00,environment
V02Q1940403_2026-08-31T04:07:00+09:00,37.534309074,127.081985567,50.0,2026-08-31T04:07:00+09:00,environment
V02Q1940411_2026-08-31T04:07:00+09:00,37.533878243,127.091521,36.0,2026-08-31T04:07:00+09:00,environment
V02Q1940506_2026-08-31T04:07:00+09:00,37.535029673,127.093240689,49.0,2026-08-31T04:07:00+09:00,environment
V02Q1940507_2026-08-31T04:07:00+09:00,37.531277474,127.123271252,49.0,2026-08-31T04:07:00+09:00,environment
V02Q1940679_2026-08-31T04:07:00+09:00,37.495212727,127.121438826,51.0,2026-08-31T04:07:00+09:00,environment
V02Q1940706_2026-08-31T04:07:00+09:00,37.502049127,127.117110751,48.0,2026-08-31T04:07:00+09:00,environment
V02Q1940708_2026-08-31T04:07:00+09:00,37.514300619,127.091447797,51.0,2026-08-31T04:07:00+09:00,environment
V02Q1940713_2026-08-31T04:07:00+09:00,37.516185359,127.114540561,50.0,2026-08-31T04:07:00+09:00,environment
V02Q1940714_2026-08-31T04:07:00+09:00,37.513385412,127.10686824,54.0,2026-08-31T04:07:00+09:00,environment
V02Q1940734_2026-08-31T04:07:00+09:00,37.518407904,127.100366298,47.0,2026-08-31T04:07:00+09:00,environment
V02Q1940736_2026-08-31T04:07:00+09:00,37.504194933,127.128187719,49.0,2026-08-31T04:07:00+09:00,environment
V02Q1940767_2026-08-31T04:07:00+09:00,37.502603852,127.092310875,50.0,2026-08-31T04:07:00+09:00,environment
V02Q1940772_2026-08-31T04:07:00+09:00,37.503635193,127.103503284,48.0,2026-08-31T04:07:00+09:00,environment
V02Q1940775_2026-08-31T04:07:00+09:00,37.505801455,127.109663753,45.0,2026-08-31T04:07:00+09:00,environment
V02Q1940781_2026-08-31T04:07:00+09:00,37.506173683,127.084756221,48.0,2026-08-31T04:07:00+09:00,environment
V02Q1940784_2026-08-31T04:07:00+09:00,37.498247757,127.126296648,51.0,2026-08-31T04:07:00+09:00,environment
V02Q1940787_2026-08-31T04:07:00+09:00,37.512955044,127.094661921,46.0,2026-08-31T04:07:00+09:00,environment
V02Q1940788_2026-08-31T04:07:00+09:00,37.509617855,127.0741524,51.0,2026-08-31T04:07:00+09:00,environment
V02Q1940790_2026-08-31T04:07:00+09:00,37.514278277,127.112258966,49.0,2026-08-31T04:07:00+09:00,environment
V02Q1940800_2026-08-31T04:07:00+09:00,37.519952859,127.1123122,49.0,2026-08-31T04:07:00+09:00,environment
V02Q1940811_2026-08-31T04:07:00+09:00,37.52727312,127.116249051,54.0,2026-08-31T04:07:00+09:00,environment
V02Q1940819_2026-08-31T04:07:00+09:00,37.507344263,127.104688643,47.0,2026-08-31T04:07:00+09:00,environment
V02Q1940820_2026-08-31T04:07:00+09:00,37.511104225,127.102321793,56.0,2026-08-31T04:07:00+09:00,environment
V02Q1940821_2026-08-31T04:07:00+09:00,37.502832774,127.108694904,51.0,2026-08-31T04:07:00+09:00,environment
V02Q1940832_2026-08-31T04:07:00+09:00,37.511768309,127.124209484,49.0,2026-08-31T04:07:00+09:00,environment
V02Q1940838_2026-08-31T04:07:00+09:00,37.51767925,127.08881891,47.0,2026-08-31T04:07:00+09:00,environment
V02Q1940847_2026-08-31T04:07:00+09:00,37.489683491,127.111908205,35.0,2026-08-31T04:07:00+09:00,environment
V02Q1940873_2026-08-31T04:07:00+09:00,37.53247211,127.114301129,50.0,2026-08-31T04:07:00+09:00,environment
V02Q1940887_2026-08-31T04:07:00+09:00,37.502749128,127.09252424,54.0,2026-08-31T04:07:00+09:00,environment
V02Q1940941_2026-08-31T04:07:00+09:00,37.509088133,127.084056858,48.0,2026-08-31T04:07:00+09:00,environment
OC3CL200017_2026-08-31T05:07:00+09:00,37.52406575,127.1285088,59.0,2026-08-31T05:07:00+09:00,environment
OC3CL200135_2026-08-31T05:07:00+09:00,37.50215692,127.07044791,59.0,2026-08-31T05:07:00+09:00,environment
OC3CL200141_2026-08-31T05:07:00+09:00,37.48877157,127.1067039,59.0,2026-08-31T05:07:00+09:00,environment
OC3CL200157_2026-08-31T05:07:00+09:00,37.492381245,127.094589306,65.0,2026-08-31T05:07:00+09:00,environment
OC3CL200207_2026-08-31T05:07:00+09:00,37.494957877,127.124194746,35.0,2026-08-31T05:07:00+09:00,environment
OC3CL210115_2026-08-31T05:07:00+09:00,37.525641,127.129665,53.0,2026-08-31T05:07:00+09:00,environment
V02Q1940079_2026-08-31T05:07:00+09:00,37.494102447,127.082209375,35.0,2026-08-31T05:07:00+09:00,environment
V02Q1940082_2026-08-31T05:07:00+09:00,37.495507594,127.085748474,50.0,2026-08-31T05:07:00+09:00,environment
V02Q1940098_2026-08-31T05:07:00+09:00,37.48670146,127.1000197,55.0,2026-08-31T05:07:00+09:00,environment
V02Q1940100_2026-08-31T05:07:00+09:00,37.494978959,127.093144214,63.0,2026-08-31T05:07:00+09:00,environment
V02Q1940246_2026-08-31T05:07:00+09:00,37.49920086,127.072395308,51.0,2026-08-31T05:07:00+09:00,environment
V02Q1940391_2026-08-31T05:07:00+09:00,37.528616803,127.085121222,49.0,2026-08-31T05:07:00+09:00,environment
V02Q1940392_2026-08-31T05:07:00+09:00,37.538286643,127.09239683,53.0,2026-08-31T05:07:00+09:00,environment
V02Q1940403_2026-08-31T05:07:00+09:00,37.534309074,127.081985567,48.0,2026-08-31T05:07:00+09:00,environment
V02Q1940411_2026-08-31T05:07:00+09:00,37.533878243,127.091521,35.0,2026-08-31T05:07:00+09:00,environment
V02Q1940506_2026-08-31T05:07:00+09:00,37.535029673,127.093240689,47.0,2026-08-31T05:07:00+09:00,environment
V02Q1940507_2026-08-31T05:07:00+09:00,37.531277474,127.123271252,46.0,2026-08-31T05:07:00+09:00,environment
V02Q1940679_2026-08-31T05:07:00+09:00,37.495212727,127.121438826,48.0,2026-08-31T05:07:00+09:00,environment
V02Q1940706_2026-08-31T05:07:00+09:00,37.502049127,127.117110751,47.0,2026-08-31T05:07:00+09:00,environment
V02Q1940708_2026-08-31T05:07:00+09:00,37.514300619,127.091447797,51.0,2026-08-31T05:07:00+09:00,environment
V02Q1940713_2026-08-31T05:07:00+09:00,37.516185359,127.114540561,46.0,2026-08-31T05:07:00+09:00,environment
V02Q1940714_2026-08-31T05:07:00+09:00,37.513385412,127.10686824,52.0,2026-08-31T05:07:00+09:00,environment
V02Q1940734_2026-08-31T05:07:00+09:00,37.518407904,127.100366298,46.0,2026-08-31T05:07:00+09:00,environment
V02Q1940736_2026-08-31T05:07:00+09:00,37.504194933,127.128187719,48.0,2026-08-31T05:07:00+09:00,environment
V02Q1940767_2026-08-31T05:07:00+09:00,37.502603852,127.092310875,52.0,2026-08-31T05:07:00+09:00,environment
V02Q1940772_2026-08-31T05:07:00+09:00,37.503635193,127.103503284,47.0,2026-08-31T05:07:00+09:00,environment
V02Q1940775_2026-08-31T05:07:00+09:00,37.505801455,127.109663753,44.0,2026-08-31T05:07:00+09:00,environment
V02Q1940781_2026-08-31T05:07:00+09:00,37.506173683,127.084756221,46.0,2026-08-31T05:07:00+09:00,environment
V02Q1940784_2026-08-31T05:07:00+09:00,37.498247757,127.126296648,55.0,2026-08-31T05:07:00+09:00,environment
V02Q1940787_2026-08-31T05:07:00+09:00,37.512955044,127.094661921,46.0,2026-08-31T05:07:00+09:00,environment
V02Q1940788_2026-08-31T05:07:00+09:00,37.509617855,127.0741524,52.0,2026-08-31T05:07:00+09:00,environment
V02Q1940790_2026-08-31T05:07:00+09:00,37.514278277,127.112258966,48.0,2026-08-31T05:07:00+09:00,environment
V02Q1940800_2026-08-31T05:07:00+09:00,37.519952859,127.1123122,47.0,2026-08-31T05:07:00+09:00,environment
V02Q1940811_2026-08-31T05:07:00+09:00,37.52727312,127.116249051,53.0,2026-08-31T05:07:00+09:00,environment
V02Q1940819_2026-08-31T05:07:00+09:00,37.507344263,127.104688643,44.0,2026-08-31T05:07:00+09:00,environment
V02Q1940820_2026-08-31T05:07:00+09:00,37.511104225,127.102321793,56.0,2026-08-31T05:07:00+09:00,environment
V02Q1940821_2026-08-31T05:07:00+09:00,37.502832774,127.108694904,48.0,2026-08-31T05:07:00+09:00,environment
V02Q1940832_2026-08-31T05:07:00+09:00,37.511768309,127.124209484,46.0,2026-08-31T05:07:00+09:00,environment
V02Q1940838_2026-08-31T05:07:00+09:00,37.51767925,127.08881891,47.0,2026-08-31T05:07:00+09:00,environment
V02Q1940847_2026-08-31T05:07:00+09:00,37.489683491,127.111908205,35.0,2026-08-31T05:07:00+09:00,environment
V02Q1940873_2026-08-31T05:07:00+09:00,37.53247211,127.114301129,56.0,2026-08-31T05:07:00+09:00,environment
V02Q1940887_2026-08-31T05:07:00+09:00,37.502749128,127.09252424,53.0,2026-08-31T05:07:00+09:00,environment
V02Q1940941_2026-08-31T05:07:00+09:00,37.509088133,127.084056858,45.0,2026-08-31T05:07:00+09:00,environment
OC3CL200017_2026-08-31T06:07:00+09:00,37.52406575,127.1285088,63.0,2026-08-31T06:07:00+09:00,environment
OC3CL200135_2026-08-31T06:07:00+09:00,37.50215692,127.07044791,61.0,2026-08-31T06:07:00+09:00,environment
OC3CL200141_2026-08-31T06:07:00+09:00,37.48877157,127.1067039,62.0,2026-08-31T06:07:00+09:00,environment
OC3CL200157_2026-08-31T06:07:00+09:00,37.492381245,127.094589306,69.0,2026-08-31T06:07:00+09:00,environment
OC3CL200207_2026-08-31T06:07:00+09:00,37.494957877,127.124194746,35.0,2026-08-31T06:07:00+09:00,environment
OC3CL210115_2026-08-31T06:07:00+09:00,37.525641,127.129665,59.0,2026-08-31T06:07:00+09:00,environment
V02Q1940079_2026-08-31T06:07:00+09:00,37.494102447,127.082209375,35.0,2026-08-31T06:07:00+09:00,environment
V02Q1940082_2026-08-31T06:07:00+09:00,37.495507594,127.085748474,53.0,2026-08-31T06:07:00+09:00,environment
V02Q1940098_2026-08-31T06:07:00+09:00,37.48670146,127.1000197,58.0,2026-08-31T06:07:00+09:00,environment
V02Q1940100_2026-08-31T06:07:00+09:00,37.494978959,127.093144214,66.0,2026-08-31T06:07:00+09:00,environment
V02Q1940246_2026-08-31T06:07:00+09:00,37.49920086,127.072395308,53.0,2026-08-31T06:07:00+09:00,environment
V02Q1940391_2026-08-31T06:07:00+09:00,37.528616803,127.085121222,51.0,2026-08-31T06:07:00+09:00,environment
V02Q1940392_2026-08-31T06:07:00+09:00,37.538286643,127.09239683,53.0,2026-08-31T06:07:00+09:00,environment
V02Q1940403_2026-08-31T06:07:00+09:00,37.534309074,127.081985567,50.0,2026-08-31T06:07:00+09:00,environment
V02Q1940411_2026-08-31T06:07:00+09:00,37.533878243,127.091521,35.0,2026-08-31T06:07:00+09:00,environment
V02Q1940506_2026-08-31T06:07:00+09:00,37.535029673,127.093240689,50.0,2026-08-31T06:07:00+09:00,environment
V02Q1940507_2026-08-31T06:07:00+09:00,37.531277474,127.123271252,49.0,2026-08-31T06:07:00+09:00,environment
V02Q1940679_2026-08-31T06:07:00+09:00,37.495212727,127.121438826,51.0,2026-08-31T06:07:00+09:00,environment
V02Q1940706_2026-08-31T06:07:00+09:00,37.502049127,127.117110751,51.0,2026-08-31T06:07:00+09:00,environment
V02Q1940708_2026-08-31T06:07:00+09:00,37.514300619,127.091447797,54.0,2026-08-31T06:07:00+09:00,environment
V02Q1940713_2026-08-31T06:07:00+09:00,37.516185359,127.114540561,48.0,2026-08-31T06:07:00+09:00,environment
V02Q1940714_2026-08-31T06:07:00+09:00,37.513385412,127.10686824,54.0,2026-08-31T06:07:00+09:00,environment
V02Q1940734_2026-08-31T06:07:00+09:00,37.518407904,127.100366298,48.0,2026-08-31T06:07:00+09:00,environment
V02Q1940736_2026-08-31T06:07:00+09:00,37.504194933,127.128187719,50.0,2026-08-31T06:07:00+09:00,environment
V02Q1940767_2026-08-31T06:07:00+09:00,37.502603852,127.092310875,54.0,2026-08-31T06:07:00+09:00,environment
V02Q1940772_2026-08-31T06:07:00+09:00,37.503635193,127.103503284,50.0,2026-08-31T06:07:00+09:00,environment
V02Q1940775_2026-08-31T06:07:00+09:00,37.505801455,127.109663753,47.0,2026-08-31T06:07:00+09:00,environment
V02Q1940781_2026-08-31T06:07:00+09:00,37.506173683,127.084756221,49.0,2026-08-31T06:07:00+09:00,environment
V02Q1940784_2026-08-31T06:07:00+09:00,37.498247757,127.126296648,56.0,2026-08-31T06:07:00+09:00,environment
V02Q1940787_2026-08-31T06:07:00+09:00,37.512955044,127.094661921,49.0,2026-08-31T06:07:00+09:00,environment
V02Q1940788_2026-08-31T06:07:00+09:00,37.509617855,127.0741524,55.0,2026-08-31T06:07:00+09:00,environment
V02Q1940790_2026-08-31T06:07:00+09:00,37.514278277,127.112258966,50.0,2026-08-31T06:07:00+09:00,environment
V02Q1940800_2026-08-31T06:07:00+09:00,37.519952859,127.1123122,51.0,2026-08-31T06:07:00+09:00,environment
V02Q1940811_2026-08-31T06:07:00+09:00,37.52727312,127.116249051,54.0,2026-08-31T06:07:00+09:00,environment
V02Q1940819_2026-08-31T06:07:00+09:00,37.507344263,127.104688643,47.0,2026-08-31T06:07:00+09:00,environment
V02Q1940820_2026-08-31T06:07:00+09:00,37.511104225,127.102321793,57.0,2026-08-31T06:07:00+09:00,environment
V02Q1940821_2026-08-31T06:07:00+09:00,37.502832774,127.108694904,52.0,2026-08-31T06:07:00+09:00,environment
V02Q1940832_2026-08-31T06:07:00+09:00,37.511768309,127.124209484,47.0,2026-08-31T06:07:00+09:00,environment
V02Q1940838_2026-08-31T06:07:00+09:00,37.51767925,127.08881891,47.0,2026-08-31T06:07:00+09:00,environment
V02Q1940847_2026-08-31T06:07:00+09:00,37.489683491,127.111908205,35.0,2026-08-31T06:07:00+09:00,environment
V02Q1940873_2026-08-31T06:07:00+09:00,37.53247211,127.114301129,59.0,2026-08-31T06:07:00+09:00,environment
V02Q1940887_2026-08-31T06:07:00+09:00,37.502749128,127.09252424,54.0,2026-08-31T06:07:00+09:00,environment
V02Q1940941_2026-08-31T06:07:00+09:00,37.509088133,127.084056858,45.0,2026-08-31T06:07:00+09:00,environment
V02Q1940392_2026-08-31T07:07:00+09:00,37.538286643,127.09239683,54.0,2026-08-31T07:07:00+09:00,environment
V02Q1940403_2026-08-31T07:07:00+09:00,37.534309074,127.081985567,50.0,2026-08-31T07:07:00+09:00,environment
V02Q1940391_2026-08-31T07:07:00+09:00,37.528616803,127.085121222,50.0,2026-08-31T07:07:00+09:00,environment
V02Q1940411_2026-08-31T07:07:00+09:00,37.533878243,127.091521,35.0,2026-08-31T07:07:00+09:00,environment
V02Q1940506_2026-08-31T07:07:00+09:00,37.535029673,127.093240689,54.0,2026-08-31T07:07:00+09:00,environment
V02Q1940784_2026-08-31T07:07:00+09:00,37.498247757,127.126296648,55.0,2026-08-31T07:07:00+09:00,environment
V02Q1940679_2026-08-31T07:07:00+09:00,37.495212727,127.121438826,51.0,2026-08-31T07:07:00+09:00,environment
V02Q1940706_2026-08-31T07:07:00+09:00,37.502049127,127.117110751,51.0,2026-08-31T07:07:00+09:00,environment
V02Q1940708_2026-08-31T07:07:00+09:00,37.514300619,127.091447797,53.0,2026-08-31T07:07:00+09:00,environment
V02Q1940734_2026-08-31T07:07:00+09:00,37.518407904,127.100366298,46.0,2026-08-31T07:07:00+09:00,environment
V02Q1940736_2026-08-31T07:07:00+09:00,37.504194933,127.128187719,46.0,2026-08-31T07:07:00+09:00,environment
V02Q1940767_2026-08-31T07:07:00+09:00,37.502603852,127.092310875,54.0,2026-08-31T07:07:00+09:00,environment
V02Q1940772_2026-08-31T07:07:00+09:00,37.503635193,127.103503284,52.0,2026-08-31T07:07:00+09:00,environment
V02Q1940775_2026-08-31T07:07:00+09:00,37.505801455,127.109663753,47.0,2026-08-31T07:07:00+09:00,environment
V02Q1940781_2026-08-31T07:07:00+09:00,37.506173683,127.084756221,47.0,2026-08-31T07:07:00+09:00,environment
V02Q1940787_2026-08-31T07:07:00+09:00,37.512955044,127.094661921,48.0,2026-08-31T07:07:00+09:00,environment
V02Q1940788_2026-08-31T07:07:00+09:00,37.509617855,127.0741524,56.0,2026-08-31T07:07:00+09:00,environment
V02Q1940790_2026-08-31T07:07:00+09:00,37.514278277,127.112258966,47.0,2026-08-31T07:07:00+09:00,environment
V02Q1940800_2026-08-31T07:07:00+09:00,37.519952859,127.1123122,53.0,2026-08-31T07:07:00+09:00,environment
V02Q1940847_2026-08-31T07:07:00+09:00,37.489683491,127.111908205,35.0,2026-08-31T07:07:00+09:00,environment
V02Q1940713_2026-08-31T07:07:00+09:00,37.516185359,127.114540561,49.0,2026-08-31T07:07:00+09:00,environment
V02Q1940714_2026-08-31T07:07:00+09:00,37.513385412,127.10686824,55.0,2026-08-31T07:07:00+09:00,environment
V02Q1940811_2026-08-31T07:07:00+09:00,37.52727312,127.116249051,52.0,2026-08-31T07:07:00+09:00,environment
V02Q1940819_2026-08-31T07:07:00+09:00,37.507344263,127.104688643,47.0,2026-08-31T07:07:00+09:00,environment
V02Q1940820_2026-08-31T07:07:00+09:00,37.511104225,127.102321793,58.0,2026-08-31T07:07:00+09:00,environment
V02Q1940821_2026-08-31T07:07:00+09:00,37.502832774,127.108694904,52.0,2026-08-31T07:07:00+09:00,environment
V02Q1940832_2026-08-31T07:07:00+09:00,37.511768309,127.124209484,45.0,2026-08-31T07:07:00+09:00,environment
V02Q1940838_2026-08-31T07:07:00+09:00,37.51767925,127.08881891,47.0,2026-08-31T07:07:00+09:00,environment
V02Q1940873_2026-08-31T07:07:00+09:00,37.53247211,127.114301129,59.0,2026-08-31T07:07:00+09:00,environment
V02Q1940887_2026-08-31T07:07:00+09:00,37.502749128,127.09252424,53.0,2026-08-31T07:07:00+09:00,environment
V02Q1940941_2026-08-31T07:07:00+09:00,37.509088133,127.084056858,42.0,2026-08-31T07:07:00+09:00,environment
V02Q1940507_2026-08-31T07:07:00+09:00,37.531277474,127.123271252,48.0,2026-08-31T07:07:00+09:00,environment
V02Q1940079_2026-08-31T07:07:00+09:00,37.494102447,127.082209375,35.0,2026-08-31T07:07:00+09:00,environment
V02Q1940246_2026-08-31T07:07:00+09:00,37.49920086,127.072395308,53.0,2026-08-31T07:07:00+09:00,environment
V02Q1940082_2026-08-31T07:07:00+09:00,37.495507594,127.085748474,55.0,2026-08-31T07:07:00+09:00,environment
V02Q1940098_2026-08-31T07:07:00+09:00,37.48670146,127.1000197,60.0,2026-08-31T07:07:00+09:00,environment
V02Q1940100_2026-08-31T07:07:00+09:00,37.494978959,127.093144214,64.0,2026-08-31T07:07:00+09:00,environment
OC3CL200157_2026-08-31T07:07:00+09:00,37.492381245,127.094589306,71.0,2026-08-31T07:07:00+09:00,environment
OC3CL200017_2026-08-31T07:07:00+09:00,37.52406575,127.1285088,66.0,2026-08-31T07:07:00+09:00,environment
OC3CL200135_2026-08-31T07:07:00+09:00,37.50215692,127.07044791,62.0,2026-08-31T07:07:00+09:00,environment
OC3CL200141_2026-08-31T07:07:00+09:00,37.48877157,127.1067039,61.0,2026-08-31T07:07:00+09:00,environment
OC3CL200207_2026-08-31T07:07:00+09:00,37.494957877,127.124194746,35.0,2026-08-31T07:07:00+09:00,environment
OC3CL210115_2026-08-31T07:07:00+09:00,37.525641,127.129665,62.0,2026-08-31T07:07:00+09:00,environment
V02Q1940392_2026-08-31T08:07:00+09:00,37.538286643,127.09239683,50.0,2026-08-31T08:07:00+09:00,environment
V02Q1940403_2026-08-31T08:07:00+09:00,37.534309074,127.081985567,50.0,2026-08-31T08:07:00+09:00,environment
V02Q1940391_2026-08-31T08:07:00+09:00,37.528616803,127.085121222,49.0,2026-08-31T08:07:00+09:00,environment
V02Q1940411_2026-08-31T08:07:00+09:00,37.533878243,127.091521,35.0,2026-08-31T08:07:00+09:00,environment
V02Q1940506_2026-08-31T08:07:00+09:00,37.535029673,127.093240689,53.0,2026-08-31T08:07:00+09:00,environment
V02Q1940679_2026-08-31T08:07:00+09:00,37.495212727,127.121438826,50.0,2026-08-31T08:07:00+09:00,environment
V02Q1940706_2026-08-31T08:07:00+09:00,37.502049127,127.117110751,51.0,2026-08-31T08:07:00+09:00,environment
V02Q1940708_2026-08-31T08:07:00+09:00,37.514300619,127.091447797,54.0,2026-08-31T08:07:00+09:00,environment
V02Q1940734_2026-08-31T08:07:00+09:00,37.518407904,127.100366298,43.0,2026-08-31T08:07:00+09:00,environment
V02Q1940767_2026-08-31T08:07:00+09:00,37.502603852,127.092310875,52.0,2026-08-31T08:07:00+09:00,environment
V02Q1940772_2026-08-31T08:07:00+09:00,37.503635193,127.103503284,52.0,2026-08-31T08:07:00+09:00,environment
V02Q1940775_2026-08-31T08:07:00+09:00,37.505801455,127.109663753,47.0,2026-08-31T08:07:00+09:00,environment
V02Q1940781_2026-08-31T08:07:00+09:00,37.506173683,127.084756221,43.0,2026-08-31T08:07:00+09:00,environment
V02Q1940784_2026-08-31T08:07:00+09:00,37.498247757,127.126296648,54.0,2026-08-31T08:07:00+09:00,environment
V02Q1940787_2026-08-31T08:07:00+09:00,37.512955044,127.094661921,46.0,2026-08-31T08:07:00+09:00,environment
V02Q1940788_2026-08-31T08:07:00+09:00,37.509617855,127.0741524,55.0,2026-08-31T08:07:00+09:00,environment
V02Q1940790_2026-08-31T08:07:00+09:00,37.514278277,127.112258966,45.0,2026-08-31T08:07:00+09:00,environment
V02Q1940800_2026-08-31T08:07:00+09:00,37.519952859,127.1123122,52.0,2026-08-31T08:07:00+09:00,environment
V02Q1940847_2026-08-31T08:07:00+09:00,37.489683491,127.111908205,35.0,2026-08-31T08:07:00+09:00,environment
V02Q1940713_2026-08-31T08:07:00+09:00,37.516185359,127.114540561,47.0,2026-08-31T08:07:00+09:00,environment
V02Q1940714_2026-08-31T08:07:00+09:00,37.513385412,127.10686824,56.0,2026-08-31T08:07:00+09:00,environment
V02Q1940736_2026-08-31T08:07:00+09:00,37.504194933,127.128187719,48.0,2026-08-31T08:07:00+09:00,environment
V02Q1940811_2026-08-31T08:07:00+09:00,37.52727312,127.116249051,52.0,2026-08-31T08:07:00+09:00,environment
V02Q1940819_2026-08-31T08:07:00+09:00,37.507344263,127.104688643,44.0,2026-08-31T08:07:00+09:00,environment
V02Q1940820_2026-08-31T08:07:00+09:00,37.511104225,127.102321793,56.0,2026-08-31T08:07:00+09:00,environment
V02Q1940821_2026-08-31T08:07:00+09:00,37.502832774,127.108694904,50.0,2026-08-31T08:07:00+09:00,environment
V02Q1940832_2026-08-31T08:07:00+09:00,37.511768309,127.124209484,42.0,2026-08-31T08:07:00+09:00,environment
V02Q1940838_2026-08-31T08:07:00+09:00,37.51767925,127.08881891,45.0,2026-08-31T08:07:00+09:00,environment
V02Q1940873_2026-08-31T08:07:00+09:00,37.53247211,127.114301129,56.0,2026-08-31T08:07:00+09:00,environment
V02Q1940887_2026-08-31T08:07:00+09:00,37.502749128,127.09252424,53.0,2026-08-31T08:07:00+09:00,environment
V02Q1940941_2026-08-31T08:07:00+09:00,37.509088133,127.084056858,41.0,2026-08-31T08:07:00+09:00,environment
V02Q1940507_2026-08-31T08:07:00+09:00,37.531277474,127.123271252,47.0,2026-08-31T08:07:00+09:00,environment
V02Q1940079_2026-08-31T08:07:00+09:00,37.494102447,127.082209375,35.0,2026-08-31T08:07:00+09:00,environment
V02Q1940246_2026-08-31T08:07:00+09:00,37.49920086,127.072395308,51.0,2026-08-31T08:07:00+09:00,environment
V02Q1940082_2026-08-31T08:07:00+09:00,37.495507594,127.085748474,55.0,2026-08-31T08:07:00+09:00,environment
V02Q1940098_2026-08-31T08:07:00+09:00,37.48670146,127.1000197,60.0,2026-08-31T08:07:00+09:00,environment
V02Q1940100_2026-08-31T08:07:00+09:00,37.494978959,127.093144214,63.0,2026-08-31T08:07:00+09:00,environment
OC3CL200135_2026-08-31T08:07:00+09:00,37.50215692,127.07044791,62.0,2026-08-31T08:07:00+09:00,environment
OC3CL200157_2026-08-31T08:07:00+09:00,37.492381245,127.094589306,70.0,2026-08-31T08:07:00+09:00,environment
OC3CL200017_2026-08-31T08:07:00+09:00,37.52406575,127.1285088,66.0,2026-08-31T08:07:00+09:00,environment
OC3CL200141_2026-08-31T08:07:00+09:00,37.48877157,127.1067039,59.0,2026-08-31T08:07:00+09:00,environment
OC3CL200207_2026-08-31T08:07:00+09:00,37.494957877,127.124194746,35.0,2026-08-31T08:07:00+09:00,environment
OC3CL210115_2026-08-31T08:07:00+09:00,37.525641,127.129665,62.0,2026-08-31T08:07:00+09:00,environment
OC3CL200017_2026-08-31T09:07:00+09:00,37.52406575,127.1285088,67.0,2026-08-31T09:07:00+09:00,environment
OC3CL200135_2026-08-31T09:07:00+09:00,37.50215692,127.07044791,62.0,2026-08-31T09:07:00+09:00,environment
OC3CL200141_2026-08-31T09:07:00+09:00,37.48877157,127.1067039,59.0,2026-08-31T09:07:00+09:00,environment
OC3CL200157_2026-08-31T09:07:00+09:00,37.492381245,127.094589306,70.0,2026-08-31T09:07:00+09:00,environment
OC3CL200207_2026-08-31T09:07:00+09:00,37.494957877,127.124194746,35.0,2026-08-31T09:07:00+09:00,environment
OC3CL210115_2026-08-31T09:07:00+09:00,37.525641,127.129665,65.0,2026-08-31T09:07:00+09:00,environment
V02Q1940079_2026-08-31T09:07:00+09:00,37.494102447,127.082209375,35.0,2026-08-31T09:07:00+09:00,environment
V02Q1940082_2026-08-31T09:07:00+09:00,37.495507594,127.085748474,57.0,2026-08-31T09:07:00+09:00,environment
V02Q1940098_2026-08-31T09:07:00+09:00,37.48670146,127.1000197,60.0,2026-08-31T09:07:00+09:00,environment
V02Q1940100_2026-08-31T09:07:00+09:00,37.494978959,127.093144214,63.0,2026-08-31T09:07:00+09:00,environment
V02Q1940246_2026-08-31T09:07:00+09:00,37.49920086,127.072395308,49.0,2026-08-31T09:07:00+09:00,environment
V02Q1940391_2026-08-31T09:07:00+09:00,37.528616803,127.085121222,48.0,2026-08-31T09:07:00+09:00,environment
V02Q1940392_2026-08-31T09:07:00+09:00,37.538286643,127.09239683,50.0,2026-08-31T09:07:00+09:00,environment
V02Q1940403_2026-08-31T09:07:00+09:00,37.534309074,127.081985567,52.0,2026-08-31T09:07:00+09:00,environment
V02Q1940411_2026-08-31T09:07:00+09:00,37.533878243,127.091521,35.0,2026-08-31T09:07:00+09:00,environment
V02Q1940506_2026-08-31T09:07:00+09:00,37.535029673,127.093240689,55.0,2026-08-31T09:07:00+09:00,environment
V02Q1940507_2026-08-31T09:07:00+09:00,37.531277474,127.123271252,46.0,2026-08-31T09:07:00+09:00,environment
V02Q1940679_2026-08-31T09:07:00+09:00,37.495212727,127.121438826,52.0,2026-08-31T09:07:00+09:00,environment
V02Q1940706_2026-08-31T09:07:00+09:00,37.502049127,127.117110751,52.0,2026-08-31T09:07:00+09:00,environment
V02Q1940708_2026-08-31T09:07:00+09:00,37.514300619,127.091447797,55.0,2026-08-31T09:07:00+09:00,environment
V02Q1940713_2026-08-31T09:07:00+09:00,37.516185359,127.114540561,49.0,2026-08-31T09:07:00+09:00,environment
V02Q1940714_2026-08-31T09:07:00+09:00,37.513385412,127.10686824,56.0,2026-08-31T09:07:00+09:00,environment
V02Q1940734_2026-08-31T09:07:00+09:00,37.518407904,127.100366298,43.0,2026-08-31T09:07:00+09:00,environment
V02Q1940736_2026-08-31T09:07:00+09:00,37.504194933,127.128187719,46.0,2026-08-31T09:07:00+09:00,environment
V02Q1940767_2026-08-31T09:07:00+09:00,37.502603852,127.092310875,52.0,2026-08-31T09:07:00+09:00,environment
V02Q1940772_2026-08-31T09:07:00+09:00,37.503635193,127.103503284,54.0,2026-08-31T09:07:00+09:00,environment
V02Q1940775_2026-08-31T09:07:00+09:00,37.505801455,127.109663753,49.0,2026-08-31T09:07:00+09:00,environment
V02Q1940781_2026-08-31T09:07:00+09:00,37.506173683,127.084756221,45.0,2026-08-31T09:07:00+09:00,environment
V02Q1940784_2026-08-31T09:07:00+09:00,37.498247757,127.126296648,52.0,2026-08-31T09:07:00+09:00,environment
V02Q1940787_2026-08-31T09:07:00+09:00,37.512955044,127.094661921,46.0,2026-08-31T09:07:00+09:00,environment
V02Q1940788_2026-08-31T09:07:00+09:00,37.509617855,127.0741524,55.0,2026-08-31T09:07:00+09:00,environment
V02Q1940790_2026-08-31T09:07:00+09:00,37.514278277,127.112258966,45.0,2026-08-31T09:07:00+09:00,environment
V02Q1940800_2026-08-31T09:07:00+09:00,37.519952859,127.1123122,54.0,2026-08-31T09:07:00+09:00,environment
V02Q1940811_2026-08-31T09:07:00+09:00,37.52727312,127.116249051,53.0,2026-08-31T09:07:00+09:00,environment
V02Q1940819_2026-08-31T09:07:00+09:00,37.507344263,127.104688643,47.0,2026-08-31T09:07:00+09:00,environment
V02Q1940820_2026-08-31T09:07:00+09:00,37.511104225,127.102321793,56.0,2026-08-31T09:07:00+09:00,environment
V02Q1940821_2026-08-31T09:07:00+09:00,37.502832774,127.108694904,52.0,2026-08-31T09:07:00+09:00,environment
V02Q1940832_2026-08-31T09:07:00+09:00,37.511768309,127.124209484,42.0,2026-08-31T09:07:00+09:00,environment
V02Q1940838_2026-08-31T09:07:00+09:00,37.51767925,127.08881891,44.0,2026-08-31T09:07:00+09:00,environment
V02Q1940847_2026-08-31T09:07:00+09:00,37.489683491,127.111908205,35.0,2026-08-31T09:07:00+09:00,environment
V02Q1940873_2026-08-31T09:07:00+09:00,37.53247211,127.114301129,56.0,2026-08-31T09:07:00+09:00,environment
V02Q1940887_2026-08-31T09:07:00+09:00,37.502749128,127.09252424,53.0,2026-08-31T09:07:00+09:00,environment
V02Q1940941_2026-08-31T09:07:00+09:00,37.509088133,127.084056858,43.0,2026-08-31T09:07:00+09:00,environment
V02Q1940392_2026-08-31T10:07:00+09:00,37.538286643,127.09239683,48.0,2026-08-31T10:07:00+09:00,environment
V02Q1940403_2026-08-31T10:07:00+09:00,37.534309074,127.081985567,54.0,2026-08-31T10:07:00+09:00,environment
V02Q1940391_2026-08-31T10:07:00+09:00,37.528616803,127.085121222,48.0,2026-08-31T10:07:00+09:00,environment
V02Q1940411_2026-08-31T10:07:00+09:00,37.533878243,127.091521,35.0,2026-08-31T10:07:00+09:00,environment
V02Q1940506_2026-08-31T10:07:00+09:00,37.535029673,127.093240689,58.0,2026-08-31T10:07:00+09:00,environment
V02Q1940784_2026-08-31T10:07:00+09:00,37.498247757,127.126296648,53.0,2026-08-31T10:07:00+09:00,environment
V02Q1940679_2026-08-31T10:07:00+09:00,37.495212727,127.121438826,54.0,2026-08-31T10:07:00+09:00,environment
V02Q1940706_2026-08-31T10:07:00+09:00,37.502049127,127.117110751,53.0,2026-08-31T10:07:00+09:00,environment
V02Q1940708_2026-08-31T10:07:00+09:00,37.514300619,127.091447797,57.0,2026-08-31T10:07:00+09:00,environment
V02Q1940713_2026-08-31T10:07:00+09:00,37.516185359,127.114540561,50.0,2026-08-31T10:07:00+09:00,environment
V02Q1940714_2026-08-31T10:07:00+09:00,37.513385412,127.10686824,59.0,2026-08-31T10:07:00+09:00,environment
V02Q1940734_2026-08-31T10:07:00+09:00,37.518407904,127.100366298,44.0,2026-08-31T10:07:00+09:00,environment
V02Q1940736_2026-08-31T10:07:00+09:00,37.504194933,127.128187719,47.0,2026-08-31T10:07:00+09:00,environment
V02Q1940767_2026-08-31T10:07:00+09:00,37.502603852,127.092310875,53.0,2026-08-31T10:07:00+09:00,environment
V02Q1940772_2026-08-31T10:07:00+09:00,37.503635193,127.103503284,56.0,2026-08-31T10:07:00+09:00,environment
V02Q1940775_2026-08-31T10:07:00+09:00,37.505801455,127.109663753,52.0,2026-08-31T10:07:00+09:00,environment
V02Q1940781_2026-08-31T10:07:00+09:00,37.506173683,127.084756221,47.0,2026-08-31T10:07:00+09:00,environment
V02Q1940787_2026-08-31T10:07:00+09:00,37.512955044,127.094661921,48.0,2026-08-31T10:07:00+09:00,environment
V02Q1940788_2026-08-31T10:07:00+09:00,37.509617855,127.0741524,54.0,2026-08-31T10:07:00+09:00,environment
V02Q1940790_2026-08-31T10:07:00+09:00,37.514278277,127.112258966,44.0,2026-08-31T10:07:00+09:00,environment
V02Q1940800_2026-08-31T10:07:00+09:00,37.519952859,127.1123122,56.0,2026-08-31T10:07:00+09:00,environment
V02Q1940811_2026-08-31T10:07:00+09:00,37.52727312,127.116249051,55.0,2026-08-31T10:07:00+09:00,environment
V02Q1940819_2026-08-31T10:07:00+09:00,37.507344263,127.104688643,49.0,2026-08-31T10:07:00+09:00,environment
V02Q1940820_2026-08-31T10:07:00+09:00,37.511104225,127.102321793,59.0,2026-08-31T10:07:00+09:00,environment
V02Q1940821_2026-08-31T10:07:00+09:00,37.502832774,127.108694904,55.0,2026-08-31T10:07:00+09:00,environment
V02Q1940832_2026-08-31T10:07:00+09:00,37.511768309,127.124209484,44.0,2026-08-31T10:07:00+09:00,environment
V02Q1940838_2026-08-31T10:07:00+09:00,37.51767925,127.08881891,46.0,2026-08-31T10:07:00+09:00,environment
V02Q1940847_2026-08-31T10:07:00+09:00,37.489683491,127.111908205,35.0,2026-08-31T10:07:00+09:00,environment
V02Q1940873_2026-08-31T10:07:00+09:00,37.53247211,127.114301129,55.0,2026-08-31T10:07:00+09:00,environment
V02Q1940887_2026-08-31T10:07:00+09:00,37.502749128,127.09252424,55.0,2026-08-31T10:07:00+09:00,environment
V02Q1940941_2026-08-31T10:07:00+09:00,37.509088133,127.084056858,46.0,2026-08-31T10:07:00+09:00,environment
V02Q1940507_2026-08-31T10:07:00+09:00,37.531277474,127.123271252,48.0,2026-08-31T10:07:00+09:00,environment
V02Q1940079_2026-08-31T10:07:00+09:00,37.494102447,127.082209375,35.0,2026-08-31T10:07:00+09:00,environment
V02Q1940246_2026-08-31T10:07:00+09:00,37.49920086,127.072395308,49.0,2026-08-31T10:07:00+09:00,environment
V02Q1940082_2026-08-31T10:07:00+09:00,37.495507594,127.085748474,58.0,2026-08-31T10:07:00+09:00,environment
V02Q1940098_2026-08-31T10:07:00+09:00,37.48670146,127.1000197,63.0,2026-08-31T10:07:00+09:00,environment
V02Q1940100_2026-08-31T10:07:00+09:00,37.494978959,127.093144214,66.0,2026-08-31T10:07:00+09:00,environment
OC3CL200157_2026-08-31T10:07:00+09:00,37.492381245,127.094589306,72.0,2026-08-31T10:07:00+09:00,environment
OC3CL200135_2026-08-31T10:07:00+09:00,37.50215692,127.07044791,62.0,2026-08-31T10:07:00+09:00,environment
OC3CL200141_2026-08-31T10:07:00+09:00,37.48877157,127.1067039,60.0,2026-08-31T10:07:00+09:00,environment
OC3CL200207_2026-08-31T10:07:00+09:00,37.494957877,127.124194746,35.0,2026-08-31T10:07:00+09:00,environment
OC3CL200017_2026-08-31T10:07:00+09:00,37.52406575,127.1285088,68.0,2026-08-31T10:07:00+09:00,environment
OC3CL210115_2026-08-31T10:07:00+09:00,37.525641,127.129665,65.0,2026-08-31T10:07:00+09:00,environment
V02Q1940392_2026-08-31T11:07:00+09:00,37.538286643,127.09239683,48.0,2026-08-31T11:07:00+09:00,environment
V02Q1940403_2026-08-31T11:07:00+09:00,37.534309074,127.081985567,56.0,2026-08-31T11:07:00+09:00,environment
V02Q1940391_2026-08-31T11:07:00+09:00,37.528616803,127.085121222,49.0,2026-08-31T11:07:00+09:00,environment
V02Q1940411_2026-08-31T11:07:00+09:00,37.533878243,127.091521,35.0,2026-08-31T11:07:00+09:00,environment
V02Q1940506_2026-08-31T11:07:00+09:00,37.535029673,127.093240689,59.0,2026-08-31T11:07:00+09:00,environment
V02Q1940679_2026-08-31T11:07:00+09:00,37.495212727,127.121438826,56.0,2026-08-31T11:07:00+09:00,environment
V02Q1940706_2026-08-31T11:07:00+09:00,37.502049127,127.117110751,53.0,2026-08-31T11:07:00+09:00,environment
V02Q1940708_2026-08-31T11:07:00+09:00,37.514300619,127.091447797,58.0,2026-08-31T11:07:00+09:00,environment
V02Q1940734_2026-08-31T11:07:00+09:00,37.518407904,127.100366298,47.0,2026-08-31T11:07:00+09:00,environment
V02Q1940736_2026-08-31T11:07:00+09:00,37.504194933,127.128187719,49.0,2026-08-31T11:07:00+09:00,environment
V02Q1940767_2026-08-31T11:07:00+09:00,37.502603852,127.092310875,53.0,2026-08-31T11:07:00+09:00,environment
V02Q1940772_2026-08-31T11:07:00+09:00,37.503635193,127.103503284,57.0,2026-08-31T11:07:00+09:00,environment
V02Q1940775_2026-08-31T11:07:00+09:00,37.505801455,127.109663753,53.0,2026-08-31T11:07:00+09:00,environment
V02Q1940781_2026-08-31T11:07:00+09:00,37.506173683,127.084756221,49.0,2026-08-31T11:07:00+09:00,environment
V02Q1940784_2026-08-31T11:07:00+09:00,37.498247757,127.126296648,53.0,2026-08-31T11:07:00+09:00,environment
V02Q1940787_2026-08-31T11:07:00+09:00,37.512955044,127.094661921,49.0,2026-08-31T11:07:00+09:00,environment
V02Q1940788_2026-08-31T11:07:00+09:00,37.509617855,127.0741524,54.0,2026-08-31T11:07:00+09:00,environment
V02Q1940790_2026-08-31T11:07:00+09:00,37.514278277,127.112258966,47.0,2026-08-31T11:07:00+09:00,environment
V02Q1940800_2026-08-31T11:07:00+09:00,37.519952859,127.1123122,57.0,2026-08-31T11:07:00+09:00,environment
V02Q1940847_2026-08-31T11:07:00+09:00,37.489683491,127.111908205,35.0,2026-08-31T11:07:00+09:00,environment
V02Q1940713_2026-08-31T11:07:00+09:00,37.516185359,127.114540561,52.0,2026-08-31T11:07:00+09:00,environment
V02Q1940714_2026-08-31T11:07:00+09:00,37.513385412,127.10686824,61.0,2026-08-31T11:07:00+09:00,environment
V02Q1940811_2026-08-31T11:07:00+09:00,37.52727312,127.116249051,55.0,2026-08-31T11:07:00+09:00,environment
V02Q1940819_2026-08-31T11:07:00+09:00,37.507344263,127.104688643,52.0,2026-08-31T11:07:00+09:00,environment
V02Q1940820_2026-08-31T11:07:00+09:00,37.511104225,127.102321793,61.0,2026-08-31T11:07:00+09:00,environment
V02Q1940821_2026-08-31T11:07:00+09:00,37.502832774,127.108694904,56.0,2026-08-31T11:07:00+09:00,environment
V02Q1940832_2026-08-31T11:07:00+09:00,37.511768309,127.124209484,47.0,2026-08-31T11:07:00+09:00,environment
V02Q1940838_2026-08-31T11:07:00+09:00,37.51767925,127.08881891,48.0,2026-08-31T11:07:00+09:00,environment
V02Q1940873_2026-08-31T11:07:00+09:00,37.53247211,127.114301129,54.0,2026-08-31T11:07:00+09:00,environment
V02Q1940887_2026-08-31T11:07:00+09:00,37.502749128,127.09252424,55.0,2026-08-31T11:07:00+09:00,environment
V02Q1940941_2026-08-31T11:07:00+09:00,37.509088133,127.084056858,48.0,2026-08-31T11:07:00+09:00,environment
V02Q1940507_2026-08-31T11:07:00+09:00,37.531277474,127.123271252,49.0,2026-08-31T11:07:00+09:00,environment
V02Q1940079_2026-08-31T11:07:00+09:00,37.494102447,127.082209375,35.0,2026-08-31T11:07:00+09:00,environment
V02Q1940246_2026-08-31T11:07:00+09:00,37.49920086,127.072395308,50.0,2026-08-31T11:07:00+09:00,environment
V02Q1940082_2026-08-31T11:07:00+09:00,37.495507594,127.085748474,58.0,2026-08-31T11:07:00+09:00,environment
V02Q1940098_2026-08-31T11:07:00+09:00,37.48670146,127.1000197,64.0,2026-08-31T11:07:00+09:00,environment
V02Q1940100_2026-08-31T11:07:00+09:00,37.494978959,127.093144214,67.0,2026-08-31T11:07:00+09:00,environment
OC3CL200135_2026-08-31T11:07:00+09:00,37.50215692,127.07044791,62.0,2026-08-31T11:07:00+09:00,environment
OC3CL200141_2026-08-31T11:07:00+09:00,37.48877157,127.1067039,60.0,2026-08-31T11:07:00+09:00,environment
OC3CL200157_2026-08-31T11:07:00+09:00,37.492381245,127.094589306,73.0,2026-08-31T11:07:00+09:00,environment
OC3CL200017_2026-08-31T11:07:00+09:00,37.52406575,127.1285088,69.0,2026-08-31T11:07:00+09:00,environment
OC3CL200207_2026-08-31T11:07:00+09:00,37.494957877,127.124194746,36.0,2026-08-31T11:07:00+09:00,environment
OC3CL210115_2026-08-31T11:07:00+09:00,37.525641,127.129665,65.0,2026-08-31T11:07:00+09:00,environment
OC3CL200017_2026-08-31T12:07:00+09:00,37.52406575,127.1285088,68.0,2026-08-31T12:07:00+09:00,environment
OC3CL200135_2026-08-31T12:07:00+09:00,37.50215692,127.07044791,63.0,2026-08-31T12:07:00+09:00,environment
OC3CL200141_2026-08-31T12:07:00+09:00,37.48877157,127.1067039,61.0,2026-08-31T12:07:00+09:00,environment
OC3CL200157_2026-08-31T12:07:00+09:00,37.492381245,127.094589306,72.0,2026-08-31T12:07:00+09:00,environment
OC3CL200207_2026-08-31T12:07:00+09:00,37.494957877,127.124194746,35.0,2026-08-31T12:07:00+09:00,environment
OC3CL210115_2026-08-31T12:07:00+09:00,37.525641,127.129665,66.0,2026-08-31T12:07:00+09:00,environment
V02Q1940079_2026-08-31T12:07:00+09:00,37.494102447,127.082209375,35.0,2026-08-31T12:07:00+09:00,environment
V02Q1940082_2026-08-31T12:07:00+09:00,37.495507594,127.085748474,57.0,2026-08-31T12:07:00+09:00,environment
V02Q1940098_2026-08-31T12:07:00+09:00,37.48670146,127.1000197,63.0,2026-08-31T12:07:00+09:00,environment
V02Q1940100_2026-08-31T12:07:00+09:00,37.494978959,127.093144214,67.0,2026-08-31T12:07:00+09:00,environment
V02Q1940246_2026-08-31T12:07:00+09:00,37.49920086,127.072395308,49.0,2026-08-31T12:07:00+09:00,environment
V02Q1940391_2026-08-31T12:07:00+09:00,37.528616803,127.085121222,48.0,2026-08-31T12:07:00+09:00,environment
V02Q1940392_2026-08-31T12:07:00+09:00,37.538286643,127.09239683,48.0,2026-08-31T12:07:00+09:00,environment
V02Q1940403_2026-08-31T12:07:00+09:00,37.534309074,127.081985567,55.0,2026-08-31T12:07:00+09:00,environment
V02Q1940411_2026-08-31T12:07:00+09:00,37.533878243,127.091521,35.0,2026-08-31T12:07:00+09:00,environment
V02Q1940506_2026-08-31T12:07:00+09:00,37.535029673,127.093240689,58.0,2026-08-31T12:07:00+09:00,environment
V02Q1940507_2026-08-31T12:07:00+09:00,37.531277474,127.123271252,48.0,2026-08-31T12:07:00+09:00,environment
V02Q1940679_2026-08-31T12:07:00+09:00,37.495212727,127.121438826,55.0,2026-08-31T12:07:00+09:00,environment
V02Q1940706_2026-08-31T12:07:00+09:00,37.502049127,127.117110751,53.0,2026-08-31T12:07:00+09:00,environment
V02Q1940708_2026-08-31T12:07:00+09:00,37.514300619,127.091447797,58.0,2026-08-31T12:07:00+09:00,environment
V02Q1940713_2026-08-31T12:07:00+09:00,37.516185359,127.114540561,53.0,2026-08-31T12:07:00+09:00,environment
V02Q1940714_2026-08-31T12:07:00+09:00,37.513385412,127.10686824,61.0,2026-08-31T12:07:00+09:00,environment
V02Q1940734_2026-08-31T12:07:00+09:00,37.518407904,127.100366298,45.0,2026-08-31T12:07:00+09:00,environment
V02Q1940736_2026-08-31T12:07:00+09:00,37.504194933,127.128187719,47.0,2026-08-31T12:07:00+09:00,environment
V02Q1940767_2026-08-31T12:07:00+09:00,37.502603852,127.092310875,52.0,2026-08-31T12:07:00+09:00,environment
V02Q1940772_2026-08-31T12:07:00+09:00,37.503635193,127.103503284,57.0,2026-08-31T12:07:00+09:00,environment
V02Q1940775_2026-08-31T12:07:00+09:00,37.505801455,127.109663753,53.0,2026-08-31T12:07:00+09:00,environment
V02Q1940781_2026-08-31T12:07:00+09:00,37.506173683,127.084756221,47.0,2026-08-31T12:07:00+09:00,environment
V02Q1940784_2026-08-31T12:07:00+09:00,37.498247757,127.126296648,52.0,2026-08-31T12:07:00+09:00,environment
V02Q1940787_2026-08-31T12:07:00+09:00,37.512955044,127.094661921,48.0,2026-08-31T12:07:00+09:00,environment
V02Q1940788_2026-08-31T12:07:00+09:00,37.509617855,127.0741524,53.0,2026-08-31T12:07:00+09:00,environment
V02Q1940790_2026-08-31T12:07:00+09:00,37.514278277,127.112258966,45.0,2026-08-31T12:07:00+09:00,environment
V02Q1940800_2026-08-31T12:07:00+09:00,37.519952859,127.1123122,56.0,2026-08-31T12:07:00+09:00,environment
V02Q1940811_2026-08-31T12:07:00+09:00,37.52727312,127.116249051,55.0,2026-08-31T12:07:00+09:00,environment
V02Q1940819_2026-08-31T12:07:00+09:00,37.507344263,127.104688643,51.0,2026-08-31T12:07:00+09:00,environment
V02Q1940820_2026-08-31T12:07:00+09:00,37.511104225,127.102321793,61.0,2026-08-31T12:07:00+09:00,environment
V02Q1940821_2026-08-31T12:07:00+09:00,37.502832774,127.108694904,56.0,2026-08-31T12:07:00+09:00,environment
V02Q1940832_2026-08-31T12:07:00+09:00,37.511768309,127.124209484,45.0,2026-08-31T12:07:00+09:00,environment
V02Q1940838_2026-08-31T12:07:00+09:00,37.51767925,127.08881891,48.0,2026-08-31T12:07:00+09:00,environment
V02Q1940847_2026-08-31T12:07:00+09:00,37.489683491,127.111908205,35.0,2026-08-31T12:07:00+09:00,environment
V02Q1940873_2026-08-31T12:07:00+09:00,37.53247211,127.114301129,52.0,2026-08-31T12:07:00+09:00,environment
V02Q1940887_2026-08-31T12:07:00+09:00,37.502749128,127.09252424,54.0,2026-08-31T12:07:00+09:00,environment
V02Q1940941_2026-08-31T12:07:00+09:00,37.509088133,127.084056858,46.0,2026-08-31T12:07:00+09:00,environment
V02Q1940392_2026-08-31T13:07:00+09:00,37.538286643,127.09239683,46.0,2026-08-31T13:07:00+09:00,environment
V02Q1940403_2026-08-31T13:07:00+09:00,37.534309074,127.081985567,53.0,2026-08-31T13:07:00+09:00,environment
V02Q1940391_2026-08-31T13:07:00+09:00,37.528616803,127.085121222,46.0,2026-08-31T13:07:00+09:00,environment
V02Q1940411_2026-08-31T13:07:00+09:00,37.533878243,127.091521,35.0,2026-08-31T13:07:00+09:00,environment
V02Q1940506_2026-08-31T13:07:00+09:00,37.535029673,127.093240689,57.0,2026-08-31T13:07:00+09:00,environment
V02Q1940679_2026-08-31T13:07:00+09:00,37.495212727,127.121438826,54.0,2026-08-31T13:07:00+09:00,environment
V02Q1940706_2026-08-31T13:07:00+09:00,37.502049127,127.117110751,52.0,2026-08-31T13:07:00+09:00,environment
V02Q1940708_2026-08-31T13:07:00+09:00,37.514300619,127.091447797,58.0,2026-08-31T13:07:00+09:00,environment
V02Q1940734_2026-08-31T13:07:00+09:00,37.518407904,127.100366298,44.0,2026-08-31T13:07:00+09:00,environment
V02Q1940767_2026-08-31T13:07:00+09:00,37.502603852,127.092310875,53.0,2026-08-31T13:07:00+09:00,environment
V02Q1940772_2026-08-31T13:07:00+09:00,37.503635193,127.103503284,57.0,2026-08-31T13:07:00+09:00,environment
V02Q1940775_2026-08-31T13:07:00+09:00,37.505801455,127.109663753,53.0,2026-08-31T13:07:00+09:00,environment
V02Q1940784_2026-08-31T13:07:00+09:00,37.498247757,127.126296648,49.0,2026-08-31T13:07:00+09:00,environment
V02Q1940787_2026-08-31T13:07:00+09:00,37.512955044,127.094661921,48.0,2026-08-31T13:07:00+09:00,environment
V02Q1940788_2026-08-31T13:07:00+09:00,37.509617855,127.0741524,53.0,2026-08-31T13:07:00+09:00,environment
V02Q1940790_2026-08-31T13:07:00+09:00,37.514278277,127.112258966,46.0,2026-08-31T13:07:00+09:00,environment
V02Q1940800_2026-08-31T13:07:00+09:00,37.519952859,127.1123122,55.0,2026-08-31T13:07:00+09:00,environment
V02Q1940847_2026-08-31T13:07:00+09:00,37.489683491,127.111908205,35.0,2026-08-31T13:07:00+09:00,environment
V02Q1940713_2026-08-31T13:07:00+09:00,37.516185359,127.114540561,52.0,2026-08-31T13:07:00+09:00,environment
V02Q1940714_2026-08-31T13:07:00+09:00,37.513385412,127.10686824,60.0,2026-08-31T13:07:00+09:00,environment
V02Q1940736_2026-08-31T13:07:00+09:00,37.504194933,127.128187719,45.0,2026-08-31T13:07:00+09:00,environment
V02Q1940781_2026-08-31T13:07:00+09:00,37.506173683,127.084756221,48.0,2026-08-31T13:07:00+09:00,environment
V02Q1940811_2026-08-31T13:07:00+09:00,37.52727312,127.116249051,54.0,2026-08-31T13:07:00+09:00,environment
V02Q1940819_2026-08-31T13:07:00+09:00,37.507344263,127.104688643,51.0,2026-08-31T13:07:00+09:00,environment
V02Q1940820_2026-08-31T13:07:00+09:00,37.511104225,127.102321793,61.0,2026-08-31T13:07:00+09:00,environment
V02Q1940821_2026-08-31T13:07:00+09:00,37.502832774,127.108694904,56.0,2026-08-31T13:07:00+09:00,environment
V02Q1940832_2026-08-31T13:07:00+09:00,37.511768309,127.124209484,43.0,2026-08-31T13:07:00+09:00,environment
V02Q1940838_2026-08-31T13:07:00+09:00,37.51767925,127.08881891,48.0,2026-08-31T13:07:00+09:00,environment
V02Q1940873_2026-08-31T13:07:00+09:00,37.53247211,127.114301129,51.0,2026-08-31T13:07:00+09:00,environment
V02Q1940887_2026-08-31T13:07:00+09:00,37.502749128,127.09252424,54.0,2026-08-31T13:07:00+09:00,environment
V02Q1940941_2026-08-31T13:07:00+09:00,37.509088133,127.084056858,46.0,2026-08-31T13:07:00+09:00,environment
V02Q1940507_2026-08-31T13:07:00+09:00,37.531277474,127.123271252,46.0,2026-08-31T13:07:00+09:00,environment
V02Q1940079_2026-08-31T13:07:00+09:00,37.494102447,127.082209375,35.0,2026-08-31T13:07:00+09:00,environment
V02Q1940246_2026-08-31T13:07:00+09:00,37.49920086,127.072395308,47.0,2026-08-31T13:07:00+09:00,environment
V02Q1940082_2026-08-31T13:07:00+09:00,37.495507594,127.085748474,57.0,2026-08-31T13:07:00+09:00,environment
V02Q1940098_2026-08-31T13:07:00+09:00,37.48670146,127.1000197,63.0,2026-08-31T13:07:00+09:00,environment
V02Q1940100_2026-08-31T13:07:00+09:00,37.494978959,127.093144214,68.0,2026-08-31T13:07:00+09:00,environment
OC3CL200157_2026-08-31T13:07:00+09:00,37.492381245,127.094589306,72.0,2026-08-31T13:07:00+09:00,environment
OC3CL200017_2026-08-31T13:07:00+09:00,37.52406575,127.1285088,68.0,2026-08-31T13:07:00+09:00,environment
OC3CL200135_2026-08-31T13:07:00+09:00,37.50215692,127.07044791,63.0,2026-08-31T13:07:00+09:00,environment
OC3CL200141_2026-08-31T13:07:00+09:00,37.48877157,127.1067039,60.0,2026-08-31T13:07:00+09:00,environment
OC3CL200207_2026-08-31T13:07:00+09:00,37.494957877,127.124194746,36.0,2026-08-31T13:07:00+09:00,environment
OC3CL210115_2026-08-31T13:07:00+09:00,37.525641,127.129665,65.0,2026-08-31T13:07:00+09:00,environment
V02Q1940392_2026-08-31T14:07:00+09:00,37.538286643,127.09239683,51.0,2026-08-31T14:07:00+09:00,environment
V02Q1940403_2026-08-31T14:07:00+09:00,37.534309074,127.081985567,56.0,2026-08-31T14:07:00+09:00,environment
V02Q1940391_2026-08-31T14:07:00+09:00,37.528616803,127.085121222,52.0,2026-08-31T14:07:00+09:00,environment
V02Q1940411_2026-08-31T14:07:00+09:00,37.533878243,127.091521,35.0,2026-08-31T14:07:00+09:00,environment
V02Q1940506_2026-08-31T14:07:00+09:00,37.535029673,127.093240689,59.0,2026-08-31T14:07:00+09:00,environment
V02Q1940679_2026-08-31T14:07:00+09:00,37.495212727,127.121438826,55.0,2026-08-31T14:07:00+09:00,environment
V02Q1940706_2026-08-31T14:07:00+09:00,37.502049127,127.117110751,54.0,2026-08-31T14:07:00+09:00,environment
V02Q1940708_2026-08-31T14:07:00+09:00,37.514300619,127.091447797,60.0,2026-08-31T14:07:00+09:00,environment
V02Q1940734_2026-08-31T14:07:00+09:00,37.518407904,127.100366298,48.0,2026-08-31T14:07:00+09:00,environment
V02Q1940767_2026-08-31T14:07:00+09:00,37.502603852,127.092310875,54.0,2026-08-31T14:07:00+09:00,environment
V02Q1940772_2026-08-31T14:07:00+09:00,37.503635193,127.103503284,58.0,2026-08-31T14:07:00+09:00,environment
V02Q1940775_2026-08-31T14:07:00+09:00,37.505801455,127.109663753,54.0,2026-08-31T14:07:00+09:00,environment
V02Q1940784_2026-08-31T14:07:00+09:00,37.498247757,127.126296648,53.0,2026-08-31T14:07:00+09:00,environment
V02Q1940787_2026-08-31T14:07:00+09:00,37.512955044,127.094661921,52.0,2026-08-31T14:07:00+09:00,environment
V02Q1940790_2026-08-31T14:07:00+09:00,37.514278277,127.112258966,48.0,2026-08-31T14:07:00+09:00,environment
V02Q1940800_2026-08-31T14:07:00+09:00,37.519952859,127.1123122,58.0,2026-08-31T14:07:00+09:00,environment
V02Q1940847_2026-08-31T14:07:00+09:00,37.489683491,127.111908205,35.0,2026-08-31T14:07:00+09:00,environment
V02Q1940713_2026-08-31T14:07:00+09:00,37.516185359,127.114540561,53.0,2026-08-31T14:07:00+09:00,environment
V02Q1940714_2026-08-31T14:07:00+09:00,37.513385412,127.10686824,62.0,2026-08-31T14:07:00+09:00,environment
V02Q1940736_2026-08-31T14:07:00+09:00,37.504194933,127.128187719,51.0,2026-08-31T14:07:00+09:00,environment
V02Q1940781_2026-08-31T14:07:00+09:00,37.506173683,127.084756221,51.0,2026-08-31T14:07:00+09:00,environment
V02Q1940788_2026-08-31T14:07:00+09:00,37.509617855,127.0741524,57.0,2026-08-31T14:07:00+09:00,environment
V02Q1940811_2026-08-31T14:07:00+09:00,37.52727312,127.116249051,55.0,2026-08-31T14:07:00+09:00,environment
V02Q1940819_2026-08-31T14:07:00+09:00,37.507344263,127.104688643,54.0,2026-08-31T14:07:00+09:00,environment
V02Q1940820_2026-08-31T14:07:00+09:00,37.511104225,127.102321793,62.0,2026-08-31T14:07:00+09:00,environment
V02Q1940821_2026-08-31T14:07:00+09:00,37.502832774,127.108694904,57.0,2026-08-31T14:07:00+09:00,environment
V02Q1940832_2026-08-31T14:07:00+09:00,37.511768309,127.124209484,47.0,2026-08-31T14:07:00+09:00,environment
V02Q1940838_2026-08-31T14:07:00+09:00,37.51767925,127.08881891,48.0,2026-08-31T14:07:00+09:00,environment
V02Q1940873_2026-08-31T14:07:00+09:00,37.53247211,127.114301129,51.0,2026-08-31T14:07:00+09:00,environment
V02Q1940887_2026-08-31T14:07:00+09:00,37.502749128,127.09252424,54.0,2026-08-31T14:07:00+09:00,environment
V02Q1940941_2026-08-31T14:07:00+09:00,37.509088133,127.084056858,51.0,2026-08-31T14:07:00+09:00,environment
V02Q1940507_2026-08-31T14:07:00+09:00,37.531277474,127.123271252,49.0,2026-08-31T14:07:00+09:00,environment
V02Q1940079_2026-08-31T14:07:00+09:00,37.494102447,127.082209375,35.0,2026-08-31T14:07:00+09:00,environment
V02Q1940246_2026-08-31T14:07:00+09:00,37.49920086,127.072395308,55.0,2026-08-31T14:07:00+09:00,environment
V02Q1940082_2026-08-31T14:07:00+09:00,37.495507594,127.085748474,59.0,2026-08-31T14:07:00+09:00,environment
V02Q1940098_2026-08-31T14:07:00+09:00,37.48670146,127.1000197,64.0,2026-08-31T14:07:00+09:00,environment
V02Q1940100_2026-08-31T14:07:00+09:00,37.494978959,127.093144214,68.0,2026-08-31T14:07:00+09:00,environment
OC3CL200135_2026-08-31T14:07:00+09:00,37.50215692,127.07044791,64.0,2026-08-31T14:07:00+09:00,environment
OC3CL200141_2026-08-31T14:07:00+09:00,37.48877157,127.1067039,61.0,2026-08-31T14:07:00+09:00,environment
OC3CL200157_2026-08-31T14:07:00+09:00,37.492381245,127.094589306,73.0,2026-08-31T14:07:00+09:00,environment
OC3CL200207_2026-08-31T14:07:00+09:00,37.494957877,127.124194746,35.0,2026-08-31T14:07:00+09:00,environment
OC3CL200017_2026-08-31T14:07:00+09:00,37.52406575,127.1285088,69.0,2026-08-31T14:07:00+09:00,environment
OC3CL210115_2026-08-31T14:07:00+09:00,37.525641,127.129665,66.0,2026-08-31T14:07:00+09:00,environment
V02Q1940392_2026-08-31T15:07:00+09:00,37.538286643,127.09239683,49.0,2026-08-31T15:07:00+09:00,environment
V02Q1940403_2026-08-31T15:07:00+09:00,37.534309074,127.081985567,56.0,2026-08-31T15:07:00+09:00,environment
V02Q1940391_2026-08-31T15:07:00+09:00,37.528616803,127.085121222,52.0,2026-08-31T15:07:00+09:00,environment
V02Q1940411_2026-08-31T15:07:00+09:00,37.533878243,127.091521,36.0,2026-08-31T15:07:00+09:00,environment
V02Q1940506_2026-08-31T15:07:00+09:00,37.535029673,127.093240689,59.0,2026-08-31T15:07:00+09:00,environment
V02Q1940679_2026-08-31T15:07:00+09:00,37.495212727,127.121438826,57.0,2026-08-31T15:07:00+09:00,environment
V02Q1940706_2026-08-31T15:07:00+09:00,37.502049127,127.117110751,55.0,2026-08-31T15:07:00+09:00,environment
V02Q1940708_2026-08-31T15:07:00+09:00,37.514300619,127.091447797,60.0,2026-08-31T15:07:00+09:00,environment
V02Q1940734_2026-08-31T15:07:00+09:00,37.518407904,127.100366298,50.0,2026-08-31T15:07:00+09:00,environment
V02Q1940767_2026-08-31T15:07:00+09:00,37.502603852,127.092310875,54.0,2026-08-31T15:07:00+09:00,environment
V02Q1940772_2026-08-31T15:07:00+09:00,37.503635193,127.103503284,58.0,2026-08-31T15:07:00+09:00,environment
V02Q1940775_2026-08-31T15:07:00+09:00,37.505801455,127.109663753,55.0,2026-08-31T15:07:00+09:00,environment
V02Q1940784_2026-08-31T15:07:00+09:00,37.498247757,127.126296648,54.0,2026-08-31T15:07:00+09:00,environment
V02Q1940787_2026-08-31T15:07:00+09:00,37.512955044,127.094661921,53.0,2026-08-31T15:07:00+09:00,environment
V02Q1940788_2026-08-31T15:07:00+09:00,37.509617855,127.0741524,57.0,2026-08-31T15:07:00+09:00,environment
V02Q1940790_2026-08-31T15:07:00+09:00,37.514278277,127.112258966,51.0,2026-08-31T15:07:00+09:00,environment
V02Q1940800_2026-08-31T15:07:00+09:00,37.519952859,127.1123122,58.0,2026-08-31T15:07:00+09:00,environment
V02Q1940847_2026-08-31T15:07:00+09:00,37.489683491,127.111908205,35.0,2026-08-31T15:07:00+09:00,environment
V02Q1940713_2026-08-31T15:07:00+09:00,37.516185359,127.114540561,55.0,2026-08-31T15:07:00+09:00,environment
V02Q1940714_2026-08-31T15:07:00+09:00,37.513385412,127.10686824,63.0,2026-08-31T15:07:00+09:00,environment
V02Q1940736_2026-08-31T15:07:00+09:00,37.504194933,127.128187719,50.0,2026-08-31T15:07:00+09:00,environment
V02Q1940781_2026-08-31T15:07:00+09:00,37.506173683,127.084756221,54.0,2026-08-31T15:07:00+09:00,environment
V02Q1940811_2026-08-31T15:07:00+09:00,37.52727312,127.116249051,56.0,2026-08-31T15:07:00+09:00,environment
V02Q1940819_2026-08-31T15:07:00+09:00,37.507344263,127.104688643,54.0,2026-08-31T15:07:00+09:00,environment
V02Q1940820_2026-08-31T15:07:00+09:00,37.511104225,127.102321793,62.0,2026-08-31T15:07:00+09:00,environment
V02Q1940821_2026-08-31T15:07:00+09:00,37.502832774,127.108694904,58.0,2026-08-31T15:07:00+09:00,environment
V02Q1940832_2026-08-31T15:07:00+09:00,37.511768309,127.124209484,49.0,2026-08-31T15:07:00+09:00,environment
V02Q1940838_2026-08-31T15:07:00+09:00,37.51767925,127.08881891,48.0,2026-08-31T15:07:00+09:00,environment
V02Q1940873_2026-08-31T15:07:00+09:00,37.53247211,127.114301129,51.0,2026-08-31T15:07:00+09:00,environment
V02Q1940941_2026-08-31T15:07:00+09:00,37.509088133,127.084056858,52.0,2026-08-31T15:07:00+09:00,environment
V02Q1940507_2026-08-31T15:07:00+09:00,37.531277474,127.123271252,51.0,2026-08-31T15:07:00+09:00,environment
V02Q1940079_2026-08-31T15:07:00+09:00,37.494102447,127.082209375,35.0,2026-08-31T15:07:00+09:00,environment
V02Q1940246_2026-08-31T15:07:00+09:00,37.49920086,127.072395308,53.0,2026-08-31T15:07:00+09:00,environment
V02Q1940082_2026-08-31T15:07:00+09:00,37.495507594,127.085748474,59.0,2026-08-31T15:07:00+09:00,environment
V02Q1940098_2026-08-31T15:07:00+09:00,37.48670146,127.1000197,64.0,2026-08-31T15:07:00+09:00,environment
V02Q1940100_2026-08-31T15:07:00+09:00,37.494978959,127.093144214,68.0,2026-08-31T15:07:00+09:00,environment
OC3CL200157_2026-08-31T15:07:00+09:00,37.492381245,127.094589306,73.0,2026-08-31T15:07:00+09:00,environment
OC3CL200135_2026-08-31T15:07:00+09:00,37.50215692,127.07044791,64.0,2026-08-31T15:07:00+09:00,environment
OC3CL200141_2026-08-31T15:07:00+09:00,37.48877157,127.1067039,61.0,2026-08-31T15:07:00+09:00,environment
OC3CL200207_2026-08-31T15:07:00+09:00,37.494957877,127.124194746,35.0,2026-08-31T15:07:00+09:00,environment
OC3CL200017_2026-08-31T15:07:00+09:00,37.52406575,127.1285088,69.0,2026-08-31T15:07:00+09:00,environment
OC3CL210115_2026-08-31T15:07:00+09:00,37.525641,127.129665,66.0,2026-08-31T15:07:00+09:00,environment
V02Q1940392_2026-08-31T16:07:00+09:00,37.538286643,127.09239683,46.0,2026-08-31T16:07:00+09:00,environment
V02Q1940403_2026-08-31T16:07:00+09:00,37.534309074,127.081985567,54.0,2026-08-31T16:07:00+09:00,environment
V02Q1940391_2026-08-31T16:07:00+09:00,37.528616803,127.085121222,47.0,2026-08-31T16:07:00+09:00,environment
V02Q1940411_2026-08-31T16:07:00+09:00,37.533878243,127.091521,35.0,2026-08-31T16:07:00+09:00,environment
V02Q1940506_2026-08-31T16:07:00+09:00,37.535029673,127.093240689,58.0,2026-08-31T16:07:00+09:00,environment
V02Q1940679_2026-08-31T16:07:00+09:00,37.495212727,127.121438826,53.0,2026-08-31T16:07:00+09:00,environment
V02Q1940706_2026-08-31T16:07:00+09:00,37.502049127,127.117110751,53.0,2026-08-31T16:07:00+09:00,environment
V02Q1940708_2026-08-31T16:07:00+09:00,37.514300619,127.091447797,59.0,2026-08-31T16:07:00+09:00,environment
V02Q1940734_2026-08-31T16:07:00+09:00,37.518407904,127.100366298,44.0,2026-08-31T16:07:00+09:00,environment
V02Q1940767_2026-08-31T16:07:00+09:00,37.502603852,127.092310875,52.0,2026-08-31T16:07:00+09:00,environment
V02Q1940772_2026-08-31T16:07:00+09:00,37.503635193,127.103503284,56.0,2026-08-31T16:07:00+09:00,environment
V02Q1940775_2026-08-31T16:07:00+09:00,37.505801455,127.109663753,52.0,2026-08-31T16:07:00+09:00,environment
V02Q1940781_2026-08-31T16:07:00+09:00,37.506173683,127.084756221,51.0,2026-08-31T16:07:00+09:00,environment
V02Q1940784_2026-08-31T16:07:00+09:00,37.498247757,127.126296648,49.0,2026-08-31T16:07:00+09:00,environment
V02Q1940787_2026-08-31T16:07:00+09:00,37.512955044,127.094661921,48.0,2026-08-31T16:07:00+09:00,environment
V02Q1940788_2026-08-31T16:07:00+09:00,37.509617855,127.0741524,54.0,2026-08-31T16:07:00+09:00,environment
V02Q1940790_2026-08-31T16:07:00+09:00,37.514278277,127.112258966,44.0,2026-08-31T16:07:00+09:00,environment
V02Q1940800_2026-08-31T16:07:00+09:00,37.519952859,127.1123122,56.0,2026-08-31T16:07:00+09:00,environment
V02Q1940847_2026-08-31T16:07:00+09:00,37.489683491,127.111908205,35.0,2026-08-31T16:07:00+09:00,environment
V02Q1940713_2026-08-31T16:07:00+09:00,37.516185359,127.114540561,51.0,2026-08-31T16:07:00+09:00,environment
V02Q1940714_2026-08-31T16:07:00+09:00,37.513385412,127.10686824,60.0,2026-08-31T16:07:00+09:00,environment
V02Q1940736_2026-08-31T16:07:00+09:00,37.504194933,127.128187719,45.0,2026-08-31T16:07:00+09:00,environment
V02Q1940811_2026-08-31T16:07:00+09:00,37.52727312,127.116249051,54.0,2026-08-31T16:07:00+09:00,environment
V02Q1940819_2026-08-31T16:07:00+09:00,37.507344263,127.104688643,51.0,2026-08-31T16:07:00+09:00,environment
V02Q1940820_2026-08-31T16:07:00+09:00,37.511104225,127.102321793,60.0,2026-08-31T16:07:00+09:00,environment
V02Q1940821_2026-08-31T16:07:00+09:00,37.502832774,127.108694904,55.0,2026-08-31T16:07:00+09:00,environment
V02Q1940832_2026-08-31T16:07:00+09:00,37.511768309,127.124209484,44.0,2026-08-31T16:07:00+09:00,environment
V02Q1940838_2026-08-31T16:07:00+09:00,37.51767925,127.08881891,48.0,2026-08-31T16:07:00+09:00,environment
V02Q1940873_2026-08-31T16:07:00+09:00,37.53247211,127.114301129,47.0,2026-08-31T16:07:00+09:00,environment
V02Q1940941_2026-08-31T16:07:00+09:00,37.509088133,127.084056858,47.0,2026-08-31T16:07:00+09:00,environment
V02Q1940507_2026-08-31T16:07:00+09:00,37.531277474,127.123271252,47.0,2026-08-31T16:07:00+09:00,environment
V02Q1940079_2026-08-31T16:07:00+09:00,37.494102447,127.082209375,35.0,2026-08-31T16:07:00+09:00,environment
V02Q1940246_2026-08-31T16:07:00+09:00,37.49920086,127.072395308,48.0,2026-08-31T16:07:00+09:00,environment
V02Q1940082_2026-08-31T16:07:00+09:00,37.495507594,127.085748474,57.0,2026-08-31T16:07:00+09:00,environment
V02Q1940098_2026-08-31T16:07:00+09:00,37.48670146,127.1000197,63.0,2026-08-31T16:07:00+09:00,environment
V02Q1940100_2026-08-31T16:07:00+09:00,37.494978959,127.093144214,67.0,2026-08-31T16:07:00+09:00,environment
OC3CL200157_2026-08-31T16:07:00+09:00,37.492381245,127.094589306,72.0,2026-08-31T16:07:00+09:00,environment
OC3CL200135_2026-08-31T16:07:00+09:00,37.50215692,127.07044791,63.0,2026-08-31T16:07:00+09:00,environment
OC3CL200141_2026-08-31T16:07:00+09:00,37.48877157,127.1067039,60.0,2026-08-31T16:07:00+09:00,environment
OC3CL200207_2026-08-31T16:07:00+09:00,37.494957877,127.124194746,35.0,2026-08-31T16:07:00+09:00,environment
OC3CL200017_2026-08-31T16:07:00+09:00,37.52406575,127.1285088,68.0,2026-08-31T16:07:00+09:00,environment
OC3CL210115_2026-08-31T16:07:00+09:00,37.525641,127.129665,65.0,2026-08-31T16:07:00+09:00,environment
V02Q1940392_2026-08-31T17:07:00+09:00,37.538286643,127.09239683,45.0,2026-08-31T17:07:00+09:00,environment
V02Q1940403_2026-08-31T17:07:00+09:00,37.534309074,127.081985567,52.0,2026-08-31T17:07:00+09:00,environment
V02Q1940391_2026-08-31T17:07:00+09:00,37.528616803,127.085121222,46.0,2026-08-31T17:07:00+09:00,environment
V02Q1940411_2026-08-31T17:07:00+09:00,37.533878243,127.091521,35.0,2026-08-31T17:07:00+09:00,environment
V02Q1940506_2026-08-31T17:07:00+09:00,37.535029673,127.093240689,57.0,2026-08-31T17:07:00+09:00,environment
V02Q1940679_2026-08-31T17:07:00+09:00,37.495212727,127.121438826,52.0,2026-08-31T17:07:00+09:00,environment
V02Q1940706_2026-08-31T17:07:00+09:00,37.502049127,127.117110751,52.0,2026-08-31T17:07:00+09:00,environment
V02Q1940708_2026-08-31T17:07:00+09:00,37.514300619,127.091447797,57.0,2026-08-31T17:07:00+09:00,environment
V02Q1940734_2026-08-31T17:07:00+09:00,37.518407904,127.100366298,42.0,2026-08-31T17:07:00+09:00,environment
V02Q1940767_2026-08-31T17:07:00+09:00,37.502603852,127.092310875,50.0,2026-08-31T17:07:00+09:00,environment
V02Q1940772_2026-08-31T17:07:00+09:00,37.503635193,127.103503284,55.0,2026-08-31T17:07:00+09:00,environment
V02Q1940775_2026-08-31T17:07:00+09:00,37.505801455,127.109663753,52.0,2026-08-31T17:07:00+09:00,environment
V02Q1940781_2026-08-31T17:07:00+09:00,37.506173683,127.084756221,49.0,2026-08-31T17:07:00+09:00,environment
V02Q1940784_2026-08-31T17:07:00+09:00,37.498247757,127.126296648,47.0,2026-08-31T17:07:00+09:00,environment
V02Q1940787_2026-08-31T17:07:00+09:00,37.512955044,127.094661921,45.0,2026-08-31T17:07:00+09:00,environment
V02Q1940788_2026-08-31T17:07:00+09:00,37.509617855,127.0741524,54.0,2026-08-31T17:07:00+09:00,environment
V02Q1940790_2026-08-31T17:07:00+09:00,37.514278277,127.112258966,44.0,2026-08-31T17:07:00+09:00,environment
V02Q1940800_2026-08-31T17:07:00+09:00,37.519952859,127.1123122,55.0,2026-08-31T17:07:00+09:00,environment
V02Q1940847_2026-08-31T17:07:00+09:00,37.489683491,127.111908205,35.0,2026-08-31T17:07:00+09:00,environment
V02Q1940713_2026-08-31T17:07:00+09:00,37.516185359,127.114540561,48.0,2026-08-31T17:07:00+09:00,environment
V02Q1940714_2026-08-31T17:07:00+09:00,37.513385412,127.10686824,59.0,2026-08-31T17:07:00+09:00,environment
V02Q1940736_2026-08-31T17:07:00+09:00,37.504194933,127.128187719,42.0,2026-08-31T17:07:00+09:00,environment
V02Q1940811_2026-08-31T17:07:00+09:00,37.52727312,127.116249051,53.0,2026-08-31T17:07:00+09:00,environment
V02Q1940819_2026-08-31T17:07:00+09:00,37.507344263,127.104688643,49.0,2026-08-31T17:07:00+09:00,environment
V02Q1940820_2026-08-31T17:07:00+09:00,37.511104225,127.102321793,58.0,2026-08-31T17:07:00+09:00,environment
V02Q1940821_2026-08-31T17:07:00+09:00,37.502832774,127.108694904,53.0,2026-08-31T17:07:00+09:00,environment
V02Q1940832_2026-08-31T17:07:00+09:00,37.511768309,127.124209484,44.0,2026-08-31T17:07:00+09:00,environment
V02Q1940838_2026-08-31T17:07:00+09:00,37.51767925,127.08881891,47.0,2026-08-31T17:07:00+09:00,environment
V02Q1940873_2026-08-31T17:07:00+09:00,37.53247211,127.114301129,47.0,2026-08-31T17:07:00+09:00,environment
V02Q1940941_2026-08-31T17:07:00+09:00,37.509088133,127.084056858,45.0,2026-08-31T17:07:00+09:00,environment
V02Q1940507_2026-08-31T17:07:00+09:00,37.531277474,127.123271252,45.0,2026-08-31T17:07:00+09:00,environment
V02Q1940079_2026-08-31T17:07:00+09:00,37.494102447,127.082209375,35.0,2026-08-31T17:07:00+09:00,environment
V02Q1940246_2026-08-31T17:07:00+09:00,37.49920086,127.072395308,45.0,2026-08-31T17:07:00+09:00,environment
V02Q1940082_2026-08-31T17:07:00+09:00,37.495507594,127.085748474,56.0,2026-08-31T17:07:00+09:00,environment
V02Q1940098_2026-08-31T17:07:00+09:00,37.48670146,127.1000197,62.0,2026-08-31T17:07:00+09:00,environment
V02Q1940100_2026-08-31T17:07:00+09:00,37.494978959,127.093144214,65.0,2026-08-31T17:07:00+09:00,environment
OC3CL200157_2026-08-31T17:07:00+09:00,37.492381245,127.094589306,71.0,2026-08-31T17:07:00+09:00,environment
OC3CL200135_2026-08-31T17:07:00+09:00,37.50215692,127.07044791,62.0,2026-08-31T17:07:00+09:00,environment
OC3CL200141_2026-08-31T17:07:00+09:00,37.48877157,127.1067039,59.0,2026-08-31T17:07:00+09:00,environment
OC3CL200207_2026-08-31T17:07:00+09:00,37.494957877,127.124194746,35.0,2026-08-31T17:07:00+09:00,environment
OC3CL200017_2026-08-31T17:07:00+09:00,37.52406575,127.1285088,67.0,2026-08-31T17:07:00+09:00,environment
OC3CL210115_2026-08-31T17:07:00+09:00,37.525641,127.129665,64.0,2026-08-31T17:07:00+09:00,environment
V02Q1940392_2026-08-31T18:07:00+09:00,37.538286643,127.09239683,42.0,2026-08-31T18:07:00+09:00,environment
V02Q1940403_2026-08-31T18:07:00+09:00,37.534309074,127.081985567,52.0,2026-08-31T18:07:00+09:00,environment
V02Q1940391_2026-08-31T18:07:00+09:00,37.528616803,127.085121222,45.0,2026-08-31T18:07:00+09:00,environment
V02Q1940411_2026-08-31T18:07:00+09:00,37.533878243,127.091521,35.0,2026-08-31T18:07:00+09:00,environment
V02Q1940506_2026-08-31T18:07:00+09:00,37.535029673,127.093240689,56.0,2026-08-31T18:07:00+09:00,environment
V02Q1940679_2026-08-31T18:07:00+09:00,37.495212727,127.121438826,52.0,2026-08-31T18:07:00+09:00,environment
V02Q1940706_2026-08-31T18:07:00+09:00,37.502049127,127.117110751,51.0,2026-08-31T18:07:00+09:00,environment
V02Q1940708_2026-08-31T18:07:00+09:00,37.514300619,127.091447797,56.0,2026-08-31T18:07:00+09:00,environment
V02Q1940734_2026-08-31T18:07:00+09:00,37.518407904,127.100366298,42.0,2026-08-31T18:07:00+09:00,environment
V02Q1940736_2026-08-31T18:07:00+09:00,37.504194933,127.128187719,42.0,2026-08-31T18:07:00+09:00,environment
V02Q1940767_2026-08-31T18:07:00+09:00,37.502603852,127.092310875,51.0,2026-08-31T18:07:00+09:00,environment
V02Q1940772_2026-08-31T18:07:00+09:00,37.503635193,127.103503284,55.0,2026-08-31T18:07:00+09:00,environment
V02Q1940775_2026-08-31T18:07:00+09:00,37.505801455,127.109663753,51.0,2026-08-31T18:07:00+09:00,environment
V02Q1940781_2026-08-31T18:07:00+09:00,37.506173683,127.084756221,47.0,2026-08-31T18:07:00+09:00,environment
V02Q1940784_2026-08-31T18:07:00+09:00,37.498247757,127.126296648,47.0,2026-08-31T18:07:00+09:00,environment
V02Q1940787_2026-08-31T18:07:00+09:00,37.512955044,127.094661921,44.0,2026-08-31T18:07:00+09:00,environment
V02Q1940788_2026-08-31T18:07:00+09:00,37.509617855,127.0741524,53.0,2026-08-31T18:07:00+09:00,environment
V02Q1940790_2026-08-31T18:07:00+09:00,37.514278277,127.112258966,44.0,2026-08-31T18:07:00+09:00,environment
V02Q1940800_2026-08-31T18:07:00+09:00,37.519952859,127.1123122,54.0,2026-08-31T18:07:00+09:00,environment
V02Q1940847_2026-08-31T18:07:00+09:00,37.489683491,127.111908205,35.0,2026-08-31T18:07:00+09:00,environment
V02Q1940713_2026-08-31T18:07:00+09:00,37.516185359,127.114540561,48.0,2026-08-31T18:07:00+09:00,environment
V02Q1940714_2026-08-31T18:07:00+09:00,37.513385412,127.10686824,58.0,2026-08-31T18:07:00+09:00,environment
V02Q1940811_2026-08-31T18:07:00+09:00,37.52727312,127.116249051,53.0,2026-08-31T18:07:00+09:00,environment
V02Q1940819_2026-08-31T18:07:00+09:00,37.507344263,127.104688643,48.0,2026-08-31T18:07:00+09:00,environment
V02Q1940820_2026-08-31T18:07:00+09:00,37.511104225,127.102321793,58.0,2026-08-31T18:07:00+09:00,environment
V02Q1940821_2026-08-31T18:07:00+09:00,37.502832774,127.108694904,53.0,2026-08-31T18:07:00+09:00,environment
V02Q1940832_2026-08-31T18:07:00+09:00,37.511768309,127.124209484,41.0,2026-08-31T18:07:00+09:00,environment
V02Q1940838_2026-08-31T18:07:00+09:00,37.51767925,127.08881891,47.0,2026-08-31T18:07:00+09:00,environment
V02Q1940873_2026-08-31T18:07:00+09:00,37.53247211,127.114301129,46.0,2026-08-31T18:07:00+09:00,environment
V02Q1940941_2026-08-31T18:07:00+09:00,37.509088133,127.084056858,43.0,2026-08-31T18:07:00+09:00,environment
V02Q1940507_2026-08-31T18:07:00+09:00,37.531277474,127.123271252,45.0,2026-08-31T18:07:00+09:00,environment
V02Q1940079_2026-08-31T18:07:00+09:00,37.494102447,127.082209375,35.0,2026-08-31T18:07:00+09:00,environment
V02Q1940246_2026-08-31T18:07:00+09:00,37.49920086,127.072395308,43.0,2026-08-31T18:07:00+09:00,environment
V02Q1940082_2026-08-31T18:07:00+09:00,37.495507594,127.085748474,55.0,2026-08-31T18:07:00+09:00,environment
V02Q1940098_2026-08-31T18:07:00+09:00,37.48670146,127.1000197,61.0,2026-08-31T18:07:00+09:00,environment
V02Q1940100_2026-08-31T18:07:00+09:00,37.494978959,127.093144214,65.0,2026-08-31T18:07:00+09:00,environment
OC3CL200157_2026-08-31T18:07:00+09:00,37.492381245,127.094589306,70.0,2026-08-31T18:07:00+09:00,environment
OC3CL200135_2026-08-31T18:07:00+09:00,37.50215692,127.07044791,62.0,2026-08-31T18:07:00+09:00,environment
OC3CL200141_2026-08-31T18:07:00+09:00,37.48877157,127.1067039,59.0,2026-08-31T18:07:00+09:00,environment
OC3CL200207_2026-08-31T18:07:00+09:00,37.494957877,127.124194746,35.0,2026-08-31T18:07:00+09:00,environment
OC3CL200017_2026-08-31T18:07:00+09:00,37.52406575,127.1285088,66.0,2026-08-31T18:07:00+09:00,environment
OC3CL210115_2026-08-31T18:07:00+09:00,37.525641,127.129665,65.0,2026-08-31T18:07:00+09:00,environment
V02Q1940392_2026-08-31T19:07:00+09:00,37.538286643,127.09239683,43.0,2026-08-31T19:07:00+09:00,environment
V02Q1940403_2026-08-31T19:07:00+09:00,37.534309074,127.081985567,52.0,2026-08-31T19:07:00+09:00,environment
V02Q1940391_2026-08-31T19:07:00+09:00,37.528616803,127.085121222,44.0,2026-08-31T19:07:00+09:00,environment
V02Q1940411_2026-08-31T19:07:00+09:00,37.533878243,127.091521,35.0,2026-08-31T19:07:00+09:00,environment
V02Q1940506_2026-08-31T19:07:00+09:00,37.535029673,127.093240689,57.0,2026-08-31T19:07:00+09:00,environment
V02Q1940784_2026-08-31T19:07:00+09:00,37.498247757,127.126296648,47.0,2026-08-31T19:07:00+09:00,environment
V02Q1940679_2026-08-31T19:07:00+09:00,37.495212727,127.121438826,53.0,2026-08-31T19:07:00+09:00,environment
V02Q1940706_2026-08-31T19:07:00+09:00,37.502049127,127.117110751,52.0,2026-08-31T19:07:00+09:00,environment
V02Q1940708_2026-08-31T19:07:00+09:00,37.514300619,127.091447797,57.0,2026-08-31T19:07:00+09:00,environment
V02Q1940734_2026-08-31T19:07:00+09:00,37.518407904,127.100366298,41.0,2026-08-31T19:07:00+09:00,environment
V02Q1940736_2026-08-31T19:07:00+09:00,37.504194933,127.128187719,42.0,2026-08-31T19:07:00+09:00,environment
V02Q1940767_2026-08-31T19:07:00+09:00,37.502603852,127.092310875,51.0,2026-08-31T19:07:00+09:00,environment
V02Q1940772_2026-08-31T19:07:00+09:00,37.503635193,127.103503284,55.0,2026-08-31T19:07:00+09:00,environment
V02Q1940775_2026-08-31T19:07:00+09:00,37.505801455,127.109663753,51.0,2026-08-31T19:07:00+09:00,environment
V02Q1940781_2026-08-31T19:07:00+09:00,37.506173683,127.084756221,46.0,2026-08-31T19:07:00+09:00,environment
V02Q1940787_2026-08-31T19:07:00+09:00,37.512955044,127.094661921,45.0,2026-08-31T19:07:00+09:00,environment
V02Q1940788_2026-08-31T19:07:00+09:00,37.509617855,127.0741524,53.0,2026-08-31T19:07:00+09:00,environment
V02Q1940790_2026-08-31T19:07:00+09:00,37.514278277,127.112258966,43.0,2026-08-31T19:07:00+09:00,environment
V02Q1940800_2026-08-31T19:07:00+09:00,37.519952859,127.1123122,55.0,2026-08-31T19:07:00+09:00,environment
V02Q1940847_2026-08-31T19:07:00+09:00,37.489683491,127.111908205,35.0,2026-08-31T19:07:00+09:00,environment
V02Q1940713_2026-08-31T19:07:00+09:00,37.516185359,127.114540561,49.0,2026-08-31T19:07:00+09:00,environment
V02Q1940714_2026-08-31T19:07:00+09:00,37.513385412,127.10686824,58.0,2026-08-31T19:07:00+09:00,environment
V02Q1940811_2026-08-31T19:07:00+09:00,37.52727312,127.116249051,54.0,2026-08-31T19:07:00+09:00,environment
V02Q1940819_2026-08-31T19:07:00+09:00,37.507344263,127.104688643,48.0,2026-08-31T19:07:00+09:00,environment
V02Q1940820_2026-08-31T19:07:00+09:00,37.511104225,127.102321793,59.0,2026-08-31T19:07:00+09:00,environment
V02Q1940821_2026-08-31T19:07:00+09:00,37.502832774,127.108694904,53.0,2026-08-31T19:07:00+09:00,environment
V02Q1940832_2026-08-31T19:07:00+09:00,37.511768309,127.124209484,41.0,2026-08-31T19:07:00+09:00,environment
V02Q1940838_2026-08-31T19:07:00+09:00,37.51767925,127.08881891,46.0,2026-08-31T19:07:00+09:00,environment
V02Q1940873_2026-08-31T19:07:00+09:00,37.53247211,127.114301129,47.0,2026-08-31T19:07:00+09:00,environment
V02Q1940941_2026-08-31T19:07:00+09:00,37.509088133,127.084056858,44.0,2026-08-31T19:07:00+09:00,environment
V02Q1940507_2026-08-31T19:07:00+09:00,37.531277474,127.123271252,45.0,2026-08-31T19:07:00+09:00,environment
V02Q1940079_2026-08-31T19:07:00+09:00,37.494102447,127.082209375,35.0,2026-08-31T19:07:00+09:00,environment
V02Q1940246_2026-08-31T19:07:00+09:00,37.49920086,127.072395308,44.0,2026-08-31T19:07:00+09:00,environment
V02Q1940082_2026-08-31T19:07:00+09:00,37.495507594,127.085748474,55.0,2026-08-31T19:07:00+09:00,environment
V02Q1940098_2026-08-31T19:07:00+09:00,37.48670146,127.1000197,62.0,2026-08-31T19:07:00+09:00,environment
V02Q1940100_2026-08-31T19:07:00+09:00,37.494978959,127.093144214,65.0,2026-08-31T19:07:00+09:00,environment
OC3CL200135_2026-08-31T19:07:00+09:00,37.50215692,127.07044791,62.0,2026-08-31T19:07:00+09:00,environment
OC3CL200141_2026-08-31T19:07:00+09:00,37.48877157,127.1067039,59.0,2026-08-31T19:07:00+09:00,environment
OC3CL200157_2026-08-31T19:07:00+09:00,37.492381245,127.094589306,71.0,2026-08-31T19:07:00+09:00,environment
OC3CL200207_2026-08-31T19:07:00+09:00,37.494957877,127.124194746,35.0,2026-08-31T19:07:00+09:00,environment
OC3CL200017_2026-08-31T19:07:00+09:00,37.52406575,127.1285088,67.0,2026-08-31T19:07:00+09:00,environment
OC3CL210115_2026-08-31T19:07:00+09:00,37.525641,127.129665,65.0,2026-08-31T19:07:00+09:00,environment
V02Q1940392_2026-08-31T20:07:00+09:00,37.538286643,127.09239683,45.0,2026-08-31T20:07:00+09:00,environment
V02Q1940403_2026-08-31T20:07:00+09:00,37.534309074,127.081985567,52.0,2026-08-31T20:07:00+09:00,environment
V02Q1940391_2026-08-31T20:07:00+09:00,37.528616803,127.085121222,45.0,2026-08-31T20:07:00+09:00,environment
V02Q1940411_2026-08-31T20:07:00+09:00,37.533878243,127.091521,35.0,2026-08-31T20:07:00+09:00,environment
V02Q1940506_2026-08-31T20:07:00+09:00,37.535029673,127.093240689,56.0,2026-08-31T20:07:00+09:00,environment
V02Q1940679_2026-08-31T20:07:00+09:00,37.495212727,127.121438826,53.0,2026-08-31T20:07:00+09:00,environment
V02Q1940734_2026-08-31T20:07:00+09:00,37.518407904,127.100366298,42.0,2026-08-31T20:07:00+09:00,environment
V02Q1940784_2026-08-31T20:07:00+09:00,37.498247757,127.126296648,49.0,2026-08-31T20:07:00+09:00,environment
V02Q1940706_2026-08-31T20:07:00+09:00,37.502049127,127.117110751,52.0,2026-08-31T20:07:00+09:00,environment
V02Q1940708_2026-08-31T20:07:00+09:00,37.514300619,127.091447797,57.0,2026-08-31T20:07:00+09:00,environment
V02Q1940736_2026-08-31T20:07:00+09:00,37.504194933,127.128187719,44.0,2026-08-31T20:07:00+09:00,environment
V02Q1940767_2026-08-31T20:07:00+09:00,37.502603852,127.092310875,51.0,2026-08-31T20:07:00+09:00,environment
V02Q1940772_2026-08-31T20:07:00+09:00,37.503635193,127.103503284,55.0,2026-08-31T20:07:00+09:00,environment
V02Q1940775_2026-08-31T20:07:00+09:00,37.505801455,127.109663753,51.0,2026-08-31T20:07:00+09:00,environment
V02Q1940781_2026-08-31T20:07:00+09:00,37.506173683,127.084756221,46.0,2026-08-31T20:07:00+09:00,environment
V02Q1940787_2026-08-31T20:07:00+09:00,37.512955044,127.094661921,45.0,2026-08-31T20:07:00+09:00,environment
V02Q1940788_2026-08-31T20:07:00+09:00,37.509617855,127.0741524,53.0,2026-08-31T20:07:00+09:00,environment
V02Q1940790_2026-08-31T20:07:00+09:00,37.514278277,127.112258966,44.0,2026-08-31T20:07:00+09:00,environment
V02Q1940800_2026-08-31T20:07:00+09:00,37.519952859,127.1123122,55.0,2026-08-31T20:07:00+09:00,environment
V02Q1940832_2026-08-31T20:07:00+09:00,37.511768309,127.124209484,43.0,2026-08-31T20:07:00+09:00,environment
V02Q1940847_2026-08-31T20:07:00+09:00,37.489683491,127.111908205,35.0,2026-08-31T20:07:00+09:00,environment
V02Q1940713_2026-08-31T20:07:00+09:00,37.516185359,127.114540561,51.0,2026-08-31T20:07:00+09:00,environment
V02Q1940714_2026-08-31T20:07:00+09:00,37.513385412,127.10686824,59.0,2026-08-31T20:07:00+09:00,environment
V02Q1940811_2026-08-31T20:07:00+09:00,37.52727312,127.116249051,53.0,2026-08-31T20:07:00+09:00,environment
V02Q1940819_2026-08-31T20:07:00+09:00,37.507344263,127.104688643,49.0,2026-08-31T20:07:00+09:00,environment
V02Q1940820_2026-08-31T20:07:00+09:00,37.511104225,127.102321793,60.0,2026-08-31T20:07:00+09:00,environment
V02Q1940821_2026-08-31T20:07:00+09:00,37.502832774,127.108694904,54.0,2026-08-31T20:07:00+09:00,environment
V02Q1940838_2026-08-31T20:07:00+09:00,37.51767925,127.08881891,46.0,2026-08-31T20:07:00+09:00,environment
V02Q1940873_2026-08-31T20:07:00+09:00,37.53247211,127.114301129,48.0,2026-08-31T20:07:00+09:00,environment
V02Q1940941_2026-08-31T20:07:00+09:00,37.509088133,127.084056858,45.0,2026-08-31T20:07:00+09:00,environment
V02Q1940507_2026-08-31T20:07:00+09:00,37.531277474,127.123271252,45.0,2026-08-31T20:07:00+09:00,environment
V02Q1940079_2026-08-31T20:07:00+09:00,37.494102447,127.082209375,35.0,2026-08-31T20:07:00+09:00,environment
V02Q1940246_2026-08-31T20:07:00+09:00,37.49920086,127.072395308,46.0,2026-08-31T20:07:00+09:00,environment
V02Q1940082_2026-08-31T20:07:00+09:00,37.495507594,127.085748474,56.0,2026-08-31T20:07:00+09:00,environment
V02Q1940098_2026-08-31T20:07:00+09:00,37.48670146,127.1000197,63.0,2026-08-31T20:07:00+09:00,environment
V02Q1940100_2026-08-31T20:07:00+09:00,37.494978959,127.093144214,66.0,2026-08-31T20:07:00+09:00,environment
OC3CL200135_2026-08-31T20:07:00+09:00,37.50215692,127.07044791,61.0,2026-08-31T20:07:00+09:00,environment
OC3CL200141_2026-08-31T20:07:00+09:00,37.48877157,127.1067039,59.0,2026-08-31T20:07:00+09:00,environment
OC3CL200157_2026-08-31T20:07:00+09:00,37.492381245,127.094589306,70.0,2026-08-31T20:07:00+09:00,environment
OC3CL200207_2026-08-31T20:07:00+09:00,37.494957877,127.124194746,35.0,2026-08-31T20:07:00+09:00,environment
OC3CL200017_2026-08-31T20:07:00+09:00,37.52406575,127.1285088,67.0,2026-08-31T20:07:00+09:00,environment
OC3CL210115_2026-08-31T20:07:00+09:00,37.525641,127.129665,65.0,2026-08-31T20:07:00+09:00,environment
OC3CL200135_2026-08-31T21:07:00+09:00,37.50215692,127.07044791,61.0,2026-08-31T21:07:00+09:00,environment
OC3CL200141_2026-08-31T21:07:00+09:00,37.48877157,127.1067039,61.0,2026-08-31T21:07:00+09:00,environment
OC3CL200157_2026-08-31T21:07:00+09:00,37.492381245,127.094589306,71.0,2026-08-31T21:07:00+09:00,environment
OC3CL200207_2026-08-31T21:07:00+09:00,37.494957877,127.124194746,35.0,2026-08-31T21:07:00+09:00,environment
OC3CL210115_2026-08-31T21:07:00+09:00,37.525641,127.129665,63.0,2026-08-31T21:07:00+09:00,environment
V02Q1940079_2026-08-31T21:07:00+09:00,37.494102447,127.082209375,35.0,2026-08-31T21:07:00+09:00,environment
V02Q1940082_2026-08-31T21:07:00+09:00,37.495507594,127.085748474,56.0,2026-08-31T21:07:00+09:00,environment
V02Q1940098_2026-08-31T21:07:00+09:00,37.48670146,127.1000197,64.0,2026-08-31T21:07:00+09:00,environment
V02Q1940100_2026-08-31T21:07:00+09:00,37.494978959,127.093144214,68.0,2026-08-31T21:07:00+09:00,environment
V02Q1940246_2026-08-31T21:07:00+09:00,37.49920086,127.072395308,49.0,2026-08-31T21:07:00+09:00,environment
V02Q1940391_2026-08-31T21:07:00+09:00,37.528616803,127.085121222,45.0,2026-08-31T21:07:00+09:00,environment
V02Q1940392_2026-08-31T21:07:00+09:00,37.538286643,127.09239683,48.0,2026-08-31T21:07:00+09:00,environment
V02Q1940403_2026-08-31T21:07:00+09:00,37.534309074,127.081985567,51.0,2026-08-31T21:07:00+09:00,environment
V02Q1940411_2026-08-31T21:07:00+09:00,37.533878243,127.091521,35.0,2026-08-31T21:07:00+09:00,environment
V02Q1940506_2026-08-31T21:07:00+09:00,37.535029673,127.093240689,56.0,2026-08-31T21:07:00+09:00,environment
V02Q1940507_2026-08-31T21:07:00+09:00,37.531277474,127.123271252,45.0,2026-08-31T21:07:00+09:00,environment
V02Q1940679_2026-08-31T21:07:00+09:00,37.495212727,127.121438826,53.0,2026-08-31T21:07:00+09:00,environment
V02Q1940706_2026-08-31T21:07:00+09:00,37.502049127,127.117110751,52.0,2026-08-31T21:07:00+09:00,environment
V02Q1940708_2026-08-31T21:07:00+09:00,37.514300619,127.091447797,56.0,2026-08-31T21:07:00+09:00,environment
V02Q1940713_2026-08-31T21:07:00+09:00,37.516185359,127.114540561,50.0,2026-08-31T21:07:00+09:00,environment
V02Q1940714_2026-08-31T21:07:00+09:00,37.513385412,127.10686824,59.0,2026-08-31T21:07:00+09:00,environment
V02Q1940734_2026-08-31T21:07:00+09:00,37.518407904,127.100366298,42.0,2026-08-31T21:07:00+09:00,environment
V02Q1940736_2026-08-31T21:07:00+09:00,37.504194933,127.128187719,44.0,2026-08-31T21:07:00+09:00,environment
V02Q1940767_2026-08-31T21:07:00+09:00,37.502603852,127.092310875,51.0,2026-08-31T21:07:00+09:00,environment
V02Q1940772_2026-08-31T21:07:00+09:00,37.503635193,127.103503284,55.0,2026-08-31T21:07:00+09:00,environment
V02Q1940775_2026-08-31T21:07:00+09:00,37.505801455,127.109663753,52.0,2026-08-31T21:07:00+09:00,environment
V02Q1940781_2026-08-31T21:07:00+09:00,37.506173683,127.084756221,45.0,2026-08-31T21:07:00+09:00,environment
V02Q1940784_2026-08-31T21:07:00+09:00,37.498247757,127.126296648,48.0,2026-08-31T21:07:00+09:00,environment
V02Q1940787_2026-08-31T21:07:00+09:00,37.512955044,127.094661921,46.0,2026-08-31T21:07:00+09:00,environment
V02Q1940788_2026-08-31T21:07:00+09:00,37.509617855,127.0741524,52.0,2026-08-31T21:07:00+09:00,environment
V02Q1940790_2026-08-31T21:07:00+09:00,37.514278277,127.112258966,43.0,2026-08-31T21:07:00+09:00,environment
V02Q1940800_2026-08-31T21:07:00+09:00,37.519952859,127.1123122,55.0,2026-08-31T21:07:00+09:00,environment
V02Q1940811_2026-08-31T21:07:00+09:00,37.52727312,127.116249051,53.0,2026-08-31T21:07:00+09:00,environment
V02Q1940819_2026-08-31T21:07:00+09:00,37.507344263,127.104688643,49.0,2026-08-31T21:07:00+09:00,environment
V02Q1940820_2026-08-31T21:07:00+09:00,37.511104225,127.102321793,59.0,2026-08-31T21:07:00+09:00,environment
V02Q1940821_2026-08-31T21:07:00+09:00,37.502832774,127.108694904,55.0,2026-08-31T21:07:00+09:00,environment
V02Q1940832_2026-08-31T21:07:00+09:00,37.511768309,127.124209484,42.0,2026-08-31T21:07:00+09:00,environment
V02Q1940838_2026-08-31T21:07:00+09:00,37.51767925,127.08881891,47.0,2026-08-31T21:07:00+09:00,environment
V02Q1940847_2026-08-31T21:07:00+09:00,37.489683491,127.111908205,35.0,2026-08-31T21:07:00+09:00,environment
V02Q1940873_2026-08-31T21:07:00+09:00,37.53247211,127.114301129,48.0,2026-08-31T21:07:00+09:00,environment
V02Q1940941_2026-08-31T21:07:00+09:00,37.509088133,127.084056858,46.0,2026-08-31T21:07:00+09:00,environment
OC3CL200135_2026-08-31T22:07:00+09:00,37.50215692,127.07044791,60.0,2026-08-31T22:07:00+09:00,environment
OC3CL200141_2026-08-31T22:07:00+09:00,37.48877157,127.1067039,61.0,2026-08-31T22:07:00+09:00,environment
OC3CL200157_2026-08-31T22:07:00+09:00,37.492381245,127.094589306,70.0,2026-08-31T22:07:00+09:00,environment
OC3CL200207_2026-08-31T22:07:00+09:00,37.494957877,127.124194746,35.0,2026-08-31T22:07:00+09:00,environment
OC3CL210115_2026-08-31T22:07:00+09:00,37.525641,127.129665,62.0,2026-08-31T22:07:00+09:00,environment
V02Q1940079_2026-08-31T22:07:00+09:00,37.494102447,127.082209375,35.0,2026-08-31T22:07:00+09:00,environment
V02Q1940082_2026-08-31T22:07:00+09:00,37.495507594,127.085748474,55.0,2026-08-31T22:07:00+09:00,environment
V02Q1940098_2026-08-31T22:07:00+09:00,37.48670146,127.1000197,64.0,2026-08-31T22:07:00+09:00,environment
V02Q1940100_2026-08-31T22:07:00+09:00,37.494978959,127.093144214,67.0,2026-08-31T22:07:00+09:00,environment
V02Q1940246_2026-08-31T22:07:00+09:00,37.49920086,127.072395308,48.0,2026-08-31T22:07:00+09:00,environment
V02Q1940391_2026-08-31T22:07:00+09:00,37.528616803,127.085121222,46.0,2026-08-31T22:07:00+09:00,environment
V02Q1940392_2026-08-31T22:07:00+09:00,37.538286643,127.09239683,43.0,2026-08-31T22:07:00+09:00,environment
V02Q1940403_2026-08-31T22:07:00+09:00,37.534309074,127.081985567,52.0,2026-08-31T22:07:00+09:00,environment
V02Q1940411_2026-08-31T22:07:00+09:00,37.533878243,127.091521,35.0,2026-08-31T22:07:00+09:00,environment
V02Q1940506_2026-08-31T22:07:00+09:00,37.535029673,127.093240689,55.0,2026-08-31T22:07:00+09:00,environment
V02Q1940507_2026-08-31T22:07:00+09:00,37.531277474,127.123271252,44.0,2026-08-31T22:07:00+09:00,environment
V02Q1940679_2026-08-31T22:07:00+09:00,37.495212727,127.121438826,53.0,2026-08-31T22:07:00+09:00,environment
V02Q1940706_2026-08-31T22:07:00+09:00,37.502049127,127.117110751,51.0,2026-08-31T22:07:00+09:00,environment
V02Q1940708_2026-08-31T22:07:00+09:00,37.514300619,127.091447797,57.0,2026-08-31T22:07:00+09:00,environment
V02Q1940713_2026-08-31T22:07:00+09:00,37.516185359,127.114540561,49.0,2026-08-31T22:07:00+09:00,environment
V02Q1940714_2026-08-31T22:07:00+09:00,37.513385412,127.10686824,58.0,2026-08-31T22:07:00+09:00,environment
V02Q1940734_2026-08-31T22:07:00+09:00,37.518407904,127.100366298,42.0,2026-08-31T22:07:00+09:00,environment
V02Q1940736_2026-08-31T22:07:00+09:00,37.504194933,127.128187719,44.0,2026-08-31T22:07:00+09:00,environment
V02Q1940767_2026-08-31T22:07:00+09:00,37.502603852,127.092310875,51.0,2026-08-31T22:07:00+09:00,environment
V02Q1940772_2026-08-31T22:07:00+09:00,37.503635193,127.103503284,55.0,2026-08-31T22:07:00+09:00,environment
V02Q1940775_2026-08-31T22:07:00+09:00,37.505801455,127.109663753,52.0,2026-08-31T22:07:00+09:00,environment
V02Q1940781_2026-08-31T22:07:00+09:00,37.506173683,127.084756221,45.0,2026-08-31T22:07:00+09:00,environment
V02Q1940784_2026-08-31T22:07:00+09:00,37.498247757,127.126296648,48.0,2026-08-31T22:07:00+09:00,environment
V02Q1940787_2026-08-31T22:07:00+09:00,37.512955044,127.094661921,46.0,2026-08-31T22:07:00+09:00,environment
V02Q1940788_2026-08-31T22:07:00+09:00,37.509617855,127.0741524,52.0,2026-08-31T22:07:00+09:00,environment
V02Q1940790_2026-08-31T22:07:00+09:00,37.514278277,127.112258966,43.0,2026-08-31T22:07:00+09:00,environment
V02Q1940800_2026-08-31T22:07:00+09:00,37.519952859,127.1123122,54.0,2026-08-31T22:07:00+09:00,environment
V02Q1940811_2026-08-31T22:07:00+09:00,37.52727312,127.116249051,53.0,2026-08-31T22:07:00+09:00,environment
V02Q1940819_2026-08-31T22:07:00+09:00,37.507344263,127.104688643,49.0,2026-08-31T22:07:00+09:00,environment
V02Q1940820_2026-08-31T22:07:00+09:00,37.511104225,127.102321793,59.0,2026-08-31T22:07:00+09:00,environment
V02Q1940821_2026-08-31T22:07:00+09:00,37.502832774,127.108694904,55.0,2026-08-31T22:07:00+09:00,environment
V02Q1940832_2026-08-31T22:07:00+09:00,37.511768309,127.124209484,42.0,2026-08-31T22:07:00+09:00,environment
V02Q1940838_2026-08-31T22:07:00+09:00,37.51767925,127.08881891,47.0,2026-08-31T22:07:00+09:00,environment
V02Q1940847_2026-08-31T22:07:00+09:00,37.489683491,127.111908205,35.0,2026-08-31T22:07:00+09:00,environment
V02Q1940873_2026-08-31T22:07:00+09:00,37.53247211,127.114301129,48.0,2026-08-31T22:07:00+09:00,environment
V02Q1940941_2026-08-31T22:07:00+09:00,37.509088133,127.084056858,45.0,2026-08-31T22:07:00+09:00,environment
OC3CL200135_2026-08-31T23:07:00+09:00,37.50215692,127.07044791,61.0,2026-08-31T23:07:00+09:00,environment
OC3CL200141_2026-08-31T23:07:00+09:00,37.48877157,127.1067039,60.0,2026-08-31T23:07:00+09:00,environment
OC3CL200157_2026-08-31T23:07:00+09:00,37.492381245,127.094589306,69.0,2026-08-31T23:07:00+09:00,environment
OC3CL200207_2026-08-31T23:07:00+09:00,37.494957877,127.124194746,35.0,2026-08-31T23:07:00+09:00,environment
OC3CL210115_2026-08-31T23:07:00+09:00,37.525641,127.129665,61.0,2026-08-31T23:07:00+09:00,environment
V02Q1940079_2026-08-31T23:07:00+09:00,37.494102447,127.082209375,35.0,2026-08-31T23:07:00+09:00,environment
V02Q1940082_2026-08-31T23:07:00+09:00,37.495507594,127.085748474,53.0,2026-08-31T23:07:00+09:00,environment
V02Q1940098_2026-08-31T23:07:00+09:00,37.48670146,127.1000197,61.0,2026-08-31T23:07:00+09:00,environment
V02Q1940100_2026-08-31T23:07:00+09:00,37.494978959,127.093144214,65.0,2026-08-31T23:07:00+09:00,environment
V02Q1940246_2026-08-31T23:07:00+09:00,37.49920086,127.072395308,47.0,2026-08-31T23:07:00+09:00,environment
V02Q1940391_2026-08-31T23:07:00+09:00,37.528616803,127.085121222,42.0,2026-08-31T23:07:00+09:00,environment
V02Q1940392_2026-08-31T23:07:00+09:00,37.538286643,127.09239683,43.0,2026-08-31T23:07:00+09:00,environment
V02Q1940403_2026-08-31T23:07:00+09:00,37.534309074,127.081985567,48.0,2026-08-31T23:07:00+09:00,environment
V02Q1940411_2026-08-31T23:07:00+09:00,37.533878243,127.091521,35.0,2026-08-31T23:07:00+09:00,environment
V02Q1940506_2026-08-31T23:07:00+09:00,37.535029673,127.093240689,52.0,2026-08-31T23:07:00+09:00,environment
V02Q1940507_2026-08-31T23:07:00+09:00,37.531277474,127.123271252,41.0,2026-08-31T23:07:00+09:00,environment
V02Q1940679_2026-08-31T23:07:00+09:00,37.495212727,127.121438826,51.0,2026-08-31T23:07:00+09:00,environment
V02Q1940706_2026-08-31T23:07:00+09:00,37.502049127,127.117110751,48.0,2026-08-31T23:07:00+09:00,environment
V02Q1940708_2026-08-31T23:07:00+09:00,37.514300619,127.091447797,54.0,2026-08-31T23:07:00+09:00,environment
V02Q1940713_2026-08-31T23:07:00+09:00,37.516185359,127.114540561,48.0,2026-08-31T23:07:00+09:00,environment
V02Q1940714_2026-08-31T23:07:00+09:00,37.513385412,127.10686824,57.0,2026-08-31T23:07:00+09:00,environment
V02Q1940734_2026-08-31T23:07:00+09:00,37.518407904,127.100366298,39.0,2026-08-31T23:07:00+09:00,environment
V02Q1940736_2026-08-31T23:07:00+09:00,37.504194933,127.128187719,41.0,2026-08-31T23:07:00+09:00,environment
V02Q1940767_2026-08-31T23:07:00+09:00,37.502603852,127.092310875,49.0,2026-08-31T23:07:00+09:00,environment
V02Q1940772_2026-08-31T23:07:00+09:00,37.503635193,127.103503284,52.0,2026-08-31T23:07:00+09:00,environment
V02Q1940775_2026-08-31T23:07:00+09:00,37.505801455,127.109663753,50.0,2026-08-31T23:07:00+09:00,environment
V02Q1940781_2026-08-31T23:07:00+09:00,37.506173683,127.084756221,42.0,2026-08-31T23:07:00+09:00,environment
V02Q1940784_2026-08-31T23:07:00+09:00,37.498247757,127.126296648,44.0,2026-08-31T23:07:00+09:00,environment
V02Q1940787_2026-08-31T23:07:00+09:00,37.512955044,127.094661921,41.0,2026-08-31T23:07:00+09:00,environment
V02Q1940788_2026-08-31T23:07:00+09:00,37.509617855,127.0741524,49.0,2026-08-31T23:07:00+09:00,environment
V02Q1940790_2026-08-31T23:07:00+09:00,37.514278277,127.112258966,40.0,2026-08-31T23:07:00+09:00,environment
V02Q1940800_2026-08-31T23:07:00+09:00,37.519952859,127.1123122,53.0,2026-08-31T23:07:00+09:00,environment
V02Q1940811_2026-08-31T23:07:00+09:00,37.52727312,127.116249051,52.0,2026-08-31T23:07:00+09:00,environment
V02Q1940819_2026-08-31T23:07:00+09:00,37.507344263,127.104688643,47.0,2026-08-31T23:07:00+09:00,environment
V02Q1940820_2026-08-31T23:07:00+09:00,37.511104225,127.102321793,58.0,2026-08-31T23:07:00+09:00,environment
V02Q1940821_2026-08-31T23:07:00+09:00,37.502832774,127.108694904,53.0,2026-08-31T23:07:00+09:00,environment
V02Q1940832_2026-08-31T23:07:00+09:00,37.511768309,127.124209484,40.0,2026-08-31T23:07:00+09:00,environment
V02Q1940838_2026-08-31T23:07:00+09:00,37.51767925,127.08881891,47.0,2026-08-31T23:07:00+09:00,environment
V02Q1940847_2026-08-31T23:07:00+09:00,37.489683491,127.111908205,35.0,2026-08-31T23:07:00+09:00,environment
V02Q1940873_2026-08-31T23:07:00+09:00,37.53247211,127.114301129,45.0,2026-08-31T23:07:00+09:00,environment
V02Q1940941_2026-08-31T23:07:00+09:00,37.509088133,127.084056858,42.0,2026-08-31T23:07:00+09:00,environment
OC3CL200135_2026-09-01T00:07:00+09:00,37.50215692,127.07044791,60.0,2026-09-01T00:07:00+09:00,environment
OC3CL200141_2026-09-01T00:07:00+09:00,37.48877157,127.1067039,59.0,2026-09-01T00:07:00+09:00,environment
OC3CL200157_2026-09-01T00:07:00+09:00,37.492381245,127.094589306,67.0,2026-09-01T00:07:00+09:00,environment
OC3CL200207_2026-09-01T00:07:00+09:00,37.494957877,127.124194746,35.0,2026-09-01T00:07:00+09:00,environment
OC3CL210115_2026-09-01T00:07:00+09:00,37.525641,127.129665,58.0,2026-09-01T00:07:00+09:00,environment
V02Q1940079_2026-09-01T00:07:00+09:00,37.494102447,127.082209375,35.0,2026-09-01T00:07:00+09:00,environment
V02Q1940082_2026-09-01T00:07:00+09:00,37.495507594,127.085748474,51.0,2026-09-01T00:07:00+09:00,environment
V02Q1940098_2026-09-01T00:07:00+09:00,37.48670146,127.1000197,58.0,2026-09-01T00:07:00+09:00,environment
V02Q1940100_2026-09-01T00:07:00+09:00,37.494978959,127.093144214,63.0,2026-09-01T00:07:00+09:00,environment
V02Q1940246_2026-09-01T00:07:00+09:00,37.49920086,127.072395308,47.0,2026-09-01T00:07:00+09:00,environment
V02Q1940391_2026-09-01T00:07:00+09:00,37.528616803,127.085121222,41.0,2026-09-01T00:07:00+09:00,environment
V02Q1940392_2026-09-01T00:07:00+09:00,37.538286643,127.09239683,40.0,2026-09-01T00:07:00+09:00,environment
V02Q1940403_2026-09-01T00:07:00+09:00,37.534309074,127.081985567,45.0,2026-09-01T00:07:00+09:00,environment
V02Q1940411_2026-09-01T00:07:00+09:00,37.533878243,127.091521,35.0,2026-09-01T00:07:00+09:00,environment
V02Q1940506_2026-09-01T00:07:00+09:00,37.535029673,127.093240689,49.0,2026-09-01T00:07:00+09:00,environment
V02Q1940507_2026-09-01T00:07:00+09:00,37.531277474,127.123271252,39.0,2026-09-01T00:07:00+09:00,environment
V02Q1940679_2026-09-01T00:07:00+09:00,37.495212727,127.121438826,49.0,2026-09-01T00:07:00+09:00,environment
V02Q1940706_2026-09-01T00:07:00+09:00,37.502049127,127.117110751,45.0,2026-09-01T00:07:00+09:00,environment
V02Q1940708_2026-09-01T00:07:00+09:00,37.514300619,127.091447797,49.0,2026-09-01T00:07:00+09:00,environment
V02Q1940713_2026-09-01T00:07:00+09:00,37.516185359,127.114540561,47.0,2026-09-01T00:07:00+09:00,environment
V02Q1940714_2026-09-01T00:07:00+09:00,37.513385412,127.10686824,54.0,2026-09-01T00:07:00+09:00,environment
V02Q1940734_2026-09-01T00:07:00+09:00,37.518407904,127.100366298,37.0,2026-09-01T00:07:00+09:00,environment
V02Q1940736_2026-09-01T00:07:00+09:00,37.504194933,127.128187719,41.0,2026-09-01T00:07:00+09:00,environment
V02Q1940767_2026-09-01T00:07:00+09:00,37.502603852,127.092310875,47.0,2026-09-01T00:07:00+09:00,environment
V02Q1940772_2026-09-01T00:07:00+09:00,37.503635193,127.103503284,50.0,2026-09-01T00:07:00+09:00,environment
V02Q1940775_2026-09-01T00:07:00+09:00,37.505801455,127.109663753,47.0,2026-09-01T00:07:00+09:00,environment
V02Q1940781_2026-09-01T00:07:00+09:00,37.506173683,127.084756221,40.0,2026-09-01T00:07:00+09:00,environment
V02Q1940784_2026-09-01T00:07:00+09:00,37.498247757,127.126296648,41.0,2026-09-01T00:07:00+09:00,environment
V02Q1940787_2026-09-01T00:07:00+09:00,37.512955044,127.094661921,38.0,2026-09-01T00:07:00+09:00,environment
V02Q1940788_2026-09-01T00:07:00+09:00,37.509617855,127.0741524,46.0,2026-09-01T00:07:00+09:00,environment
V02Q1940790_2026-09-01T00:07:00+09:00,37.514278277,127.112258966,40.0,2026-09-01T00:07:00+09:00,environment
V02Q1940800_2026-09-01T00:07:00+09:00,37.519952859,127.1123122,50.0,2026-09-01T00:07:00+09:00,environment
V02Q1940811_2026-09-01T00:07:00+09:00,37.52727312,127.116249051,51.0,2026-09-01T00:07:00+09:00,environment
V02Q1940819_2026-09-01T00:07:00+09:00,37.507344263,127.104688643,45.0,2026-09-01T00:07:00+09:00,environment
V02Q1940820_2026-09-01T00:07:00+09:00,37.511104225,127.102321793,56.0,2026-09-01T00:07:00+09:00,environment
V02Q1940821_2026-09-01T00:07:00+09:00,37.502832774,127.108694904,52.0,2026-09-01T00:07:00+09:00,environment
V02Q1940832_2026-09-01T00:07:00+09:00,37.511768309,127.124209484,40.0,2026-09-01T00:07:00+09:00,environment
V02Q1940838_2026-09-01T00:07:00+09:00,37.51767925,127.08881891,46.0,2026-09-01T00:07:00+09:00,environment
V02Q1940847_2026-09-01T00:07:00+09:00,37.489683491,127.111908205,35.0,2026-09-01T00:07:00+09:00,environment
V02Q1940873_2026-09-01T00:07:00+09:00,37.53247211,127.114301129,46.0,2026-09-01T00:07:00+09:00,environment
V02Q1940941_2026-09-01T00:07:00+09:00,37.509088133,127.084056858,41.0,2026-09-01T00:07:00+09:00,environment
OC3CL200017_2026-08-31T21:07:16+09:00,37.52406575,127.1285088,67.0,2026-08-31T21:07:16+09:00,environment
OC3CL200017_2026-08-31T22:07:16+09:00,37.52406575,127.1285088,67.0,2026-08-31T22:07:16+09:00,environment
OC3CL200017_2026-08-31T23:07:16+09:00,37.52406575,127.1285088,67.0,2026-08-31T23:07:16+09:00,environment
OC3CL200033_2026-08-31T15:07:16+09:00,37.51217275,127.1046954,62.0,2026-08-31T15:07:16+09:00,environment
OC3CL200033_2026-08-31T22:07:16+09:00,37.51217275,127.1046954,58.0,2026-08-31T22:07:16+09:00,environment
OC3CL200033_2026-08-31T21:07:16+09:00,37.51217275,127.1046954,58.0,2026-08-31T21:07:16+09:00,environment
OC3CL200033_2026-08-31T20:07:16+09:00,37.51217275,127.1046954,59.0,2026-08-31T20:07:16+09:00,environment
OC3CL200033_2026-08-31T19:07:16+09:00,37.51217275,127.1046954,58.0,2026-08-31T19:07:16+09:00,environment
OC3CL200033_2026-08-31T18:07:16+09:00,37.51217275,127.1046954,57.0,2026-08-31T18:07:16+09:00,environment
OC3CL200033_2026-08-31T17:07:16+09:00,37.51217275,127.1046954,58.0,2026-08-31T17:07:16+09:00,environment
OC3CL200033_2026-08-31T16:07:16+09:00,37.51217275,127.1046954,59.0,2026-08-31T16:07:16+09:00,environment
OC3CL200033_2026-08-31T14:07:16+09:00,37.51217275,127.1046954,61.0,2026-08-31T14:07:16+09:00,environment
OC3CL200033_2026-08-31T13:07:16+09:00,37.51217275,127.1046954,60.0,2026-08-31T13:07:16+09:00,environment
OC3CL200033_2026-08-31T12:07:16+09:00,37.51217275,127.1046954,60.0,2026-08-31T12:07:16+09:00,environment
OC3CL200033_2026-08-31T11:07:16+09:00,37.51217275,127.1046954,60.0,2026-08-31T11:07:16+09:00,environment
OC3CL200033_2026-08-31T10:07:16+09:00,37.51217275,127.1046954,58.0,2026-08-31T10:07:16+09:00,environment
OC3CL200033_2026-08-31T09:07:16+09:00,37.51217275,127.1046954,55.0,2026-08-31T09:07:16+09:00,environment
OC3CL200033_2026-08-31T08:07:16+09:00,37.51217275,127.1046954,55.0,2026-08-31T08:07:16+09:00,environment
OC3CL200033_2026-08-31T07:07:16+09:00,37.51217275,127.1046954,56.0,2026-08-31T07:07:16+09:00,environment
OC3CL200033_2026-08-31T06:07:16+09:00,37.51217275,127.1046954,55.0,2026-08-31T06:07:16+09:00,environment
OC3CL200033_2026-08-31T23:07:16+09:00,37.51217275,127.1046954,60.0,2026-08-31T23:07:16+09:00,environment
OC3CL200033_2026-08-31T05:07:16+09:00,37.51217275,127.1046954,60.0,2026-08-31T05:07:16+09:00,environment
V02Q1940117_2026-08-31T11:00:00+09:00,37.508537127,127.087121735,50.0,2026-08-31T11:00:00+09:00,environment
V02Q1940117_2026-08-31T00:00:00+09:00,37.508537127,127.087121735,42.0,2026-08-31T00:00:00+09:00,environment
V02Q1940117_2026-08-31T01:00:00+09:00,37.508537127,127.087121735,41.0,2026-08-31T01:00:00+09:00,environment
V02Q1940117_2026-08-31T02:00:00+09:00,37.508537127,127.087121735,42.0,2026-08-31T02:00:00+09:00,environment
V02Q1940117_2026-08-31T03:00:00+09:00,37.508537127,127.087121735,44.0,2026-08-31T03:00:00+09:00,environment
V02Q1940117_2026-08-31T04:00:00+09:00,37.508537127,127.087121735,49.0,2026-08-31T04:00:00+09:00,environment
V02Q1940117_2026-08-31T05:00:00+09:00,37.508537127,127.087121735,47.0,2026-08-31T05:00:00+09:00,environment
V02Q1940117_2026-08-31T06:00:00+09:00,37.508537127,127.087121735,49.0,2026-08-31T06:00:00+09:00,environment
V02Q1940117_2026-08-31T07:00:00+09:00,37.508537127,127.087121735,47.0,2026-08-31T07:00:00+09:00,environment
V02Q1940117_2026-08-31T08:00:00+09:00,37.508537127,127.087121735,45.0,2026-08-31T08:00:00+09:00,environment
V02Q1940117_2026-08-31T09:00:00+09:00,37.508537127,127.087121735,46.0,2026-08-31T09:00:00+09:00,environment
V02Q1940117_2026-08-31T10:00:00+09:00,37.508537127,127.087121735,48.0,2026-08-31T10:00:00+09:00,environment
V02Q1940117_2026-08-31T12:00:00+09:00,37.508537127,127.087121735,48.0,2026-08-31T12:00:00+09:00,environment
V02Q1940117_2026-08-31T13:00:00+09:00,37.508537127,127.087121735,49.0,2026-08-31T13:00:00+09:00,environment
V02Q1940117_2026-08-31T14:00:00+09:00,37.508537127,127.087121735,52.0,2026-08-31T14:00:00+09:00,environment
V02Q1940117_2026-08-31T15:00:00+09:00,37.508537127,127.087121735,54.0,2026-08-31T15:00:00+09:00,environment
V02Q1940117_2026-08-31T16:00:00+09:00,37.508537127,127.087121735,50.0,2026-08-31T16:00:00+09:00,environment
V02Q1940117_2026-08-31T17:00:00+09:00,37.508537127,127.087121735,48.0,2026-08-31T17:00:00+09:00,environment
V02Q1940117_2026-08-31T18:00:00+09:00,37.508537127,127.087121735,47.0,2026-08-31T18:00:00+09:00,environment
V02Q1940117_2026-08-31T19:00:00+09:00,37.508537127,127.087121735,47.0,2026-08-31T19:00:00+09:00,environment
V02Q1940117_2026-08-31T20:00:00+09:00,37.508537127,127.087121735,47.0,2026-08-31T20:00:00+09:00,environment
V02Q1940117_2026-08-31T21:00:00+09:00,37.508537127,127.087121735,47.0,2026-08-31T21:00:00+09:00,environment
V02Q1940117_2026-08-31T22:00:00+09:00,37.508537127,127.087121735,47.0,2026-08-31T22:00:00+09:00,environment
V02Q1940117_2026-08-31T23:00:00+09:00,37.508537127,127.087121735,44.0,2026-08-31T23:00:00+09:00,environment
V02Q1940129_2026-08-31T02:00:00+09:00,37.497655712,127.074468747,46.0,2026-08-31T02:00:00+09:00,environment
V02Q1940129_2026-08-31T00:00:00+09:00,37.497655712,127.074468747,45.0,2026-08-31T00:00:00+09:00,environment
V02Q1940129_2026-08-31T23:00:00+09:00,37.497655712,127.074468747,48.0,2026-08-31T23:00:00+09:00,environment
V02Q1940129_2026-08-31T22:00:00+09:00,37.497655712,127.074468747,49.0,2026-08-31T22:00:00+09:00,environment
V02Q1940129_2026-08-31T21:00:00+09:00,37.497655712,127.074468747,50.0,2026-08-31T21:00:00+09:00,environment
V02Q1940129_2026-08-31T20:00:00+09:00,37.497655712,127.074468747,47.0,2026-08-31T20:00:00+09:00,environment
V02Q1940129_2026-08-31T19:00:00+09:00,37.497655712,127.074468747,46.0,2026-08-31T19:00:00+09:00,environment
V02Q1940129_2026-08-31T18:00:00+09:00,37.497655712,127.074468747,45.0,2026-08-31T18:00:00+09:00,environment
V02Q1940129_2026-08-31T17:00:00+09:00,37.497655712,127.074468747,47.0,2026-08-31T17:00:00+09:00,environment
V02Q1940129_2026-08-31T16:00:00+09:00,37.497655712,127.074468747,49.0,2026-08-31T16:00:00+09:00,environment
V02Q1940129_2026-08-31T15:00:00+09:00,37.497655712,127.074468747,53.0,2026-08-31T15:00:00+09:00,environment
V02Q1940129_2026-08-31T14:00:00+09:00,37.497655712,127.074468747,55.0,2026-08-31T14:00:00+09:00,environment
V02Q1940129_2026-08-31T13:00:00+09:00,37.497655712,127.074468747,48.0,2026-08-31T13:00:00+09:00,environment
V02Q1940129_2026-08-31T12:00:00+09:00,37.497655712,127.074468747,50.0,2026-08-31T12:00:00+09:00,environment
V02Q1940129_2026-08-31T11:00:00+09:00,37.497655712,127.074468747,50.0,2026-08-31T11:00:00+09:00,environment
V02Q1940129_2026-08-31T10:00:00+09:00,37.497655712,127.074468747,50.0,2026-08-31T10:00:00+09:00,environment
V02Q1940129_2026-08-31T09:00:00+09:00,37.497655712,127.074468747,50.0,2026-08-31T09:00:00+09:00,environment
V02Q1940129_2026-08-31T08:00:00+09:00,37.497655712,127.074468747,51.0,2026-08-31T08:00:00+09:00,environment
V02Q1940129_2026-08-31T07:00:00+09:00,37.497655712,127.074468747,53.0,2026-08-31T07:00:00+09:00,environment
V02Q1940129_2026-08-31T06:00:00+09:00,37.497655712,127.074468747,52.0,2026-08-31T06:00:00+09:00,environment
V02Q1940129_2026-08-31T05:00:00+09:00,37.497655712,127.074468747,51.0,2026-08-31T05:00:00+09:00,environment
V02Q1940129_2026-08-31T04:00:00+09:00,37.497655712,127.074468747,50.0,2026-08-31T04:00:00+09:00,environment
V02Q1940129_2026-08-31T03:00:00+09:00,37.497655712,127.074468747,46.0,2026-08-31T03:00:00+09:00,environment
V02Q1940129_2026-08-31T01:00:00+09:00,37.497655712,127.074468747,45.0,2026-08-31T01:00:00+09:00,environment
V02Q1940742_2026-08-31T13:00:00+09:00,37.501040267,127.109739451,55.0,2026-08-31T13:00:00+09:00,environment
V02Q1940742_2026-08-31T08:00:00+09:00,37.501040267,127.109739451,50.0,2026-08-31T08:00:00+09:00,environment
V02Q1940742_2026-08-31T09:00:00+09:00,37.501040267,127.109739451,51.0,2026-08-31T09:00:00+09:00,environment
V02Q1940742_2026-08-31T10:00:00+09:00,37.501040267,127.109739451,54.0,2026-08-31T10:00:00+09:00,environment
V02Q1940742_2026-08-31T11:00:00+09:00,37.501040267,127.109739451,55.0,2026-08-31T11:00:00+09:00,environment
V02Q1940742_2026-08-31T14:00:00+09:00,37.501040267,127.109739451,56.0,2026-08-31T14:00:00+09:00,environment
V02Q1940742_2026-08-31T00:00:00+09:00,37.501040267,127.109739451,46.0,2026-08-31T00:00:00+09:00,environment
V02Q1940742_2026-08-31T01:00:00+09:00,37.501040267,127.109739451,44.0,2026-08-31T01:00:00+09:00,environment
V02Q1940742_2026-08-31T02:00:00+09:00,37.501040267,127.109739451,43.0,2026-08-31T02:00:00+09:00,environment
V02Q1940742_2026-08-31T03:00:00+09:00,37.501040267,127.109739451,43.0,2026-08-31T03:00:00+09:00,environment
V02Q1940742_2026-08-31T04:00:00+09:00,37.501040267,127.109739451,49.0,2026-08-31T04:00:00+09:00,environment
V02Q1940742_2026-08-31T05:00:00+09:00,37.501040267,127.109739451,47.0,2026-08-31T05:00:00+09:00,environment
V02Q1940742_2026-08-31T12:00:00+09:00,37.501040267,127.109739451,55.0,2026-08-31T12:00:00+09:00,environment
V02Q1940742_2026-08-31T06:00:00+09:00,37.501040267,127.109739451,51.0,2026-08-31T06:00:00+09:00,environment
V02Q1940742_2026-08-31T07:00:00+09:00,37.501040267,127.109739451,51.0,2026-08-31T07:00:00+09:00,environment
V02Q1940742_2026-08-31T23:00:00+09:00,37.501040267,127.109739451,51.0,2026-08-31T23:00:00+09:00,environment
V02Q1940742_2026-08-31T22:00:00+09:00,37.501040267,127.109739451,54.0,2026-08-31T22:00:00+09:00,environment
V02Q1940742_2026-08-31T21:00:00+09:00,37.501040267,127.109739451,54.0,2026-08-31T21:00:00+09:00,environment
V02Q1940742_2026-08-31T20:00:00+09:00,37.501040267,127.109739451,53.0,2026-08-31T20:00:00+09:00,environment
V02Q1940742_2026-08-31T19:00:00+09:00,37.501040267,127.109739451,52.0,2026-08-31T19:00:00+09:00,environment
V02Q1940742_2026-08-31T18:00:00+09:00,37.501040267,127.109739451,52.0,2026-08-31T18:00:00+09:00,environment
V02Q1940742_2026-08-31T17:00:00+09:00,37.501040267,127.109739451,53.0,2026-08-31T17:00:00+09:00,environment
V02Q1940742_2026-08-31T16:00:00+09:00,37.501040267,127.109739451,54.0,2026-08-31T16:00:00+09:00,environment
V02Q1940742_2026-08-31T15:00:00+09:00,37.501040267,127.109739451,57.0,2026-08-31T15:00:00+09:00,environment
OC3CL200135_2026-09-01T01:07:00+09:00,37.50215692,127.07044791,59.0,2026-09-01T01:07:00+09:00,environment
OC3CL200141_2026-09-01T01:07:00+09:00,37.48877157,127.1067039,59.0,2026-09-01T01:07:00+09:00,environment
OC3CL200157_2026-09-01T01:07:00+09:00,37.492381245,127.094589306,66.0,2026-09-01T01:07:00+09:00,environment
OC3CL200207_2026-09-01T01:07:00+09:00,37.494957877,127.124194746,35.0,2026-09-01T01:07:00+09:00,environment
OC3CL210115_2026-09-01T01:07:00+09:00,37.525641,127.129665,56.0,2026-09-01T01:07:00+09:00,environment
V02Q1940079_2026-09-01T01:07:00+09:00,37.494102447,127.082209375,35.0,2026-09-01T01:07:00+09:00,environment
V02Q1940082_2026-09-01T01:07:00+09:00,37.495507594,127.085748474,52.0,2026-09-01T01:07:00+09:00,environment
V02Q1940098_2026-09-01T01:07:00+09:00,37.48670146,127.1000197,57.0,2026-09-01T01:07:00+09:00,environment
V02Q1940100_2026-09-01T01:07:00+09:00,37.494978959,127.093144214,64.0,2026-09-01T01:07:00+09:00,environment
V02Q1940246_2026-09-01T01:07:00+09:00,37.49920086,127.072395308,46.0,2026-09-01T01:07:00+09:00,environment
V02Q1940391_2026-09-01T01:07:00+09:00,37.528616803,127.085121222,43.0,2026-09-01T01:07:00+09:00,environment
V02Q1940392_2026-09-01T01:07:00+09:00,37.538286643,127.09239683,42.0,2026-09-01T01:07:00+09:00,environment
V02Q1940403_2026-09-01T01:07:00+09:00,37.534309074,127.081985567,46.0,2026-09-01T01:07:00+09:00,environment
V02Q1940411_2026-09-01T01:07:00+09:00,37.533878243,127.091521,35.0,2026-09-01T01:07:00+09:00,environment
V02Q1940506_2026-09-01T01:07:00+09:00,37.535029673,127.093240689,46.0,2026-09-01T01:07:00+09:00,environment
V02Q1940507_2026-09-01T01:07:00+09:00,37.531277474,127.123271252,38.0,2026-09-01T01:07:00+09:00,environment
V02Q1940679_2026-09-01T01:07:00+09:00,37.495212727,127.121438826,51.0,2026-09-01T01:07:00+09:00,environment
V02Q1940706_2026-09-01T01:07:00+09:00,37.502049127,127.117110751,46.0,2026-09-01T01:07:00+09:00,environment
V02Q1940708_2026-09-01T01:07:00+09:00,37.514300619,127.091447797,48.0,2026-09-01T01:07:00+09:00,environment
V02Q1940713_2026-09-01T01:07:00+09:00,37.516185359,127.114540561,46.0,2026-09-01T01:07:00+09:00,environment
V02Q1940714_2026-09-01T01:07:00+09:00,37.513385412,127.10686824,54.0,2026-09-01T01:07:00+09:00,environment
V02Q1940734_2026-09-01T01:07:00+09:00,37.518407904,127.100366298,39.0,2026-09-01T01:07:00+09:00,environment
V02Q1940736_2026-09-01T01:07:00+09:00,37.504194933,127.128187719,44.0,2026-09-01T01:07:00+09:00,environment
V02Q1940767_2026-09-01T01:07:00+09:00,37.502603852,127.092310875,47.0,2026-09-01T01:07:00+09:00,environment
V02Q1940772_2026-09-01T01:07:00+09:00,37.503635193,127.103503284,50.0,2026-09-01T01:07:00+09:00,environment
V02Q1940775_2026-09-01T01:07:00+09:00,37.505801455,127.109663753,47.0,2026-09-01T01:07:00+09:00,environment
V02Q1940781_2026-09-01T01:07:00+09:00,37.506173683,127.084756221,40.0,2026-09-01T01:07:00+09:00,environment
V02Q1940784_2026-09-01T01:07:00+09:00,37.498247757,127.126296648,46.0,2026-09-01T01:07:00+09:00,environment
V02Q1940787_2026-09-01T01:07:00+09:00,37.512955044,127.094661921,39.0,2026-09-01T01:07:00+09:00,environment
V02Q1940788_2026-09-01T01:07:00+09:00,37.509617855,127.0741524,47.0,2026-09-01T01:07:00+09:00,environment
V02Q1940790_2026-09-01T01:07:00+09:00,37.514278277,127.112258966,38.0,2026-09-01T01:07:00+09:00,environment
V02Q1940800_2026-09-01T01:07:00+09:00,37.519952859,127.1123122,48.0,2026-09-01T01:07:00+09:00,environment
V02Q1940811_2026-09-01T01:07:00+09:00,37.52727312,127.116249051,50.0,2026-09-01T01:07:00+09:00,environment
V02Q1940819_2026-09-01T01:07:00+09:00,37.507344263,127.104688643,44.0,2026-09-01T01:07:00+09:00,environment
V02Q1940820_2026-09-01T01:07:00+09:00,37.511104225,127.102321793,56.0,2026-09-01T01:07:00+09:00,environment
V02Q1940821_2026-09-01T01:07:00+09:00,37.502832774,127.108694904,52.0,2026-09-01T01:07:00+09:00,environment
V02Q1940832_2026-09-01T01:07:00+09:00,37.511768309,127.124209484,43.0,2026-09-01T01:07:00+09:00,environment
V02Q1940838_2026-09-01T01:07:00+09:00,37.51767925,127.08881891,46.0,2026-09-01T01:07:00+09:00,environment
V02Q1940847_2026-09-01T01:07:00+09:00,37.489683491,127.111908205,35.0,2026-09-01T01:07:00+09:00,environment
V02Q1940873_2026-09-01T01:07:00+09:00,37.53247211,127.114301129,47.0,2026-09-01T01:07:00+09:00,environment
V02Q1940941_2026-09-01T01:07:00+09:00,37.509088133,127.084056858,42.0,2026-09-01T01:07:00+09:00,environment
V02Q1940391_2026-09-01T02:07:00+09:00,37.528616803,127.085121222,43.0,2026-09-01T02:07:00+09:00,environment
V02Q1940392_2026-09-01T02:07:00+09:00,37.538286643,127.09239683,44.0,2026-09-01T02:07:00+09:00,environment
V02Q1940403_2026-09-01T02:07:00+09:00,37.534309074,127.081985567,47.0,2026-09-01T02:07:00+09:00,environment
V02Q1940411_2026-09-01T02:07:00+09:00,37.533878243,127.091521,35.0,2026-09-01T02:07:00+09:00,environment
V02Q1940506_2026-09-01T02:07:00+09:00,37.535029673,127.093240689,45.0,2026-09-01T02:07:00+09:00,environment
V02Q1940784_2026-09-01T02:07:00+09:00,37.498247757,127.126296648,42.0,2026-09-01T02:07:00+09:00,environment
V02Q1940679_2026-09-01T02:07:00+09:00,37.495212727,127.121438826,51.0,2026-09-01T02:07:00+09:00,environment
V02Q1940706_2026-09-01T02:07:00+09:00,37.502049127,127.117110751,44.0,2026-09-01T02:07:00+09:00,environment
V02Q1940708_2026-09-01T02:07:00+09:00,37.514300619,127.091447797,48.0,2026-09-01T02:07:00+09:00,environment
V02Q1940734_2026-09-01T02:07:00+09:00,37.518407904,127.100366298,39.0,2026-09-01T02:07:00+09:00,environment
V02Q1940736_2026-09-01T02:07:00+09:00,37.504194933,127.128187719,43.0,2026-09-01T02:07:00+09:00,environment
V02Q1940767_2026-09-01T02:07:00+09:00,37.502603852,127.092310875,46.0,2026-09-01T02:07:00+09:00,environment
V02Q1940772_2026-09-01T02:07:00+09:00,37.503635193,127.103503284,50.0,2026-09-01T02:07:00+09:00,environment
V02Q1940775_2026-09-01T02:07:00+09:00,37.505801455,127.109663753,45.0,2026-09-01T02:07:00+09:00,environment
V02Q1940781_2026-09-01T02:07:00+09:00,37.506173683,127.084756221,39.0,2026-09-01T02:07:00+09:00,environment
V02Q1940787_2026-09-01T02:07:00+09:00,37.512955044,127.094661921,40.0,2026-09-01T02:07:00+09:00,environment
V02Q1940788_2026-09-01T02:07:00+09:00,37.509617855,127.0741524,45.0,2026-09-01T02:07:00+09:00,environment
V02Q1940790_2026-09-01T02:07:00+09:00,37.514278277,127.112258966,40.0,2026-09-01T02:07:00+09:00,environment
V02Q1940800_2026-09-01T02:07:00+09:00,37.519952859,127.1123122,47.0,2026-09-01T02:07:00+09:00,environment
V02Q1940847_2026-09-01T02:07:00+09:00,37.489683491,127.111908205,35.0,2026-09-01T02:07:00+09:00,environment
V02Q1940713_2026-09-01T02:07:00+09:00,37.516185359,127.114540561,46.0,2026-09-01T02:07:00+09:00,environment
V02Q1940714_2026-09-01T02:07:00+09:00,37.513385412,127.10686824,54.0,2026-09-01T02:07:00+09:00,environment
V02Q1940811_2026-09-01T02:07:00+09:00,37.52727312,127.116249051,51.0,2026-09-01T02:07:00+09:00,environment
V02Q1940819_2026-09-01T02:07:00+09:00,37.507344263,127.104688643,45.0,2026-09-01T02:07:00+09:00,environment
V02Q1940820_2026-09-01T02:07:00+09:00,37.511104225,127.102321793,57.0,2026-09-01T02:07:00+09:00,environment
V02Q1940821_2026-09-01T02:07:00+09:00,37.502832774,127.108694904,51.0,2026-09-01T02:07:00+09:00,environment
V02Q1940832_2026-09-01T02:07:00+09:00,37.511768309,127.124209484,44.0,2026-09-01T02:07:00+09:00,environment
V02Q1940838_2026-09-01T02:07:00+09:00,37.51767925,127.08881891,46.0,2026-09-01T02:07:00+09:00,environment
V02Q1940873_2026-09-01T02:07:00+09:00,37.53247211,127.114301129,46.0,2026-09-01T02:07:00+09:00,environment
V02Q1940941_2026-09-01T02:07:00+09:00,37.509088133,127.084056858,41.0,2026-09-01T02:07:00+09:00,environment
V02Q1940507_2026-09-01T02:07:00+09:00,37.531277474,127.123271252,39.0,2026-09-01T02:07:00+09:00,environment
V02Q1940079_2026-09-01T02:07:00+09:00,37.494102447,127.082209375,35.0,2026-09-01T02:07:00+09:00,environment
V02Q1940246_2026-09-01T02:07:00+09:00,37.49920086,127.072395308,47.0,2026-09-01T02:07:00+09:00,environment
V02Q1940082_2026-09-01T02:07:00+09:00,37.495507594,127.085748474,51.0,2026-09-01T02:07:00+09:00,environment
V02Q1940098_2026-09-01T02:07:00+09:00,37.48670146,127.1000197,55.0,2026-09-01T02:07:00+09:00,environment
V02Q1940100_2026-09-01T02:07:00+09:00,37.494978959,127.093144214,64.0,2026-09-01T02:07:00+09:00,environment
OC3CL200135_2026-09-01T02:07:00+09:00,37.50215692,127.07044791,58.0,2026-09-01T02:07:00+09:00,environment
OC3CL200141_2026-09-01T02:07:00+09:00,37.48877157,127.1067039,57.0,2026-09-01T02:07:00+09:00,environment
OC3CL200157_2026-09-01T02:07:00+09:00,37.492381245,127.094589306,65.0,2026-09-01T02:07:00+09:00,environment
OC3CL200207_2026-09-01T02:07:00+09:00,37.494957877,127.124194746,35.0,2026-09-01T02:07:00+09:00,environment
OC3CL210115_2026-09-01T02:07:00+09:00,37.525641,127.129665,54.0,2026-09-01T02:07:00+09:00,environment
V02Q1940392_2026-09-01T03:07:00+09:00,37.538286643,127.09239683,45.0,2026-09-01T03:07:00+09:00,environment
V02Q1940403_2026-09-01T03:07:00+09:00,37.534309074,127.081985567,44.0,2026-09-01T03:07:00+09:00,environment
V02Q1940391_2026-09-01T03:07:00+09:00,37.528616803,127.085121222,43.0,2026-09-01T03:07:00+09:00,environment
V02Q1940411_2026-09-01T03:07:00+09:00,37.533878243,127.091521,35.0,2026-09-01T03:07:00+09:00,environment
V02Q1940506_2026-09-01T03:07:00+09:00,37.535029673,127.093240689,42.0,2026-09-01T03:07:00+09:00,environment
V02Q1940679_2026-09-01T03:07:00+09:00,37.495212727,127.121438826,48.0,2026-09-01T03:07:00+09:00,environment
V02Q1940784_2026-09-01T03:07:00+09:00,37.498247757,127.126296648,47.0,2026-09-01T03:07:00+09:00,environment
V02Q1940706_2026-09-01T03:07:00+09:00,37.502049127,127.117110751,42.0,2026-09-01T03:07:00+09:00,environment
V02Q1940708_2026-09-01T03:07:00+09:00,37.514300619,127.091447797,49.0,2026-09-01T03:07:00+09:00,environment
V02Q1940734_2026-09-01T03:07:00+09:00,37.518407904,127.100366298,42.0,2026-09-01T03:07:00+09:00,environment
V02Q1940736_2026-09-01T03:07:00+09:00,37.504194933,127.128187719,44.0,2026-09-01T03:07:00+09:00,environment
V02Q1940767_2026-09-01T03:07:00+09:00,37.502603852,127.092310875,46.0,2026-09-01T03:07:00+09:00,environment
V02Q1940772_2026-09-01T03:07:00+09:00,37.503635193,127.103503284,46.0,2026-09-01T03:07:00+09:00,environment
V02Q1940775_2026-09-01T03:07:00+09:00,37.505801455,127.109663753,43.0,2026-09-01T03:07:00+09:00,environment
V02Q1940781_2026-09-01T03:07:00+09:00,37.506173683,127.084756221,40.0,2026-09-01T03:07:00+09:00,environment
V02Q1940787_2026-09-01T03:07:00+09:00,37.512955044,127.094661921,41.0,2026-09-01T03:07:00+09:00,environment
V02Q1940788_2026-09-01T03:07:00+09:00,37.509617855,127.0741524,46.0,2026-09-01T03:07:00+09:00,environment
V02Q1940790_2026-09-01T03:07:00+09:00,37.514278277,127.112258966,41.0,2026-09-01T03:07:00+09:00,environment
V02Q1940800_2026-09-01T03:07:00+09:00,37.519952859,127.1123122,45.0,2026-09-01T03:07:00+09:00,environment
V02Q1940847_2026-09-01T03:07:00+09:00,37.489683491,127.111908205,35.0,2026-09-01T03:07:00+09:00,environment
V02Q1940713_2026-09-01T03:07:00+09:00,37.516185359,127.114540561,43.0,2026-09-01T03:07:00+09:00,environment
V02Q1940714_2026-09-01T03:07:00+09:00,37.513385412,127.10686824,52.0,2026-09-01T03:07:00+09:00,environment
V02Q1940811_2026-09-01T03:07:00+09:00,37.52727312,127.116249051,50.0,2026-09-01T03:07:00+09:00,environment
V02Q1940819_2026-09-01T03:07:00+09:00,37.507344263,127.104688643,41.0,2026-09-01T03:07:00+09:00,environment
V02Q1940820_2026-09-01T03:07:00+09:00,37.511104225,127.102321793,53.0,2026-09-01T03:07:00+09:00,environment
V02Q1940821_2026-09-01T03:07:00+09:00,37.502832774,127.108694904,45.0,2026-09-01T03:07:00+09:00,environment
V02Q1940832_2026-09-01T03:07:00+09:00,37.511768309,127.124209484,43.0,2026-09-01T03:07:00+09:00,environment
V02Q1940838_2026-09-01T03:07:00+09:00,37.51767925,127.08881891,44.0,2026-09-01T03:07:00+09:00,environment
V02Q1940873_2026-09-01T03:07:00+09:00,37.53247211,127.114301129,48.0,2026-09-01T03:07:00+09:00,environment
V02Q1940941_2026-09-01T03:07:00+09:00,37.509088133,127.084056858,40.0,2026-09-01T03:07:00+09:00,environment
V02Q1940507_2026-09-01T03:07:00+09:00,37.531277474,127.123271252,39.0,2026-09-01T03:07:00+09:00,environment
V02Q1940079_2026-09-01T03:07:00+09:00,37.494102447,127.082209375,35.0,2026-09-01T03:07:00+09:00,environment
V02Q1940246_2026-09-01T03:07:00+09:00,37.49920086,127.072395308,49.0,2026-09-01T03:07:00+09:00,environment
V02Q1940082_2026-09-01T03:07:00+09:00,37.495507594,127.085748474,48.0,2026-09-01T03:07:00+09:00,environment
V02Q1940098_2026-09-01T03:07:00+09:00,37.48670146,127.1000197,54.0,2026-09-01T03:07:00+09:00,environment
V02Q1940100_2026-09-01T03:07:00+09:00,37.494978959,127.093144214,61.0,2026-09-01T03:07:00+09:00,environment
OC3CL200135_2026-09-01T03:07:00+09:00,37.50215692,127.07044791,59.0,2026-09-01T03:07:00+09:00,environment
OC3CL200141_2026-09-01T03:07:00+09:00,37.48877157,127.1067039,57.0,2026-09-01T03:07:00+09:00,environment
OC3CL200157_2026-09-01T03:07:00+09:00,37.492381245,127.094589306,64.0,2026-09-01T03:07:00+09:00,environment
OC3CL200207_2026-09-01T03:07:00+09:00,37.494957877,127.124194746,35.0,2026-09-01T03:07:00+09:00,environment
OC3CL210115_2026-09-01T03:07:00+09:00,37.525641,127.129665,54.0,2026-09-01T03:07:00+09:00,environment
OC3CL200135_2026-09-01T04:07:00+09:00,37.50215692,127.07044791,59.0,2026-09-01T04:07:00+09:00,environment
OC3CL200141_2026-09-01T04:07:00+09:00,37.48877157,127.1067039,57.0,2026-09-01T04:07:00+09:00,environment
OC3CL200157_2026-09-01T04:07:00+09:00,37.492381245,127.094589306,62.0,2026-09-01T04:07:00+09:00,environment
OC3CL200207_2026-09-01T04:07:00+09:00,37.494957877,127.124194746,35.0,2026-09-01T04:07:00+09:00,environment
OC3CL210115_2026-09-01T04:07:00+09:00,37.525641,127.129665,53.0,2026-09-01T04:07:00+09:00,environment
V02Q1940079_2026-09-01T04:07:00+09:00,37.494102447,127.082209375,35.0,2026-09-01T04:07:00+09:00,environment
V02Q1940082_2026-09-01T04:07:00+09:00,37.495507594,127.085748474,49.0,2026-09-01T04:07:00+09:00,environment
V02Q1940098_2026-09-01T04:07:00+09:00,37.48670146,127.1000197,52.0,2026-09-01T04:07:00+09:00,environment
V02Q1940100_2026-09-01T04:07:00+09:00,37.494978959,127.093144214,59.0,2026-09-01T04:07:00+09:00,environment
V02Q1940246_2026-09-01T04:07:00+09:00,37.49920086,127.072395308,49.0,2026-09-01T04:07:00+09:00,environment
V02Q1940391_2026-09-01T04:07:00+09:00,37.528616803,127.085121222,47.0,2026-09-01T04:07:00+09:00,environment
V02Q1940392_2026-09-01T04:07:00+09:00,37.538286643,127.09239683,46.0,2026-09-01T04:07:00+09:00,environment
V02Q1940403_2026-09-01T04:07:00+09:00,37.534309074,127.081985567,43.0,2026-09-01T04:07:00+09:00,environment
V02Q1940411_2026-09-01T04:07:00+09:00,37.533878243,127.091521,35.0,2026-09-01T04:07:00+09:00,environment
V02Q1940506_2026-09-01T04:07:00+09:00,37.535029673,127.093240689,43.0,2026-09-01T04:07:00+09:00,environment
V02Q1940507_2026-09-01T04:07:00+09:00,37.531277474,127.123271252,42.0,2026-09-01T04:07:00+09:00,environment
V02Q1940679_2026-09-01T04:07:00+09:00,37.495212727,127.121438826,47.0,2026-09-01T04:07:00+09:00,environment
V02Q1940706_2026-09-01T04:07:00+09:00,37.502049127,127.117110751,43.0,2026-09-01T04:07:00+09:00,environment
V02Q1940708_2026-09-01T04:07:00+09:00,37.514300619,127.091447797,50.0,2026-09-01T04:07:00+09:00,environment
V02Q1940713_2026-09-01T04:07:00+09:00,37.516185359,127.114540561,44.0,2026-09-01T04:07:00+09:00,environment
V02Q1940714_2026-09-01T04:07:00+09:00,37.513385412,127.10686824,51.0,2026-09-01T04:07:00+09:00,environment
V02Q1940734_2026-09-01T04:07:00+09:00,37.518407904,127.100366298,43.0,2026-09-01T04:07:00+09:00,environment
V02Q1940736_2026-09-01T04:07:00+09:00,37.504194933,127.128187719,48.0,2026-09-01T04:07:00+09:00,environment
V02Q1940767_2026-09-01T04:07:00+09:00,37.502603852,127.092310875,49.0,2026-09-01T04:07:00+09:00,environment
V02Q1940772_2026-09-01T04:07:00+09:00,37.503635193,127.103503284,46.0,2026-09-01T04:07:00+09:00,environment
V02Q1940775_2026-09-01T04:07:00+09:00,37.505801455,127.109663753,42.0,2026-09-01T04:07:00+09:00,environment
V02Q1940781_2026-09-01T04:07:00+09:00,37.506173683,127.084756221,45.0,2026-09-01T04:07:00+09:00,environment
V02Q1940784_2026-09-01T04:07:00+09:00,37.498247757,127.126296648,54.0,2026-09-01T04:07:00+09:00,environment
V02Q1940787_2026-09-01T04:07:00+09:00,37.512955044,127.094661921,44.0,2026-09-01T04:07:00+09:00,environment
V02Q1940788_2026-09-01T04:07:00+09:00,37.509617855,127.0741524,48.0,2026-09-01T04:07:00+09:00,environment
V02Q1940790_2026-09-01T04:07:00+09:00,37.514278277,127.112258966,45.0,2026-09-01T04:07:00+09:00,environment
V02Q1940800_2026-09-01T04:07:00+09:00,37.519952859,127.1123122,45.0,2026-09-01T04:07:00+09:00,environment
V02Q1940811_2026-09-01T04:07:00+09:00,37.52727312,127.116249051,52.0,2026-09-01T04:07:00+09:00,environment
V02Q1940819_2026-09-01T04:07:00+09:00,37.507344263,127.104688643,41.0,2026-09-01T04:07:00+09:00,environment
V02Q1940820_2026-09-01T04:07:00+09:00,37.511104225,127.102321793,53.0,2026-09-01T04:07:00+09:00,environment
V02Q1940821_2026-09-01T04:07:00+09:00,37.502832774,127.108694904,43.0,2026-09-01T04:07:00+09:00,environment
V02Q1940832_2026-09-01T04:07:00+09:00,37.511768309,127.124209484,44.0,2026-09-01T04:07:00+09:00,environment
V02Q1940838_2026-09-01T04:07:00+09:00,37.51767925,127.08881891,44.0,2026-09-01T04:07:00+09:00,environment
V02Q1940847_2026-09-01T04:07:00+09:00,37.489683491,127.111908205,35.0,2026-09-01T04:07:00+09:00,environment
V02Q1940873_2026-09-01T04:07:00+09:00,37.53247211,127.114301129,54.0,2026-09-01T04:07:00+09:00,environment
V02Q1940941_2026-09-01T04:07:00+09:00,37.509088133,127.084056858,40.0,2026-09-01T04:07:00+09:00,environment
OC3CL200135_2026-09-01T05:07:00+09:00,37.50215692,127.07044791,60.0,2026-09-01T05:07:00+09:00,environment
OC3CL200141_2026-09-01T05:07:00+09:00,37.48877157,127.1067039,58.0,2026-09-01T05:07:00+09:00,environment
OC3CL200157_2026-09-01T05:07:00+09:00,37.492381245,127.094589306,64.0,2026-09-01T05:07:00+09:00,environment
OC3CL200207_2026-09-01T05:07:00+09:00,37.494957877,127.124194746,35.0,2026-09-01T05:07:00+09:00,environment
OC3CL210115_2026-09-01T05:07:00+09:00,37.525641,127.129665,54.0,2026-09-01T05:07:00+09:00,environment
V02Q1940079_2026-09-01T05:07:00+09:00,37.494102447,127.082209375,35.0,2026-09-01T05:07:00+09:00,environment
V02Q1940082_2026-09-01T05:07:00+09:00,37.495507594,127.085748474,49.0,2026-09-01T05:07:00+09:00,environment
V02Q1940098_2026-09-01T05:07:00+09:00,37.48670146,127.1000197,53.0,2026-09-01T05:07:00+09:00,environment
V02Q1940100_2026-09-01T05:07:00+09:00,37.494978959,127.093144214,59.0,2026-09-01T05:07:00+09:00,environment
V02Q1940246_2026-09-01T05:07:00+09:00,37.49920086,127.072395308,52.0,2026-09-01T05:07:00+09:00,environment
V02Q1940391_2026-09-01T05:07:00+09:00,37.528616803,127.085121222,50.0,2026-09-01T05:07:00+09:00,environment
V02Q1940392_2026-09-01T05:07:00+09:00,37.538286643,127.09239683,50.0,2026-09-01T05:07:00+09:00,environment
V02Q1940403_2026-09-01T05:07:00+09:00,37.534309074,127.081985567,46.0,2026-09-01T05:07:00+09:00,environment
V02Q1940411_2026-09-01T05:07:00+09:00,37.533878243,127.091521,35.0,2026-09-01T05:07:00+09:00,environment
V02Q1940506_2026-09-01T05:07:00+09:00,37.535029673,127.093240689,45.0,2026-09-01T05:07:00+09:00,environment
V02Q1940507_2026-09-01T05:07:00+09:00,37.531277474,127.123271252,44.0,2026-09-01T05:07:00+09:00,environment
V02Q1940679_2026-09-01T05:07:00+09:00,37.495212727,127.121438826,47.0,2026-09-01T05:07:00+09:00,environment
V02Q1940706_2026-09-01T05:07:00+09:00,37.502049127,127.117110751,46.0,2026-09-01T05:07:00+09:00,environment
V02Q1940708_2026-09-01T05:07:00+09:00,37.514300619,127.091447797,50.0,2026-09-01T05:07:00+09:00,environment
V02Q1940713_2026-09-01T05:07:00+09:00,37.516185359,127.114540561,44.0,2026-09-01T05:07:00+09:00,environment
V02Q1940714_2026-09-01T05:07:00+09:00,37.513385412,127.10686824,52.0,2026-09-01T05:07:00+09:00,environment
V02Q1940734_2026-09-01T05:07:00+09:00,37.518407904,127.100366298,44.0,2026-09-01T05:07:00+09:00,environment
V02Q1940736_2026-09-01T05:07:00+09:00,37.504194933,127.128187719,49.0,2026-09-01T05:07:00+09:00,environment
V02Q1940767_2026-09-01T05:07:00+09:00,37.502603852,127.092310875,52.0,2026-09-01T05:07:00+09:00,environment
V02Q1940772_2026-09-01T05:07:00+09:00,37.503635193,127.103503284,46.0,2026-09-01T05:07:00+09:00,environment
V02Q1940775_2026-09-01T05:07:00+09:00,37.505801455,127.109663753,43.0,2026-09-01T05:07:00+09:00,environment
V02Q1940781_2026-09-01T05:07:00+09:00,37.506173683,127.084756221,47.0,2026-09-01T05:07:00+09:00,environment
V02Q1940784_2026-09-01T05:07:00+09:00,37.498247757,127.126296648,55.0,2026-09-01T05:07:00+09:00,environment
V02Q1940787_2026-09-01T05:07:00+09:00,37.512955044,127.094661921,47.0,2026-09-01T05:07:00+09:00,environment
V02Q1940788_2026-09-01T05:07:00+09:00,37.509617855,127.0741524,51.0,2026-09-01T05:07:00+09:00,environment
V02Q1940790_2026-09-01T05:07:00+09:00,37.514278277,127.112258966,46.0,2026-09-01T05:07:00+09:00,environment
V02Q1940800_2026-09-01T05:07:00+09:00,37.519952859,127.1123122,46.0,2026-09-01T05:07:00+09:00,environment
V02Q1940811_2026-09-01T05:07:00+09:00,37.52727312,127.116249051,52.0,2026-09-01T05:07:00+09:00,environment
V02Q1940819_2026-09-01T05:07:00+09:00,37.507344263,127.104688643,40.0,2026-09-01T05:07:00+09:00,environment
V02Q1940820_2026-09-01T05:07:00+09:00,37.511104225,127.102321793,54.0,2026-09-01T05:07:00+09:00,environment
V02Q1940821_2026-09-01T05:07:00+09:00,37.502832774,127.108694904,46.0,2026-09-01T05:07:00+09:00,environment
V02Q1940832_2026-09-01T05:07:00+09:00,37.511768309,127.124209484,45.0,2026-09-01T05:07:00+09:00,environment
V02Q1940838_2026-09-01T05:07:00+09:00,37.51767925,127.08881891,44.0,2026-09-01T05:07:00+09:00,environment
V02Q1940847_2026-09-01T05:07:00+09:00,37.489683491,127.111908205,35.0,2026-09-01T05:07:00+09:00,environment
V02Q1940873_2026-09-01T05:07:00+09:00,37.53247211,127.114301129,57.0,2026-09-01T05:07:00+09:00,environment
V02Q1940941_2026-09-01T05:07:00+09:00,37.509088133,127.084056858,40.0,2026-09-01T05:07:00+09:00,environment
OC3CL200135_2026-09-01T06:07:00+09:00,37.50215692,127.07044791,61.0,2026-09-01T06:07:00+09:00,environment
OC3CL200141_2026-09-01T06:07:00+09:00,37.48877157,127.1067039,61.0,2026-09-01T06:07:00+09:00,environment
OC3CL200157_2026-09-01T06:07:00+09:00,37.492381245,127.094589306,68.0,2026-09-01T06:07:00+09:00,environment
OC3CL200207_2026-09-01T06:07:00+09:00,37.494957877,127.124194746,35.0,2026-09-01T06:07:00+09:00,environment
OC3CL210115_2026-09-01T06:07:00+09:00,37.525641,127.129665,58.0,2026-09-01T06:07:00+09:00,environment
V02Q1940079_2026-09-01T06:07:00+09:00,37.494102447,127.082209375,35.0,2026-09-01T06:07:00+09:00,environment
V02Q1940082_2026-09-01T06:07:00+09:00,37.495507594,127.085748474,53.0,2026-09-01T06:07:00+09:00,environment
V02Q1940098_2026-09-01T06:07:00+09:00,37.48670146,127.1000197,57.0,2026-09-01T06:07:00+09:00,environment
V02Q1940100_2026-09-01T06:07:00+09:00,37.494978959,127.093144214,63.0,2026-09-01T06:07:00+09:00,environment
V02Q1940246_2026-09-01T06:07:00+09:00,37.49920086,127.072395308,53.0,2026-09-01T06:07:00+09:00,environment
V02Q1940391_2026-09-01T06:07:00+09:00,37.528616803,127.085121222,51.0,2026-09-01T06:07:00+09:00,environment
V02Q1940392_2026-09-01T06:07:00+09:00,37.538286643,127.09239683,52.0,2026-09-01T06:07:00+09:00,environment
V02Q1940403_2026-09-01T06:07:00+09:00,37.534309074,127.081985567,50.0,2026-09-01T06:07:00+09:00,environment
V02Q1940411_2026-09-01T06:07:00+09:00,37.533878243,127.091521,35.0,2026-09-01T06:07:00+09:00,environment
V02Q1940506_2026-09-01T06:07:00+09:00,37.535029673,127.093240689,50.0,2026-09-01T06:07:00+09:00,environment
V02Q1940507_2026-09-01T06:07:00+09:00,37.531277474,127.123271252,48.0,2026-09-01T06:07:00+09:00,environment
V02Q1940679_2026-09-01T06:07:00+09:00,37.495212727,127.121438826,49.0,2026-09-01T06:07:00+09:00,environment
V02Q1940706_2026-09-01T06:07:00+09:00,37.502049127,127.117110751,50.0,2026-09-01T06:07:00+09:00,environment
V02Q1940708_2026-09-01T06:07:00+09:00,37.514300619,127.091447797,52.0,2026-09-01T06:07:00+09:00,environment
V02Q1940713_2026-09-01T06:07:00+09:00,37.516185359,127.114540561,46.0,2026-09-01T06:07:00+09:00,environment
V02Q1940714_2026-09-01T06:07:00+09:00,37.513385412,127.10686824,53.0,2026-09-01T06:07:00+09:00,environment
V02Q1940734_2026-09-01T06:07:00+09:00,37.518407904,127.100366298,45.0,2026-09-01T06:07:00+09:00,environment
V02Q1940736_2026-09-01T06:07:00+09:00,37.504194933,127.128187719,48.0,2026-09-01T06:07:00+09:00,environment
V02Q1940767_2026-09-01T06:07:00+09:00,37.502603852,127.092310875,53.0,2026-09-01T06:07:00+09:00,environment
V02Q1940772_2026-09-01T06:07:00+09:00,37.503635193,127.103503284,48.0,2026-09-01T06:07:00+09:00,environment
V02Q1940775_2026-09-01T06:07:00+09:00,37.505801455,127.109663753,46.0,2026-09-01T06:07:00+09:00,environment
V02Q1940781_2026-09-01T06:07:00+09:00,37.506173683,127.084756221,48.0,2026-09-01T06:07:00+09:00,environment
V02Q1940784_2026-09-01T06:07:00+09:00,37.498247757,127.126296648,54.0,2026-09-01T06:07:00+09:00,environment
V02Q1940787_2026-09-01T06:07:00+09:00,37.512955044,127.094661921,48.0,2026-09-01T06:07:00+09:00,environment
V02Q1940788_2026-09-01T06:07:00+09:00,37.509617855,127.0741524,53.0,2026-09-01T06:07:00+09:00,environment
V02Q1940790_2026-09-01T06:07:00+09:00,37.514278277,127.112258966,48.0,2026-09-01T06:07:00+09:00,environment
V02Q1940800_2026-09-01T06:07:00+09:00,37.519952859,127.1123122,50.0,2026-09-01T06:07:00+09:00,environment
V02Q1940811_2026-09-01T06:07:00+09:00,37.52727312,127.116249051,53.0,2026-09-01T06:07:00+09:00,environment
V02Q1940819_2026-09-01T06:07:00+09:00,37.507344263,127.104688643,44.0,2026-09-01T06:07:00+09:00,environment
V02Q1940820_2026-09-01T06:07:00+09:00,37.511104225,127.102321793,55.0,2026-09-01T06:07:00+09:00,environment
V02Q1940821_2026-09-01T06:07:00+09:00,37.502832774,127.108694904,48.0,2026-09-01T06:07:00+09:00,environment
V02Q1940832_2026-09-01T06:07:00+09:00,37.511768309,127.124209484,47.0,2026-09-01T06:07:00+09:00,environment
V02Q1940838_2026-09-01T06:07:00+09:00,37.51767925,127.08881891,44.0,2026-09-01T06:07:00+09:00,environment
V02Q1940847_2026-09-01T06:07:00+09:00,37.489683491,127.111908205,35.0,2026-09-01T06:07:00+09:00,environment
V02Q1940873_2026-09-01T06:07:00+09:00,37.53247211,127.114301129,58.0,2026-09-01T06:07:00+09:00,environment
V02Q1940941_2026-09-01T06:07:00+09:00,37.509088133,127.084056858,42.0,2026-09-01T06:07:00+09:00,environment
V02Q1940392_2026-09-01T07:07:00+09:00,37.538286643,127.09239683,53.0,2026-09-01T07:07:00+09:00,environment
V02Q1940403_2026-09-01T07:07:00+09:00,37.534309074,127.081985567,51.0,2026-09-01T07:07:00+09:00,environment
V02Q1940391_2026-09-01T07:07:00+09:00,37.528616803,127.085121222,50.0,2026-09-01T07:07:00+09:00,environment
V02Q1940411_2026-09-01T07:07:00+09:00,37.533878243,127.091521,35.0,2026-09-01T07:07:00+09:00,environment
V02Q1940506_2026-09-01T07:07:00+09:00,37.535029673,127.093240689,54.0,2026-09-01T07:07:00+09:00,environment
V02Q1940784_2026-09-01T07:07:00+09:00,37.498247757,127.126296648,54.0,2026-09-01T07:07:00+09:00,environment
V02Q1940679_2026-09-01T07:07:00+09:00,37.495212727,127.121438826,52.0,2026-09-01T07:07:00+09:00,environment
V02Q1940706_2026-09-01T07:07:00+09:00,37.502049127,127.117110751,52.0,2026-09-01T07:07:00+09:00,environment
V02Q1940708_2026-09-01T07:07:00+09:00,37.514300619,127.091447797,55.0,2026-09-01T07:07:00+09:00,environment
V02Q1940734_2026-09-01T07:07:00+09:00,37.518407904,127.100366298,45.0,2026-09-01T07:07:00+09:00,environment
V02Q1940736_2026-09-01T07:07:00+09:00,37.504194933,127.128187719,48.0,2026-09-01T07:07:00+09:00,environment
V02Q1940767_2026-09-01T07:07:00+09:00,37.502603852,127.092310875,52.0,2026-09-01T07:07:00+09:00,environment
V02Q1940772_2026-09-01T07:07:00+09:00,37.503635193,127.103503284,53.0,2026-09-01T07:07:00+09:00,environment
V02Q1940775_2026-09-01T07:07:00+09:00,37.505801455,127.109663753,49.0,2026-09-01T07:07:00+09:00,environment
V02Q1940781_2026-09-01T07:07:00+09:00,37.506173683,127.084756221,46.0,2026-09-01T07:07:00+09:00,environment
V02Q1940787_2026-09-01T07:07:00+09:00,37.512955044,127.094661921,49.0,2026-09-01T07:07:00+09:00,environment
V02Q1940788_2026-09-01T07:07:00+09:00,37.509617855,127.0741524,53.0,2026-09-01T07:07:00+09:00,environment
V02Q1940790_2026-09-01T07:07:00+09:00,37.514278277,127.112258966,47.0,2026-09-01T07:07:00+09:00,environment
V02Q1940800_2026-09-01T07:07:00+09:00,37.519952859,127.1123122,53.0,2026-09-01T07:07:00+09:00,environment
V02Q1940847_2026-09-01T07:07:00+09:00,37.489683491,127.111908205,35.0,2026-09-01T07:07:00+09:00,environment
V02Q1940713_2026-09-01T07:07:00+09:00,37.516185359,127.114540561,50.0,2026-09-01T07:07:00+09:00,environment
V02Q1940714_2026-09-01T07:07:00+09:00,37.513385412,127.10686824,56.0,2026-09-01T07:07:00+09:00,environment
V02Q1940811_2026-09-01T07:07:00+09:00,37.52727312,127.116249051,53.0,2026-09-01T07:07:00+09:00,environment
V02Q1940819_2026-09-01T07:07:00+09:00,37.507344263,127.104688643,48.0,2026-09-01T07:07:00+09:00,environment
V02Q1940820_2026-09-01T07:07:00+09:00,37.511104225,127.102321793,58.0,2026-09-01T07:07:00+09:00,environment
V02Q1940821_2026-09-01T07:07:00+09:00,37.502832774,127.108694904,54.0,2026-09-01T07:07:00+09:00,environment
V02Q1940832_2026-09-01T07:07:00+09:00,37.511768309,127.124209484,45.0,2026-09-01T07:07:00+09:00,environment
V02Q1940838_2026-09-01T07:07:00+09:00,37.51767925,127.08881891,46.0,2026-09-01T07:07:00+09:00,environment
V02Q1940873_2026-09-01T07:07:00+09:00,37.53247211,127.114301129,57.0,2026-09-01T07:07:00+09:00,environment
V02Q1940941_2026-09-01T07:07:00+09:00,37.509088133,127.084056858,44.0,2026-09-01T07:07:00+09:00,environment
V02Q1940507_2026-09-01T07:07:00+09:00,37.531277474,127.123271252,50.0,2026-09-01T07:07:00+09:00,environment
V02Q1940079_2026-09-01T07:07:00+09:00,37.494102447,127.082209375,35.0,2026-09-01T07:07:00+09:00,environment
V02Q1940246_2026-09-01T07:07:00+09:00,37.49920086,127.072395308,52.0,2026-09-01T07:07:00+09:00,environment
V02Q1940082_2026-09-01T07:07:00+09:00,37.495507594,127.085748474,56.0,2026-09-01T07:07:00+09:00,environment
V02Q1940098_2026-09-01T07:07:00+09:00,37.48670146,127.1000197,61.0,2026-09-01T07:07:00+09:00,environment
V02Q1940100_2026-09-01T07:07:00+09:00,37.494978959,127.093144214,66.0,2026-09-01T07:07:00+09:00,environment
OC3CL200135_2026-09-01T07:07:00+09:00,37.50215692,127.07044791,62.0,2026-09-01T07:07:00+09:00,environment
OC3CL200141_2026-09-01T07:07:00+09:00,37.48877157,127.1067039,61.0,2026-09-01T07:07:00+09:00,environment
OC3CL200157_2026-09-01T07:07:00+09:00,37.492381245,127.094589306,71.0,2026-09-01T07:07:00+09:00,environment
OC3CL200207_2026-09-01T07:07:00+09:00,37.494957877,127.124194746,35.0,2026-09-01T07:07:00+09:00,environment
OC3CL210115_2026-09-01T07:07:00+09:00,37.525641,127.129665,62.0,2026-09-01T07:07:00+09:00,environment
V02Q1940392_2026-09-01T08:07:00+09:00,37.538286643,127.09239683,50.0,2026-09-01T08:07:00+09:00,environment
V02Q1940403_2026-09-01T08:07:00+09:00,37.534309074,127.081985567,53.0,2026-09-01T08:07:00+09:00,environment
V02Q1940391_2026-09-01T08:07:00+09:00,37.528616803,127.085121222,50.0,2026-09-01T08:07:00+09:00,environment
V02Q1940411_2026-09-01T08:07:00+09:00,37.533878243,127.091521,35.0,2026-09-01T08:07:00+09:00,environment
V02Q1940506_2026-09-01T08:07:00+09:00,37.535029673,127.093240689,55.0,2026-09-01T08:07:00+09:00,environment
V02Q1940784_2026-09-01T08:07:00+09:00,37.498247757,127.126296648,53.0,2026-09-01T08:07:00+09:00,environment
V02Q1940679_2026-09-01T08:07:00+09:00,37.495212727,127.121438826,54.0,2026-09-01T08:07:00+09:00,environment
V02Q1940734_2026-09-01T08:07:00+09:00,37.518407904,127.100366298,47.0,2026-09-01T08:07:00+09:00,environment
V02Q1940767_2026-09-01T08:07:00+09:00,37.502603852,127.092310875,53.0,2026-09-01T08:07:00+09:00,environment
V02Q1940790_2026-09-01T08:07:00+09:00,37.514278277,127.112258966,46.0,2026-09-01T08:07:00+09:00,environment
V02Q1940706_2026-09-01T08:07:00+09:00,37.502049127,127.117110751,54.0,2026-09-01T08:07:00+09:00,environment
V02Q1940708_2026-09-01T08:07:00+09:00,37.514300619,127.091447797,59.0,2026-09-01T08:07:00+09:00,environment
V02Q1940714_2026-09-01T08:07:00+09:00,37.513385412,127.10686824,60.0,2026-09-01T08:07:00+09:00,environment
V02Q1940736_2026-09-01T08:07:00+09:00,37.504194933,127.128187719,52.0,2026-09-01T08:07:00+09:00,environment
V02Q1940772_2026-09-01T08:07:00+09:00,37.503635193,127.103503284,56.0,2026-09-01T08:07:00+09:00,environment
V02Q1940775_2026-09-01T08:07:00+09:00,37.505801455,127.109663753,52.0,2026-09-01T08:07:00+09:00,environment
V02Q1940781_2026-09-01T08:07:00+09:00,37.506173683,127.084756221,47.0,2026-09-01T08:07:00+09:00,environment
V02Q1940787_2026-09-01T08:07:00+09:00,37.512955044,127.094661921,50.0,2026-09-01T08:07:00+09:00,environment
V02Q1940788_2026-09-01T08:07:00+09:00,37.509617855,127.0741524,56.0,2026-09-01T08:07:00+09:00,environment
V02Q1940800_2026-09-01T08:07:00+09:00,37.519952859,127.1123122,57.0,2026-09-01T08:07:00+09:00,environment
V02Q1940832_2026-09-01T08:07:00+09:00,37.511768309,127.124209484,45.0,2026-09-01T08:07:00+09:00,environment
V02Q1940847_2026-09-01T08:07:00+09:00,37.489683491,127.111908205,35.0,2026-09-01T08:07:00+09:00,environment
V02Q1940873_2026-09-01T08:07:00+09:00,37.53247211,127.114301129,56.0,2026-09-01T08:07:00+09:00,environment
V02Q1940507_2026-09-01T08:07:00+09:00,37.531277474,127.123271252,48.0,2026-09-01T08:07:00+09:00,environment
V02Q1940713_2026-09-01T08:07:00+09:00,37.516185359,127.114540561,50.0,2026-09-01T08:07:00+09:00,environment
V02Q1940811_2026-09-01T08:07:00+09:00,37.52727312,127.116249051,56.0,2026-09-01T08:07:00+09:00,environment
V02Q1940819_2026-09-01T08:07:00+09:00,37.507344263,127.104688643,51.0,2026-09-01T08:07:00+09:00,environment
V02Q1940820_2026-09-01T08:07:00+09:00,37.511104225,127.102321793,60.0,2026-09-01T08:07:00+09:00,environment
V02Q1940821_2026-09-01T08:07:00+09:00,37.502832774,127.108694904,56.0,2026-09-01T08:07:00+09:00,environment
V02Q1940838_2026-09-01T08:07:00+09:00,37.51767925,127.08881891,47.0,2026-09-01T08:07:00+09:00,environment
V02Q1940941_2026-09-01T08:07:00+09:00,37.509088133,127.084056858,47.0,2026-09-01T08:07:00+09:00,environment
V02Q1940079_2026-09-01T08:07:00+09:00,37.494102447,127.082209375,35.0,2026-09-01T08:07:00+09:00,environment
V02Q1940246_2026-09-01T08:07:00+09:00,37.49920086,127.072395308,50.0,2026-09-01T08:07:00+09:00,environment
V02Q1940082_2026-09-01T08:07:00+09:00,37.495507594,127.085748474,59.0,2026-09-01T08:07:00+09:00,environment
V02Q1940098_2026-09-01T08:07:00+09:00,37.48670146,127.1000197,64.0,2026-09-01T08:07:00+09:00,environment
V02Q1940100_2026-09-01T08:07:00+09:00,37.494978959,127.093144214,68.0,2026-09-01T08:07:00+09:00,environment
OC3CL200135_2026-09-01T08:07:00+09:00,37.50215692,127.07044791,62.0,2026-09-01T08:07:00+09:00,environment
OC3CL200141_2026-09-01T08:07:00+09:00,37.48877157,127.1067039,60.0,2026-09-01T08:07:00+09:00,environment
OC3CL200157_2026-09-01T08:07:00+09:00,37.492381245,127.094589306,71.0,2026-09-01T08:07:00+09:00,environment
OC3CL200207_2026-09-01T08:07:00+09:00,37.494957877,127.124194746,35.0,2026-09-01T08:07:00+09:00,environment
OC3CL200017_2026-09-01T08:07:00+09:00,37.52406575,127.1285088,69.0,2026-09-01T08:07:00+09:00,environment
OC3CL210115_2026-09-01T08:07:00+09:00,37.525641,127.129665,64.0,2026-09-01T08:07:00+09:00,environment
OC3CL200017_2026-09-01T09:07:00+09:00,37.52406575,127.1285088,68.0,2026-09-01T09:07:00+09:00,environment
OC3CL200135_2026-09-01T09:07:00+09:00,37.50215692,127.07044791,63.0,2026-09-01T09:07:00+09:00,environment
OC3CL200141_2026-09-01T09:07:00+09:00,37.48877157,127.1067039,59.0,2026-09-01T09:07:00+09:00,environment
OC3CL200157_2026-09-01T09:07:00+09:00,37.492381245,127.094589306,71.0,2026-09-01T09:07:00+09:00,environment
OC3CL200207_2026-09-01T09:07:00+09:00,37.494957877,127.124194746,35.0,2026-09-01T09:07:00+09:00,environment
OC3CL210115_2026-09-01T09:07:00+09:00,37.525641,127.129665,64.0,2026-09-01T09:07:00+09:00,environment
V02Q1940079_2026-09-01T09:07:00+09:00,37.494102447,127.082209375,35.0,2026-09-01T09:07:00+09:00,environment
V02Q1940082_2026-09-01T09:07:00+09:00,37.495507594,127.085748474,59.0,2026-09-01T09:07:00+09:00,environment
V02Q1940098_2026-09-01T09:07:00+09:00,37.48670146,127.1000197,63.0,2026-09-01T09:07:00+09:00,environment
V02Q1940100_2026-09-01T09:07:00+09:00,37.494978959,127.093144214,67.0,2026-09-01T09:07:00+09:00,environment
V02Q1940246_2026-09-01T09:07:00+09:00,37.49920086,127.072395308,48.0,2026-09-01T09:07:00+09:00,environment
V02Q1940391_2026-09-01T09:07:00+09:00,37.528616803,127.085121222,48.0,2026-09-01T09:07:00+09:00,environment
V02Q1940392_2026-09-01T09:07:00+09:00,37.538286643,127.09239683,49.0,2026-09-01T09:07:00+09:00,environment
V02Q1940403_2026-09-01T09:07:00+09:00,37.534309074,127.081985567,53.0,2026-09-01T09:07:00+09:00,environment
V02Q1940411_2026-09-01T09:07:00+09:00,37.533878243,127.091521,35.0,2026-09-01T09:07:00+09:00,environment
V02Q1940506_2026-09-01T09:07:00+09:00,37.535029673,127.093240689,57.0,2026-09-01T09:07:00+09:00,environment
V02Q1940507_2026-09-01T09:07:00+09:00,37.531277474,127.123271252,47.0,2026-09-01T09:07:00+09:00,environment
V02Q1940679_2026-09-01T09:07:00+09:00,37.495212727,127.121438826,54.0,2026-09-01T09:07:00+09:00,environment
V02Q1940706_2026-09-01T09:07:00+09:00,37.502049127,127.117110751,54.0,2026-09-01T09:07:00+09:00,environment
V02Q1940708_2026-09-01T09:07:00+09:00,37.514300619,127.091447797,58.0,2026-09-01T09:07:00+09:00,environment
V02Q1940713_2026-09-01T09:07:00+09:00,37.516185359,127.114540561,50.0,2026-09-01T09:07:00+09:00,environment
V02Q1940714_2026-09-01T09:07:00+09:00,37.513385412,127.10686824,59.0,2026-09-01T09:07:00+09:00,environment
V02Q1940734_2026-09-01T09:07:00+09:00,37.518407904,127.100366298,48.0,2026-09-01T09:07:00+09:00,environment
V02Q1940736_2026-09-01T09:07:00+09:00,37.504194933,127.128187719,46.0,2026-09-01T09:07:00+09:00,environment
V02Q1940767_2026-09-01T09:07:00+09:00,37.502603852,127.092310875,53.0,2026-09-01T09:07:00+09:00,environment
V02Q1940772_2026-09-01T09:07:00+09:00,37.503635193,127.103503284,56.0,2026-09-01T09:07:00+09:00,environment
V02Q1940775_2026-09-01T09:07:00+09:00,37.505801455,127.109663753,52.0,2026-09-01T09:07:00+09:00,environment
V02Q1940781_2026-09-01T09:07:00+09:00,37.506173683,127.084756221,46.0,2026-09-01T09:07:00+09:00,environment
V02Q1940784_2026-09-01T09:07:00+09:00,37.498247757,127.126296648,52.0,2026-09-01T09:07:00+09:00,environment
V02Q1940787_2026-09-01T09:07:00+09:00,37.512955044,127.094661921,48.0,2026-09-01T09:07:00+09:00,environment
V02Q1940788_2026-09-01T09:07:00+09:00,37.509617855,127.0741524,55.0,2026-09-01T09:07:00+09:00,environment
V02Q1940790_2026-09-01T09:07:00+09:00,37.514278277,127.112258966,44.0,2026-09-01T09:07:00+09:00,environment
V02Q1940800_2026-09-01T09:07:00+09:00,37.519952859,127.1123122,56.0,2026-09-01T09:07:00+09:00,environment
V02Q1940811_2026-09-01T09:07:00+09:00,37.52727312,127.116249051,55.0,2026-09-01T09:07:00+09:00,environment
V02Q1940819_2026-09-01T09:07:00+09:00,37.507344263,127.104688643,49.0,2026-09-01T09:07:00+09:00,environment
V02Q1940820_2026-09-01T09:07:00+09:00,37.511104225,127.102321793,59.0,2026-09-01T09:07:00+09:00,environment
V02Q1940821_2026-09-01T09:07:00+09:00,37.502832774,127.108694904,54.0,2026-09-01T09:07:00+09:00,environment
V02Q1940832_2026-09-01T09:07:00+09:00,37.511768309,127.124209484,43.0,2026-09-01T09:07:00+09:00,environment
V02Q1940838_2026-09-01T09:07:00+09:00,37.51767925,127.08881891,47.0,2026-09-01T09:07:00+09:00,environment
V02Q1940847_2026-09-01T09:07:00+09:00,37.489683491,127.111908205,35.0,2026-09-01T09:07:00+09:00,environment
V02Q1940873_2026-09-01T09:07:00+09:00,37.53247211,127.114301129,56.0,2026-09-01T09:07:00+09:00,environment
V02Q1940941_2026-09-01T09:07:00+09:00,37.509088133,127.084056858,43.0,2026-09-01T09:07:00+09:00,environment
V02Q1940392_2026-09-01T10:07:00+09:00,37.538286643,127.09239683,49.0,2026-09-01T10:07:00+09:00,environment
V02Q1940403_2026-09-01T10:07:00+09:00,37.534309074,127.081985567,56.0,2026-09-01T10:07:00+09:00,environment
V02Q1940391_2026-09-01T10:07:00+09:00,37.528616803,127.085121222,51.0,2026-09-01T10:07:00+09:00,environment
V02Q1940411_2026-09-01T10:07:00+09:00,37.533878243,127.091521,35.0,2026-09-01T10:07:00+09:00,environment
V02Q1940506_2026-09-01T10:07:00+09:00,37.535029673,127.093240689,58.0,2026-09-01T10:07:00+09:00,environment
V02Q1940679_2026-09-01T10:07:00+09:00,37.495212727,127.121438826,56.0,2026-09-01T10:07:00+09:00,environment
V02Q1940734_2026-09-01T10:07:00+09:00,37.518407904,127.100366298,48.0,2026-09-01T10:07:00+09:00,environment
V02Q1940784_2026-09-01T10:07:00+09:00,37.498247757,127.126296648,54.0,2026-09-01T10:07:00+09:00,environment
V02Q1940706_2026-09-01T10:07:00+09:00,37.502049127,127.117110751,55.0,2026-09-01T10:07:00+09:00,environment
V02Q1940708_2026-09-01T10:07:00+09:00,37.514300619,127.091447797,59.0,2026-09-01T10:07:00+09:00,environment
V02Q1940736_2026-09-01T10:07:00+09:00,37.504194933,127.128187719,50.0,2026-09-01T10:07:00+09:00,environment
V02Q1940767_2026-09-01T10:07:00+09:00,37.502603852,127.092310875,54.0,2026-09-01T10:07:00+09:00,environment
V02Q1940772_2026-09-01T10:07:00+09:00,37.503635193,127.103503284,58.0,2026-09-01T10:07:00+09:00,environment
V02Q1940775_2026-09-01T10:07:00+09:00,37.505801455,127.109663753,54.0,2026-09-01T10:07:00+09:00,environment
V02Q1940781_2026-09-01T10:07:00+09:00,37.506173683,127.084756221,50.0,2026-09-01T10:07:00+09:00,environment
V02Q1940787_2026-09-01T10:07:00+09:00,37.512955044,127.094661921,50.0,2026-09-01T10:07:00+09:00,environment
V02Q1940788_2026-09-01T10:07:00+09:00,37.509617855,127.0741524,55.0,2026-09-01T10:07:00+09:00,environment
V02Q1940790_2026-09-01T10:07:00+09:00,37.514278277,127.112258966,49.0,2026-09-01T10:07:00+09:00,environment
V02Q1940800_2026-09-01T10:07:00+09:00,37.519952859,127.1123122,57.0,2026-09-01T10:07:00+09:00,environment
V02Q1940832_2026-09-01T10:07:00+09:00,37.511768309,127.124209484,48.0,2026-09-01T10:07:00+09:00,environment
V02Q1940847_2026-09-01T10:07:00+09:00,37.489683491,127.111908205,35.0,2026-09-01T10:07:00+09:00,environment
V02Q1940713_2026-09-01T10:07:00+09:00,37.516185359,127.114540561,53.0,2026-09-01T10:07:00+09:00,environment
V02Q1940714_2026-09-01T10:07:00+09:00,37.513385412,127.10686824,61.0,2026-09-01T10:07:00+09:00,environment
V02Q1940811_2026-09-01T10:07:00+09:00,37.52727312,127.116249051,56.0,2026-09-01T10:07:00+09:00,environment
V02Q1940819_2026-09-01T10:07:00+09:00,37.507344263,127.104688643,53.0,2026-09-01T10:07:00+09:00,environment
V02Q1940820_2026-09-01T10:07:00+09:00,37.511104225,127.102321793,61.0,2026-09-01T10:07:00+09:00,environment
V02Q1940821_2026-09-01T10:07:00+09:00,37.502832774,127.108694904,57.0,2026-09-01T10:07:00+09:00,environment
V02Q1940838_2026-09-01T10:07:00+09:00,37.51767925,127.08881891,48.0,2026-09-01T10:07:00+09:00,environment
V02Q1940873_2026-09-01T10:07:00+09:00,37.53247211,127.114301129,54.0,2026-09-01T10:07:00+09:00,environment
V02Q1940941_2026-09-01T10:07:00+09:00,37.509088133,127.084056858,48.0,2026-09-01T10:07:00+09:00,environment
V02Q1940507_2026-09-01T10:07:00+09:00,37.531277474,127.123271252,50.0,2026-09-01T10:07:00+09:00,environment
V02Q1940079_2026-09-01T10:07:00+09:00,37.494102447,127.082209375,35.0,2026-09-01T10:07:00+09:00,environment
V02Q1940246_2026-09-01T10:07:00+09:00,37.49920086,127.072395308,51.0,2026-09-01T10:07:00+09:00,environment
V02Q1940082_2026-09-01T10:07:00+09:00,37.495507594,127.085748474,60.0,2026-09-01T10:07:00+09:00,environment
V02Q1940098_2026-09-01T10:07:00+09:00,37.48670146,127.1000197,65.0,2026-09-01T10:07:00+09:00,environment
V02Q1940100_2026-09-01T10:07:00+09:00,37.494978959,127.093144214,68.0,2026-09-01T10:07:00+09:00,environment
OC3CL200135_2026-09-01T10:07:00+09:00,37.50215692,127.07044791,63.0,2026-09-01T10:07:00+09:00,environment
OC3CL200157_2026-09-01T10:07:00+09:00,37.492381245,127.094589306,73.0,2026-09-01T10:07:00+09:00,environment
OC3CL200141_2026-09-01T10:07:00+09:00,37.48877157,127.1067039,60.0,2026-09-01T10:07:00+09:00,environment
OC3CL200207_2026-09-01T10:07:00+09:00,37.494957877,127.124194746,36.0,2026-09-01T10:07:00+09:00,environment
OC3CL200017_2026-09-01T10:07:00+09:00,37.52406575,127.1285088,69.0,2026-09-01T10:07:00+09:00,environment
OC3CL210115_2026-09-01T10:07:00+09:00,37.525641,127.129665,66.0,2026-09-01T10:07:00+09:00,environment
V02Q1940392_2026-09-01T11:07:00+09:00,37.538286643,127.09239683,52.0,2026-09-01T11:07:00+09:00,environment
V02Q1940403_2026-09-01T11:07:00+09:00,37.534309074,127.081985567,57.0,2026-09-01T11:07:00+09:00,environment
V02Q1940391_2026-09-01T11:07:00+09:00,37.528616803,127.085121222,53.0,2026-09-01T11:07:00+09:00,environment
V02Q1940411_2026-09-01T11:07:00+09:00,37.533878243,127.091521,35.0,2026-09-01T11:07:00+09:00,environment
V02Q1940506_2026-09-01T11:07:00+09:00,37.535029673,127.093240689,59.0,2026-09-01T11:07:00+09:00,environment
V02Q1940679_2026-09-01T11:07:00+09:00,37.495212727,127.121438826,57.0,2026-09-01T11:07:00+09:00,environment
V02Q1940734_2026-09-01T11:07:00+09:00,37.518407904,127.100366298,52.0,2026-09-01T11:07:00+09:00,environment
V02Q1940784_2026-09-01T11:07:00+09:00,37.498247757,127.126296648,55.0,2026-09-01T11:07:00+09:00,environment
V02Q1940706_2026-09-01T11:07:00+09:00,37.502049127,127.117110751,56.0,2026-09-01T11:07:00+09:00,environment
V02Q1940708_2026-09-01T11:07:00+09:00,37.514300619,127.091447797,60.0,2026-09-01T11:07:00+09:00,environment
V02Q1940736_2026-09-01T11:07:00+09:00,37.504194933,127.128187719,52.0,2026-09-01T11:07:00+09:00,environment
V02Q1940767_2026-09-01T11:07:00+09:00,37.502603852,127.092310875,54.0,2026-09-01T11:07:00+09:00,environment
V02Q1940772_2026-09-01T11:07:00+09:00,37.503635193,127.103503284,59.0,2026-09-01T11:07:00+09:00,environment
V02Q1940775_2026-09-01T11:07:00+09:00,37.505801455,127.109663753,55.0,2026-09-01T11:07:00+09:00,environment
V02Q1940781_2026-09-01T11:07:00+09:00,37.506173683,127.084756221,53.0,2026-09-01T11:07:00+09:00,environment
V02Q1940787_2026-09-01T11:07:00+09:00,37.512955044,127.094661921,53.0,2026-09-01T11:07:00+09:00,environment
V02Q1940788_2026-09-01T11:07:00+09:00,37.509617855,127.0741524,56.0,2026-09-01T11:07:00+09:00,environment
V02Q1940790_2026-09-01T11:07:00+09:00,37.514278277,127.112258966,52.0,2026-09-01T11:07:00+09:00,environment
V02Q1940800_2026-09-01T11:07:00+09:00,37.519952859,127.1123122,59.0,2026-09-01T11:07:00+09:00,environment
V02Q1940832_2026-09-01T11:07:00+09:00,37.511768309,127.124209484,51.0,2026-09-01T11:07:00+09:00,environment
V02Q1940847_2026-09-01T11:07:00+09:00,37.489683491,127.111908205,35.0,2026-09-01T11:07:00+09:00,environment
V02Q1940713_2026-09-01T11:07:00+09:00,37.516185359,127.114540561,55.0,2026-09-01T11:07:00+09:00,environment
V02Q1940714_2026-09-01T11:07:00+09:00,37.513385412,127.10686824,62.0,2026-09-01T11:07:00+09:00,environment
V02Q1940811_2026-09-01T11:07:00+09:00,37.52727312,127.116249051,57.0,2026-09-01T11:07:00+09:00,environment
V02Q1940819_2026-09-01T11:07:00+09:00,37.507344263,127.104688643,54.0,2026-09-01T11:07:00+09:00,environment
V02Q1940820_2026-09-01T11:07:00+09:00,37.511104225,127.102321793,62.0,2026-09-01T11:07:00+09:00,environment
V02Q1940821_2026-09-01T11:07:00+09:00,37.502832774,127.108694904,59.0,2026-09-01T11:07:00+09:00,environment
V02Q1940838_2026-09-01T11:07:00+09:00,37.51767925,127.08881891,48.0,2026-09-01T11:07:00+09:00,environment
V02Q1940873_2026-09-01T11:07:00+09:00,37.53247211,127.114301129,54.0,2026-09-01T11:07:00+09:00,environment
V02Q1940941_2026-09-01T11:07:00+09:00,37.509088133,127.084056858,53.0,2026-09-01T11:07:00+09:00,environment
V02Q1940507_2026-09-01T11:07:00+09:00,37.531277474,127.123271252,53.0,2026-09-01T11:07:00+09:00,environment
V02Q1940079_2026-09-01T11:07:00+09:00,37.494102447,127.082209375,35.0,2026-09-01T11:07:00+09:00,environment
V02Q1940246_2026-09-01T11:07:00+09:00,37.49920086,127.072395308,54.0,2026-09-01T11:07:00+09:00,environment
V02Q1940098_2026-09-01T11:07:00+09:00,37.48670146,127.1000197,65.0,2026-09-01T11:07:00+09:00,environment
V02Q1940100_2026-09-01T11:07:00+09:00,37.494978959,127.093144214,68.0,2026-09-01T11:07:00+09:00,environment
V02Q1940082_2026-09-01T11:07:00+09:00,37.495507594,127.085748474,60.0,2026-09-01T11:07:00+09:00,environment
OC3CL200135_2026-09-01T11:07:00+09:00,37.50215692,127.07044791,63.0,2026-09-01T11:07:00+09:00,environment
OC3CL200141_2026-09-01T11:07:00+09:00,37.48877157,127.1067039,61.0,2026-09-01T11:07:00+09:00,environment
OC3CL200157_2026-09-01T11:07:00+09:00,37.492381245,127.094589306,74.0,2026-09-01T11:07:00+09:00,environment
OC3CL200207_2026-09-01T11:07:00+09:00,37.494957877,127.124194746,36.0,2026-09-01T11:07:00+09:00,environment
OC3CL210115_2026-09-01T11:07:00+09:00,37.525641,127.129665,66.0,2026-09-01T11:07:00+09:00,environment
OC3CL200135_2026-09-01T12:07:00+09:00,37.50215692,127.07044791,63.0,2026-09-01T12:07:00+09:00,environment
OC3CL200141_2026-09-01T12:07:00+09:00,37.48877157,127.1067039,60.0,2026-09-01T12:07:00+09:00,environment
OC3CL200157_2026-09-01T12:07:00+09:00,37.492381245,127.094589306,73.0,2026-09-01T12:07:00+09:00,environment
OC3CL200207_2026-09-01T12:07:00+09:00,37.494957877,127.124194746,35.0,2026-09-01T12:07:00+09:00,environment
OC3CL210115_2026-09-01T12:07:00+09:00,37.525641,127.129665,65.0,2026-09-01T12:07:00+09:00,environment
V02Q1940079_2026-09-01T12:07:00+09:00,37.494102447,127.082209375,35.0,2026-09-01T12:07:00+09:00,environment
V02Q1940082_2026-09-01T12:07:00+09:00,37.495507594,127.085748474,58.0,2026-09-01T12:07:00+09:00,environment
V02Q1940098_2026-09-01T12:07:00+09:00,37.48670146,127.1000197,64.0,2026-09-01T12:07:00+09:00,environment
V02Q1940100_2026-09-01T12:07:00+09:00,37.494978959,127.093144214,68.0,2026-09-01T12:07:00+09:00,environment
V02Q1940246_2026-09-01T12:07:00+09:00,37.49920086,127.072395308,51.0,2026-09-01T12:07:00+09:00,environment
V02Q1940391_2026-09-01T12:07:00+09:00,37.528616803,127.085121222,51.0,2026-09-01T12:07:00+09:00,environment
V02Q1940392_2026-09-01T12:07:00+09:00,37.538286643,127.09239683,50.0,2026-09-01T12:07:00+09:00,environment
V02Q1940403_2026-09-01T12:07:00+09:00,37.534309074,127.081985567,56.0,2026-09-01T12:07:00+09:00,environment
V02Q1940411_2026-09-01T12:07:00+09:00,37.533878243,127.091521,35.0,2026-09-01T12:07:00+09:00,environment
V02Q1940506_2026-09-01T12:07:00+09:00,37.535029673,127.093240689,59.0,2026-09-01T12:07:00+09:00,environment
V02Q1940507_2026-09-01T12:07:00+09:00,37.531277474,127.123271252,50.0,2026-09-01T12:07:00+09:00,environment
V02Q1940679_2026-09-01T12:07:00+09:00,37.495212727,127.121438826,55.0,2026-09-01T12:07:00+09:00,environment
V02Q1940706_2026-09-01T12:07:00+09:00,37.502049127,127.117110751,54.0,2026-09-01T12:07:00+09:00,environment
V02Q1940708_2026-09-01T12:07:00+09:00,37.514300619,127.091447797,59.0,2026-09-01T12:07:00+09:00,environment
V02Q1940713_2026-09-01T12:07:00+09:00,37.516185359,127.114540561,53.0,2026-09-01T12:07:00+09:00,environment
V02Q1940714_2026-09-01T12:07:00+09:00,37.513385412,127.10686824,61.0,2026-09-01T12:07:00+09:00,environment
V02Q1940734_2026-09-01T12:07:00+09:00,37.518407904,127.100366298,49.0,2026-09-01T12:07:00+09:00,environment
V02Q1940736_2026-09-01T12:07:00+09:00,37.504194933,127.128187719,49.0,2026-09-01T12:07:00+09:00,environment
V02Q1940767_2026-09-01T12:07:00+09:00,37.502603852,127.092310875,53.0,2026-09-01T12:07:00+09:00,environment
V02Q1940772_2026-09-01T12:07:00+09:00,37.503635193,127.103503284,57.0,2026-09-01T12:07:00+09:00,environment
V02Q1940775_2026-09-01T12:07:00+09:00,37.505801455,127.109663753,54.0,2026-09-01T12:07:00+09:00,environment
V02Q1940781_2026-09-01T12:07:00+09:00,37.506173683,127.084756221,51.0,2026-09-01T12:07:00+09:00,environment
V02Q1940784_2026-09-01T12:07:00+09:00,37.498247757,127.126296648,54.0,2026-09-01T12:07:00+09:00,environment
V02Q1940787_2026-09-01T12:07:00+09:00,37.512955044,127.094661921,50.0,2026-09-01T12:07:00+09:00,environment
V02Q1940788_2026-09-01T12:07:00+09:00,37.509617855,127.0741524,55.0,2026-09-01T12:07:00+09:00,environment
V02Q1940790_2026-09-01T12:07:00+09:00,37.514278277,127.112258966,50.0,2026-09-01T12:07:00+09:00,environment
V02Q1940800_2026-09-01T12:07:00+09:00,37.519952859,127.1123122,57.0,2026-09-01T12:07:00+09:00,environment
V02Q1940811_2026-09-01T12:07:00+09:00,37.52727312,127.116249051,56.0,2026-09-01T12:07:00+09:00,environment
V02Q1940819_2026-09-01T12:07:00+09:00,37.507344263,127.104688643,52.0,2026-09-01T12:07:00+09:00,environment
V02Q1940820_2026-09-01T12:07:00+09:00,37.511104225,127.102321793,62.0,2026-09-01T12:07:00+09:00,environment
V02Q1940821_2026-09-01T12:07:00+09:00,37.502832774,127.108694904,56.0,2026-09-01T12:07:00+09:00,environment
V02Q1940832_2026-09-01T12:07:00+09:00,37.511768309,127.124209484,48.0,2026-09-01T12:07:00+09:00,environment
V02Q1940838_2026-09-01T12:07:00+09:00,37.51767925,127.08881891,48.0,2026-09-01T12:07:00+09:00,environment
V02Q1940847_2026-09-01T12:07:00+09:00,37.489683491,127.111908205,35.0,2026-09-01T12:07:00+09:00,environment
V02Q1940873_2026-09-01T12:07:00+09:00,37.53247211,127.114301129,51.0,2026-09-01T12:07:00+09:00,environment
V02Q1940941_2026-09-01T12:07:00+09:00,37.509088133,127.084056858,50.0,2026-09-01T12:07:00+09:00,environment
V02Q1940391_2026-09-01T13:07:00+09:00,37.528616803,127.085121222,52.0,2026-09-01T13:07:00+09:00,environment
V02Q1940392_2026-09-01T13:07:00+09:00,37.538286643,127.09239683,47.0,2026-09-01T13:07:00+09:00,environment
V02Q1940403_2026-09-01T13:07:00+09:00,37.534309074,127.081985567,53.0,2026-09-01T13:07:00+09:00,environment
V02Q1940411_2026-09-01T13:07:00+09:00,37.533878243,127.091521,35.0,2026-09-01T13:07:00+09:00,environment
V02Q1940506_2026-09-01T13:07:00+09:00,37.535029673,127.093240689,57.0,2026-09-01T13:07:00+09:00,environment
V02Q1940679_2026-09-01T13:07:00+09:00,37.495212727,127.121438826,54.0,2026-09-01T13:07:00+09:00,environment
V02Q1940734_2026-09-01T13:07:00+09:00,37.518407904,127.100366298,47.0,2026-09-01T13:07:00+09:00,environment
V02Q1940784_2026-09-01T13:07:00+09:00,37.498247757,127.126296648,52.0,2026-09-01T13:07:00+09:00,environment
V02Q1940706_2026-09-01T13:07:00+09:00,37.502049127,127.117110751,54.0,2026-09-01T13:07:00+09:00,environment
V02Q1940708_2026-09-01T13:07:00+09:00,37.514300619,127.091447797,57.0,2026-09-01T13:07:00+09:00,environment
V02Q1940736_2026-09-01T13:07:00+09:00,37.504194933,127.128187719,47.0,2026-09-01T13:07:00+09:00,environment
V02Q1940767_2026-09-01T13:07:00+09:00,37.502603852,127.092310875,52.0,2026-09-01T13:07:00+09:00,environment
V02Q1940772_2026-09-01T13:07:00+09:00,37.503635193,127.103503284,57.0,2026-09-01T13:07:00+09:00,environment
V02Q1940775_2026-09-01T13:07:00+09:00,37.505801455,127.109663753,54.0,2026-09-01T13:07:00+09:00,environment
V02Q1940781_2026-09-01T13:07:00+09:00,37.506173683,127.084756221,49.0,2026-09-01T13:07:00+09:00,environment
V02Q1940787_2026-09-01T13:07:00+09:00,37.512955044,127.094661921,48.0,2026-09-01T13:07:00+09:00,environment
V02Q1940788_2026-09-01T13:07:00+09:00,37.509617855,127.0741524,53.0,2026-09-01T13:07:00+09:00,environment
V02Q1940790_2026-09-01T13:07:00+09:00,37.514278277,127.112258966,46.0,2026-09-01T13:07:00+09:00,environment
V02Q1940800_2026-09-01T13:07:00+09:00,37.519952859,127.1123122,55.0,2026-09-01T13:07:00+09:00,environment
V02Q1940832_2026-09-01T13:07:00+09:00,37.511768309,127.124209484,45.0,2026-09-01T13:07:00+09:00,environment
V02Q1940847_2026-09-01T13:07:00+09:00,37.489683491,127.111908205,35.0,2026-09-01T13:07:00+09:00,environment
V02Q1940873_2026-09-01T13:07:00+09:00,37.53247211,127.114301129,51.0,2026-09-01T13:07:00+09:00,environment
V02Q1940507_2026-09-01T13:07:00+09:00,37.531277474,127.123271252,47.0,2026-09-01T13:07:00+09:00,environment
V02Q1940713_2026-09-01T13:07:00+09:00,37.516185359,127.114540561,52.0,2026-09-01T13:07:00+09:00,environment
V02Q1940714_2026-09-01T13:07:00+09:00,37.513385412,127.10686824,60.0,2026-09-01T13:07:00+09:00,environment
V02Q1940811_2026-09-01T13:07:00+09:00,37.52727312,127.116249051,54.0,2026-09-01T13:07:00+09:00,environment
V02Q1940819_2026-09-01T13:07:00+09:00,37.507344263,127.104688643,51.0,2026-09-01T13:07:00+09:00,environment
V02Q1940820_2026-09-01T13:07:00+09:00,37.511104225,127.102321793,61.0,2026-09-01T13:07:00+09:00,environment
V02Q1940821_2026-09-01T13:07:00+09:00,37.502832774,127.108694904,56.0,2026-09-01T13:07:00+09:00,environment
V02Q1940838_2026-09-01T13:07:00+09:00,37.51767925,127.08881891,47.0,2026-09-01T13:07:00+09:00,environment
V02Q1940941_2026-09-01T13:07:00+09:00,37.509088133,127.084056858,47.0,2026-09-01T13:07:00+09:00,environment
V02Q1940079_2026-09-01T13:07:00+09:00,37.494102447,127.082209375,35.0,2026-09-01T13:07:00+09:00,environment
V02Q1940246_2026-09-01T13:07:00+09:00,37.49920086,127.072395308,48.0,2026-09-01T13:07:00+09:00,environment
V02Q1940082_2026-09-01T13:07:00+09:00,37.495507594,127.085748474,57.0,2026-09-01T13:07:00+09:00,environment
V02Q1940098_2026-09-01T13:07:00+09:00,37.48670146,127.1000197,63.0,2026-09-01T13:07:00+09:00,environment
V02Q1940100_2026-09-01T13:07:00+09:00,37.494978959,127.093144214,68.0,2026-09-01T13:07:00+09:00,environment
OC3CL200135_2026-09-01T13:07:00+09:00,37.50215692,127.07044791,63.0,2026-09-01T13:07:00+09:00,environment
OC3CL200141_2026-09-01T13:07:00+09:00,37.48877157,127.1067039,61.0,2026-09-01T13:07:00+09:00,environment
OC3CL200157_2026-09-01T13:07:00+09:00,37.492381245,127.094589306,72.0,2026-09-01T13:07:00+09:00,environment
OC3CL200207_2026-09-01T13:07:00+09:00,37.494957877,127.124194746,35.0,2026-09-01T13:07:00+09:00,environment
OC3CL210115_2026-09-01T13:07:00+09:00,37.525641,127.129665,65.0,2026-09-01T13:07:00+09:00,environment
V02Q1940392_2026-09-01T14:07:00+09:00,37.538286643,127.09239683,46.0,2026-09-01T14:07:00+09:00,environment
V02Q1940403_2026-09-01T14:07:00+09:00,37.534309074,127.081985567,52.0,2026-09-01T14:07:00+09:00,environment
V02Q1940391_2026-09-01T14:07:00+09:00,37.528616803,127.085121222,54.0,2026-09-01T14:07:00+09:00,environment
V02Q1940411_2026-09-01T14:07:00+09:00,37.533878243,127.091521,35.0,2026-09-01T14:07:00+09:00,environment
V02Q1940506_2026-09-01T14:07:00+09:00,37.535029673,127.093240689,57.0,2026-09-01T14:07:00+09:00,environment
V02Q1940679_2026-09-01T14:07:00+09:00,37.495212727,127.121438826,52.0,2026-09-01T14:07:00+09:00,environment
V02Q1940734_2026-09-01T14:07:00+09:00,37.518407904,127.100366298,44.0,2026-09-01T14:07:00+09:00,environment
V02Q1940784_2026-09-01T14:07:00+09:00,37.498247757,127.126296648,50.0,2026-09-01T14:07:00+09:00,environment
V02Q1940706_2026-09-01T14:07:00+09:00,37.502049127,127.117110751,52.0,2026-09-01T14:07:00+09:00,environment
V02Q1940708_2026-09-01T14:07:00+09:00,37.514300619,127.091447797,57.0,2026-09-01T14:07:00+09:00,environment
V02Q1940736_2026-09-01T14:07:00+09:00,37.504194933,127.128187719,47.0,2026-09-01T14:07:00+09:00,environment
V02Q1940767_2026-09-01T14:07:00+09:00,37.502603852,127.092310875,51.0,2026-09-01T14:07:00+09:00,environment
V02Q1940772_2026-09-01T14:07:00+09:00,37.503635193,127.103503284,55.0,2026-09-01T14:07:00+09:00,environment
V02Q1940775_2026-09-01T14:07:00+09:00,37.505801455,127.109663753,53.0,2026-09-01T14:07:00+09:00,environment
V02Q1940781_2026-09-01T14:07:00+09:00,37.506173683,127.084756221,48.0,2026-09-01T14:07:00+09:00,environment
V02Q1940787_2026-09-01T14:07:00+09:00,37.512955044,127.094661921,48.0,2026-09-01T14:07:00+09:00,environment
V02Q1940788_2026-09-01T14:07:00+09:00,37.509617855,127.0741524,53.0,2026-09-01T14:07:00+09:00,environment
V02Q1940790_2026-09-01T14:07:00+09:00,37.514278277,127.112258966,43.0,2026-09-01T14:07:00+09:00,environment
V02Q1940800_2026-09-01T14:07:00+09:00,37.519952859,127.1123122,54.0,2026-09-01T14:07:00+09:00,environment
V02Q1940832_2026-09-01T14:07:00+09:00,37.511768309,127.124209484,43.0,2026-09-01T14:07:00+09:00,environment
V02Q1940847_2026-09-01T14:07:00+09:00,37.489683491,127.111908205,35.0,2026-09-01T14:07:00+09:00,environment
V02Q1940873_2026-09-01T14:07:00+09:00,37.53247211,127.114301129,51.0,2026-09-01T14:07:00+09:00,environment
V02Q1940507_2026-09-01T14:07:00+09:00,37.531277474,127.123271252,47.0,2026-09-01T14:07:00+09:00,environment
V02Q1940713_2026-09-01T14:07:00+09:00,37.516185359,127.114540561,51.0,2026-09-01T14:07:00+09:00,environment
V02Q1940714_2026-09-01T14:07:00+09:00,37.513385412,127.10686824,59.0,2026-09-01T14:07:00+09:00,environment
V02Q1940811_2026-09-01T14:07:00+09:00,37.52727312,127.116249051,54.0,2026-09-01T14:07:00+09:00,environment
V02Q1940819_2026-09-01T14:07:00+09:00,37.507344263,127.104688643,50.0,2026-09-01T14:07:00+09:00,environment
V02Q1940820_2026-09-01T14:07:00+09:00,37.511104225,127.102321793,60.0,2026-09-01T14:07:00+09:00,environment
V02Q1940821_2026-09-01T14:07:00+09:00,37.502832774,127.108694904,54.0,2026-09-01T14:07:00+09:00,environment
V02Q1940838_2026-09-01T14:07:00+09:00,37.51767925,127.08881891,46.0,2026-09-01T14:07:00+09:00,environment
V02Q1940941_2026-09-01T14:07:00+09:00,37.509088133,127.084056858,45.0,2026-09-01T14:07:00+09:00,environment
V02Q1940079_2026-09-01T14:07:00+09:00,37.494102447,127.082209375,35.0,2026-09-01T14:07:00+09:00,environment
V02Q1940246_2026-09-01T14:07:00+09:00,37.49920086,127.072395308,48.0,2026-09-01T14:07:00+09:00,environment
V02Q1940082_2026-09-01T14:07:00+09:00,37.495507594,127.085748474,56.0,2026-09-01T14:07:00+09:00,environment
V02Q1940098_2026-09-01T14:07:00+09:00,37.48670146,127.1000197,63.0,2026-09-01T14:07:00+09:00,environment
V02Q1940100_2026-09-01T14:07:00+09:00,37.494978959,127.093144214,67.0,2026-09-01T14:07:00+09:00,environment
OC3CL200135_2026-09-01T14:07:00+09:00,37.50215692,127.07044791,63.0,2026-09-01T14:07:00+09:00,environment
OC3CL200141_2026-09-01T14:07:00+09:00,37.48877157,127.1067039,61.0,2026-09-01T14:07:00+09:00,environment
OC3CL200157_2026-09-01T14:07:00+09:00,37.492381245,127.094589306,72.0,2026-09-01T14:07:00+09:00,environment
OC3CL200207_2026-09-01T14:07:00+09:00,37.494957877,127.124194746,35.0,2026-09-01T14:07:00+09:00,environment
OC3CL210115_2026-09-01T14:07:00+09:00,37.525641,127.129665,65.0,2026-09-01T14:07:00+09:00,environment
V02Q1940392_2026-09-01T15:07:00+09:00,37.538286643,127.09239683,46.0,2026-09-01T15:07:00+09:00,environment
V02Q1940403_2026-09-01T15:07:00+09:00,37.534309074,127.081985567,49.0,2026-09-01T15:07:00+09:00,environment
V02Q1940391_2026-09-01T15:07:00+09:00,37.528616803,127.085121222,47.0,2026-09-01T15:07:00+09:00,environment
V02Q1940411_2026-09-01T15:07:00+09:00,37.533878243,127.091521,35.0,2026-09-01T15:07:00+09:00,environment
V02Q1940506_2026-09-01T15:07:00+09:00,37.535029673,127.093240689,55.0,2026-09-01T15:07:00+09:00,environment
V02Q1940679_2026-09-01T15:07:00+09:00,37.495212727,127.121438826,50.0,2026-09-01T15:07:00+09:00,environment
V02Q1940734_2026-09-01T15:07:00+09:00,37.518407904,127.100366298,45.0,2026-09-01T15:07:00+09:00,environment
V02Q1940784_2026-09-01T15:07:00+09:00,37.498247757,127.126296648,49.0,2026-09-01T15:07:00+09:00,environment
V02Q1940706_2026-09-01T15:07:00+09:00,37.502049127,127.117110751,49.0,2026-09-01T15:07:00+09:00,environment
V02Q1940708_2026-09-01T15:07:00+09:00,37.514300619,127.091447797,53.0,2026-09-01T15:07:00+09:00,environment
V02Q1940736_2026-09-01T15:07:00+09:00,37.504194933,127.128187719,42.0,2026-09-01T15:07:00+09:00,environment
V02Q1940767_2026-09-01T15:07:00+09:00,37.502603852,127.092310875,50.0,2026-09-01T15:07:00+09:00,environment
V02Q1940772_2026-09-01T15:07:00+09:00,37.503635193,127.103503284,53.0,2026-09-01T15:07:00+09:00,environment
V02Q1940775_2026-09-01T15:07:00+09:00,37.505801455,127.109663753,50.0,2026-09-01T15:07:00+09:00,environment
V02Q1940781_2026-09-01T15:07:00+09:00,37.506173683,127.084756221,44.0,2026-09-01T15:07:00+09:00,environment
V02Q1940787_2026-09-01T15:07:00+09:00,37.512955044,127.094661921,43.0,2026-09-01T15:07:00+09:00,environment
V02Q1940788_2026-09-01T15:07:00+09:00,37.509617855,127.0741524,51.0,2026-09-01T15:07:00+09:00,environment
V02Q1940790_2026-09-01T15:07:00+09:00,37.514278277,127.112258966,42.0,2026-09-01T15:07:00+09:00,environment
V02Q1940800_2026-09-01T15:07:00+09:00,37.519952859,127.1123122,52.0,2026-09-01T15:07:00+09:00,environment
V02Q1940832_2026-09-01T15:07:00+09:00,37.511768309,127.124209484,42.0,2026-09-01T15:07:00+09:00,environment
V02Q1940847_2026-09-01T15:07:00+09:00,37.489683491,127.111908205,35.0,2026-09-01T15:07:00+09:00,environment
V02Q1940873_2026-09-01T15:07:00+09:00,37.53247211,127.114301129,50.0,2026-09-01T15:07:00+09:00,environment
V02Q1940507_2026-09-01T15:07:00+09:00,37.531277474,127.123271252,44.0,2026-09-01T15:07:00+09:00,environment
V02Q1940713_2026-09-01T15:07:00+09:00,37.516185359,127.114540561,51.0,2026-09-01T15:07:00+09:00,environment
V02Q1940714_2026-09-01T15:07:00+09:00,37.513385412,127.10686824,56.0,2026-09-01T15:07:00+09:00,environment
V02Q1940811_2026-09-01T15:07:00+09:00,37.52727312,127.116249051,52.0,2026-09-01T15:07:00+09:00,environment
V02Q1940819_2026-09-01T15:07:00+09:00,37.507344263,127.104688643,46.0,2026-09-01T15:07:00+09:00,environment
V02Q1940820_2026-09-01T15:07:00+09:00,37.511104225,127.102321793,56.0,2026-09-01T15:07:00+09:00,environment
V02Q1940821_2026-09-01T15:07:00+09:00,37.502832774,127.108694904,52.0,2026-09-01T15:07:00+09:00,environment
V02Q1940838_2026-09-01T15:07:00+09:00,37.51767925,127.08881891,43.0,2026-09-01T15:07:00+09:00,environment
V02Q1940941_2026-09-01T15:07:00+09:00,37.509088133,127.084056858,42.0,2026-09-01T15:07:00+09:00,environment
V02Q1940079_2026-09-01T15:07:00+09:00,37.494102447,127.082209375,35.0,2026-09-01T15:07:00+09:00,environment
V02Q1940098_2026-09-01T15:07:00+09:00,37.48670146,127.1000197,58.0,2026-09-01T15:07:00+09:00,environment
V02Q1940246_2026-09-01T15:07:00+09:00,37.49920086,127.072395308,47.0,2026-09-01T15:07:00+09:00,environment
V02Q1940082_2026-09-01T15:07:00+09:00,37.495507594,127.085748474,54.0,2026-09-01T15:07:00+09:00,environment
V02Q1940100_2026-09-01T15:07:00+09:00,37.494978959,127.093144214,63.0,2026-09-01T15:07:00+09:00,environment
OC3CL200135_2026-09-01T15:07:00+09:00,37.50215692,127.07044791,62.0,2026-09-01T15:07:00+09:00,environment
OC3CL200141_2026-09-01T15:07:00+09:00,37.48877157,127.1067039,61.0,2026-09-01T15:07:00+09:00,environment
OC3CL200157_2026-09-01T15:07:00+09:00,37.492381245,127.094589306,70.0,2026-09-01T15:07:00+09:00,environment
OC3CL200207_2026-09-01T15:07:00+09:00,37.494957877,127.124194746,38.0,2026-09-01T15:07:00+09:00,environment
OC3CL210115_2026-09-01T15:07:00+09:00,37.525641,127.129665,63.0,2026-09-01T15:07:00+09:00,environment
V02Q1940392_2026-09-01T16:07:00+09:00,37.538286643,127.09239683,44.0,2026-09-01T16:07:00+09:00,environment
V02Q1940403_2026-09-01T16:07:00+09:00,37.534309074,127.081985567,50.0,2026-09-01T16:07:00+09:00,environment
V02Q1940391_2026-09-01T16:07:00+09:00,37.528616803,127.085121222,44.0,2026-09-01T16:07:00+09:00,environment
V02Q1940411_2026-09-01T16:07:00+09:00,37.533878243,127.091521,35.0,2026-09-01T16:07:00+09:00,environment
V02Q1940506_2026-09-01T16:07:00+09:00,37.535029673,127.093240689,55.0,2026-09-01T16:07:00+09:00,environment
V02Q1940679_2026-09-01T16:07:00+09:00,37.495212727,127.121438826,50.0,2026-09-01T16:07:00+09:00,environment
V02Q1940734_2026-09-01T16:07:00+09:00,37.518407904,127.100366298,45.0,2026-09-01T16:07:00+09:00,environment
V02Q1940784_2026-09-01T16:07:00+09:00,37.498247757,127.126296648,53.0,2026-09-01T16:07:00+09:00,environment
V02Q1940706_2026-09-01T16:07:00+09:00,37.502049127,127.117110751,48.0,2026-09-01T16:07:00+09:00,environment
V02Q1940708_2026-09-01T16:07:00+09:00,37.514300619,127.091447797,54.0,2026-09-01T16:07:00+09:00,environment
V02Q1940736_2026-09-01T16:07:00+09:00,37.504194933,127.128187719,41.0,2026-09-01T16:07:00+09:00,environment
V02Q1940767_2026-09-01T16:07:00+09:00,37.502603852,127.092310875,51.0,2026-09-01T16:07:00+09:00,environment
V02Q1940772_2026-09-01T16:07:00+09:00,37.503635193,127.103503284,53.0,2026-09-01T16:07:00+09:00,environment
V02Q1940775_2026-09-01T16:07:00+09:00,37.505801455,127.109663753,51.0,2026-09-01T16:07:00+09:00,environment
V02Q1940787_2026-09-01T16:07:00+09:00,37.512955044,127.094661921,47.0,2026-09-01T16:07:00+09:00,environment
V02Q1940788_2026-09-01T16:07:00+09:00,37.509617855,127.0741524,51.0,2026-09-01T16:07:00+09:00,environment
V02Q1940790_2026-09-01T16:07:00+09:00,37.514278277,127.112258966,41.0,2026-09-01T16:07:00+09:00,environment
V02Q1940832_2026-09-01T16:07:00+09:00,37.511768309,127.124209484,42.0,2026-09-01T16:07:00+09:00,environment
V02Q1940847_2026-09-01T16:07:00+09:00,37.489683491,127.111908205,35.0,2026-09-01T16:07:00+09:00,environment
V02Q1940713_2026-09-01T16:07:00+09:00,37.516185359,127.114540561,49.0,2026-09-01T16:07:00+09:00,environment
V02Q1940714_2026-09-01T16:07:00+09:00,37.513385412,127.10686824,56.0,2026-09-01T16:07:00+09:00,environment
V02Q1940781_2026-09-01T16:07:00+09:00,37.506173683,127.084756221,45.0,2026-09-01T16:07:00+09:00,environment
V02Q1940800_2026-09-01T16:07:00+09:00,37.519952859,127.1123122,52.0,2026-09-01T16:07:00+09:00,environment
V02Q1940873_2026-09-01T16:07:00+09:00,37.53247211,127.114301129,48.0,2026-09-01T16:07:00+09:00,environment
V02Q1940941_2026-09-01T16:07:00+09:00,37.509088133,127.084056858,44.0,2026-09-01T16:07:00+09:00,environment
V02Q1940507_2026-09-01T16:07:00+09:00,37.531277474,127.123271252,45.0,2026-09-01T16:07:00+09:00,environment
V02Q1940811_2026-09-01T16:07:00+09:00,37.52727312,127.116249051,53.0,2026-09-01T16:07:00+09:00,environment
V02Q1940819_2026-09-01T16:07:00+09:00,37.507344263,127.104688643,46.0,2026-09-01T16:07:00+09:00,environment
V02Q1940820_2026-09-01T16:07:00+09:00,37.511104225,127.102321793,56.0,2026-09-01T16:07:00+09:00,environment
V02Q1940821_2026-09-01T16:07:00+09:00,37.502832774,127.108694904,50.0,2026-09-01T16:07:00+09:00,environment
V02Q1940838_2026-09-01T16:07:00+09:00,37.51767925,127.08881891,43.0,2026-09-01T16:07:00+09:00,environment
V02Q1940079_2026-09-01T16:07:00+09:00,37.494102447,127.082209375,35.0,2026-09-01T16:07:00+09:00,environment
V02Q1940098_2026-09-01T16:07:00+09:00,37.48670146,127.1000197,58.0,2026-09-01T16:07:00+09:00,environment
V02Q1940246_2026-09-01T16:07:00+09:00,37.49920086,127.072395308,45.0,2026-09-01T16:07:00+09:00,environment
V02Q1940082_2026-09-01T16:07:00+09:00,37.495507594,127.085748474,53.0,2026-09-01T16:07:00+09:00,environment
V02Q1940100_2026-09-01T16:07:00+09:00,37.494978959,127.093144214,63.0,2026-09-01T16:07:00+09:00,environment
OC3CL200135_2026-09-01T16:07:00+09:00,37.50215692,127.07044791,62.0,2026-09-01T16:07:00+09:00,environment
OC3CL200141_2026-09-01T16:07:00+09:00,37.48877157,127.1067039,60.0,2026-09-01T16:07:00+09:00,environment
OC3CL200157_2026-09-01T16:07:00+09:00,37.492381245,127.094589306,70.0,2026-09-01T16:07:00+09:00,environment
OC3CL200207_2026-09-01T16:07:00+09:00,37.494957877,127.124194746,36.0,2026-09-01T16:07:00+09:00,environment
OC3CL210115_2026-09-01T16:07:00+09:00,37.525641,127.129665,63.0,2026-09-01T16:07:00+09:00,environment
V02Q1940392_2026-09-01T17:07:00+09:00,37.538286643,127.09239683,44.0,2026-09-01T17:07:00+09:00,environment
V02Q1940403_2026-09-01T17:07:00+09:00,37.534309074,127.081985567,52.0,2026-09-01T17:07:00+09:00,environment
V02Q1940391_2026-09-01T17:07:00+09:00,37.528616803,127.085121222,45.0,2026-09-01T17:07:00+09:00,environment
V02Q1940411_2026-09-01T17:07:00+09:00,37.533878243,127.091521,35.0,2026-09-01T17:07:00+09:00,environment
V02Q1940506_2026-09-01T17:07:00+09:00,37.535029673,127.093240689,55.0,2026-09-01T17:07:00+09:00,environment
V02Q1940679_2026-09-01T17:07:00+09:00,37.495212727,127.121438826,51.0,2026-09-01T17:07:00+09:00,environment
V02Q1940734_2026-09-01T17:07:00+09:00,37.518407904,127.100366298,42.0,2026-09-01T17:07:00+09:00,environment
V02Q1940784_2026-09-01T17:07:00+09:00,37.498247757,127.126296648,50.0,2026-09-01T17:07:00+09:00,environment
V02Q1940706_2026-09-01T17:07:00+09:00,37.502049127,127.117110751,50.0,2026-09-01T17:07:00+09:00,environment
V02Q1940708_2026-09-01T17:07:00+09:00,37.514300619,127.091447797,57.0,2026-09-01T17:07:00+09:00,environment
V02Q1940736_2026-09-01T17:07:00+09:00,37.504194933,127.128187719,42.0,2026-09-01T17:07:00+09:00,environment
V02Q1940767_2026-09-01T17:07:00+09:00,37.502603852,127.092310875,51.0,2026-09-01T17:07:00+09:00,environment
V02Q1940772_2026-09-01T17:07:00+09:00,37.503635193,127.103503284,54.0,2026-09-01T17:07:00+09:00,environment
V02Q1940775_2026-09-01T17:07:00+09:00,37.505801455,127.109663753,51.0,2026-09-01T17:07:00+09:00,environment
V02Q1940781_2026-09-01T17:07:00+09:00,37.506173683,127.084756221,46.0,2026-09-01T17:07:00+09:00,environment
V02Q1940787_2026-09-01T17:07:00+09:00,37.512955044,127.094661921,45.0,2026-09-01T17:07:00+09:00,environment
V02Q1940788_2026-09-01T17:07:00+09:00,37.509617855,127.0741524,53.0,2026-09-01T17:07:00+09:00,environment
V02Q1940790_2026-09-01T17:07:00+09:00,37.514278277,127.112258966,40.0,2026-09-01T17:07:00+09:00,environment
V02Q1940800_2026-09-01T17:07:00+09:00,37.519952859,127.1123122,55.0,2026-09-01T17:07:00+09:00,environment
V02Q1940832_2026-09-01T17:07:00+09:00,37.511768309,127.124209484,42.0,2026-09-01T17:07:00+09:00,environment
V02Q1940847_2026-09-01T17:07:00+09:00,37.489683491,127.111908205,35.0,2026-09-01T17:07:00+09:00,environment
V02Q1940873_2026-09-01T17:07:00+09:00,37.53247211,127.114301129,46.0,2026-09-01T17:07:00+09:00,environment
V02Q1940507_2026-09-01T17:07:00+09:00,37.531277474,127.123271252,45.0,2026-09-01T17:07:00+09:00,environment
V02Q1940713_2026-09-01T17:07:00+09:00,37.516185359,127.114540561,48.0,2026-09-01T17:07:00+09:00,environment
V02Q1940714_2026-09-01T17:07:00+09:00,37.513385412,127.10686824,58.0,2026-09-01T17:07:00+09:00,environment
V02Q1940811_2026-09-01T17:07:00+09:00,37.52727312,127.116249051,53.0,2026-09-01T17:07:00+09:00,environment
V02Q1940819_2026-09-01T17:07:00+09:00,37.507344263,127.104688643,47.0,2026-09-01T17:07:00+09:00,environment
V02Q1940820_2026-09-01T17:07:00+09:00,37.511104225,127.102321793,58.0,2026-09-01T17:07:00+09:00,environment
V02Q1940821_2026-09-01T17:07:00+09:00,37.502832774,127.108694904,52.0,2026-09-01T17:07:00+09:00,environment
V02Q1940838_2026-09-01T17:07:00+09:00,37.51767925,127.08881891,43.0,2026-09-01T17:07:00+09:00,environment
V02Q1940941_2026-09-01T17:07:00+09:00,37.509088133,127.084056858,45.0,2026-09-01T17:07:00+09:00,environment
V02Q1940079_2026-09-01T17:07:00+09:00,37.494102447,127.082209375,35.0,2026-09-01T17:07:00+09:00,environment
V02Q1940098_2026-09-01T17:07:00+09:00,37.48670146,127.1000197,60.0,2026-09-01T17:07:00+09:00,environment
V02Q1940246_2026-09-01T17:07:00+09:00,37.49920086,127.072395308,43.0,2026-09-01T17:07:00+09:00,environment
V02Q1940082_2026-09-01T17:07:00+09:00,37.495507594,127.085748474,55.0,2026-09-01T17:07:00+09:00,environment
V02Q1940100_2026-09-01T17:07:00+09:00,37.494978959,127.093144214,63.0,2026-09-01T17:07:00+09:00,environment
OC3CL200135_2026-09-01T17:07:00+09:00,37.50215692,127.07044791,62.0,2026-09-01T17:07:00+09:00,environment
OC3CL200141_2026-09-01T17:07:00+09:00,37.48877157,127.1067039,59.0,2026-09-01T17:07:00+09:00,environment
OC3CL200157_2026-09-01T17:07:00+09:00,37.492381245,127.094589306,70.0,2026-09-01T17:07:00+09:00,environment
OC3CL200207_2026-09-01T17:07:00+09:00,37.494957877,127.124194746,35.0,2026-09-01T17:07:00+09:00,environment
OC3CL210115_2026-09-01T17:07:00+09:00,37.525641,127.129665,65.0,2026-09-01T17:07:00+09:00,environment
V02Q1940392_2026-09-01T18:07:00+09:00,37.538286643,127.09239683,43.0,2026-09-01T18:07:00+09:00,environment
V02Q1940403_2026-09-01T18:07:00+09:00,37.534309074,127.081985567,53.0,2026-09-01T18:07:00+09:00,environment
V02Q1940391_2026-09-01T18:07:00+09:00,37.528616803,127.085121222,44.0,2026-09-01T18:07:00+09:00,environment
V02Q1940411_2026-09-01T18:07:00+09:00,37.533878243,127.091521,36.0,2026-09-01T18:07:00+09:00,environment
V02Q1940506_2026-09-01T18:07:00+09:00,37.535029673,127.093240689,56.0,2026-09-01T18:07:00+09:00,environment
V02Q1940679_2026-09-01T18:07:00+09:00,37.495212727,127.121438826,51.0,2026-09-01T18:07:00+09:00,environment
V02Q1940734_2026-09-01T18:07:00+09:00,37.518407904,127.100366298,41.0,2026-09-01T18:07:00+09:00,environment
V02Q1940784_2026-09-01T18:07:00+09:00,37.498247757,127.126296648,45.0,2026-09-01T18:07:00+09:00,environment
V02Q1940706_2026-09-01T18:07:00+09:00,37.502049127,127.117110751,48.0,2026-09-01T18:07:00+09:00,environment
V02Q1940708_2026-09-01T18:07:00+09:00,37.514300619,127.091447797,56.0,2026-09-01T18:07:00+09:00,environment
V02Q1940736_2026-09-01T18:07:00+09:00,37.504194933,127.128187719,41.0,2026-09-01T18:07:00+09:00,environment
V02Q1940767_2026-09-01T18:07:00+09:00,37.502603852,127.092310875,51.0,2026-09-01T18:07:00+09:00,environment
V02Q1940772_2026-09-01T18:07:00+09:00,37.503635193,127.103503284,53.0,2026-09-01T18:07:00+09:00,environment
V02Q1940775_2026-09-01T18:07:00+09:00,37.505801455,127.109663753,51.0,2026-09-01T18:07:00+09:00,environment
V02Q1940781_2026-09-01T18:07:00+09:00,37.506173683,127.084756221,44.0,2026-09-01T18:07:00+09:00,environment
V02Q1940787_2026-09-01T18:07:00+09:00,37.512955044,127.094661921,44.0,2026-09-01T18:07:00+09:00,environment
V02Q1940788_2026-09-01T18:07:00+09:00,37.509617855,127.0741524,54.0,2026-09-01T18:07:00+09:00,environment
V02Q1940790_2026-09-01T18:07:00+09:00,37.514278277,127.112258966,40.0,2026-09-01T18:07:00+09:00,environment
V02Q1940800_2026-09-01T18:07:00+09:00,37.519952859,127.1123122,54.0,2026-09-01T18:07:00+09:00,environment
V02Q1940832_2026-09-01T18:07:00+09:00,37.511768309,127.124209484,41.0,2026-09-01T18:07:00+09:00,environment
V02Q1940847_2026-09-01T18:07:00+09:00,37.489683491,127.111908205,35.0,2026-09-01T18:07:00+09:00,environment
V02Q1940873_2026-09-01T18:07:00+09:00,37.53247211,127.114301129,46.0,2026-09-01T18:07:00+09:00,environment
V02Q1940507_2026-09-01T18:07:00+09:00,37.531277474,127.123271252,45.0,2026-09-01T18:07:00+09:00,environment
V02Q1940713_2026-09-01T18:07:00+09:00,37.516185359,127.114540561,49.0,2026-09-01T18:07:00+09:00,environment
V02Q1940714_2026-09-01T18:07:00+09:00,37.513385412,127.10686824,57.0,2026-09-01T18:07:00+09:00,environment
V02Q1940811_2026-09-01T18:07:00+09:00,37.52727312,127.116249051,53.0,2026-09-01T18:07:00+09:00,environment
V02Q1940819_2026-09-01T18:07:00+09:00,37.507344263,127.104688643,46.0,2026-09-01T18:07:00+09:00,environment
V02Q1940820_2026-09-01T18:07:00+09:00,37.511104225,127.102321793,57.0,2026-09-01T18:07:00+09:00,environment
V02Q1940821_2026-09-01T18:07:00+09:00,37.502832774,127.108694904,51.0,2026-09-01T18:07:00+09:00,environment
V02Q1940838_2026-09-01T18:07:00+09:00,37.51767925,127.08881891,43.0,2026-09-01T18:07:00+09:00,environment
V02Q1940941_2026-09-01T18:07:00+09:00,37.509088133,127.084056858,45.0,2026-09-01T18:07:00+09:00,environment
V02Q1940079_2026-09-01T18:07:00+09:00,37.494102447,127.082209375,35.0,2026-09-01T18:07:00+09:00,environment
V02Q1940098_2026-09-01T18:07:00+09:00,37.48670146,127.1000197,59.0,2026-09-01T18:07:00+09:00,environment
V02Q1940246_2026-09-01T18:07:00+09:00,37.49920086,127.072395308,43.0,2026-09-01T18:07:00+09:00,environment
V02Q1940082_2026-09-01T18:07:00+09:00,37.495507594,127.085748474,55.0,2026-09-01T18:07:00+09:00,environment
V02Q1940100_2026-09-01T18:07:00+09:00,37.494978959,127.093144214,64.0,2026-09-01T18:07:00+09:00,environment
OC3CL200135_2026-09-01T18:07:00+09:00,37.50215692,127.07044791,62.0,2026-09-01T18:07:00+09:00,environment
OC3CL200141_2026-09-01T18:07:00+09:00,37.48877157,127.1067039,59.0,2026-09-01T18:07:00+09:00,environment
OC3CL200157_2026-09-01T18:07:00+09:00,37.492381245,127.094589306,70.0,2026-09-01T18:07:00+09:00,environment
OC3CL200207_2026-09-01T18:07:00+09:00,37.494957877,127.124194746,35.0,2026-09-01T18:07:00+09:00,environment
OC3CL210115_2026-09-01T18:07:00+09:00,37.525641,127.129665,64.0,2026-09-01T18:07:00+09:00,environment
V02Q1940392_2026-09-01T19:07:00+09:00,37.538286643,127.09239683,41.0,2026-09-01T19:07:00+09:00,environment
V02Q1940403_2026-09-01T19:07:00+09:00,37.534309074,127.081985567,51.0,2026-09-01T19:07:00+09:00,environment
V02Q1940391_2026-09-01T19:07:00+09:00,37.528616803,127.085121222,42.0,2026-09-01T19:07:00+09:00,environment
V02Q1940411_2026-09-01T19:07:00+09:00,37.533878243,127.091521,35.0,2026-09-01T19:07:00+09:00,environment
V02Q1940506_2026-09-01T19:07:00+09:00,37.535029673,127.093240689,55.0,2026-09-01T19:07:00+09:00,environment
V02Q1940679_2026-09-01T19:07:00+09:00,37.495212727,127.121438826,50.0,2026-09-01T19:07:00+09:00,environment
V02Q1940734_2026-09-01T19:07:00+09:00,37.518407904,127.100366298,40.0,2026-09-01T19:07:00+09:00,environment
V02Q1940784_2026-09-01T19:07:00+09:00,37.498247757,127.126296648,43.0,2026-09-01T19:07:00+09:00,environment
V02Q1940706_2026-09-01T19:07:00+09:00,37.502049127,127.117110751,48.0,2026-09-01T19:07:00+09:00,environment
V02Q1940708_2026-09-01T19:07:00+09:00,37.514300619,127.091447797,55.0,2026-09-01T19:07:00+09:00,environment
V02Q1940736_2026-09-01T19:07:00+09:00,37.504194933,127.128187719,41.0,2026-09-01T19:07:00+09:00,environment
V02Q1940767_2026-09-01T19:07:00+09:00,37.502603852,127.092310875,49.0,2026-09-01T19:07:00+09:00,environment
V02Q1940772_2026-09-01T19:07:00+09:00,37.503635193,127.103503284,53.0,2026-09-01T19:07:00+09:00,environment
V02Q1940775_2026-09-01T19:07:00+09:00,37.505801455,127.109663753,50.0,2026-09-01T19:07:00+09:00,environment
V02Q1940781_2026-09-01T19:07:00+09:00,37.506173683,127.084756221,45.0,2026-09-01T19:07:00+09:00,environment
V02Q1940787_2026-09-01T19:07:00+09:00,37.512955044,127.094661921,42.0,2026-09-01T19:07:00+09:00,environment
V02Q1940788_2026-09-01T19:07:00+09:00,37.509617855,127.0741524,52.0,2026-09-01T19:07:00+09:00,environment
V02Q1940790_2026-09-01T19:07:00+09:00,37.514278277,127.112258966,41.0,2026-09-01T19:07:00+09:00,environment
V02Q1940800_2026-09-01T19:07:00+09:00,37.519952859,127.1123122,53.0,2026-09-01T19:07:00+09:00,environment
V02Q1940832_2026-09-01T19:07:00+09:00,37.511768309,127.124209484,41.0,2026-09-01T19:07:00+09:00,environment
V02Q1940847_2026-09-01T19:07:00+09:00,37.489683491,127.111908205,35.0,2026-09-01T19:07:00+09:00,environment
V02Q1940873_2026-09-01T19:07:00+09:00,37.53247211,127.114301129,46.0,2026-09-01T19:07:00+09:00,environment
V02Q1940507_2026-09-01T19:07:00+09:00,37.531277474,127.123271252,44.0,2026-09-01T19:07:00+09:00,environment
V02Q1940713_2026-09-01T19:07:00+09:00,37.516185359,127.114540561,48.0,2026-09-01T19:07:00+09:00,environment
V02Q1940714_2026-09-01T19:07:00+09:00,37.513385412,127.10686824,56.0,2026-09-01T19:07:00+09:00,environment
V02Q1940811_2026-09-01T19:07:00+09:00,37.52727312,127.116249051,52.0,2026-09-01T19:07:00+09:00,environment
V02Q1940819_2026-09-01T19:07:00+09:00,37.507344263,127.104688643,45.0,2026-09-01T19:07:00+09:00,environment
V02Q1940820_2026-09-01T19:07:00+09:00,37.511104225,127.102321793,56.0,2026-09-01T19:07:00+09:00,environment
V02Q1940821_2026-09-01T19:07:00+09:00,37.502832774,127.108694904,51.0,2026-09-01T19:07:00+09:00,environment
V02Q1940838_2026-09-01T19:07:00+09:00,37.51767925,127.08881891,42.0,2026-09-01T19:07:00+09:00,environment
V02Q1940941_2026-09-01T19:07:00+09:00,37.509088133,127.084056858,44.0,2026-09-01T19:07:00+09:00,environment
V02Q1940079_2026-09-01T19:07:00+09:00,37.494102447,127.082209375,35.0,2026-09-01T19:07:00+09:00,environment
V02Q1940098_2026-09-01T19:07:00+09:00,37.48670146,127.1000197,59.0,2026-09-01T19:07:00+09:00,environment
V02Q1940246_2026-09-01T19:07:00+09:00,37.49920086,127.072395308,43.0,2026-09-01T19:07:00+09:00,environment
V02Q1940082_2026-09-01T19:07:00+09:00,37.495507594,127.085748474,54.0,2026-09-01T19:07:00+09:00,environment
V02Q1940100_2026-09-01T19:07:00+09:00,37.494978959,127.093144214,63.0,2026-09-01T19:07:00+09:00,environment
OC3CL200135_2026-09-01T19:07:00+09:00,37.50215692,127.07044791,63.0,2026-09-01T19:07:00+09:00,environment
OC3CL200141_2026-09-01T19:07:00+09:00,37.48877157,127.1067039,58.0,2026-09-01T19:07:00+09:00,environment
OC3CL200157_2026-09-01T19:07:00+09:00,37.492381245,127.094589306,70.0,2026-09-01T19:07:00+09:00,environment
OC3CL200207_2026-09-01T19:07:00+09:00,37.494957877,127.124194746,35.0,2026-09-01T19:07:00+09:00,environment
OC3CL210115_2026-09-01T19:07:00+09:00,37.525641,127.129665,64.0,2026-09-01T19:07:00+09:00,environment
V02Q1940392_2026-09-01T20:07:00+09:00,37.538286643,127.09239683,43.0,2026-09-01T20:07:00+09:00,environment
V02Q1940403_2026-09-01T20:07:00+09:00,37.534309074,127.081985567,50.0,2026-09-01T20:07:00+09:00,environment
V02Q1940391_2026-09-01T20:07:00+09:00,37.528616803,127.085121222,42.0,2026-09-01T20:07:00+09:00,environment
V02Q1940411_2026-09-01T20:07:00+09:00,37.533878243,127.091521,35.0,2026-09-01T20:07:00+09:00,environment
V02Q1940506_2026-09-01T20:07:00+09:00,37.535029673,127.093240689,55.0,2026-09-01T20:07:00+09:00,environment
V02Q1940679_2026-09-01T20:07:00+09:00,37.495212727,127.121438826,49.0,2026-09-01T20:07:00+09:00,environment
V02Q1940734_2026-09-01T20:07:00+09:00,37.518407904,127.100366298,42.0,2026-09-01T20:07:00+09:00,environment
V02Q1940784_2026-09-01T20:07:00+09:00,37.498247757,127.126296648,42.0,2026-09-01T20:07:00+09:00,environment
V02Q1940706_2026-09-01T20:07:00+09:00,37.502049127,127.117110751,48.0,2026-09-01T20:07:00+09:00,environment
V02Q1940708_2026-09-01T20:07:00+09:00,37.514300619,127.091447797,53.0,2026-09-01T20:07:00+09:00,environment
V02Q1940736_2026-09-01T20:07:00+09:00,37.504194933,127.128187719,39.0,2026-09-01T20:07:00+09:00,environment
V02Q1940767_2026-09-01T20:07:00+09:00,37.502603852,127.092310875,49.0,2026-09-01T20:07:00+09:00,environment
V02Q1940772_2026-09-01T20:07:00+09:00,37.503635193,127.103503284,52.0,2026-09-01T20:07:00+09:00,environment
V02Q1940775_2026-09-01T20:07:00+09:00,37.505801455,127.109663753,49.0,2026-09-01T20:07:00+09:00,environment
V02Q1940781_2026-09-01T20:07:00+09:00,37.506173683,127.084756221,42.0,2026-09-01T20:07:00+09:00,environment
V02Q1940787_2026-09-01T20:07:00+09:00,37.512955044,127.094661921,42.0,2026-09-01T20:07:00+09:00,environment
V02Q1940788_2026-09-01T20:07:00+09:00,37.509617855,127.0741524,50.0,2026-09-01T20:07:00+09:00,environment
V02Q1940790_2026-09-01T20:07:00+09:00,37.514278277,127.112258966,41.0,2026-09-01T20:07:00+09:00,environment
V02Q1940800_2026-09-01T20:07:00+09:00,37.519952859,127.1123122,52.0,2026-09-01T20:07:00+09:00,environment
V02Q1940832_2026-09-01T20:07:00+09:00,37.511768309,127.124209484,41.0,2026-09-01T20:07:00+09:00,environment
V02Q1940847_2026-09-01T20:07:00+09:00,37.489683491,127.111908205,35.0,2026-09-01T20:07:00+09:00,environment
V02Q1940713_2026-09-01T20:07:00+09:00,37.516185359,127.114540561,47.0,2026-09-01T20:07:00+09:00,environment
V02Q1940714_2026-09-01T20:07:00+09:00,37.513385412,127.10686824,56.0,2026-09-01T20:07:00+09:00,environment
V02Q1940811_2026-09-01T20:07:00+09:00,37.52727312,127.116249051,51.0,2026-09-01T20:07:00+09:00,environment
V02Q1940819_2026-09-01T20:07:00+09:00,37.507344263,127.104688643,44.0,2026-09-01T20:07:00+09:00,environment
V02Q1940820_2026-09-01T20:07:00+09:00,37.511104225,127.102321793,56.0,2026-09-01T20:07:00+09:00,environment
V02Q1940821_2026-09-01T20:07:00+09:00,37.502832774,127.108694904,51.0,2026-09-01T20:07:00+09:00,environment
V02Q1940838_2026-09-01T20:07:00+09:00,37.51767925,127.08881891,41.0,2026-09-01T20:07:00+09:00,environment
V02Q1940873_2026-09-01T20:07:00+09:00,37.53247211,127.114301129,47.0,2026-09-01T20:07:00+09:00,environment
V02Q1940941_2026-09-01T20:07:00+09:00,37.509088133,127.084056858,45.0,2026-09-01T20:07:00+09:00,environment
V02Q1940507_2026-09-01T20:07:00+09:00,37.531277474,127.123271252,43.0,2026-09-01T20:07:00+09:00,environment
V02Q1940079_2026-09-01T20:07:00+09:00,37.494102447,127.082209375,35.0,2026-09-01T20:07:00+09:00,environment
V02Q1940098_2026-09-01T20:07:00+09:00,37.48670146,127.1000197,61.0,2026-09-01T20:07:00+09:00,environment
V02Q1940246_2026-09-01T20:07:00+09:00,37.49920086,127.072395308,45.0,2026-09-01T20:07:00+09:00,environment
V02Q1940082_2026-09-01T20:07:00+09:00,37.495507594,127.085748474,54.0,2026-09-01T20:07:00+09:00,environment
V02Q1940100_2026-09-01T20:07:00+09:00,37.494978959,127.093144214,63.0,2026-09-01T20:07:00+09:00,environment
OC3CL200135_2026-09-01T20:07:00+09:00,37.50215692,127.07044791,62.0,2026-09-01T20:07:00+09:00,environment
OC3CL200141_2026-09-01T20:07:00+09:00,37.48877157,127.1067039,59.0,2026-09-01T20:07:00+09:00,environment
OC3CL200157_2026-09-01T20:07:00+09:00,37.492381245,127.094589306,69.0,2026-09-01T20:07:00+09:00,environment
OC3CL200207_2026-09-01T20:07:00+09:00,37.494957877,127.124194746,37.0,2026-09-01T20:07:00+09:00,environment
OC3CL200017_2026-09-01T20:07:00+09:00,37.52406575,127.1285088,65.0,2026-09-01T20:07:00+09:00,environment
OC3CL210115_2026-09-01T20:07:00+09:00,37.525641,127.129665,64.0,2026-09-01T20:07:00+09:00,environment
OC3CL200017_2026-09-01T21:07:00+09:00,37.52406575,127.1285088,64.0,2026-09-01T21:07:00+09:00,environment
OC3CL200135_2026-09-01T21:07:00+09:00,37.50215692,127.07044791,62.0,2026-09-01T21:07:00+09:00,environment
OC3CL200141_2026-09-01T21:07:00+09:00,37.48877157,127.1067039,60.0,2026-09-01T21:07:00+09:00,environment
OC3CL200157_2026-09-01T21:07:00+09:00,37.492381245,127.094589306,69.0,2026-09-01T21:07:00+09:00,environment
OC3CL200207_2026-09-01T21:07:00+09:00,37.494957877,127.124194746,37.0,2026-09-01T21:07:00+09:00,environment
OC3CL210115_2026-09-01T21:07:00+09:00,37.525641,127.129665,63.0,2026-09-01T21:07:00+09:00,environment
V02Q1940079_2026-09-01T21:07:00+09:00,37.494102447,127.082209375,35.0,2026-09-01T21:07:00+09:00,environment
V02Q1940082_2026-09-01T21:07:00+09:00,37.495507594,127.085748474,55.0,2026-09-01T21:07:00+09:00,environment
V02Q1940098_2026-09-01T21:07:00+09:00,37.48670146,127.1000197,62.0,2026-09-01T21:07:00+09:00,environment
V02Q1940100_2026-09-01T21:07:00+09:00,37.494978959,127.093144214,63.0,2026-09-01T21:07:00+09:00,environment
V02Q1940246_2026-09-01T21:07:00+09:00,37.49920086,127.072395308,49.0,2026-09-01T21:07:00+09:00,environment
V02Q1940391_2026-09-01T21:07:00+09:00,37.528616803,127.085121222,42.0,2026-09-01T21:07:00+09:00,environment
V02Q1940392_2026-09-01T21:07:00+09:00,37.538286643,127.09239683,42.0,2026-09-01T21:07:00+09:00,environment
V02Q1940403_2026-09-01T21:07:00+09:00,37.534309074,127.081985567,49.0,2026-09-01T21:07:00+09:00,environment
V02Q1940411_2026-09-01T21:07:00+09:00,37.533878243,127.091521,35.0,2026-09-01T21:07:00+09:00,environment
V02Q1940506_2026-09-01T21:07:00+09:00,37.535029673,127.093240689,54.0,2026-09-01T21:07:00+09:00,environment
V02Q1940507_2026-09-01T21:07:00+09:00,37.531277474,127.123271252,43.0,2026-09-01T21:07:00+09:00,environment
V02Q1940679_2026-09-01T21:07:00+09:00,37.495212727,127.121438826,51.0,2026-09-01T21:07:00+09:00,environment
V02Q1940706_2026-09-01T21:07:00+09:00,37.502049127,127.117110751,48.0,2026-09-01T21:07:00+09:00,environment
V02Q1940708_2026-09-01T21:07:00+09:00,37.514300619,127.091447797,53.0,2026-09-01T21:07:00+09:00,environment
V02Q1940713_2026-09-01T21:07:00+09:00,37.516185359,127.114540561,48.0,2026-09-01T21:07:00+09:00,environment
V02Q1940714_2026-09-01T21:07:00+09:00,37.513385412,127.10686824,56.0,2026-09-01T21:07:00+09:00,environment
V02Q1940734_2026-09-01T21:07:00+09:00,37.518407904,127.100366298,39.0,2026-09-01T21:07:00+09:00,environment
V02Q1940736_2026-09-01T21:07:00+09:00,37.504194933,127.128187719,40.0,2026-09-01T21:07:00+09:00,environment
V02Q1940767_2026-09-01T21:07:00+09:00,37.502603852,127.092310875,50.0,2026-09-01T21:07:00+09:00,environment
V02Q1940772_2026-09-01T21:07:00+09:00,37.503635193,127.103503284,52.0,2026-09-01T21:07:00+09:00,environment
V02Q1940775_2026-09-01T21:07:00+09:00,37.505801455,127.109663753,50.0,2026-09-01T21:07:00+09:00,environment
V02Q1940781_2026-09-01T21:07:00+09:00,37.506173683,127.084756221,43.0,2026-09-01T21:07:00+09:00,environment
V02Q1940784_2026-09-01T21:07:00+09:00,37.498247757,127.126296648,43.0,2026-09-01T21:07:00+09:00,environment
V02Q1940787_2026-09-01T21:07:00+09:00,37.512955044,127.094661921,41.0,2026-09-01T21:07:00+09:00,environment
V02Q1940788_2026-09-01T21:07:00+09:00,37.509617855,127.0741524,50.0,2026-09-01T21:07:00+09:00,environment
V02Q1940790_2026-09-01T21:07:00+09:00,37.514278277,127.112258966,40.0,2026-09-01T21:07:00+09:00,environment
V02Q1940800_2026-09-01T21:07:00+09:00,37.519952859,127.1123122,52.0,2026-09-01T21:07:00+09:00,environment
V02Q1940811_2026-09-01T21:07:00+09:00,37.52727312,127.116249051,51.0,2026-09-01T21:07:00+09:00,environment
V02Q1940819_2026-09-01T21:07:00+09:00,37.507344263,127.104688643,45.0,2026-09-01T21:07:00+09:00,environment
V02Q1940820_2026-09-01T21:07:00+09:00,37.511104225,127.102321793,56.0,2026-09-01T21:07:00+09:00,environment
V02Q1940821_2026-09-01T21:07:00+09:00,37.502832774,127.108694904,51.0,2026-09-01T21:07:00+09:00,environment
V02Q1940832_2026-09-01T21:07:00+09:00,37.511768309,127.124209484,41.0,2026-09-01T21:07:00+09:00,environment
V02Q1940838_2026-09-01T21:07:00+09:00,37.51767925,127.08881891,42.0,2026-09-01T21:07:00+09:00,environment
V02Q1940847_2026-09-01T21:07:00+09:00,37.489683491,127.111908205,35.0,2026-09-01T21:07:00+09:00,environment
V02Q1940873_2026-09-01T21:07:00+09:00,37.53247211,127.114301129,48.0,2026-09-01T21:07:00+09:00,environment
V02Q1940941_2026-09-01T21:07:00+09:00,37.509088133,127.084056858,43.0,2026-09-01T21:07:00+09:00,environment
OC3CL200017_2026-09-01T22:07:00+09:00,37.52406575,127.1285088,65.0,2026-09-01T22:07:00+09:00,environment
OC3CL200135_2026-09-01T22:07:00+09:00,37.50215692,127.07044791,62.0,2026-09-01T22:07:00+09:00,environment
OC3CL200141_2026-09-01T22:07:00+09:00,37.48877157,127.1067039,60.0,2026-09-01T22:07:00+09:00,environment
OC3CL200157_2026-09-01T22:07:00+09:00,37.492381245,127.094589306,69.0,2026-09-01T22:07:00+09:00,environment
OC3CL200207_2026-09-01T22:07:00+09:00,37.494957877,127.124194746,35.0,2026-09-01T22:07:00+09:00,environment
OC3CL210115_2026-09-01T22:07:00+09:00,37.525641,127.129665,62.0,2026-09-01T22:07:00+09:00,environment
V02Q1940079_2026-09-01T22:07:00+09:00,37.494102447,127.082209375,35.0,2026-09-01T22:07:00+09:00,environment
V02Q1940082_2026-09-01T22:07:00+09:00,37.495507594,127.085748474,55.0,2026-09-01T22:07:00+09:00,environment
V02Q1940098_2026-09-01T22:07:00+09:00,37.48670146,127.1000197,63.0,2026-09-01T22:07:00+09:00,environment
V02Q1940100_2026-09-01T22:07:00+09:00,37.494978959,127.093144214,65.0,2026-09-01T22:07:00+09:00,environment
V02Q1940246_2026-09-01T22:07:00+09:00,37.49920086,127.072395308,48.0,2026-09-01T22:07:00+09:00,environment
V02Q1940391_2026-09-01T22:07:00+09:00,37.528616803,127.085121222,43.0,2026-09-01T22:07:00+09:00,environment
V02Q1940392_2026-09-01T22:07:00+09:00,37.538286643,127.09239683,43.0,2026-09-01T22:07:00+09:00,environment
V02Q1940403_2026-09-01T22:07:00+09:00,37.534309074,127.081985567,49.0,2026-09-01T22:07:00+09:00,environment
V02Q1940411_2026-09-01T22:07:00+09:00,37.533878243,127.091521,35.0,2026-09-01T22:07:00+09:00,environment
V02Q1940506_2026-09-01T22:07:00+09:00,37.535029673,127.093240689,54.0,2026-09-01T22:07:00+09:00,environment
V02Q1940507_2026-09-01T22:07:00+09:00,37.531277474,127.123271252,42.0,2026-09-01T22:07:00+09:00,environment
V02Q1940679_2026-09-01T22:07:00+09:00,37.495212727,127.121438826,52.0,2026-09-01T22:07:00+09:00,environment
V02Q1940706_2026-09-01T22:07:00+09:00,37.502049127,127.117110751,49.0,2026-09-01T22:07:00+09:00,environment
V02Q1940708_2026-09-01T22:07:00+09:00,37.514300619,127.091447797,55.0,2026-09-01T22:07:00+09:00,environment
V02Q1940713_2026-09-01T22:07:00+09:00,37.516185359,127.114540561,47.0,2026-09-01T22:07:00+09:00,environment
V02Q1940714_2026-09-01T22:07:00+09:00,37.513385412,127.10686824,56.0,2026-09-01T22:07:00+09:00,environment
V02Q1940734_2026-09-01T22:07:00+09:00,37.518407904,127.100366298,40.0,2026-09-01T22:07:00+09:00,environment
V02Q1940736_2026-09-01T22:07:00+09:00,37.504194933,127.128187719,42.0,2026-09-01T22:07:00+09:00,environment
V02Q1940767_2026-09-01T22:07:00+09:00,37.502603852,127.092310875,50.0,2026-09-01T22:07:00+09:00,environment
V02Q1940772_2026-09-01T22:07:00+09:00,37.503635193,127.103503284,54.0,2026-09-01T22:07:00+09:00,environment
V02Q1940775_2026-09-01T22:07:00+09:00,37.505801455,127.109663753,50.0,2026-09-01T22:07:00+09:00,environment
V02Q1940781_2026-09-01T22:07:00+09:00,37.506173683,127.084756221,45.0,2026-09-01T22:07:00+09:00,environment
V02Q1940784_2026-09-01T22:07:00+09:00,37.498247757,127.126296648,45.0,2026-09-01T22:07:00+09:00,environment
V02Q1940787_2026-09-01T22:07:00+09:00,37.512955044,127.094661921,41.0,2026-09-01T22:07:00+09:00,environment
V02Q1940788_2026-09-01T22:07:00+09:00,37.509617855,127.0741524,50.0,2026-09-01T22:07:00+09:00,environment
V02Q1940790_2026-09-01T22:07:00+09:00,37.514278277,127.112258966,40.0,2026-09-01T22:07:00+09:00,environment
V02Q1940800_2026-09-01T22:07:00+09:00,37.519952859,127.1123122,53.0,2026-09-01T22:07:00+09:00,environment
V02Q1940811_2026-09-01T22:07:00+09:00,37.52727312,127.116249051,52.0,2026-09-01T22:07:00+09:00,environment
V02Q1940819_2026-09-01T22:07:00+09:00,37.507344263,127.104688643,46.0,2026-09-01T22:07:00+09:00,environment
V02Q1940820_2026-09-01T22:07:00+09:00,37.511104225,127.102321793,57.0,2026-09-01T22:07:00+09:00,environment
V02Q1940821_2026-09-01T22:07:00+09:00,37.502832774,127.108694904,52.0,2026-09-01T22:07:00+09:00,environment
V02Q1940832_2026-09-01T22:07:00+09:00,37.511768309,127.124209484,41.0,2026-09-01T22:07:00+09:00,environment
V02Q1940838_2026-09-01T22:07:00+09:00,37.51767925,127.08881891,42.0,2026-09-01T22:07:00+09:00,environment
V02Q1940847_2026-09-01T22:07:00+09:00,37.489683491,127.111908205,35.0,2026-09-01T22:07:00+09:00,environment
V02Q1940873_2026-09-01T22:07:00+09:00,37.53247211,127.114301129,48.0,2026-09-01T22:07:00+09:00,environment
V02Q1940941_2026-09-01T22:07:00+09:00,37.509088133,127.084056858,42.0,2026-09-01T22:07:00+09:00,environment
OC3CL200017_2026-09-01T23:07:00+09:00,37.52406575,127.1285088,64.0,2026-09-01T23:07:00+09:00,environment
OC3CL200135_2026-09-01T23:07:00+09:00,37.50215692,127.07044791,62.0,2026-09-01T23:07:00+09:00,environment
OC3CL200141_2026-09-01T23:07:00+09:00,37.48877157,127.1067039,60.0,2026-09-01T23:07:00+09:00,environment
OC3CL200157_2026-09-01T23:07:00+09:00,37.492381245,127.094589306,69.0,2026-09-01T23:07:00+09:00,environment
OC3CL200207_2026-09-01T23:07:00+09:00,37.494957877,127.124194746,35.0,2026-09-01T23:07:00+09:00,environment
OC3CL210115_2026-09-01T23:07:00+09:00,37.525641,127.129665,61.0,2026-09-01T23:07:00+09:00,environment
V02Q1940079_2026-09-01T23:07:00+09:00,37.494102447,127.082209375,35.0,2026-09-01T23:07:00+09:00,environment
V02Q1940082_2026-09-01T23:07:00+09:00,37.495507594,127.085748474,53.0,2026-09-01T23:07:00+09:00,environment
V02Q1940098_2026-09-01T23:07:00+09:00,37.48670146,127.1000197,60.0,2026-09-01T23:07:00+09:00,environment
V02Q1940100_2026-09-01T23:07:00+09:00,37.494978959,127.093144214,64.0,2026-09-01T23:07:00+09:00,environment
V02Q1940246_2026-09-01T23:07:00+09:00,37.49920086,127.072395308,46.0,2026-09-01T23:07:00+09:00,environment
V02Q1940391_2026-09-01T23:07:00+09:00,37.528616803,127.085121222,44.0,2026-09-01T23:07:00+09:00,environment
V02Q1940392_2026-09-01T23:07:00+09:00,37.538286643,127.09239683,44.0,2026-09-01T23:07:00+09:00,environment
V02Q1940403_2026-09-01T23:07:00+09:00,37.534309074,127.081985567,47.0,2026-09-01T23:07:00+09:00,environment
V02Q1940411_2026-09-01T23:07:00+09:00,37.533878243,127.091521,35.0,2026-09-01T23:07:00+09:00,environment
V02Q1940506_2026-09-01T23:07:00+09:00,37.535029673,127.093240689,51.0,2026-09-01T23:07:00+09:00,environment
V02Q1940507_2026-09-01T23:07:00+09:00,37.531277474,127.123271252,40.0,2026-09-01T23:07:00+09:00,environment
V02Q1940679_2026-09-01T23:07:00+09:00,37.495212727,127.121438826,50.0,2026-09-01T23:07:00+09:00,environment
V02Q1940706_2026-09-01T23:07:00+09:00,37.502049127,127.117110751,48.0,2026-09-01T23:07:00+09:00,environment
V02Q1940708_2026-09-01T23:07:00+09:00,37.514300619,127.091447797,52.0,2026-09-01T23:07:00+09:00,environment
V02Q1940713_2026-09-01T23:07:00+09:00,37.516185359,127.114540561,47.0,2026-09-01T23:07:00+09:00,environment
V02Q1940714_2026-09-01T23:07:00+09:00,37.513385412,127.10686824,56.0,2026-09-01T23:07:00+09:00,environment
V02Q1940734_2026-09-01T23:07:00+09:00,37.518407904,127.100366298,38.0,2026-09-01T23:07:00+09:00,environment
V02Q1940736_2026-09-01T23:07:00+09:00,37.504194933,127.128187719,40.0,2026-09-01T23:07:00+09:00,environment
V02Q1940767_2026-09-01T23:07:00+09:00,37.502603852,127.092310875,48.0,2026-09-01T23:07:00+09:00,environment
V02Q1940772_2026-09-01T23:07:00+09:00,37.503635193,127.103503284,52.0,2026-09-01T23:07:00+09:00,environment
V02Q1940775_2026-09-01T23:07:00+09:00,37.505801455,127.109663753,48.0,2026-09-01T23:07:00+09:00,environment
V02Q1940781_2026-09-01T23:07:00+09:00,37.506173683,127.084756221,44.0,2026-09-01T23:07:00+09:00,environment
V02Q1940784_2026-09-01T23:07:00+09:00,37.498247757,127.126296648,42.0,2026-09-01T23:07:00+09:00,environment
V02Q1940788_2026-09-01T23:07:00+09:00,37.509617855,127.0741524,50.0,2026-09-01T23:07:00+09:00,environment
V02Q1940790_2026-09-01T23:07:00+09:00,37.514278277,127.112258966,39.0,2026-09-01T23:07:00+09:00,environment
V02Q1940800_2026-09-01T23:07:00+09:00,37.519952859,127.1123122,52.0,2026-09-01T23:07:00+09:00,environment
V02Q1940787_2026-09-01T23:07:00+09:00,37.512955044,127.094661921,40.0,2026-09-01T23:07:00+09:00,environment
V02Q1940811_2026-09-01T23:07:00+09:00,37.52727312,127.116249051,51.0,2026-09-01T23:07:00+09:00,environment
V02Q1940819_2026-09-01T23:07:00+09:00,37.507344263,127.104688643,46.0,2026-09-01T23:07:00+09:00,environment
V02Q1940820_2026-09-01T23:07:00+09:00,37.511104225,127.102321793,57.0,2026-09-01T23:07:00+09:00,environment
V02Q1940821_2026-09-01T23:07:00+09:00,37.502832774,127.108694904,51.0,2026-09-01T23:07:00+09:00,environment
V02Q1940832_2026-09-01T23:07:00+09:00,37.511768309,127.124209484,41.0,2026-09-01T23:07:00+09:00,environment
V02Q1940838_2026-09-01T23:07:00+09:00,37.51767925,127.08881891,42.0,2026-09-01T23:07:00+09:00,environment
V02Q1940847_2026-09-01T23:07:00+09:00,37.489683491,127.111908205,35.0,2026-09-01T23:07:00+09:00,environment
V02Q1940873_2026-09-01T23:07:00+09:00,37.53247211,127.114301129,47.0,2026-09-01T23:07:00+09:00,environment
V02Q1940941_2026-09-01T23:07:00+09:00,37.509088133,127.084056858,41.0,2026-09-01T23:07:00+09:00,environment
OC3CL200017_2026-09-02T00:07:00+09:00,37.52406575,127.1285088,62.0,2026-09-02T00:07:00+09:00,environment
OC3CL200135_2026-09-02T00:07:00+09:00,37.50215692,127.07044791,61.0,2026-09-02T00:07:00+09:00,environment
OC3CL200141_2026-09-02T00:07:00+09:00,37.48877157,127.1067039,59.0,2026-09-02T00:07:00+09:00,environment
OC3CL200157_2026-09-02T00:07:00+09:00,37.492381245,127.094589306,67.0,2026-09-02T00:07:00+09:00,environment
OC3CL200207_2026-09-02T00:07:00+09:00,37.494957877,127.124194746,35.0,2026-09-02T00:07:00+09:00,environment
OC3CL210115_2026-09-02T00:07:00+09:00,37.525641,127.129665,58.0,2026-09-02T00:07:00+09:00,environment
V02Q1940079_2026-09-02T00:07:00+09:00,37.494102447,127.082209375,35.0,2026-09-02T00:07:00+09:00,environment
V02Q1940082_2026-09-02T00:07:00+09:00,37.495507594,127.085748474,51.0,2026-09-02T00:07:00+09:00,environment
V02Q1940098_2026-09-02T00:07:00+09:00,37.48670146,127.1000197,57.0,2026-09-02T00:07:00+09:00,environment
V02Q1940100_2026-09-02T00:07:00+09:00,37.494978959,127.093144214,62.0,2026-09-02T00:07:00+09:00,environment
V02Q1940246_2026-09-02T00:07:00+09:00,37.49920086,127.072395308,45.0,2026-09-02T00:07:00+09:00,environment
V02Q1940391_2026-09-02T00:07:00+09:00,37.528616803,127.085121222,44.0,2026-09-02T00:07:00+09:00,environment
V02Q1940392_2026-09-02T00:07:00+09:00,37.538286643,127.09239683,46.0,2026-09-02T00:07:00+09:00,environment
V02Q1940403_2026-09-02T00:07:00+09:00,37.534309074,127.081985567,46.0,2026-09-02T00:07:00+09:00,environment
V02Q1940411_2026-09-02T00:07:00+09:00,37.533878243,127.091521,35.0,2026-09-02T00:07:00+09:00,environment
V02Q1940506_2026-09-02T00:07:00+09:00,37.535029673,127.093240689,49.0,2026-09-02T00:07:00+09:00,environment
V02Q1940507_2026-09-02T00:07:00+09:00,37.531277474,127.123271252,40.0,2026-09-02T00:07:00+09:00,environment
V02Q1940679_2026-09-02T00:07:00+09:00,37.495212727,127.121438826,49.0,2026-09-02T00:07:00+09:00,environment
V02Q1940706_2026-09-02T00:07:00+09:00,37.502049127,127.117110751,45.0,2026-09-02T00:07:00+09:00,environment
V02Q1940708_2026-09-02T00:07:00+09:00,37.514300619,127.091447797,48.0,2026-09-02T00:07:00+09:00,environment
V02Q1940713_2026-09-02T00:07:00+09:00,37.516185359,127.114540561,45.0,2026-09-02T00:07:00+09:00,environment
V02Q1940714_2026-09-02T00:07:00+09:00,37.513385412,127.10686824,54.0,2026-09-02T00:07:00+09:00,environment
V02Q1940734_2026-09-02T00:07:00+09:00,37.518407904,127.100366298,37.0,2026-09-02T00:07:00+09:00,environment
V02Q1940736_2026-09-02T00:07:00+09:00,37.504194933,127.128187719,40.0,2026-09-02T00:07:00+09:00,environment
V02Q1940767_2026-09-02T00:07:00+09:00,37.502603852,127.092310875,46.0,2026-09-02T00:07:00+09:00,environment
V02Q1940772_2026-09-02T00:07:00+09:00,37.503635193,127.103503284,50.0,2026-09-02T00:07:00+09:00,environment
V02Q1940775_2026-09-02T00:07:00+09:00,37.505801455,127.109663753,47.0,2026-09-02T00:07:00+09:00,environment
V02Q1940781_2026-09-02T00:07:00+09:00,37.506173683,127.084756221,44.0,2026-09-02T00:07:00+09:00,environment
V02Q1940784_2026-09-02T00:07:00+09:00,37.498247757,127.126296648,42.0,2026-09-02T00:07:00+09:00,environment
V02Q1940787_2026-09-02T00:07:00+09:00,37.512955044,127.094661921,37.0,2026-09-02T00:07:00+09:00,environment
V02Q1940788_2026-09-02T00:07:00+09:00,37.509617855,127.0741524,46.0,2026-09-02T00:07:00+09:00,environment
V02Q1940790_2026-09-02T00:07:00+09:00,37.514278277,127.112258966,39.0,2026-09-02T00:07:00+09:00,environment
V02Q1940800_2026-09-02T00:07:00+09:00,37.519952859,127.1123122,49.0,2026-09-02T00:07:00+09:00,environment
V02Q1940811_2026-09-02T00:07:00+09:00,37.52727312,127.116249051,50.0,2026-09-02T00:07:00+09:00,environment
V02Q1940819_2026-09-02T00:07:00+09:00,37.507344263,127.104688643,43.0,2026-09-02T00:07:00+09:00,environment
V02Q1940820_2026-09-02T00:07:00+09:00,37.511104225,127.102321793,56.0,2026-09-02T00:07:00+09:00,environment
V02Q1940821_2026-09-02T00:07:00+09:00,37.502832774,127.108694904,49.0,2026-09-02T00:07:00+09:00,environment
V02Q1940832_2026-09-02T00:07:00+09:00,37.511768309,127.124209484,41.0,2026-09-02T00:07:00+09:00,environment
V02Q1940838_2026-09-02T00:07:00+09:00,37.51767925,127.08881891,43.0,2026-09-02T00:07:00+09:00,environment
V02Q1940847_2026-09-02T00:07:00+09:00,37.489683491,127.111908205,35.0,2026-09-02T00:07:00+09:00,environment
V02Q1940873_2026-09-02T00:07:00+09:00,37.53247211,127.114301129,46.0,2026-09-02T00:07:00+09:00,environment
V02Q1940941_2026-09-02T00:07:00+09:00,37.509088133,127.084056858,41.0,2026-09-02T00:07:00+09:00,environment
OC3CL200017_2026-09-01T12:07:56+09:00,37.52406575,127.1285088,61.0,2026-09-01T12:07:56+09:00,environment
OC3CL200017_2026-09-01T00:07:56+09:00,37.52406575,127.1285088,69.0,2026-09-01T00:07:56+09:00,environment
OC3CL200017_2026-09-01T07:07:56+09:00,37.52406575,127.1285088,69.0,2026-09-01T07:07:56+09:00,environment
OC3CL200017_2026-09-01T11:07:56+09:00,37.52406575,127.1285088,68.0,2026-09-01T11:07:56+09:00,environment
OC3CL200017_2026-09-01T19:07:56+09:00,37.52406575,127.1285088,65.0,2026-09-01T19:07:56+09:00,environment
OC3CL200017_2026-09-01T01:07:56+09:00,37.52406575,127.1285088,53.0,2026-09-01T01:07:56+09:00,environment
OC3CL200017_2026-09-01T02:07:56+09:00,37.52406575,127.1285088,52.0,2026-09-01T02:07:56+09:00,environment
OC3CL200017_2026-09-01T03:07:56+09:00,37.52406575,127.1285088,51.0,2026-09-01T03:07:56+09:00,environment
OC3CL200017_2026-09-01T04:07:56+09:00,37.52406575,127.1285088,50.0,2026-09-01T04:07:56+09:00,environment
OC3CL200017_2026-09-01T05:07:56+09:00,37.52406575,127.1285088,52.0,2026-09-01T05:07:56+09:00,environment
OC3CL200017_2026-09-01T06:07:56+09:00,37.52406575,127.1285088,55.0,2026-09-01T06:07:56+09:00,environment
OC3CL200017_2026-09-01T13:07:56+09:00,37.52406575,127.1285088,61.0,2026-09-01T13:07:56+09:00,environment
OC3CL200017_2026-09-01T14:07:56+09:00,37.52406575,127.1285088,61.0,2026-09-01T14:07:56+09:00,environment
OC3CL200017_2026-09-01T15:07:56+09:00,37.52406575,127.1285088,58.0,2026-09-01T15:07:56+09:00,environment
OC3CL200017_2026-09-01T16:07:56+09:00,37.52406575,127.1285088,59.0,2026-09-01T16:07:56+09:00,environment
OC3CL200017_2026-09-01T17:07:56+09:00,37.52406575,127.1285088,60.0,2026-09-01T17:07:56+09:00,environment
OC3CL200017_2026-09-01T18:07:56+09:00,37.52406575,127.1285088,59.0,2026-09-01T18:07:56+09:00,environment
OC3CL200033_2026-09-01T23:00:00+09:00,37.51217275,127.1046954,55.0,2026-09-01T23:00:00+09:00,environment
OC3CL200033_2026-09-01T00:00:00+09:00,37.51217275,127.1046954,54.0,2026-09-01T00:00:00+09:00,environment
OC3CL200033_2026-09-01T01:00:00+09:00,37.51217275,127.1046954,54.0,2026-09-01T01:00:00+09:00,environment
OC3CL200033_2026-09-01T02:00:00+09:00,37.51217275,127.1046954,54.0,2026-09-01T02:00:00+09:00,environment
OC3CL200033_2026-09-01T03:00:00+09:00,37.51217275,127.1046954,52.0,2026-09-01T03:00:00+09:00,environment
OC3CL200033_2026-09-01T04:00:00+09:00,37.51217275,127.1046954,51.0,2026-09-01T04:00:00+09:00,environment
OC3CL200033_2026-09-01T05:00:00+09:00,37.51217275,127.1046954,52.0,2026-09-01T05:00:00+09:00,environment
OC3CL200033_2026-09-01T06:00:00+09:00,37.51217275,127.1046954,53.0,2026-09-01T06:00:00+09:00,environment
OC3CL200033_2026-09-01T07:00:00+09:00,37.51217275,127.1046954,56.0,2026-09-01T07:00:00+09:00,environment
OC3CL200033_2026-09-01T08:00:00+09:00,37.51217275,127.1046954,59.0,2026-09-01T08:00:00+09:00,environment
OC3CL200033_2026-09-01T09:00:00+09:00,37.51217275,127.1046954,58.0,2026-09-01T09:00:00+09:00,environment
OC3CL200033_2026-09-01T10:00:00+09:00,37.51217275,127.1046954,60.0,2026-09-01T10:00:00+09:00,environment
OC3CL200033_2026-09-01T11:00:00+09:00,37.51217275,127.1046954,61.0,2026-09-01T11:00:00+09:00,environment
OC3CL200033_2026-09-01T12:00:00+09:00,37.51217275,127.1046954,60.0,2026-09-01T12:00:00+09:00,environment
OC3CL200033_2026-09-01T13:00:00+09:00,37.51217275,127.1046954,59.0,2026-09-01T13:00:00+09:00,environment
OC3CL200033_2026-09-01T14:00:00+09:00,37.51217275,127.1046954,58.0,2026-09-01T14:00:00+09:00,environment
OC3CL200033_2026-09-01T15:00:00+09:00,37.51217275,127.1046954,55.0,2026-09-01T15:00:00+09:00,environment
OC3CL200033_2026-09-01T16:00:00+09:00,37.51217275,127.1046954,55.0,2026-09-01T16:00:00+09:00,environment
OC3CL200033_2026-09-01T17:00:00+09:00,37.51217275,127.1046954,57.0,2026-09-01T17:00:00+09:00,environment
OC3CL200033_2026-09-01T18:00:00+09:00,37.51217275,127.1046954,56.0,2026-09-01T18:00:00+09:00,environment
OC3CL200033_2026-09-01T19:00:00+09:00,37.51217275,127.1046954,55.0,2026-09-01T19:00:00+09:00,environment
OC3CL200033_2026-09-01T20:00:00+09:00,37.51217275,127.1046954,55.0,2026-09-01T20:00:00+09:00,environment
OC3CL200033_2026-09-01T21:00:00+09:00,37.51217275,127.1046954,55.0,2026-09-01T21:00:00+09:00,environment
OC3CL200033_2026-09-01T22:00:00+09:00,37.51217275,127.1046954,55.0,2026-09-01T22:00:00+09:00,environment
V02Q1940117_2026-09-01T15:00:00+09:00,37.508537127,127.087121735,45.0,2026-09-01T15:00:00+09:00,environment
V02Q1940117_2026-09-01T00:00:00+09:00,37.508537127,127.087121735,42.0,2026-09-01T00:00:00+09:00,environment
V02Q1940117_2026-09-01T01:00:00+09:00,37.508537127,127.087121735,42.0,2026-09-01T01:00:00+09:00,environment
V02Q1940117_2026-09-01T02:00:00+09:00,37.508537127,127.087121735,41.0,2026-09-01T02:00:00+09:00,environment
V02Q1940117_2026-09-01T03:00:00+09:00,37.508537127,127.087121735,41.0,2026-09-01T03:00:00+09:00,environment
V02Q1940117_2026-09-01T04:00:00+09:00,37.508537127,127.087121735,43.0,2026-09-01T04:00:00+09:00,environment
V02Q1940117_2026-09-01T05:00:00+09:00,37.508537127,127.087121735,45.0,2026-09-01T05:00:00+09:00,environment
V02Q1940117_2026-09-01T06:00:00+09:00,37.508537127,127.087121735,46.0,2026-09-01T06:00:00+09:00,environment
V02Q1940117_2026-09-01T07:00:00+09:00,37.508537127,127.087121735,46.0,2026-09-01T07:00:00+09:00,environment
V02Q1940117_2026-09-01T08:00:00+09:00,37.508537127,127.087121735,48.0,2026-09-01T08:00:00+09:00,environment
V02Q1940117_2026-09-01T09:00:00+09:00,37.508537127,127.087121735,46.0,2026-09-01T09:00:00+09:00,environment
V02Q1940117_2026-09-01T10:00:00+09:00,37.508537127,127.087121735,50.0,2026-09-01T10:00:00+09:00,environment
V02Q1940117_2026-09-01T11:00:00+09:00,37.508537127,127.087121735,53.0,2026-09-01T11:00:00+09:00,environment
V02Q1940117_2026-09-01T12:00:00+09:00,37.508537127,127.087121735,51.0,2026-09-01T12:00:00+09:00,environment
V02Q1940117_2026-09-01T13:00:00+09:00,37.508537127,127.087121735,49.0,2026-09-01T13:00:00+09:00,environment
V02Q1940117_2026-09-01T14:00:00+09:00,37.508537127,127.087121735,47.0,2026-09-01T14:00:00+09:00,environment
V02Q1940117_2026-09-01T16:00:00+09:00,37.508537127,127.087121735,46.0,2026-09-01T16:00:00+09:00,environment
V02Q1940117_2026-09-01T17:00:00+09:00,37.508537127,127.087121735,47.0,2026-09-01T17:00:00+09:00,environment
V02Q1940117_2026-09-01T18:00:00+09:00,37.508537127,127.087121735,46.0,2026-09-01T18:00:00+09:00,environment
V02Q1940117_2026-09-01T19:00:00+09:00,37.508537127,127.087121735,46.0,2026-09-01T19:00:00+09:00,environment
V02Q1940117_2026-09-01T20:00:00+09:00,37.508537127,127.087121735,44.0,2026-09-01T20:00:00+09:00,environment
V02Q1940117_2026-09-01T21:00:00+09:00,37.508537127,127.087121735,45.0,2026-09-01T21:00:00+09:00,environment
V02Q1940117_2026-09-01T22:00:00+09:00,37.508537127,127.087121735,45.0,2026-09-01T22:00:00+09:00,environment
V02Q1940117_2026-09-01T23:00:00+09:00,37.508537127,127.087121735,43.0,2026-09-01T23:00:00+09:00,environment
V02Q1940129_2026-09-01T21:00:00+09:00,37.497655712,127.074468747,50.0,2026-09-01T21:00:00+09:00,environment
V02Q1940129_2026-09-01T20:00:00+09:00,37.497655712,127.074468747,47.0,2026-09-01T20:00:00+09:00,environment
V02Q1940129_2026-09-01T19:00:00+09:00,37.497655712,127.074468747,45.0,2026-09-01T19:00:00+09:00,environment
V02Q1940129_2026-09-01T18:00:00+09:00,37.497655712,127.074468747,45.0,2026-09-01T18:00:00+09:00,environment
V02Q1940129_2026-09-01T17:00:00+09:00,37.497655712,127.074468747,45.0,2026-09-01T17:00:00+09:00,environment
V02Q1940129_2026-09-01T16:00:00+09:00,37.497655712,127.074468747,46.0,2026-09-01T16:00:00+09:00,environment
V02Q1940129_2026-09-01T15:00:00+09:00,37.497655712,127.074468747,48.0,2026-09-01T15:00:00+09:00,environment
V02Q1940129_2026-09-01T14:00:00+09:00,37.497655712,127.074468747,49.0,2026-09-01T14:00:00+09:00,environment
V02Q1940129_2026-09-01T13:00:00+09:00,37.497655712,127.074468747,49.0,2026-09-01T13:00:00+09:00,environment
V02Q1940129_2026-09-01T12:00:00+09:00,37.497655712,127.074468747,51.0,2026-09-01T12:00:00+09:00,environment
V02Q1940129_2026-09-01T11:00:00+09:00,37.497655712,127.074468747,54.0,2026-09-01T11:00:00+09:00,environment
V02Q1940129_2026-09-01T10:00:00+09:00,37.497655712,127.074468747,51.0,2026-09-01T10:00:00+09:00,environment
V02Q1940129_2026-09-01T09:00:00+09:00,37.497655712,127.074468747,49.0,2026-09-01T09:00:00+09:00,environment
V02Q1940129_2026-09-01T08:00:00+09:00,37.497655712,127.074468747,51.0,2026-09-01T08:00:00+09:00,environment
V02Q1940129_2026-09-01T07:00:00+09:00,37.497655712,127.074468747,52.0,2026-09-01T07:00:00+09:00,environment
V02Q1940129_2026-09-01T06:00:00+09:00,37.497655712,127.074468747,52.0,2026-09-01T06:00:00+09:00,environment
V02Q1940129_2026-09-01T05:00:00+09:00,37.497655712,127.074468747,51.0,2026-09-01T05:00:00+09:00,environment
V02Q1940129_2026-09-01T04:00:00+09:00,37.497655712,127.074468747,49.0,2026-09-01T04:00:00+09:00,environment
V02Q1940129_2026-09-01T03:00:00+09:00,37.497655712,127.074468747,49.0,2026-09-01T03:00:00+09:00,environment
V02Q1940129_2026-09-01T02:00:00+09:00,37.497655712,127.074468747,47.0,2026-09-01T02:00:00+09:00,environment
V02Q1940129_2026-09-01T01:00:00+09:00,37.497655712,127.074468747,47.0,2026-09-01T01:00:00+09:00,environment
V02Q1940129_2026-09-01T00:00:00+09:00,37.497655712,127.074468747,48.0,2026-09-01T00:00:00+09:00,environment
V02Q1940129_2026-09-01T23:00:00+09:00,37.497655712,127.074468747,47.0,2026-09-01T23:00:00+09:00,environment
V02Q1940129_2026-09-01T22:00:00+09:00,37.497655712,127.074468747,49.0,2026-09-01T22:00:00+09:00,environment
V02Q1940742_2026-09-01T19:00:00+09:00,37.501040267,127.109739451,50.0,2026-09-01T19:00:00+09:00,environment
V02Q1940742_2026-09-01T22:00:00+09:00,37.501040267,127.109739451,51.0,2026-09-01T22:00:00+09:00,environment
V02Q1940742_2026-09-01T23:00:00+09:00,37.501040267,127.109739451,50.0,2026-09-01T23:00:00+09:00,environment
V02Q1940742_2026-09-01T20:00:00+09:00,37.501040267,127.109739451,50.0,2026-09-01T20:00:00+09:00,environment
V02Q1940742_2026-09-01T21:00:00+09:00,37.501040267,127.109739451,50.0,2026-09-01T21:00:00+09:00,environment
V02Q1940742_2026-09-01T18:00:00+09:00,37.501040267,127.109739451,51.0,2026-09-01T18:00:00+09:00,environment
V02Q1940742_2026-09-01T17:00:00+09:00,37.501040267,127.109739451,52.0,2026-09-01T17:00:00+09:00,environment
V02Q1940742_2026-09-01T16:00:00+09:00,37.501040267,127.109739451,50.0,2026-09-01T16:00:00+09:00,environment
V02Q1940742_2026-09-01T15:00:00+09:00,37.501040267,127.109739451,51.0,2026-09-01T15:00:00+09:00,environment
V02Q1940742_2026-09-01T14:00:00+09:00,37.501040267,127.109739451,53.0,2026-09-01T14:00:00+09:00,environment
V02Q1940742_2026-09-01T13:00:00+09:00,37.501040267,127.109739451,55.0,2026-09-01T13:00:00+09:00,environment
V02Q1940742_2026-09-01T12:00:00+09:00,37.501040267,127.109739451,55.0,2026-09-01T12:00:00+09:00,environment
V02Q1940742_2026-09-01T11:00:00+09:00,37.501040267,127.109739451,58.0,2026-09-01T11:00:00+09:00,environment
V02Q1940742_2026-09-01T10:00:00+09:00,37.501040267,127.109739451,56.0,2026-09-01T10:00:00+09:00,environment
V02Q1940742_2026-09-01T09:00:00+09:00,37.501040267,127.109739451,54.0,2026-09-01T09:00:00+09:00,environment
V02Q1940742_2026-09-01T08:00:00+09:00,37.501040267,127.109739451,55.0,2026-09-01T08:00:00+09:00,environment
V02Q1940742_2026-09-01T07:00:00+09:00,37.501040267,127.109739451,52.0,2026-09-01T07:00:00+09:00,environment
V02Q1940742_2026-09-01T06:00:00+09:00,37.501040267,127.109739451,48.0,2026-09-01T06:00:00+09:00,environment
V02Q1940742_2026-09-01T05:00:00+09:00,37.501040267,127.109739451,45.0,2026-09-01T05:00:00+09:00,environment
V02Q1940742_2026-09-01T04:00:00+09:00,37.501040267,127.109739451,43.0,2026-09-01T04:00:00+09:00,environment
V02Q1940742_2026-09-01T03:00:00+09:00,37.501040267,127.109739451,44.0,2026-09-01T03:00:00+09:00,environment
V02Q1940742_2026-09-01T02:00:00+09:00,37.501040267,127.109739451,49.0,2026-09-01T02:00:00+09:00,environment
V02Q1940742_2026-09-01T01:00:00+09:00,37.501040267,127.109739451,50.0,2026-09-01T01:00:00+09:00,environment
V02Q1940742_2026-09-01T00:00:00+09:00,37.501040267,127.109739451,50.0,2026-09-01T00:00:00+09:00,environment
OC3CL200017_2026-09-02T01:07:00+09:00,37.52406575,127.1285088,60.0,2026-09-02T01:07:00+09:00,environment
OC3CL200135_2026-09-02T01:07:00+09:00,37.50215692,127.07044791,60.0,2026-09-02T01:07:00+09:00,environment
OC3CL200141_2026-09-02T01:07:00+09:00,37.48877157,127.1067039,59.0,2026-09-02T01:07:00+09:00,environment
OC3CL200157_2026-09-02T01:07:00+09:00,37.492381245,127.094589306,65.0,2026-09-02T01:07:00+09:00,environment
OC3CL200207_2026-09-02T01:07:00+09:00,37.494957877,127.124194746,35.0,2026-09-02T01:07:00+09:00,environment
OC3CL210115_2026-09-02T01:07:00+09:00,37.525641,127.129665,56.0,2026-09-02T01:07:00+09:00,environment
V02Q1940079_2026-09-02T01:07:00+09:00,37.494102447,127.082209375,35.0,2026-09-02T01:07:00+09:00,environment
V02Q1940082_2026-09-02T01:07:00+09:00,37.495507594,127.085748474,49.0,2026-09-02T01:07:00+09:00,environment
V02Q1940098_2026-09-02T01:07:00+09:00,37.48670146,127.1000197,54.0,2026-09-02T01:07:00+09:00,environment
V02Q1940100_2026-09-02T01:07:00+09:00,37.494978959,127.093144214,60.0,2026-09-02T01:07:00+09:00,environment
V02Q1940246_2026-09-02T01:07:00+09:00,37.49920086,127.072395308,45.0,2026-09-02T01:07:00+09:00,environment
V02Q1940391_2026-09-02T01:07:00+09:00,37.528616803,127.085121222,45.0,2026-09-02T01:07:00+09:00,environment
V02Q1940392_2026-09-02T01:07:00+09:00,37.538286643,127.09239683,44.0,2026-09-02T01:07:00+09:00,environment
V02Q1940403_2026-09-02T01:07:00+09:00,37.534309074,127.081985567,46.0,2026-09-02T01:07:00+09:00,environment
V02Q1940411_2026-09-02T01:07:00+09:00,37.533878243,127.091521,35.0,2026-09-02T01:07:00+09:00,environment
V02Q1940506_2026-09-02T01:07:00+09:00,37.535029673,127.093240689,45.0,2026-09-02T01:07:00+09:00,environment
V02Q1940507_2026-09-02T01:07:00+09:00,37.531277474,127.123271252,39.0,2026-09-02T01:07:00+09:00,environment
V02Q1940679_2026-09-02T01:07:00+09:00,37.495212727,127.121438826,48.0,2026-09-02T01:07:00+09:00,environment
V02Q1940706_2026-09-02T01:07:00+09:00,37.502049127,127.117110751,43.0,2026-09-02T01:07:00+09:00,environment
V02Q1940708_2026-09-02T01:07:00+09:00,37.514300619,127.091447797,46.0,2026-09-02T01:07:00+09:00,environment
V02Q1940713_2026-09-02T01:07:00+09:00,37.516185359,127.114540561,44.0,2026-09-02T01:07:00+09:00,environment
V02Q1940714_2026-09-02T01:07:00+09:00,37.513385412,127.10686824,53.0,2026-09-02T01:07:00+09:00,environment
V02Q1940734_2026-09-02T01:07:00+09:00,37.518407904,127.100366298,37.0,2026-09-02T01:07:00+09:00,environment
V02Q1940736_2026-09-02T01:07:00+09:00,37.504194933,127.128187719,40.0,2026-09-02T01:07:00+09:00,environment
V02Q1940767_2026-09-02T01:07:00+09:00,37.502603852,127.092310875,45.0,2026-09-02T01:07:00+09:00,environment
V02Q1940772_2026-09-02T01:07:00+09:00,37.503635193,127.103503284,47.0,2026-09-02T01:07:00+09:00,environment
V02Q1940775_2026-09-02T01:07:00+09:00,37.505801455,127.109663753,44.0,2026-09-02T01:07:00+09:00,environment
V02Q1940781_2026-09-02T01:07:00+09:00,37.506173683,127.084756221,45.0,2026-09-02T01:07:00+09:00,environment
V02Q1940784_2026-09-02T01:07:00+09:00,37.498247757,127.126296648,40.0,2026-09-02T01:07:00+09:00,environment
V02Q1940787_2026-09-02T01:07:00+09:00,37.512955044,127.094661921,36.0,2026-09-02T01:07:00+09:00,environment
V02Q1940788_2026-09-02T01:07:00+09:00,37.509617855,127.0741524,46.0,2026-09-02T01:07:00+09:00,environment
V02Q1940790_2026-09-02T01:07:00+09:00,37.514278277,127.112258966,39.0,2026-09-02T01:07:00+09:00,environment
V02Q1940800_2026-09-02T01:07:00+09:00,37.519952859,127.1123122,44.0,2026-09-02T01:07:00+09:00,environment
V02Q1940811_2026-09-02T01:07:00+09:00,37.52727312,127.116249051,49.0,2026-09-02T01:07:00+09:00,environment
V02Q1940819_2026-09-02T01:07:00+09:00,37.507344263,127.104688643,41.0,2026-09-02T01:07:00+09:00,environment
V02Q1940820_2026-09-02T01:07:00+09:00,37.511104225,127.102321793,52.0,2026-09-02T01:07:00+09:00,environment
V02Q1940821_2026-09-02T01:07:00+09:00,37.502832774,127.108694904,48.0,2026-09-02T01:07:00+09:00,environment
V02Q1940832_2026-09-02T01:07:00+09:00,37.511768309,127.124209484,42.0,2026-09-02T01:07:00+09:00,environment
V02Q1940838_2026-09-02T01:07:00+09:00,37.51767925,127.08881891,42.0,2026-09-02T01:07:00+09:00,environment
V02Q1940847_2026-09-02T01:07:00+09:00,37.489683491,127.111908205,35.0,2026-09-02T01:07:00+09:00,environment
V02Q1940873_2026-09-02T01:07:00+09:00,37.53247211,127.114301129,46.0,2026-09-02T01:07:00+09:00,environment
V02Q1940941_2026-09-02T01:07:00+09:00,37.509088133,127.084056858,40.0,2026-09-02T01:07:00+09:00,environment
V02Q1940391_2026-09-02T02:07:00+09:00,37.528616803,127.085121222,45.0,2026-09-02T02:07:00+09:00,environment
V02Q1940392_2026-09-02T02:07:00+09:00,37.538286643,127.09239683,46.0,2026-09-02T02:07:00+09:00,environment
V02Q1940403_2026-09-02T02:07:00+09:00,37.534309074,127.081985567,47.0,2026-09-02T02:07:00+09:00,environment
V02Q1940411_2026-09-02T02:07:00+09:00,37.533878243,127.091521,35.0,2026-09-02T02:07:00+09:00,environment
V02Q1940506_2026-09-02T02:07:00+09:00,37.535029673,127.093240689,43.0,2026-09-02T02:07:00+09:00,environment
V02Q1940679_2026-09-02T02:07:00+09:00,37.495212727,127.121438826,48.0,2026-09-02T02:07:00+09:00,environment
V02Q1940734_2026-09-02T02:07:00+09:00,37.518407904,127.100366298,38.0,2026-09-02T02:07:00+09:00,environment
V02Q1940784_2026-09-02T02:07:00+09:00,37.498247757,127.126296648,46.0,2026-09-02T02:07:00+09:00,environment
V02Q1940706_2026-09-02T02:07:00+09:00,37.502049127,127.117110751,41.0,2026-09-02T02:07:00+09:00,environment
V02Q1940708_2026-09-02T02:07:00+09:00,37.514300619,127.091447797,47.0,2026-09-02T02:07:00+09:00,environment
V02Q1940736_2026-09-02T02:07:00+09:00,37.504194933,127.128187719,40.0,2026-09-02T02:07:00+09:00,environment
V02Q1940767_2026-09-02T02:07:00+09:00,37.502603852,127.092310875,45.0,2026-09-02T02:07:00+09:00,environment
V02Q1940772_2026-09-02T02:07:00+09:00,37.503635193,127.103503284,46.0,2026-09-02T02:07:00+09:00,environment
V02Q1940775_2026-09-02T02:07:00+09:00,37.505801455,127.109663753,43.0,2026-09-02T02:07:00+09:00,environment
V02Q1940781_2026-09-02T02:07:00+09:00,37.506173683,127.084756221,45.0,2026-09-02T02:07:00+09:00,environment
V02Q1940787_2026-09-02T02:07:00+09:00,37.512955044,127.094661921,38.0,2026-09-02T02:07:00+09:00,environment
V02Q1940788_2026-09-02T02:07:00+09:00,37.509617855,127.0741524,45.0,2026-09-02T02:07:00+09:00,environment
V02Q1940790_2026-09-02T02:07:00+09:00,37.514278277,127.112258966,40.0,2026-09-02T02:07:00+09:00,environment
V02Q1940800_2026-09-02T02:07:00+09:00,37.519952859,127.1123122,44.0,2026-09-02T02:07:00+09:00,environment
V02Q1940832_2026-09-02T02:07:00+09:00,37.511768309,127.124209484,43.0,2026-09-02T02:07:00+09:00,environment
V02Q1940847_2026-09-02T02:07:00+09:00,37.489683491,127.111908205,35.0,2026-09-02T02:07:00+09:00,environment
V02Q1940873_2026-09-02T02:07:00+09:00,37.53247211,127.114301129,47.0,2026-09-02T02:07:00+09:00,environment
V02Q1940507_2026-09-02T02:07:00+09:00,37.531277474,127.123271252,38.0,2026-09-02T02:07:00+09:00,environment
V02Q1940713_2026-09-02T02:07:00+09:00,37.516185359,127.114540561,43.0,2026-09-02T02:07:00+09:00,environment
V02Q1940714_2026-09-02T02:07:00+09:00,37.513385412,127.10686824,52.0,2026-09-02T02:07:00+09:00,environment
V02Q1940811_2026-09-02T02:07:00+09:00,37.52727312,127.116249051,50.0,2026-09-02T02:07:00+09:00,environment
V02Q1940819_2026-09-02T02:07:00+09:00,37.507344263,127.104688643,40.0,2026-09-02T02:07:00+09:00,environment
V02Q1940820_2026-09-02T02:07:00+09:00,37.511104225,127.102321793,52.0,2026-09-02T02:07:00+09:00,environment
V02Q1940821_2026-09-02T02:07:00+09:00,37.502832774,127.108694904,46.0,2026-09-02T02:07:00+09:00,environment
V02Q1940838_2026-09-02T02:07:00+09:00,37.51767925,127.08881891,41.0,2026-09-02T02:07:00+09:00,environment
V02Q1940941_2026-09-02T02:07:00+09:00,37.509088133,127.084056858,40.0,2026-09-02T02:07:00+09:00,environment
V02Q1940079_2026-09-02T02:07:00+09:00,37.494102447,127.082209375,35.0,2026-09-02T02:07:00+09:00,environment
V02Q1940098_2026-09-02T02:07:00+09:00,37.48670146,127.1000197,52.0,2026-09-02T02:07:00+09:00,environment
V02Q1940246_2026-09-02T02:07:00+09:00,37.49920086,127.072395308,46.0,2026-09-02T02:07:00+09:00,environment
V02Q1940082_2026-09-02T02:07:00+09:00,37.495507594,127.085748474,46.0,2026-09-02T02:07:00+09:00,environment
V02Q1940100_2026-09-02T02:07:00+09:00,37.494978959,127.093144214,59.0,2026-09-02T02:07:00+09:00,environment
OC3CL200135_2026-09-02T02:07:00+09:00,37.50215692,127.07044791,59.0,2026-09-02T02:07:00+09:00,environment
OC3CL200141_2026-09-02T02:07:00+09:00,37.48877157,127.1067039,58.0,2026-09-02T02:07:00+09:00,environment
OC3CL200157_2026-09-02T02:07:00+09:00,37.492381245,127.094589306,64.0,2026-09-02T02:07:00+09:00,environment
OC3CL200207_2026-09-02T02:07:00+09:00,37.494957877,127.124194746,35.0,2026-09-02T02:07:00+09:00,environment
OC3CL200017_2026-09-02T02:07:00+09:00,37.52406575,127.1285088,57.0,2026-09-02T02:07:00+09:00,environment
OC3CL210115_2026-09-02T02:07:00+09:00,37.525641,127.129665,54.0,2026-09-02T02:07:00+09:00,environment
V02Q1940392_2026-09-02T03:07:00+09:00,37.538286643,127.09239683,52.0,2026-09-02T03:07:00+09:00,environment
V02Q1940403_2026-09-02T03:07:00+09:00,37.534309074,127.081985567,42.0,2026-09-02T03:07:00+09:00,environment
V02Q1940391_2026-09-02T03:07:00+09:00,37.528616803,127.085121222,45.0,2026-09-02T03:07:00+09:00,environment
V02Q1940411_2026-09-02T03:07:00+09:00,37.533878243,127.091521,35.0,2026-09-02T03:07:00+09:00,environment
V02Q1940506_2026-09-02T03:07:00+09:00,37.535029673,127.093240689,42.0,2026-09-02T03:07:00+09:00,environment
V02Q1940679_2026-09-02T03:07:00+09:00,37.495212727,127.121438826,48.0,2026-09-02T03:07:00+09:00,environment
V02Q1940734_2026-09-02T03:07:00+09:00,37.518407904,127.100366298,39.0,2026-09-02T03:07:00+09:00,environment
V02Q1940784_2026-09-02T03:07:00+09:00,37.498247757,127.126296648,49.0,2026-09-02T03:07:00+09:00,environment
V02Q1940767_2026-09-02T03:07:00+09:00,37.502603852,127.092310875,46.0,2026-09-02T03:07:00+09:00,environment
V02Q1940781_2026-09-02T03:07:00+09:00,37.506173683,127.084756221,45.0,2026-09-02T03:07:00+09:00,environment
V02Q1940787_2026-09-02T03:07:00+09:00,37.512955044,127.094661921,42.0,2026-09-02T03:07:00+09:00,environment
V02Q1940788_2026-09-02T03:07:00+09:00,37.509617855,127.0741524,46.0,2026-09-02T03:07:00+09:00,environment
V02Q1940790_2026-09-02T03:07:00+09:00,37.514278277,127.112258966,42.0,2026-09-02T03:07:00+09:00,environment
V02Q1940847_2026-09-02T03:07:00+09:00,37.489683491,127.111908205,35.0,2026-09-02T03:07:00+09:00,environment
V02Q1940706_2026-09-02T03:07:00+09:00,37.502049127,127.117110751,41.0,2026-09-02T03:07:00+09:00,environment
V02Q1940708_2026-09-02T03:07:00+09:00,37.514300619,127.091447797,48.0,2026-09-02T03:07:00+09:00,environment
V02Q1940736_2026-09-02T03:07:00+09:00,37.504194933,127.128187719,43.0,2026-09-02T03:07:00+09:00,environment
V02Q1940772_2026-09-02T03:07:00+09:00,37.503635193,127.103503284,45.0,2026-09-02T03:07:00+09:00,environment
V02Q1940775_2026-09-02T03:07:00+09:00,37.505801455,127.109663753,42.0,2026-09-02T03:07:00+09:00,environment
V02Q1940800_2026-09-02T03:07:00+09:00,37.519952859,127.1123122,43.0,2026-09-02T03:07:00+09:00,environment
V02Q1940832_2026-09-02T03:07:00+09:00,37.511768309,127.124209484,44.0,2026-09-02T03:07:00+09:00,environment
V02Q1940873_2026-09-02T03:07:00+09:00,37.53247211,127.114301129,50.0,2026-09-02T03:07:00+09:00,environment
V02Q1940507_2026-09-02T03:07:00+09:00,37.531277474,127.123271252,39.0,2026-09-02T03:07:00+09:00,environment
V02Q1940713_2026-09-02T03:07:00+09:00,37.516185359,127.114540561,43.0,2026-09-02T03:07:00+09:00,environment
V02Q1940714_2026-09-02T03:07:00+09:00,37.513385412,127.10686824,51.0,2026-09-02T03:07:00+09:00,environment
V02Q1940811_2026-09-02T03:07:00+09:00,37.52727312,127.116249051,51.0,2026-09-02T03:07:00+09:00,environment
V02Q1940819_2026-09-02T03:07:00+09:00,37.507344263,127.104688643,40.0,2026-09-02T03:07:00+09:00,environment
V02Q1940820_2026-09-02T03:07:00+09:00,37.511104225,127.102321793,50.0,2026-09-02T03:07:00+09:00,environment
V02Q1940821_2026-09-02T03:07:00+09:00,37.502832774,127.108694904,43.0,2026-09-02T03:07:00+09:00,environment
V02Q1940838_2026-09-02T03:07:00+09:00,37.51767925,127.08881891,42.0,2026-09-02T03:07:00+09:00,environment
V02Q1940941_2026-09-02T03:07:00+09:00,37.509088133,127.084056858,40.0,2026-09-02T03:07:00+09:00,environment
V02Q1940079_2026-09-02T03:07:00+09:00,37.494102447,127.082209375,35.0,2026-09-02T03:07:00+09:00,environment
V02Q1940098_2026-09-02T03:07:00+09:00,37.48670146,127.1000197,52.0,2026-09-02T03:07:00+09:00,environment
V02Q1940246_2026-09-02T03:07:00+09:00,37.49920086,127.072395308,48.0,2026-09-02T03:07:00+09:00,environment
V02Q1940082_2026-09-02T03:07:00+09:00,37.495507594,127.085748474,49.0,2026-09-02T03:07:00+09:00,environment
V02Q1940100_2026-09-02T03:07:00+09:00,37.494978959,127.093144214,58.0,2026-09-02T03:07:00+09:00,environment
OC3CL200135_2026-09-02T03:07:00+09:00,37.50215692,127.07044791,59.0,2026-09-02T03:07:00+09:00,environment
OC3CL200141_2026-09-02T03:07:00+09:00,37.48877157,127.1067039,57.0,2026-09-02T03:07:00+09:00,environment
OC3CL200157_2026-09-02T03:07:00+09:00,37.492381245,127.094589306,63.0,2026-09-02T03:07:00+09:00,environment
OC3CL200207_2026-09-02T03:07:00+09:00,37.494957877,127.124194746,35.0,2026-09-02T03:07:00+09:00,environment
OC3CL200017_2026-09-02T03:07:00+09:00,37.52406575,127.1285088,56.0,2026-09-02T03:07:00+09:00,environment
OC3CL210115_2026-09-02T03:07:00+09:00,37.525641,127.129665,53.0,2026-09-02T03:07:00+09:00,environment
OC3CL200017_2026-09-02T04:07:00+09:00,37.52406575,127.1285088,57.0,2026-09-02T04:07:00+09:00,environment
OC3CL200135_2026-09-02T04:07:00+09:00,37.50215692,127.07044791,59.0,2026-09-02T04:07:00+09:00,environment
OC3CL200141_2026-09-02T04:07:00+09:00,37.48877157,127.1067039,58.0,2026-09-02T04:07:00+09:00,environment
OC3CL200157_2026-09-02T04:07:00+09:00,37.492381245,127.094589306,63.0,2026-09-02T04:07:00+09:00,environment
OC3CL200207_2026-09-02T04:07:00+09:00,37.494957877,127.124194746,35.0,2026-09-02T04:07:00+09:00,environment
OC3CL210115_2026-09-02T04:07:00+09:00,37.525641,127.129665,53.0,2026-09-02T04:07:00+09:00,environment
V02Q1940079_2026-09-02T04:07:00+09:00,37.494102447,127.082209375,35.0,2026-09-02T04:07:00+09:00,environment
V02Q1940082_2026-09-02T04:07:00+09:00,37.495507594,127.085748474,48.0,2026-09-02T04:07:00+09:00,environment
V02Q1940098_2026-09-02T04:07:00+09:00,37.48670146,127.1000197,53.0,2026-09-02T04:07:00+09:00,environment
V02Q1940100_2026-09-02T04:07:00+09:00,37.494978959,127.093144214,58.0,2026-09-02T04:07:00+09:00,environment
V02Q1940246_2026-09-02T04:07:00+09:00,37.49920086,127.072395308,50.0,2026-09-02T04:07:00+09:00,environment
V02Q1940391_2026-09-02T04:07:00+09:00,37.528616803,127.085121222,47.0,2026-09-02T04:07:00+09:00,environment
V02Q1940392_2026-09-02T04:07:00+09:00,37.538286643,127.09239683,53.0,2026-09-02T04:07:00+09:00,environment
V02Q1940403_2026-09-02T04:07:00+09:00,37.534309074,127.081985567,44.0,2026-09-02T04:07:00+09:00,environment
V02Q1940411_2026-09-02T04:07:00+09:00,37.533878243,127.091521,35.0,2026-09-02T04:07:00+09:00,environment
V02Q1940506_2026-09-02T04:07:00+09:00,37.535029673,127.093240689,44.0,2026-09-02T04:07:00+09:00,environment
V02Q1940507_2026-09-02T04:07:00+09:00,37.531277474,127.123271252,42.0,2026-09-02T04:07:00+09:00,environment
V02Q1940679_2026-09-02T04:07:00+09:00,37.495212727,127.121438826,48.0,2026-09-02T04:07:00+09:00,environment
V02Q1940706_2026-09-02T04:07:00+09:00,37.502049127,127.117110751,44.0,2026-09-02T04:07:00+09:00,environment
V02Q1940708_2026-09-02T04:07:00+09:00,37.514300619,127.091447797,49.0,2026-09-02T04:07:00+09:00,environment
V02Q1940713_2026-09-02T04:07:00+09:00,37.516185359,127.114540561,44.0,2026-09-02T04:07:00+09:00,environment
V02Q1940714_2026-09-02T04:07:00+09:00,37.513385412,127.10686824,52.0,2026-09-02T04:07:00+09:00,environment
V02Q1940734_2026-09-02T04:07:00+09:00,37.518407904,127.100366298,43.0,2026-09-02T04:07:00+09:00,environment
V02Q1940736_2026-09-02T04:07:00+09:00,37.504194933,127.128187719,46.0,2026-09-02T04:07:00+09:00,environment
V02Q1940767_2026-09-02T04:07:00+09:00,37.502603852,127.092310875,49.0,2026-09-02T04:07:00+09:00,environment
V02Q1940772_2026-09-02T04:07:00+09:00,37.503635193,127.103503284,45.0,2026-09-02T04:07:00+09:00,environment
V02Q1940775_2026-09-02T04:07:00+09:00,37.505801455,127.109663753,42.0,2026-09-02T04:07:00+09:00,environment
V02Q1940781_2026-09-02T04:07:00+09:00,37.506173683,127.084756221,46.0,2026-09-02T04:07:00+09:00,environment
V02Q1940784_2026-09-02T04:07:00+09:00,37.498247757,127.126296648,54.0,2026-09-02T04:07:00+09:00,environment
V02Q1940787_2026-09-02T04:07:00+09:00,37.512955044,127.094661921,45.0,2026-09-02T04:07:00+09:00,environment
V02Q1940788_2026-09-02T04:07:00+09:00,37.509617855,127.0741524,51.0,2026-09-02T04:07:00+09:00,environment
V02Q1940790_2026-09-02T04:07:00+09:00,37.514278277,127.112258966,45.0,2026-09-02T04:07:00+09:00,environment
V02Q1940800_2026-09-02T04:07:00+09:00,37.519952859,127.1123122,43.0,2026-09-02T04:07:00+09:00,environment
V02Q1940811_2026-09-02T04:07:00+09:00,37.52727312,127.116249051,52.0,2026-09-02T04:07:00+09:00,environment
V02Q1940819_2026-09-02T04:07:00+09:00,37.507344263,127.104688643,39.0,2026-09-02T04:07:00+09:00,environment
V02Q1940820_2026-09-02T04:07:00+09:00,37.511104225,127.102321793,52.0,2026-09-02T04:07:00+09:00,environment
V02Q1940821_2026-09-02T04:07:00+09:00,37.502832774,127.108694904,44.0,2026-09-02T04:07:00+09:00,environment
V02Q1940832_2026-09-02T04:07:00+09:00,37.511768309,127.124209484,44.0,2026-09-02T04:07:00+09:00,environment
V02Q1940838_2026-09-02T04:07:00+09:00,37.51767925,127.08881891,42.0,2026-09-02T04:07:00+09:00,environment
V02Q1940847_2026-09-02T04:07:00+09:00,37.489683491,127.111908205,35.0,2026-09-02T04:07:00+09:00,environment
V02Q1940941_2026-09-02T04:07:00+09:00,37.509088133,127.084056858,40.0,2026-09-02T04:07:00+09:00,environment
V02Q1940873_2026-09-02T04:07:00+09:00,37.53247211,127.114301129,56.0,2026-09-02T04:07:00+09:00,environment
OC3CL200017_2026-09-02T05:07:00+09:00,37.52406575,127.1285088,59.0,2026-09-02T05:07:00+09:00,environment
OC3CL200135_2026-09-02T05:07:00+09:00,37.50215692,127.07044791,60.0,2026-09-02T05:07:00+09:00,environment
OC3CL200141_2026-09-02T05:07:00+09:00,37.48877157,127.1067039,59.0,2026-09-02T05:07:00+09:00,environment
OC3CL200157_2026-09-02T05:07:00+09:00,37.492381245,127.094589306,65.0,2026-09-02T05:07:00+09:00,environment
OC3CL200207_2026-09-02T05:07:00+09:00,37.494957877,127.124194746,35.0,2026-09-02T05:07:00+09:00,environment
OC3CL210115_2026-09-02T05:07:00+09:00,37.525641,127.129665,54.0,2026-09-02T05:07:00+09:00,environment
V02Q1940079_2026-09-02T05:07:00+09:00,37.494102447,127.082209375,35.0,2026-09-02T05:07:00+09:00,environment
V02Q1940082_2026-09-02T05:07:00+09:00,37.495507594,127.085748474,50.0,2026-09-02T05:07:00+09:00,environment
V02Q1940098_2026-09-02T05:07:00+09:00,37.48670146,127.1000197,54.0,2026-09-02T05:07:00+09:00,environment
V02Q1940100_2026-09-02T05:07:00+09:00,37.494978959,127.093144214,60.0,2026-09-02T05:07:00+09:00,environment
V02Q1940246_2026-09-02T05:07:00+09:00,37.49920086,127.072395308,52.0,2026-09-02T05:07:00+09:00,environment
V02Q1940391_2026-09-02T05:07:00+09:00,37.528616803,127.085121222,49.0,2026-09-02T05:07:00+09:00,environment
V02Q1940392_2026-09-02T05:07:00+09:00,37.538286643,127.09239683,55.0,2026-09-02T05:07:00+09:00,environment
V02Q1940403_2026-09-02T05:07:00+09:00,37.534309074,127.081985567,47.0,2026-09-02T05:07:00+09:00,environment
V02Q1940411_2026-09-02T05:07:00+09:00,37.533878243,127.091521,35.0,2026-09-02T05:07:00+09:00,environment
V02Q1940506_2026-09-02T05:07:00+09:00,37.535029673,127.093240689,47.0,2026-09-02T05:07:00+09:00,environment
V02Q1940507_2026-09-02T05:07:00+09:00,37.531277474,127.123271252,45.0,2026-09-02T05:07:00+09:00,environment
V02Q1940679_2026-09-02T05:07:00+09:00,37.495212727,127.121438826,47.0,2026-09-02T05:07:00+09:00,environment
V02Q1940706_2026-09-02T05:07:00+09:00,37.502049127,127.117110751,48.0,2026-09-02T05:07:00+09:00,environment
V02Q1940708_2026-09-02T05:07:00+09:00,37.514300619,127.091447797,49.0,2026-09-02T05:07:00+09:00,environment
V02Q1940713_2026-09-02T05:07:00+09:00,37.516185359,127.114540561,44.0,2026-09-02T05:07:00+09:00,environment
V02Q1940714_2026-09-02T05:07:00+09:00,37.513385412,127.10686824,52.0,2026-09-02T05:07:00+09:00,environment
V02Q1940734_2026-09-02T05:07:00+09:00,37.518407904,127.100366298,44.0,2026-09-02T05:07:00+09:00,environment
V02Q1940736_2026-09-02T05:07:00+09:00,37.504194933,127.128187719,48.0,2026-09-02T05:07:00+09:00,environment
V02Q1940767_2026-09-02T05:07:00+09:00,37.502603852,127.092310875,52.0,2026-09-02T05:07:00+09:00,environment
V02Q1940772_2026-09-02T05:07:00+09:00,37.503635193,127.103503284,46.0,2026-09-02T05:07:00+09:00,environment
V02Q1940775_2026-09-02T05:07:00+09:00,37.505801455,127.109663753,43.0,2026-09-02T05:07:00+09:00,environment
V02Q1940781_2026-09-02T05:07:00+09:00,37.506173683,127.084756221,43.0,2026-09-02T05:07:00+09:00,environment
V02Q1940784_2026-09-02T05:07:00+09:00,37.498247757,127.126296648,55.0,2026-09-02T05:07:00+09:00,environment
V02Q1940787_2026-09-02T05:07:00+09:00,37.512955044,127.094661921,46.0,2026-09-02T05:07:00+09:00,environment
V02Q1940788_2026-09-02T05:07:00+09:00,37.509617855,127.0741524,53.0,2026-09-02T05:07:00+09:00,environment
V02Q1940790_2026-09-02T05:07:00+09:00,37.514278277,127.112258966,47.0,2026-09-02T05:07:00+09:00,environment
V02Q1940800_2026-09-02T05:07:00+09:00,37.519952859,127.1123122,45.0,2026-09-02T05:07:00+09:00,environment
V02Q1940811_2026-09-02T05:07:00+09:00,37.52727312,127.116249051,52.0,2026-09-02T05:07:00+09:00,environment
V02Q1940819_2026-09-02T05:07:00+09:00,37.507344263,127.104688643,40.0,2026-09-02T05:07:00+09:00,environment
V02Q1940820_2026-09-02T05:07:00+09:00,37.511104225,127.102321793,54.0,2026-09-02T05:07:00+09:00,environment
V02Q1940821_2026-09-02T05:07:00+09:00,37.502832774,127.108694904,48.0,2026-09-02T05:07:00+09:00,environment
V02Q1940832_2026-09-02T05:07:00+09:00,37.511768309,127.124209484,44.0,2026-09-02T05:07:00+09:00,environment
V02Q1940838_2026-09-02T05:07:00+09:00,37.51767925,127.08881891,42.0,2026-09-02T05:07:00+09:00,environment
V02Q1940847_2026-09-02T05:07:00+09:00,37.489683491,127.111908205,35.0,2026-09-02T05:07:00+09:00,environment
V02Q1940873_2026-09-02T05:07:00+09:00,37.53247211,127.114301129,57.0,2026-09-02T05:07:00+09:00,environment
V02Q1940941_2026-09-02T05:07:00+09:00,37.509088133,127.084056858,41.0,2026-09-02T05:07:00+09:00,environment
OC3CL200017_2026-09-02T06:07:00+09:00,37.52406575,127.1285088,63.0,2026-09-02T06:07:00+09:00,environment
OC3CL200135_2026-09-02T06:07:00+09:00,37.50215692,127.07044791,62.0,2026-09-02T06:07:00+09:00,environment
OC3CL200141_2026-09-02T06:07:00+09:00,37.48877157,127.1067039,61.0,2026-09-02T06:07:00+09:00,environment
OC3CL200157_2026-09-02T06:07:00+09:00,37.492381245,127.094589306,68.0,2026-09-02T06:07:00+09:00,environment
OC3CL200207_2026-09-02T06:07:00+09:00,37.494957877,127.124194746,35.0,2026-09-02T06:07:00+09:00,environment
OC3CL210115_2026-09-02T06:07:00+09:00,37.525641,127.129665,58.0,2026-09-02T06:07:00+09:00,environment
V02Q1940079_2026-09-02T06:07:00+09:00,37.494102447,127.082209375,35.0,2026-09-02T06:07:00+09:00,environment
V02Q1940082_2026-09-02T06:07:00+09:00,37.495507594,127.085748474,53.0,2026-09-02T06:07:00+09:00,environment
V02Q1940098_2026-09-02T06:07:00+09:00,37.48670146,127.1000197,56.0,2026-09-02T06:07:00+09:00,environment
V02Q1940100_2026-09-02T06:07:00+09:00,37.494978959,127.093144214,62.0,2026-09-02T06:07:00+09:00,environment
V02Q1940246_2026-09-02T06:07:00+09:00,37.49920086,127.072395308,52.0,2026-09-02T06:07:00+09:00,environment
V02Q1940391_2026-09-02T06:07:00+09:00,37.528616803,127.085121222,49.0,2026-09-02T06:07:00+09:00,environment
V02Q1940392_2026-09-02T06:07:00+09:00,37.538286643,127.09239683,54.0,2026-09-02T06:07:00+09:00,environment
V02Q1940403_2026-09-02T06:07:00+09:00,37.534309074,127.081985567,49.0,2026-09-02T06:07:00+09:00,environment
V02Q1940411_2026-09-02T06:07:00+09:00,37.533878243,127.091521,35.0,2026-09-02T06:07:00+09:00,environment
V02Q1940506_2026-09-02T06:07:00+09:00,37.535029673,127.093240689,51.0,2026-09-02T06:07:00+09:00,environment
V02Q1940507_2026-09-02T06:07:00+09:00,37.531277474,127.123271252,49.0,2026-09-02T06:07:00+09:00,environment
V02Q1940679_2026-09-02T06:07:00+09:00,37.495212727,127.121438826,49.0,2026-09-02T06:07:00+09:00,environment
V02Q1940706_2026-09-02T06:07:00+09:00,37.502049127,127.117110751,50.0,2026-09-02T06:07:00+09:00,environment
V02Q1940708_2026-09-02T06:07:00+09:00,37.514300619,127.091447797,51.0,2026-09-02T06:07:00+09:00,environment
V02Q1940713_2026-09-02T06:07:00+09:00,37.516185359,127.114540561,45.0,2026-09-02T06:07:00+09:00,environment
V02Q1940714_2026-09-02T06:07:00+09:00,37.513385412,127.10686824,53.0,2026-09-02T06:07:00+09:00,environment
V02Q1940734_2026-09-02T06:07:00+09:00,37.518407904,127.100366298,45.0,2026-09-02T06:07:00+09:00,environment
V02Q1940736_2026-09-02T06:07:00+09:00,37.504194933,127.128187719,48.0,2026-09-02T06:07:00+09:00,environment
V02Q1940767_2026-09-02T06:07:00+09:00,37.502603852,127.092310875,52.0,2026-09-02T06:07:00+09:00,environment
V02Q1940772_2026-09-02T06:07:00+09:00,37.503635193,127.103503284,47.0,2026-09-02T06:07:00+09:00,environment
V02Q1940775_2026-09-02T06:07:00+09:00,37.505801455,127.109663753,46.0,2026-09-02T06:07:00+09:00,environment
V02Q1940781_2026-09-02T06:07:00+09:00,37.506173683,127.084756221,43.0,2026-09-02T06:07:00+09:00,environment
V02Q1940784_2026-09-02T06:07:00+09:00,37.498247757,127.126296648,55.0,2026-09-02T06:07:00+09:00,environment
V02Q1940787_2026-09-02T06:07:00+09:00,37.512955044,127.094661921,48.0,2026-09-02T06:07:00+09:00,environment
V02Q1940788_2026-09-02T06:07:00+09:00,37.509617855,127.0741524,53.0,2026-09-02T06:07:00+09:00,environment
V02Q1940790_2026-09-02T06:07:00+09:00,37.514278277,127.112258966,46.0,2026-09-02T06:07:00+09:00,environment
V02Q1940800_2026-09-02T06:07:00+09:00,37.519952859,127.1123122,49.0,2026-09-02T06:07:00+09:00,environment
V02Q1940811_2026-09-02T06:07:00+09:00,37.52727312,127.116249051,52.0,2026-09-02T06:07:00+09:00,environment
V02Q1940819_2026-09-02T06:07:00+09:00,37.507344263,127.104688643,41.0,2026-09-02T06:07:00+09:00,environment
V02Q1940820_2026-09-02T06:07:00+09:00,37.511104225,127.102321793,55.0,2026-09-02T06:07:00+09:00,environment
V02Q1940821_2026-09-02T06:07:00+09:00,37.502832774,127.108694904,47.0,2026-09-02T06:07:00+09:00,environment
V02Q1940832_2026-09-02T06:07:00+09:00,37.511768309,127.124209484,45.0,2026-09-02T06:07:00+09:00,environment
V02Q1940838_2026-09-02T06:07:00+09:00,37.51767925,127.08881891,43.0,2026-09-02T06:07:00+09:00,environment
V02Q1940847_2026-09-02T06:07:00+09:00,37.489683491,127.111908205,35.0,2026-09-02T06:07:00+09:00,environment
V02Q1940873_2026-09-02T06:07:00+09:00,37.53247211,127.114301129,57.0,2026-09-02T06:07:00+09:00,environment
V02Q1940941_2026-09-02T06:07:00+09:00,37.509088133,127.084056858,40.0,2026-09-02T06:07:00+09:00,environment
V02Q1940391_2026-09-02T07:07:00+09:00,37.528616803,127.085121222,47.0,2026-09-02T07:07:00+09:00,environment
V02Q1940392_2026-09-02T07:07:00+09:00,37.538286643,127.09239683,52.0,2026-09-02T07:07:00+09:00,environment
V02Q1940403_2026-09-02T07:07:00+09:00,37.534309074,127.081985567,49.0,2026-09-02T07:07:00+09:00,environment
V02Q1940411_2026-09-02T07:07:00+09:00,37.533878243,127.091521,35.0,2026-09-02T07:07:00+09:00,environment
V02Q1940506_2026-09-02T07:07:00+09:00,37.535029673,127.093240689,53.0,2026-09-02T07:07:00+09:00,environment
V02Q1940679_2026-09-02T07:07:00+09:00,37.495212727,127.121438826,48.0,2026-09-02T07:07:00+09:00,environment
V02Q1940734_2026-09-02T07:07:00+09:00,37.518407904,127.100366298,44.0,2026-09-02T07:07:00+09:00,environment
V02Q1940784_2026-09-02T07:07:00+09:00,37.498247757,127.126296648,54.0,2026-09-02T07:07:00+09:00,environment
V02Q1940706_2026-09-02T07:07:00+09:00,37.502049127,127.117110751,49.0,2026-09-02T07:07:00+09:00,environment
V02Q1940708_2026-09-02T07:07:00+09:00,37.514300619,127.091447797,53.0,2026-09-02T07:07:00+09:00,environment
V02Q1940736_2026-09-02T07:07:00+09:00,37.504194933,127.128187719,46.0,2026-09-02T07:07:00+09:00,environment
V02Q1940767_2026-09-02T07:07:00+09:00,37.502603852,127.092310875,50.0,2026-09-02T07:07:00+09:00,environment
V02Q1940772_2026-09-02T07:07:00+09:00,37.503635193,127.103503284,49.0,2026-09-02T07:07:00+09:00,environment
V02Q1940775_2026-09-02T07:07:00+09:00,37.505801455,127.109663753,47.0,2026-09-02T07:07:00+09:00,environment
V02Q1940781_2026-09-02T07:07:00+09:00,37.506173683,127.084756221,41.0,2026-09-02T07:07:00+09:00,environment
V02Q1940787_2026-09-02T07:07:00+09:00,37.512955044,127.094661921,46.0,2026-09-02T07:07:00+09:00,environment
V02Q1940788_2026-09-02T07:07:00+09:00,37.509617855,127.0741524,51.0,2026-09-02T07:07:00+09:00,environment
V02Q1940790_2026-09-02T07:07:00+09:00,37.514278277,127.112258966,45.0,2026-09-02T07:07:00+09:00,environment
V02Q1940800_2026-09-02T07:07:00+09:00,37.519952859,127.1123122,49.0,2026-09-02T07:07:00+09:00,environment
V02Q1940832_2026-09-02T07:07:00+09:00,37.511768309,127.124209484,43.0,2026-09-02T07:07:00+09:00,environment
V02Q1940847_2026-09-02T07:07:00+09:00,37.489683491,127.111908205,35.0,2026-09-02T07:07:00+09:00,environment
V02Q1940873_2026-09-02T07:07:00+09:00,37.53247211,127.114301129,56.0,2026-09-02T07:07:00+09:00,environment
V02Q1940507_2026-09-02T07:07:00+09:00,37.531277474,127.123271252,50.0,2026-09-02T07:07:00+09:00,environment
V02Q1940713_2026-09-02T07:07:00+09:00,37.516185359,127.114540561,49.0,2026-09-02T07:07:00+09:00,environment
V02Q1940714_2026-09-02T07:07:00+09:00,37.513385412,127.10686824,54.0,2026-09-02T07:07:00+09:00,environment
V02Q1940811_2026-09-02T07:07:00+09:00,37.52727312,127.116249051,53.0,2026-09-02T07:07:00+09:00,environment
V02Q1940819_2026-09-02T07:07:00+09:00,37.507344263,127.104688643,44.0,2026-09-02T07:07:00+09:00,environment
V02Q1940820_2026-09-02T07:07:00+09:00,37.511104225,127.102321793,55.0,2026-09-02T07:07:00+09:00,environment
V02Q1940821_2026-09-02T07:07:00+09:00,37.502832774,127.108694904,50.0,2026-09-02T07:07:00+09:00,environment
V02Q1940838_2026-09-02T07:07:00+09:00,37.51767925,127.08881891,43.0,2026-09-02T07:07:00+09:00,environment
V02Q1940941_2026-09-02T07:07:00+09:00,37.509088133,127.084056858,41.0,2026-09-02T07:07:00+09:00,environment
V02Q1940079_2026-09-02T07:07:00+09:00,37.494102447,127.082209375,35.0,2026-09-02T07:07:00+09:00,environment
V02Q1940098_2026-09-02T07:07:00+09:00,37.48670146,127.1000197,59.0,2026-09-02T07:07:00+09:00,environment
V02Q1940246_2026-09-02T07:07:00+09:00,37.49920086,127.072395308,51.0,2026-09-02T07:07:00+09:00,environment
V02Q1940082_2026-09-02T07:07:00+09:00,37.495507594,127.085748474,53.0,2026-09-02T07:07:00+09:00,environment
V02Q1940100_2026-09-02T07:07:00+09:00,37.494978959,127.093144214,63.0,2026-09-02T07:07:00+09:00,environment
OC3CL200141_2026-09-02T07:07:00+09:00,37.48877157,127.1067039,60.0,2026-09-02T07:07:00+09:00,environment
OC3CL200157_2026-09-02T07:07:00+09:00,37.492381245,127.094589306,71.0,2026-09-02T07:07:00+09:00,environment
OC3CL200135_2026-09-02T07:07:00+09:00,37.50215692,127.07044791,63.0,2026-09-02T07:07:00+09:00,environment
OC3CL200207_2026-09-02T07:07:00+09:00,37.494957877,127.124194746,35.0,2026-09-02T07:07:00+09:00,environment
OC3CL200017_2026-09-02T07:07:00+09:00,37.52406575,127.1285088,66.0,2026-09-02T07:07:00+09:00,environment
OC3CL210115_2026-09-02T07:07:00+09:00,37.525641,127.129665,61.0,2026-09-02T07:07:00+09:00,environment
V02Q1940392_2026-09-02T08:07:00+09:00,37.538286643,127.09239683,51.0,2026-09-02T08:07:00+09:00,environment
V02Q1940403_2026-09-02T08:07:00+09:00,37.534309074,127.081985567,48.0,2026-09-02T08:07:00+09:00,environment
V02Q1940391_2026-09-02T08:07:00+09:00,37.528616803,127.085121222,46.0,2026-09-02T08:07:00+09:00,environment
V02Q1940411_2026-09-02T08:07:00+09:00,37.533878243,127.091521,39.0,2026-09-02T08:07:00+09:00,environment
V02Q1940506_2026-09-02T08:07:00+09:00,37.535029673,127.093240689,53.0,2026-09-02T08:07:00+09:00,environment
V02Q1940679_2026-09-02T08:07:00+09:00,37.495212727,127.121438826,50.0,2026-09-02T08:07:00+09:00,environment
V02Q1940734_2026-09-02T08:07:00+09:00,37.518407904,127.100366298,45.0,2026-09-02T08:07:00+09:00,environment
V02Q1940784_2026-09-02T08:07:00+09:00,37.498247757,127.126296648,52.0,2026-09-02T08:07:00+09:00,environment
V02Q1940706_2026-09-02T08:07:00+09:00,37.502049127,127.117110751,49.0,2026-09-02T08:07:00+09:00,environment
V02Q1940708_2026-09-02T08:07:00+09:00,37.514300619,127.091447797,52.0,2026-09-02T08:07:00+09:00,environment
V02Q1940736_2026-09-02T08:07:00+09:00,37.504194933,127.128187719,49.0,2026-09-02T08:07:00+09:00,environment
V02Q1940767_2026-09-02T08:07:00+09:00,37.502603852,127.092310875,49.0,2026-09-02T08:07:00+09:00,environment
V02Q1940772_2026-09-02T08:07:00+09:00,37.503635193,127.103503284,51.0,2026-09-02T08:07:00+09:00,environment
V02Q1940775_2026-09-02T08:07:00+09:00,37.505801455,127.109663753,47.0,2026-09-02T08:07:00+09:00,environment
V02Q1940781_2026-09-02T08:07:00+09:00,37.506173683,127.084756221,41.0,2026-09-02T08:07:00+09:00,environment
V02Q1940787_2026-09-02T08:07:00+09:00,37.512955044,127.094661921,44.0,2026-09-02T08:07:00+09:00,environment
V02Q1940788_2026-09-02T08:07:00+09:00,37.509617855,127.0741524,51.0,2026-09-02T08:07:00+09:00,environment
V02Q1940790_2026-09-02T08:07:00+09:00,37.514278277,127.112258966,43.0,2026-09-02T08:07:00+09:00,environment
V02Q1940800_2026-09-02T08:07:00+09:00,37.519952859,127.1123122,51.0,2026-09-02T08:07:00+09:00,environment
V02Q1940832_2026-09-02T08:07:00+09:00,37.511768309,127.124209484,42.0,2026-09-02T08:07:00+09:00,environment
V02Q1940847_2026-09-02T08:07:00+09:00,37.489683491,127.111908205,35.0,2026-09-02T08:07:00+09:00,environment
V02Q1940713_2026-09-02T08:07:00+09:00,37.516185359,127.114540561,46.0,2026-09-02T08:07:00+09:00,environment
V02Q1940714_2026-09-02T08:07:00+09:00,37.513385412,127.10686824,55.0,2026-09-02T08:07:00+09:00,environment
V02Q1940811_2026-09-02T08:07:00+09:00,37.52727312,127.116249051,52.0,2026-09-02T08:07:00+09:00,environment
V02Q1940819_2026-09-02T08:07:00+09:00,37.507344263,127.104688643,43.0,2026-09-02T08:07:00+09:00,environment
V02Q1940820_2026-09-02T08:07:00+09:00,37.511104225,127.102321793,54.0,2026-09-02T08:07:00+09:00,environment
V02Q1940821_2026-09-02T08:07:00+09:00,37.502832774,127.108694904,49.0,2026-09-02T08:07:00+09:00,environment
V02Q1940838_2026-09-02T08:07:00+09:00,37.51767925,127.08881891,43.0,2026-09-02T08:07:00+09:00,environment
V02Q1940873_2026-09-02T08:07:00+09:00,37.53247211,127.114301129,53.0,2026-09-02T08:07:00+09:00,environment
V02Q1940941_2026-09-02T08:07:00+09:00,37.509088133,127.084056858,40.0,2026-09-02T08:07:00+09:00,environment
V02Q1940507_2026-09-02T08:07:00+09:00,37.531277474,127.123271252,47.0,2026-09-02T08:07:00+09:00,environment
V02Q1940079_2026-09-02T08:07:00+09:00,37.494102447,127.082209375,35.0,2026-09-02T08:07:00+09:00,environment
V02Q1940246_2026-09-02T08:07:00+09:00,37.49920086,127.072395308,52.0,2026-09-02T08:07:00+09:00,environment
V02Q1940082_2026-09-02T08:07:00+09:00,37.495507594,127.085748474,54.0,2026-09-02T08:07:00+09:00,environment
V02Q1940098_2026-09-02T08:07:00+09:00,37.48670146,127.1000197,59.0,2026-09-02T08:07:00+09:00,environment
V02Q1940100_2026-09-02T08:07:00+09:00,37.494978959,127.093144214,63.0,2026-09-02T08:07:00+09:00,environment
OC3CL200135_2026-09-02T08:07:00+09:00,37.50215692,127.07044791,63.0,2026-09-02T08:07:00+09:00,environment
OC3CL200141_2026-09-02T08:07:00+09:00,37.48877157,127.1067039,59.0,2026-09-02T08:07:00+09:00,environment
OC3CL200157_2026-09-02T08:07:00+09:00,37.492381245,127.094589306,69.0,2026-09-02T08:07:00+09:00,environment
OC3CL200207_2026-09-02T08:07:00+09:00,37.494957877,127.124194746,35.0,2026-09-02T08:07:00+09:00,environment
OC3CL200017_2026-09-02T08:07:00+09:00,37.52406575,127.1285088,67.0,2026-09-02T08:07:00+09:00,environment
OC3CL210115_2026-09-02T08:07:00+09:00,37.525641,127.129665,63.0,2026-09-02T08:07:00+09:00,environment
OC3CL200017_2026-09-02T09:07:00+09:00,37.52406575,127.1285088,67.0,2026-09-02T09:07:00+09:00,environment
OC3CL200135_2026-09-02T09:07:00+09:00,37.50215692,127.07044791,63.0,2026-09-02T09:07:00+09:00,environment
OC3CL200141_2026-09-02T09:07:00+09:00,37.48877157,127.1067039,59.0,2026-09-02T09:07:00+09:00,environment
OC3CL200157_2026-09-02T09:07:00+09:00,37.492381245,127.094589306,70.0,2026-09-02T09:07:00+09:00,environment
OC3CL200207_2026-09-02T09:07:00+09:00,37.494957877,127.124194746,35.0,2026-09-02T09:07:00+09:00,environment
OC3CL210115_2026-09-02T09:07:00+09:00,37.525641,127.129665,64.0,2026-09-02T09:07:00+09:00,environment
V02Q1940079_2026-09-02T09:07:00+09:00,37.494102447,127.082209375,35.0,2026-09-02T09:07:00+09:00,environment
V02Q1940082_2026-09-02T09:07:00+09:00,37.495507594,127.085748474,53.0,2026-09-02T09:07:00+09:00,environment
V02Q1940098_2026-09-02T09:07:00+09:00,37.48670146,127.1000197,59.0,2026-09-02T09:07:00+09:00,environment
V02Q1940100_2026-09-02T09:07:00+09:00,37.494978959,127.093144214,62.0,2026-09-02T09:07:00+09:00,environment
V02Q1940246_2026-09-02T09:07:00+09:00,37.49920086,127.072395308,49.0,2026-09-02T09:07:00+09:00,environment
V02Q1940391_2026-09-02T09:07:00+09:00,37.528616803,127.085121222,45.0,2026-09-02T09:07:00+09:00,environment
V02Q1940392_2026-09-02T09:07:00+09:00,37.538286643,127.09239683,49.0,2026-09-02T09:07:00+09:00,environment
V02Q1940403_2026-09-02T09:07:00+09:00,37.534309074,127.081985567,49.0,2026-09-02T09:07:00+09:00,environment
V02Q1940411_2026-09-02T09:07:00+09:00,37.533878243,127.091521,36.0,2026-09-02T09:07:00+09:00,environment
V02Q1940506_2026-09-02T09:07:00+09:00,37.535029673,127.093240689,54.0,2026-09-02T09:07:00+09:00,environment
V02Q1940507_2026-09-02T09:07:00+09:00,37.531277474,127.123271252,46.0,2026-09-02T09:07:00+09:00,environment
V02Q1940679_2026-09-02T09:07:00+09:00,37.495212727,127.121438826,49.0,2026-09-02T09:07:00+09:00,environment
V02Q1940706_2026-09-02T09:07:00+09:00,37.502049127,127.117110751,49.0,2026-09-02T09:07:00+09:00,environment
V02Q1940708_2026-09-02T09:07:00+09:00,37.514300619,127.091447797,52.0,2026-09-02T09:07:00+09:00,environment
V02Q1940713_2026-09-02T09:07:00+09:00,37.516185359,127.114540561,48.0,2026-09-02T09:07:00+09:00,environment
V02Q1940714_2026-09-02T09:07:00+09:00,37.513385412,127.10686824,56.0,2026-09-02T09:07:00+09:00,environment
V02Q1940734_2026-09-02T09:07:00+09:00,37.518407904,127.100366298,42.0,2026-09-02T09:07:00+09:00,environment
V02Q1940736_2026-09-02T09:07:00+09:00,37.504194933,127.128187719,51.0,2026-09-02T09:07:00+09:00,environment
V02Q1940767_2026-09-02T09:07:00+09:00,37.502603852,127.092310875,49.0,2026-09-02T09:07:00+09:00,environment
V02Q1940772_2026-09-02T09:07:00+09:00,37.503635193,127.103503284,52.0,2026-09-02T09:07:00+09:00,environment
V02Q1940775_2026-09-02T09:07:00+09:00,37.505801455,127.109663753,46.0,2026-09-02T09:07:00+09:00,environment
V02Q1940781_2026-09-02T09:07:00+09:00,37.506173683,127.084756221,42.0,2026-09-02T09:07:00+09:00,environment
V02Q1940784_2026-09-02T09:07:00+09:00,37.498247757,127.126296648,52.0,2026-09-02T09:07:00+09:00,environment
V02Q1940787_2026-09-02T09:07:00+09:00,37.512955044,127.094661921,45.0,2026-09-02T09:07:00+09:00,environment
V02Q1940788_2026-09-02T09:07:00+09:00,37.509617855,127.0741524,51.0,2026-09-02T09:07:00+09:00,environment
V02Q1940790_2026-09-02T09:07:00+09:00,37.514278277,127.112258966,47.0,2026-09-02T09:07:00+09:00,environment
V02Q1940800_2026-09-02T09:07:00+09:00,37.519952859,127.1123122,51.0,2026-09-02T09:07:00+09:00,environment
V02Q1940811_2026-09-02T09:07:00+09:00,37.52727312,127.116249051,52.0,2026-09-02T09:07:00+09:00,environment
V02Q1940819_2026-09-02T09:07:00+09:00,37.507344263,127.104688643,45.0,2026-09-02T09:07:00+09:00,environment
V02Q1940820_2026-09-02T09:07:00+09:00,37.511104225,127.102321793,55.0,2026-09-02T09:07:00+09:00,environment
V02Q1940821_2026-09-02T09:07:00+09:00,37.502832774,127.108694904,50.0,2026-09-02T09:07:00+09:00,environment
V02Q1940832_2026-09-02T09:07:00+09:00,37.511768309,127.124209484,42.0,2026-09-02T09:07:00+09:00,environment
V02Q1940838_2026-09-02T09:07:00+09:00,37.51767925,127.08881891,43.0,2026-09-02T09:07:00+09:00,environment
V02Q1940847_2026-09-02T09:07:00+09:00,37.489683491,127.111908205,35.0,2026-09-02T09:07:00+09:00,environment
V02Q1940873_2026-09-02T09:07:00+09:00,37.53247211,127.114301129,52.0,2026-09-02T09:07:00+09:00,environment
V02Q1940941_2026-09-02T09:07:00+09:00,37.509088133,127.084056858,41.0,2026-09-02T09:07:00+09:00,environment
V02Q1940392_2026-09-02T10:07:00+09:00,37.538286643,127.09239683,49.0,2026-09-02T10:07:00+09:00,environment
V02Q1940403_2026-09-02T10:07:00+09:00,37.534309074,127.081985567,48.0,2026-09-02T10:07:00+09:00,environment
V02Q1940391_2026-09-02T10:07:00+09:00,37.528616803,127.085121222,44.0,2026-09-02T10:07:00+09:00,environment
V02Q1940411_2026-09-02T10:07:00+09:00,37.533878243,127.091521,36.0,2026-09-02T10:07:00+09:00,environment
V02Q1940506_2026-09-02T10:07:00+09:00,37.535029673,127.093240689,56.0,2026-09-02T10:07:00+09:00,environment
V02Q1940784_2026-09-02T10:07:00+09:00,37.498247757,127.126296648,51.0,2026-09-02T10:07:00+09:00,environment
V02Q1940679_2026-09-02T10:07:00+09:00,37.495212727,127.121438826,50.0,2026-09-02T10:07:00+09:00,environment
V02Q1940706_2026-09-02T10:07:00+09:00,37.502049127,127.117110751,47.0,2026-09-02T10:07:00+09:00,environment
V02Q1940708_2026-09-02T10:07:00+09:00,37.514300619,127.091447797,52.0,2026-09-02T10:07:00+09:00,environment
V02Q1940734_2026-09-02T10:07:00+09:00,37.518407904,127.100366298,41.0,2026-09-02T10:07:00+09:00,environment
V02Q1940736_2026-09-02T10:07:00+09:00,37.504194933,127.128187719,51.0,2026-09-02T10:07:00+09:00,environment
V02Q1940767_2026-09-02T10:07:00+09:00,37.502603852,127.092310875,49.0,2026-09-02T10:07:00+09:00,environment
V02Q1940772_2026-09-02T10:07:00+09:00,37.503635193,127.103503284,51.0,2026-09-02T10:07:00+09:00,environment
V02Q1940775_2026-09-02T10:07:00+09:00,37.505801455,127.109663753,49.0,2026-09-02T10:07:00+09:00,environment
V02Q1940781_2026-09-02T10:07:00+09:00,37.506173683,127.084756221,42.0,2026-09-02T10:07:00+09:00,environment
V02Q1940787_2026-09-02T10:07:00+09:00,37.512955044,127.094661921,44.0,2026-09-02T10:07:00+09:00,environment
V02Q1940788_2026-09-02T10:07:00+09:00,37.509617855,127.0741524,49.0,2026-09-02T10:07:00+09:00,environment
V02Q1940790_2026-09-02T10:07:00+09:00,37.514278277,127.112258966,44.0,2026-09-02T10:07:00+09:00,environment
V02Q1940800_2026-09-02T10:07:00+09:00,37.519952859,127.1123122,51.0,2026-09-02T10:07:00+09:00,environment
V02Q1940847_2026-09-02T10:07:00+09:00,37.489683491,127.111908205,35.0,2026-09-02T10:07:00+09:00,environment
V02Q1940713_2026-09-02T10:07:00+09:00,37.516185359,127.114540561,50.0,2026-09-02T10:07:00+09:00,environment
V02Q1940714_2026-09-02T10:07:00+09:00,37.513385412,127.10686824,55.0,2026-09-02T10:07:00+09:00,environment
V02Q1940811_2026-09-02T10:07:00+09:00,37.52727312,127.116249051,52.0,2026-09-02T10:07:00+09:00,environment
V02Q1940819_2026-09-02T10:07:00+09:00,37.507344263,127.104688643,46.0,2026-09-02T10:07:00+09:00,environment
V02Q1940820_2026-09-02T10:07:00+09:00,37.511104225,127.102321793,54.0,2026-09-02T10:07:00+09:00,environment
V02Q1940821_2026-09-02T10:07:00+09:00,37.502832774,127.108694904,50.0,2026-09-02T10:07:00+09:00,environment
V02Q1940832_2026-09-02T10:07:00+09:00,37.511768309,127.124209484,41.0,2026-09-02T10:07:00+09:00,environment
V02Q1940838_2026-09-02T10:07:00+09:00,37.51767925,127.08881891,43.0,2026-09-02T10:07:00+09:00,environment
V02Q1940873_2026-09-02T10:07:00+09:00,37.53247211,127.114301129,52.0,2026-09-02T10:07:00+09:00,environment
V02Q1940941_2026-09-02T10:07:00+09:00,37.509088133,127.084056858,41.0,2026-09-02T10:07:00+09:00,environment
V02Q1940507_2026-09-02T10:07:00+09:00,37.531277474,127.123271252,46.0,2026-09-02T10:07:00+09:00,environment
V02Q1940079_2026-09-02T10:07:00+09:00,37.494102447,127.082209375,35.0,2026-09-02T10:07:00+09:00,environment
V02Q1940098_2026-09-02T10:07:00+09:00,37.48670146,127.1000197,58.0,2026-09-02T10:07:00+09:00,environment
V02Q1940246_2026-09-02T10:07:00+09:00,37.49920086,127.072395308,51.0,2026-09-02T10:07:00+09:00,environment
V02Q1940082_2026-09-02T10:07:00+09:00,37.495507594,127.085748474,52.0,2026-09-02T10:07:00+09:00,environment
V02Q1940100_2026-09-02T10:07:00+09:00,37.494978959,127.093144214,62.0,2026-09-02T10:07:00+09:00,environment
OC3CL200135_2026-09-02T10:07:00+09:00,37.50215692,127.07044791,63.0,2026-09-02T10:07:00+09:00,environment
OC3CL200141_2026-09-02T10:07:00+09:00,37.48877157,127.1067039,60.0,2026-09-02T10:07:00+09:00,environment
OC3CL200157_2026-09-02T10:07:00+09:00,37.492381245,127.094589306,70.0,2026-09-02T10:07:00+09:00,environment
OC3CL200207_2026-09-02T10:07:00+09:00,37.494957877,127.124194746,36.0,2026-09-02T10:07:00+09:00,environment
OC3CL210115_2026-09-02T10:07:00+09:00,37.525641,127.129665,63.0,2026-09-02T10:07:00+09:00,environment
V02Q1940392_2026-09-02T11:07:00+09:00,37.538286643,127.09239683,48.0,2026-09-02T11:07:00+09:00,environment
V02Q1940403_2026-09-02T11:07:00+09:00,37.534309074,127.081985567,50.0,2026-09-02T11:07:00+09:00,environment
V02Q1940391_2026-09-02T11:07:00+09:00,37.528616803,127.085121222,43.0,2026-09-02T11:07:00+09:00,environment
V02Q1940411_2026-09-02T11:07:00+09:00,37.533878243,127.091521,36.0,2026-09-02T11:07:00+09:00,environment
V02Q1940506_2026-09-02T11:07:00+09:00,37.535029673,127.093240689,54.0,2026-09-02T11:07:00+09:00,environment
V02Q1940679_2026-09-02T11:07:00+09:00,37.495212727,127.121438826,49.0,2026-09-02T11:07:00+09:00,environment
V02Q1940734_2026-09-02T11:07:00+09:00,37.518407904,127.100366298,43.0,2026-09-02T11:07:00+09:00,environment
V02Q1940784_2026-09-02T11:07:00+09:00,37.498247757,127.126296648,50.0,2026-09-02T11:07:00+09:00,environment
V02Q1940706_2026-09-02T11:07:00+09:00,37.502049127,127.117110751,48.0,2026-09-02T11:07:00+09:00,environment
V02Q1940708_2026-09-02T11:07:00+09:00,37.514300619,127.091447797,52.0,2026-09-02T11:07:00+09:00,environment
V02Q1940736_2026-09-02T11:07:00+09:00,37.504194933,127.128187719,51.0,2026-09-02T11:07:00+09:00,environment
V02Q1940767_2026-09-02T11:07:00+09:00,37.502603852,127.092310875,48.0,2026-09-02T11:07:00+09:00,environment
V02Q1940772_2026-09-02T11:07:00+09:00,37.503635193,127.103503284,51.0,2026-09-02T11:07:00+09:00,environment
V02Q1940775_2026-09-02T11:07:00+09:00,37.505801455,127.109663753,49.0,2026-09-02T11:07:00+09:00,environment
V02Q1940781_2026-09-02T11:07:00+09:00,37.506173683,127.084756221,41.0,2026-09-02T11:07:00+09:00,environment
V02Q1940787_2026-09-02T11:07:00+09:00,37.512955044,127.094661921,45.0,2026-09-02T11:07:00+09:00,environment
V02Q1940788_2026-09-02T11:07:00+09:00,37.509617855,127.0741524,48.0,2026-09-02T11:07:00+09:00,environment
V02Q1940790_2026-09-02T11:07:00+09:00,37.514278277,127.112258966,45.0,2026-09-02T11:07:00+09:00,environment
V02Q1940800_2026-09-02T11:07:00+09:00,37.519952859,127.1123122,51.0,2026-09-02T11:07:00+09:00,environment
V02Q1940832_2026-09-02T11:07:00+09:00,37.511768309,127.124209484,41.0,2026-09-02T11:07:00+09:00,environment
V02Q1940847_2026-09-02T11:07:00+09:00,37.489683491,127.111908205,35.0,2026-09-02T11:07:00+09:00,environment
V02Q1940713_2026-09-02T11:07:00+09:00,37.516185359,127.114540561,49.0,2026-09-02T11:07:00+09:00,environment
V02Q1940714_2026-09-02T11:07:00+09:00,37.513385412,127.10686824,55.0,2026-09-02T11:07:00+09:00,environment
V02Q1940811_2026-09-02T11:07:00+09:00,37.52727312,127.116249051,52.0,2026-09-02T11:07:00+09:00,environment
V02Q1940819_2026-09-02T11:07:00+09:00,37.507344263,127.104688643,45.0,2026-09-02T11:07:00+09:00,environment
V02Q1940820_2026-09-02T11:07:00+09:00,37.511104225,127.102321793,54.0,2026-09-02T11:07:00+09:00,environment
V02Q1940821_2026-09-02T11:07:00+09:00,37.502832774,127.108694904,50.0,2026-09-02T11:07:00+09:00,environment
V02Q1940838_2026-09-02T11:07:00+09:00,37.51767925,127.08881891,43.0,2026-09-02T11:07:00+09:00,environment
V02Q1940873_2026-09-02T11:07:00+09:00,37.53247211,127.114301129,51.0,2026-09-02T11:07:00+09:00,environment
V02Q1940941_2026-09-02T11:07:00+09:00,37.509088133,127.084056858,43.0,2026-09-02T11:07:00+09:00,environment
V02Q1940507_2026-09-02T11:07:00+09:00,37.531277474,127.123271252,44.0,2026-09-02T11:07:00+09:00,environment
V02Q1940079_2026-09-02T11:07:00+09:00,37.494102447,127.082209375,35.0,2026-09-02T11:07:00+09:00,environment
V02Q1940098_2026-09-02T11:07:00+09:00,37.48670146,127.1000197,58.0,2026-09-02T11:07:00+09:00,environment
V02Q1940246_2026-09-02T11:07:00+09:00,37.49920086,127.072395308,48.0,2026-09-02T11:07:00+09:00,environment
V02Q1940082_2026-09-02T11:07:00+09:00,37.495507594,127.085748474,52.0,2026-09-02T11:07:00+09:00,environment
V02Q1940100_2026-09-02T11:07:00+09:00,37.494978959,127.093144214,61.0,2026-09-02T11:07:00+09:00,environment
OC3CL200157_2026-09-02T11:07:00+09:00,37.492381245,127.094589306,71.0,2026-09-02T11:07:00+09:00,environment
OC3CL200135_2026-09-02T11:07:00+09:00,37.50215692,127.07044791,63.0,2026-09-02T11:07:00+09:00,environment
OC3CL200141_2026-09-02T11:07:00+09:00,37.48877157,127.1067039,60.0,2026-09-02T11:07:00+09:00,environment
OC3CL200207_2026-09-02T11:07:00+09:00,37.494957877,127.124194746,36.0,2026-09-02T11:07:00+09:00,environment
OC3CL210115_2026-09-02T11:07:00+09:00,37.525641,127.129665,64.0,2026-09-02T11:07:00+09:00,environment
OC3CL200135_2026-09-02T12:07:00+09:00,37.50215692,127.07044791,63.0,2026-09-02T12:07:00+09:00,environment
OC3CL200141_2026-09-02T12:07:00+09:00,37.48877157,127.1067039,61.0,2026-09-02T12:07:00+09:00,environment
OC3CL200157_2026-09-02T12:07:00+09:00,37.492381245,127.094589306,70.0,2026-09-02T12:07:00+09:00,environment
OC3CL200207_2026-09-02T12:07:00+09:00,37.494957877,127.124194746,39.0,2026-09-02T12:07:00+09:00,environment
OC3CL210115_2026-09-02T12:07:00+09:00,37.525641,127.129665,64.0,2026-09-02T12:07:00+09:00,environment
V02Q1940079_2026-09-02T12:07:00+09:00,37.494102447,127.082209375,35.0,2026-09-02T12:07:00+09:00,environment
V02Q1940082_2026-09-02T12:07:00+09:00,37.495507594,127.085748474,51.0,2026-09-02T12:07:00+09:00,environment
V02Q1940098_2026-09-02T12:07:00+09:00,37.48670146,127.1000197,57.0,2026-09-02T12:07:00+09:00,environment
V02Q1940100_2026-09-02T12:07:00+09:00,37.494978959,127.093144214,61.0,2026-09-02T12:07:00+09:00,environment
V02Q1940246_2026-09-02T12:07:00+09:00,37.49920086,127.072395308,50.0,2026-09-02T12:07:00+09:00,environment
V02Q1940391_2026-09-02T12:07:00+09:00,37.528616803,127.085121222,46.0,2026-09-02T12:07:00+09:00,environment
V02Q1940392_2026-09-02T12:07:00+09:00,37.538286643,127.09239683,48.0,2026-09-02T12:07:00+09:00,environment
V02Q1940403_2026-09-02T12:07:00+09:00,37.534309074,127.081985567,49.0,2026-09-02T12:07:00+09:00,environment
V02Q1940411_2026-09-02T12:07:00+09:00,37.533878243,127.091521,36.0,2026-09-02T12:07:00+09:00,environment
V02Q1940506_2026-09-02T12:07:00+09:00,37.535029673,127.093240689,54.0,2026-09-02T12:07:00+09:00,environment
V02Q1940507_2026-09-02T12:07:00+09:00,37.531277474,127.123271252,44.0,2026-09-02T12:07:00+09:00,environment
V02Q1940679_2026-09-02T12:07:00+09:00,37.495212727,127.121438826,51.0,2026-09-02T12:07:00+09:00,environment
V02Q1940706_2026-09-02T12:07:00+09:00,37.502049127,127.117110751,48.0,2026-09-02T12:07:00+09:00,environment
V02Q1940708_2026-09-02T12:07:00+09:00,37.514300619,127.091447797,52.0,2026-09-02T12:07:00+09:00,environment
V02Q1940713_2026-09-02T12:07:00+09:00,37.516185359,127.114540561,50.0,2026-09-02T12:07:00+09:00,environment
V02Q1940714_2026-09-02T12:07:00+09:00,37.513385412,127.10686824,56.0,2026-09-02T12:07:00+09:00,environment
V02Q1940734_2026-09-02T12:07:00+09:00,37.518407904,127.100366298,43.0,2026-09-02T12:07:00+09:00,environment
V02Q1940736_2026-09-02T12:07:00+09:00,37.504194933,127.128187719,47.0,2026-09-02T12:07:00+09:00,environment
V02Q1940767_2026-09-02T12:07:00+09:00,37.502603852,127.092310875,49.0,2026-09-02T12:07:00+09:00,environment
V02Q1940772_2026-09-02T12:07:00+09:00,37.503635193,127.103503284,52.0,2026-09-02T12:07:00+09:00,environment
V02Q1940775_2026-09-02T12:07:00+09:00,37.505801455,127.109663753,50.0,2026-09-02T12:07:00+09:00,environment
V02Q1940781_2026-09-02T12:07:00+09:00,37.506173683,127.084756221,44.0,2026-09-02T12:07:00+09:00,environment
V02Q1940784_2026-09-02T12:07:00+09:00,37.498247757,127.126296648,50.0,2026-09-02T12:07:00+09:00,environment
V02Q1940787_2026-09-02T12:07:00+09:00,37.512955044,127.094661921,46.0,2026-09-02T12:07:00+09:00,environment
V02Q1940788_2026-09-02T12:07:00+09:00,37.509617855,127.0741524,49.0,2026-09-02T12:07:00+09:00,environment
V02Q1940790_2026-09-02T12:07:00+09:00,37.514278277,127.112258966,44.0,2026-09-02T12:07:00+09:00,environment
V02Q1940800_2026-09-02T12:07:00+09:00,37.519952859,127.1123122,50.0,2026-09-02T12:07:00+09:00,environment
V02Q1940811_2026-09-02T12:07:00+09:00,37.52727312,127.116249051,52.0,2026-09-02T12:07:00+09:00,environment
V02Q1940819_2026-09-02T12:07:00+09:00,37.507344263,127.104688643,44.0,2026-09-02T12:07:00+09:00,environment
V02Q1940820_2026-09-02T12:07:00+09:00,37.511104225,127.102321793,55.0,2026-09-02T12:07:00+09:00,environment
V02Q1940821_2026-09-02T12:07:00+09:00,37.502832774,127.108694904,50.0,2026-09-02T12:07:00+09:00,environment
V02Q1940832_2026-09-02T12:07:00+09:00,37.511768309,127.124209484,42.0,2026-09-02T12:07:00+09:00,environment
V02Q1940838_2026-09-02T12:07:00+09:00,37.51767925,127.08881891,44.0,2026-09-02T12:07:00+09:00,environment
V02Q1940847_2026-09-02T12:07:00+09:00,37.489683491,127.111908205,35.0,2026-09-02T12:07:00+09:00,environment
V02Q1940873_2026-09-02T12:07:00+09:00,37.53247211,127.114301129,51.0,2026-09-02T12:07:00+09:00,environment
V02Q1940941_2026-09-02T12:07:00+09:00,37.509088133,127.084056858,43.0,2026-09-02T12:07:00+09:00,environment
V02Q1940392_2026-09-02T13:07:00+09:00,37.538286643,127.09239683,47.0,2026-09-02T13:07:00+09:00,environment
V02Q1940403_2026-09-02T13:07:00+09:00,37.534309074,127.081985567,49.0,2026-09-02T13:07:00+09:00,environment
V02Q1940391_2026-09-02T13:07:00+09:00,37.528616803,127.085121222,46.0,2026-09-02T13:07:00+09:00,environment
V02Q1940411_2026-09-02T13:07:00+09:00,37.533878243,127.091521,36.0,2026-09-02T13:07:00+09:00,environment
V02Q1940506_2026-09-02T13:07:00+09:00,37.535029673,127.093240689,54.0,2026-09-02T13:07:00+09:00,environment
V02Q1940679_2026-09-02T13:07:00+09:00,37.495212727,127.121438826,52.0,2026-09-02T13:07:00+09:00,environment
V02Q1940784_2026-09-02T13:07:00+09:00,37.498247757,127.126296648,48.0,2026-09-02T13:07:00+09:00,environment
V02Q1940706_2026-09-02T13:07:00+09:00,37.502049127,127.117110751,50.0,2026-09-02T13:07:00+09:00,environment
V02Q1940708_2026-09-02T13:07:00+09:00,37.514300619,127.091447797,52.0,2026-09-02T13:07:00+09:00,environment
V02Q1940734_2026-09-02T13:07:00+09:00,37.518407904,127.100366298,45.0,2026-09-02T13:07:00+09:00,environment
V02Q1940736_2026-09-02T13:07:00+09:00,37.504194933,127.128187719,49.0,2026-09-02T13:07:00+09:00,environment
V02Q1940767_2026-09-02T13:07:00+09:00,37.502603852,127.092310875,48.0,2026-09-02T13:07:00+09:00,environment
V02Q1940772_2026-09-02T13:07:00+09:00,37.503635193,127.103503284,52.0,2026-09-02T13:07:00+09:00,environment
V02Q1940775_2026-09-02T13:07:00+09:00,37.505801455,127.109663753,51.0,2026-09-02T13:07:00+09:00,environment
V02Q1940781_2026-09-02T13:07:00+09:00,37.506173683,127.084756221,44.0,2026-09-02T13:07:00+09:00,environment
V02Q1940787_2026-09-02T13:07:00+09:00,37.512955044,127.094661921,52.0,2026-09-02T13:07:00+09:00,environment
V02Q1940788_2026-09-02T13:07:00+09:00,37.509617855,127.0741524,49.0,2026-09-02T13:07:00+09:00,environment
V02Q1940790_2026-09-02T13:07:00+09:00,37.514278277,127.112258966,48.0,2026-09-02T13:07:00+09:00,environment
V02Q1940800_2026-09-02T13:07:00+09:00,37.519952859,127.1123122,51.0,2026-09-02T13:07:00+09:00,environment
V02Q1940847_2026-09-02T13:07:00+09:00,37.489683491,127.111908205,35.0,2026-09-02T13:07:00+09:00,environment
V02Q1940713_2026-09-02T13:07:00+09:00,37.516185359,127.114540561,51.0,2026-09-02T13:07:00+09:00,environment
V02Q1940714_2026-09-02T13:07:00+09:00,37.513385412,127.10686824,55.0,2026-09-02T13:07:00+09:00,environment
V02Q1940811_2026-09-02T13:07:00+09:00,37.52727312,127.116249051,51.0,2026-09-02T13:07:00+09:00,environment
V02Q1940819_2026-09-02T13:07:00+09:00,37.507344263,127.104688643,44.0,2026-09-02T13:07:00+09:00,environment
V02Q1940820_2026-09-02T13:07:00+09:00,37.511104225,127.102321793,54.0,2026-09-02T13:07:00+09:00,environment
V02Q1940821_2026-09-02T13:07:00+09:00,37.502832774,127.108694904,50.0,2026-09-02T13:07:00+09:00,environment
V02Q1940832_2026-09-02T13:07:00+09:00,37.511768309,127.124209484,42.0,2026-09-02T13:07:00+09:00,environment
V02Q1940838_2026-09-02T13:07:00+09:00,37.51767925,127.08881891,44.0,2026-09-02T13:07:00+09:00,environment
V02Q1940873_2026-09-02T13:07:00+09:00,37.53247211,127.114301129,49.0,2026-09-02T13:07:00+09:00,environment
V02Q1940941_2026-09-02T13:07:00+09:00,37.509088133,127.084056858,42.0,2026-09-02T13:07:00+09:00,environment
V02Q1940507_2026-09-02T13:07:00+09:00,37.531277474,127.123271252,43.0,2026-09-02T13:07:00+09:00,environment
V02Q1940079_2026-09-02T13:07:00+09:00,37.494102447,127.082209375,35.0,2026-09-02T13:07:00+09:00,environment
V02Q1940246_2026-09-02T13:07:00+09:00,37.49920086,127.072395308,56.0,2026-09-02T13:07:00+09:00,environment
V02Q1940082_2026-09-02T13:07:00+09:00,37.495507594,127.085748474,53.0,2026-09-02T13:07:00+09:00,environment
V02Q1940098_2026-09-02T13:07:00+09:00,37.48670146,127.1000197,57.0,2026-09-02T13:07:00+09:00,environment
V02Q1940100_2026-09-02T13:07:00+09:00,37.494978959,127.093144214,61.0,2026-09-02T13:07:00+09:00,environment
OC3CL200135_2026-09-02T13:07:00+09:00,37.50215692,127.07044791,63.0,2026-09-02T13:07:00+09:00,environment
OC3CL200141_2026-09-02T13:07:00+09:00,37.48877157,127.1067039,62.0,2026-09-02T13:07:00+09:00,environment
OC3CL200157_2026-09-02T13:07:00+09:00,37.492381245,127.094589306,70.0,2026-09-02T13:07:00+09:00,environment
OC3CL200207_2026-09-02T13:07:00+09:00,37.494957877,127.124194746,44.0,2026-09-02T13:07:00+09:00,environment
OC3CL210115_2026-09-02T13:07:00+09:00,37.525641,127.129665,64.0,2026-09-02T13:07:00+09:00,environment
V02Q1940392_2026-09-02T14:07:00+09:00,37.538286643,127.09239683,47.0,2026-09-02T14:07:00+09:00,environment
V02Q1940403_2026-09-02T14:07:00+09:00,37.534309074,127.081985567,47.0,2026-09-02T14:07:00+09:00,environment
V02Q1940391_2026-09-02T14:07:00+09:00,37.528616803,127.085121222,44.0,2026-09-02T14:07:00+09:00,environment
V02Q1940411_2026-09-02T14:07:00+09:00,37.533878243,127.091521,36.0,2026-09-02T14:07:00+09:00,environment
V02Q1940506_2026-09-02T14:07:00+09:00,37.535029673,127.093240689,53.0,2026-09-02T14:07:00+09:00,environment
V02Q1940679_2026-09-02T14:07:00+09:00,37.495212727,127.121438826,51.0,2026-09-02T14:07:00+09:00,environment
V02Q1940784_2026-09-02T14:07:00+09:00,37.498247757,127.126296648,47.0,2026-09-02T14:07:00+09:00,environment
V02Q1940706_2026-09-02T14:07:00+09:00,37.502049127,127.117110751,50.0,2026-09-02T14:07:00+09:00,environment
V02Q1940708_2026-09-02T14:07:00+09:00,37.514300619,127.091447797,52.0,2026-09-02T14:07:00+09:00,environment
V02Q1940734_2026-09-02T14:07:00+09:00,37.518407904,127.100366298,41.0,2026-09-02T14:07:00+09:00,environment
V02Q1940736_2026-09-02T14:07:00+09:00,37.504194933,127.128187719,51.0,2026-09-02T14:07:00+09:00,environment
V02Q1940767_2026-09-02T14:07:00+09:00,37.502603852,127.092310875,50.0,2026-09-02T14:07:00+09:00,environment
V02Q1940772_2026-09-02T14:07:00+09:00,37.503635193,127.103503284,51.0,2026-09-02T14:07:00+09:00,environment
V02Q1940775_2026-09-02T14:07:00+09:00,37.505801455,127.109663753,50.0,2026-09-02T14:07:00+09:00,environment
V02Q1940781_2026-09-02T14:07:00+09:00,37.506173683,127.084756221,43.0,2026-09-02T14:07:00+09:00,environment
V02Q1940787_2026-09-02T14:07:00+09:00,37.512955044,127.094661921,51.0,2026-09-02T14:07:00+09:00,environment
V02Q1940788_2026-09-02T14:07:00+09:00,37.509617855,127.0741524,48.0,2026-09-02T14:07:00+09:00,environment
V02Q1940790_2026-09-02T14:07:00+09:00,37.514278277,127.112258966,46.0,2026-09-02T14:07:00+09:00,environment
V02Q1940800_2026-09-02T14:07:00+09:00,37.519952859,127.1123122,50.0,2026-09-02T14:07:00+09:00,environment
V02Q1940847_2026-09-02T14:07:00+09:00,37.489683491,127.111908205,35.0,2026-09-02T14:07:00+09:00,environment
V02Q1940713_2026-09-02T14:07:00+09:00,37.516185359,127.114540561,52.0,2026-09-02T14:07:00+09:00,environment
V02Q1940714_2026-09-02T14:07:00+09:00,37.513385412,127.10686824,55.0,2026-09-02T14:07:00+09:00,environment
V02Q1940811_2026-09-02T14:07:00+09:00,37.52727312,127.116249051,51.0,2026-09-02T14:07:00+09:00,environment
V02Q1940819_2026-09-02T14:07:00+09:00,37.507344263,127.104688643,45.0,2026-09-02T14:07:00+09:00,environment
V02Q1940820_2026-09-02T14:07:00+09:00,37.511104225,127.102321793,55.0,2026-09-02T14:07:00+09:00,environment
V02Q1940821_2026-09-02T14:07:00+09:00,37.502832774,127.108694904,51.0,2026-09-02T14:07:00+09:00,environment
V02Q1940832_2026-09-02T14:07:00+09:00,37.511768309,127.124209484,42.0,2026-09-02T14:07:00+09:00,environment
V02Q1940838_2026-09-02T14:07:00+09:00,37.51767925,127.08881891,44.0,2026-09-02T14:07:00+09:00,environment
V02Q1940873_2026-09-02T14:07:00+09:00,37.53247211,127.114301129,49.0,2026-09-02T14:07:00+09:00,environment
V02Q1940941_2026-09-02T14:07:00+09:00,37.509088133,127.084056858,43.0,2026-09-02T14:07:00+09:00,environment
V02Q1940507_2026-09-02T14:07:00+09:00,37.531277474,127.123271252,42.0,2026-09-02T14:07:00+09:00,environment
V02Q1940079_2026-09-02T14:07:00+09:00,37.494102447,127.082209375,35.0,2026-09-02T14:07:00+09:00,environment
V02Q1940246_2026-09-02T14:07:00+09:00,37.49920086,127.072395308,51.0,2026-09-02T14:07:00+09:00,environment
V02Q1940082_2026-09-02T14:07:00+09:00,37.495507594,127.085748474,52.0,2026-09-02T14:07:00+09:00,environment
V02Q1940098_2026-09-02T14:07:00+09:00,37.48670146,127.1000197,57.0,2026-09-02T14:07:00+09:00,environment
V02Q1940100_2026-09-02T14:07:00+09:00,37.494978959,127.093144214,62.0,2026-09-02T14:07:00+09:00,environment
OC3CL200135_2026-09-02T14:07:00+09:00,37.50215692,127.07044791,63.0,2026-09-02T14:07:00+09:00,environment
OC3CL200157_2026-09-02T14:07:00+09:00,37.492381245,127.094589306,70.0,2026-09-02T14:07:00+09:00,environment
OC3CL200207_2026-09-02T14:07:00+09:00,37.494957877,127.124194746,45.0,2026-09-02T14:07:00+09:00,environment
OC3CL210115_2026-09-02T14:07:00+09:00,37.525641,127.129665,64.0,2026-09-02T14:07:00+09:00,environment
V02Q1940391_2026-09-02T15:07:00+09:00,37.528616803,127.085121222,45.0,2026-09-02T15:07:00+09:00,environment
V02Q1940392_2026-09-02T15:07:00+09:00,37.538286643,127.09239683,47.0,2026-09-02T15:07:00+09:00,environment
V02Q1940403_2026-09-02T15:07:00+09:00,37.534309074,127.081985567,48.0,2026-09-02T15:07:00+09:00,environment
V02Q1940411_2026-09-02T15:07:00+09:00,37.533878243,127.091521,36.0,2026-09-02T15:07:00+09:00,environment
V02Q1940506_2026-09-02T15:07:00+09:00,37.535029673,127.093240689,54.0,2026-09-02T15:07:00+09:00,environment
V02Q1940679_2026-09-02T15:07:00+09:00,37.495212727,127.121438826,52.0,2026-09-02T15:07:00+09:00,environment
V02Q1940734_2026-09-02T15:07:00+09:00,37.518407904,127.100366298,41.0,2026-09-02T15:07:00+09:00,environment
V02Q1940784_2026-09-02T15:07:00+09:00,37.498247757,127.126296648,47.0,2026-09-02T15:07:00+09:00,environment
V02Q1940706_2026-09-02T15:07:00+09:00,37.502049127,127.117110751,50.0,2026-09-02T15:07:00+09:00,environment
V02Q1940708_2026-09-02T15:07:00+09:00,37.514300619,127.091447797,51.0,2026-09-02T15:07:00+09:00,environment
V02Q1940736_2026-09-02T15:07:00+09:00,37.504194933,127.128187719,47.0,2026-09-02T15:07:00+09:00,environment
V02Q1940767_2026-09-02T15:07:00+09:00,37.502603852,127.092310875,48.0,2026-09-02T15:07:00+09:00,environment
V02Q1940772_2026-09-02T15:07:00+09:00,37.503635193,127.103503284,51.0,2026-09-02T15:07:00+09:00,environment
V02Q1940775_2026-09-02T15:07:00+09:00,37.505801455,127.109663753,50.0,2026-09-02T15:07:00+09:00,environment
V02Q1940781_2026-09-02T15:07:00+09:00,37.506173683,127.084756221,44.0,2026-09-02T15:07:00+09:00,environment
V02Q1940787_2026-09-02T15:07:00+09:00,37.512955044,127.094661921,47.0,2026-09-02T15:07:00+09:00,environment
V02Q1940788_2026-09-02T15:07:00+09:00,37.509617855,127.0741524,49.0,2026-09-02T15:07:00+09:00,environment
V02Q1940790_2026-09-02T15:07:00+09:00,37.514278277,127.112258966,43.0,2026-09-02T15:07:00+09:00,environment
V02Q1940800_2026-09-02T15:07:00+09:00,37.519952859,127.1123122,50.0,2026-09-02T15:07:00+09:00,environment
V02Q1940832_2026-09-02T15:07:00+09:00,37.511768309,127.124209484,40.0,2026-09-02T15:07:00+09:00,environment
V02Q1940847_2026-09-02T15:07:00+09:00,37.489683491,127.111908205,35.0,2026-09-02T15:07:00+09:00,environment
V02Q1940713_2026-09-02T15:07:00+09:00,37.516185359,127.114540561,52.0,2026-09-02T15:07:00+09:00,environment
V02Q1940714_2026-09-02T15:07:00+09:00,37.513385412,127.10686824,55.0,2026-09-02T15:07:00+09:00,environment
V02Q1940811_2026-09-02T15:07:00+09:00,37.52727312,127.116249051,51.0,2026-09-02T15:07:00+09:00,environment
V02Q1940819_2026-09-02T15:07:00+09:00,37.507344263,127.104688643,45.0,2026-09-02T15:07:00+09:00,environment
V02Q1940820_2026-09-02T15:07:00+09:00,37.511104225,127.102321793,55.0,2026-09-02T15:07:00+09:00,environment
V02Q1940821_2026-09-02T15:07:00+09:00,37.502832774,127.108694904,50.0,2026-09-02T15:07:00+09:00,environment
V02Q1940838_2026-09-02T15:07:00+09:00,37.51767925,127.08881891,44.0,2026-09-02T15:07:00+09:00,environment
V02Q1940873_2026-09-02T15:07:00+09:00,37.53247211,127.114301129,46.0,2026-09-02T15:07:00+09:00,environment
V02Q1940941_2026-09-02T15:07:00+09:00,37.509088133,127.084056858,43.0,2026-09-02T15:07:00+09:00,environment
V02Q1940507_2026-09-02T15:07:00+09:00,37.531277474,127.123271252,43.0,2026-09-02T15:07:00+09:00,environment
V02Q1940079_2026-09-02T15:07:00+09:00,37.494102447,127.082209375,35.0,2026-09-02T15:07:00+09:00,environment
V02Q1940246_2026-09-02T15:07:00+09:00,37.49920086,127.072395308,52.0,2026-09-02T15:07:00+09:00,environment
V02Q1940082_2026-09-02T15:07:00+09:00,37.495507594,127.085748474,52.0,2026-09-02T15:07:00+09:00,environment
V02Q1940098_2026-09-02T15:07:00+09:00,37.48670146,127.1000197,57.0,2026-09-02T15:07:00+09:00,environment
V02Q1940100_2026-09-02T15:07:00+09:00,37.494978959,127.093144214,61.0,2026-09-02T15:07:00+09:00,environment
OC3CL200135_2026-09-02T15:07:00+09:00,37.50215692,127.07044791,64.0,2026-09-02T15:07:00+09:00,environment
OC3CL200157_2026-09-02T15:07:00+09:00,37.492381245,127.094589306,70.0,2026-09-02T15:07:00+09:00,environment
OC3CL200207_2026-09-02T15:07:00+09:00,37.494957877,127.124194746,47.0,2026-09-02T15:07:00+09:00,environment
OC3CL210115_2026-09-02T15:07:00+09:00,37.525641,127.129665,64.0,2026-09-02T15:07:00+09:00,environment
V02Q1940392_2026-09-02T16:07:00+09:00,37.538286643,127.09239683,46.0,2026-09-02T16:07:00+09:00,environment
V02Q1940403_2026-09-02T16:07:00+09:00,37.534309074,127.081985567,48.0,2026-09-02T16:07:00+09:00,environment
V02Q1940391_2026-09-02T16:07:00+09:00,37.528616803,127.085121222,44.0,2026-09-02T16:07:00+09:00,environment
V02Q1940411_2026-09-02T16:07:00+09:00,37.533878243,127.091521,36.0,2026-09-02T16:07:00+09:00,environment
V02Q1940506_2026-09-02T16:07:00+09:00,37.535029673,127.093240689,54.0,2026-09-02T16:07:00+09:00,environment
V02Q1940679_2026-09-02T16:07:00+09:00,37.495212727,127.121438826,51.0,2026-09-02T16:07:00+09:00,environment
V02Q1940734_2026-09-02T16:07:00+09:00,37.518407904,127.100366298,41.0,2026-09-02T16:07:00+09:00,environment
V02Q1940784_2026-09-02T16:07:00+09:00,37.498247757,127.126296648,46.0,2026-09-02T16:07:00+09:00,environment
V02Q1940706_2026-09-02T16:07:00+09:00,37.502049127,127.117110751,50.0,2026-09-02T16:07:00+09:00,environment
V02Q1940708_2026-09-02T16:07:00+09:00,37.514300619,127.091447797,52.0,2026-09-02T16:07:00+09:00,environment
V02Q1940736_2026-09-02T16:07:00+09:00,37.504194933,127.128187719,48.0,2026-09-02T16:07:00+09:00,environment
V02Q1940767_2026-09-02T16:07:00+09:00,37.502603852,127.092310875,48.0,2026-09-02T16:07:00+09:00,environment
V02Q1940772_2026-09-02T16:07:00+09:00,37.503635193,127.103503284,51.0,2026-09-02T16:07:00+09:00,environment
V02Q1940775_2026-09-02T16:07:00+09:00,37.505801455,127.109663753,50.0,2026-09-02T16:07:00+09:00,environment
V02Q1940781_2026-09-02T16:07:00+09:00,37.506173683,127.084756221,43.0,2026-09-02T16:07:00+09:00,environment
V02Q1940787_2026-09-02T16:07:00+09:00,37.512955044,127.094661921,46.0,2026-09-02T16:07:00+09:00,environment
V02Q1940788_2026-09-02T16:07:00+09:00,37.509617855,127.0741524,49.0,2026-09-02T16:07:00+09:00,environment
V02Q1940790_2026-09-02T16:07:00+09:00,37.514278277,127.112258966,42.0,2026-09-02T16:07:00+09:00,environment
V02Q1940800_2026-09-02T16:07:00+09:00,37.519952859,127.1123122,50.0,2026-09-02T16:07:00+09:00,environment
V02Q1940832_2026-09-02T16:07:00+09:00,37.511768309,127.124209484,41.0,2026-09-02T16:07:00+09:00,environment
V02Q1940847_2026-09-02T16:07:00+09:00,37.489683491,127.111908205,35.0,2026-09-02T16:07:00+09:00,environment
V02Q1940713_2026-09-02T16:07:00+09:00,37.516185359,127.114540561,51.0,2026-09-02T16:07:00+09:00,environment
V02Q1940714_2026-09-02T16:07:00+09:00,37.513385412,127.10686824,55.0,2026-09-02T16:07:00+09:00,environment
V02Q1940811_2026-09-02T16:07:00+09:00,37.52727312,127.116249051,51.0,2026-09-02T16:07:00+09:00,environment
V02Q1940819_2026-09-02T16:07:00+09:00,37.507344263,127.104688643,45.0,2026-09-02T16:07:00+09:00,environment
V02Q1940820_2026-09-02T16:07:00+09:00,37.511104225,127.102321793,54.0,2026-09-02T16:07:00+09:00,environment
V02Q1940821_2026-09-02T16:07:00+09:00,37.502832774,127.108694904,50.0,2026-09-02T16:07:00+09:00,environment
V02Q1940838_2026-09-02T16:07:00+09:00,37.51767925,127.08881891,44.0,2026-09-02T16:07:00+09:00,environment
V02Q1940873_2026-09-02T16:07:00+09:00,37.53247211,127.114301129,45.0,2026-09-02T16:07:00+09:00,environment
V02Q1940941_2026-09-02T16:07:00+09:00,37.509088133,127.084056858,41.0,2026-09-02T16:07:00+09:00,environment
V02Q1940507_2026-09-02T16:07:00+09:00,37.531277474,127.123271252,42.0,2026-09-02T16:07:00+09:00,environment
V02Q1940079_2026-09-02T16:07:00+09:00,37.494102447,127.082209375,35.0,2026-09-02T16:07:00+09:00,environment
V02Q1940246_2026-09-02T16:07:00+09:00,37.49920086,127.072395308,50.0,2026-09-02T16:07:00+09:00,environment
V02Q1940082_2026-09-02T16:07:00+09:00,37.495507594,127.085748474,51.0,2026-09-02T16:07:00+09:00,environment
V02Q1940098_2026-09-02T16:07:00+09:00,37.48670146,127.1000197,57.0,2026-09-02T16:07:00+09:00,environment
V02Q1940100_2026-09-02T16:07:00+09:00,37.494978959,127.093144214,61.0,2026-09-02T16:07:00+09:00,environment
OC3CL200033_2026-09-02T16:07:00+09:00,37.51217275,127.1046954,59.0,2026-09-02T16:07:00+09:00,environment
OC3CL200135_2026-09-02T16:07:00+09:00,37.50215692,127.07044791,64.0,2026-09-02T16:07:00+09:00,environment
OC3CL200141_2026-09-02T16:07:00+09:00,37.48877157,127.1067039,60.0,2026-09-02T16:07:00+09:00,environment
OC3CL200157_2026-09-02T16:07:00+09:00,37.492381245,127.094589306,70.0,2026-09-02T16:07:00+09:00,environment
OC3CL200207_2026-09-02T16:07:00+09:00,37.494957877,127.124194746,47.0,2026-09-02T16:07:00+09:00,environment
OC3CL210115_2026-09-02T16:07:00+09:00,37.525641,127.129665,64.0,2026-09-02T16:07:00+09:00,environment
V02Q1940392_2026-09-02T17:07:00+09:00,37.538286643,127.09239683,47.0,2026-09-02T17:07:00+09:00,environment
V02Q1940403_2026-09-02T17:07:00+09:00,37.534309074,127.081985567,51.0,2026-09-02T17:07:00+09:00,environment
V02Q1940391_2026-09-02T17:07:00+09:00,37.528616803,127.085121222,44.0,2026-09-02T17:07:00+09:00,environment
V02Q1940411_2026-09-02T17:07:00+09:00,37.533878243,127.091521,36.0,2026-09-02T17:07:00+09:00,environment
V02Q1940506_2026-09-02T17:07:00+09:00,37.535029673,127.093240689,53.0,2026-09-02T17:07:00+09:00,environment
V02Q1940679_2026-09-02T17:07:00+09:00,37.495212727,127.121438826,51.0,2026-09-02T17:07:00+09:00,environment
V02Q1940734_2026-09-02T17:07:00+09:00,37.518407904,127.100366298,41.0,2026-09-02T17:07:00+09:00,environment
V02Q1940784_2026-09-02T17:07:00+09:00,37.498247757,127.126296648,44.0,2026-09-02T17:07:00+09:00,environment
V02Q1940706_2026-09-02T17:07:00+09:00,37.502049127,127.117110751,50.0,2026-09-02T17:07:00+09:00,environment
V02Q1940708_2026-09-02T17:07:00+09:00,37.514300619,127.091447797,52.0,2026-09-02T17:07:00+09:00,environment
V02Q1940736_2026-09-02T17:07:00+09:00,37.504194933,127.128187719,46.0,2026-09-02T17:07:00+09:00,environment
V02Q1940767_2026-09-02T17:07:00+09:00,37.502603852,127.092310875,48.0,2026-09-02T17:07:00+09:00,environment
V02Q1940772_2026-09-02T17:07:00+09:00,37.503635193,127.103503284,51.0,2026-09-02T17:07:00+09:00,environment
V02Q1940775_2026-09-02T17:07:00+09:00,37.505801455,127.109663753,50.0,2026-09-02T17:07:00+09:00,environment
V02Q1940781_2026-09-02T17:07:00+09:00,37.506173683,127.084756221,41.0,2026-09-02T17:07:00+09:00,environment
V02Q1940787_2026-09-02T17:07:00+09:00,37.512955044,127.094661921,45.0,2026-09-02T17:07:00+09:00,environment
V02Q1940788_2026-09-02T17:07:00+09:00,37.509617855,127.0741524,50.0,2026-09-02T17:07:00+09:00,environment
V02Q1940790_2026-09-02T17:07:00+09:00,37.514278277,127.112258966,41.0,2026-09-02T17:07:00+09:00,environment
V02Q1940800_2026-09-02T17:07:00+09:00,37.519952859,127.1123122,50.0,2026-09-02T17:07:00+09:00,environment
V02Q1940832_2026-09-02T17:07:00+09:00,37.511768309,127.124209484,41.0,2026-09-02T17:07:00+09:00,environment
V02Q1940847_2026-09-02T17:07:00+09:00,37.489683491,127.111908205,35.0,2026-09-02T17:07:00+09:00,environment
V02Q1940713_2026-09-02T17:07:00+09:00,37.516185359,127.114540561,47.0,2026-09-02T17:07:00+09:00,environment
V02Q1940714_2026-09-02T17:07:00+09:00,37.513385412,127.10686824,55.0,2026-09-02T17:07:00+09:00,environment
V02Q1940811_2026-09-02T17:07:00+09:00,37.52727312,127.116249051,51.0,2026-09-02T17:07:00+09:00,environment
V02Q1940819_2026-09-02T17:07:00+09:00,37.507344263,127.104688643,43.0,2026-09-02T17:07:00+09:00,environment
V02Q1940820_2026-09-02T17:07:00+09:00,37.511104225,127.102321793,54.0,2026-09-02T17:07:00+09:00,environment
V02Q1940821_2026-09-02T17:07:00+09:00,37.502832774,127.108694904,49.0,2026-09-02T17:07:00+09:00,environment
V02Q1940838_2026-09-02T17:07:00+09:00,37.51767925,127.08881891,44.0,2026-09-02T17:07:00+09:00,environment
V02Q1940873_2026-09-02T17:07:00+09:00,37.53247211,127.114301129,45.0,2026-09-02T17:07:00+09:00,environment
V02Q1940941_2026-09-02T17:07:00+09:00,37.509088133,127.084056858,43.0,2026-09-02T17:07:00+09:00,environment
V02Q1940507_2026-09-02T17:07:00+09:00,37.531277474,127.123271252,41.0,2026-09-02T17:07:00+09:00,environment
V02Q1940079_2026-09-02T17:07:00+09:00,37.494102447,127.082209375,35.0,2026-09-02T17:07:00+09:00,environment
V02Q1940246_2026-09-02T17:07:00+09:00,37.49920086,127.072395308,48.0,2026-09-02T17:07:00+09:00,environment
V02Q1940082_2026-09-02T17:07:00+09:00,37.495507594,127.085748474,51.0,2026-09-02T17:07:00+09:00,environment
V02Q1940098_2026-09-02T17:07:00+09:00,37.48670146,127.1000197,57.0,2026-09-02T17:07:00+09:00,environment
V02Q1940100_2026-09-02T17:07:00+09:00,37.494978959,127.093144214,61.0,2026-09-02T17:07:00+09:00,environment
OC3CL200033_2026-09-02T17:07:00+09:00,37.51217275,127.1046954,59.0,2026-09-02T17:07:00+09:00,environment
OC3CL200135_2026-09-02T17:07:00+09:00,37.50215692,127.07044791,64.0,2026-09-02T17:07:00+09:00,environment
OC3CL200141_2026-09-02T17:07:00+09:00,37.48877157,127.1067039,60.0,2026-09-02T17:07:00+09:00,environment
OC3CL200157_2026-09-02T17:07:00+09:00,37.492381245,127.094589306,70.0,2026-09-02T17:07:00+09:00,environment
OC3CL200207_2026-09-02T17:07:00+09:00,37.494957877,127.124194746,49.0,2026-09-02T17:07:00+09:00,environment
OC3CL210115_2026-09-02T17:07:00+09:00,37.525641,127.129665,64.0,2026-09-02T17:07:00+09:00,environment
V02Q1940391_2026-09-02T18:07:00+09:00,37.528616803,127.085121222,44.0,2026-09-02T18:07:00+09:00,environment
V02Q1940392_2026-09-02T18:07:00+09:00,37.538286643,127.09239683,47.0,2026-09-02T18:07:00+09:00,environment
V02Q1940403_2026-09-02T18:07:00+09:00,37.534309074,127.081985567,50.0,2026-09-02T18:07:00+09:00,environment
V02Q1940411_2026-09-02T18:07:00+09:00,37.533878243,127.091521,36.0,2026-09-02T18:07:00+09:00,environment
V02Q1940506_2026-09-02T18:07:00+09:00,37.535029673,127.093240689,53.0,2026-09-02T18:07:00+09:00,environment
V02Q1940679_2026-09-02T18:07:00+09:00,37.495212727,127.121438826,51.0,2026-09-02T18:07:00+09:00,environment
V02Q1940734_2026-09-02T18:07:00+09:00,37.518407904,127.100366298,39.0,2026-09-02T18:07:00+09:00,environment
V02Q1940784_2026-09-02T18:07:00+09:00,37.498247757,127.126296648,43.0,2026-09-02T18:07:00+09:00,environment
V02Q1940706_2026-09-02T18:07:00+09:00,37.502049127,127.117110751,48.0,2026-09-02T18:07:00+09:00,environment
V02Q1940708_2026-09-02T18:07:00+09:00,37.514300619,127.091447797,52.0,2026-09-02T18:07:00+09:00,environment
V02Q1940736_2026-09-02T18:07:00+09:00,37.504194933,127.128187719,41.0,2026-09-02T18:07:00+09:00,environment
V02Q1940767_2026-09-02T18:07:00+09:00,37.502603852,127.092310875,49.0,2026-09-02T18:07:00+09:00,environment
V02Q1940772_2026-09-02T18:07:00+09:00,37.503635193,127.103503284,51.0,2026-09-02T18:07:00+09:00,environment
V02Q1940775_2026-09-02T18:07:00+09:00,37.505801455,127.109663753,51.0,2026-09-02T18:07:00+09:00,environment
V02Q1940781_2026-09-02T18:07:00+09:00,37.506173683,127.084756221,42.0,2026-09-02T18:07:00+09:00,environment
V02Q1940787_2026-09-02T18:07:00+09:00,37.512955044,127.094661921,43.0,2026-09-02T18:07:00+09:00,environment
V02Q1940788_2026-09-02T18:07:00+09:00,37.509617855,127.0741524,49.0,2026-09-02T18:07:00+09:00,environment
V02Q1940790_2026-09-02T18:07:00+09:00,37.514278277,127.112258966,41.0,2026-09-02T18:07:00+09:00,environment
V02Q1940800_2026-09-02T18:07:00+09:00,37.519952859,127.1123122,50.0,2026-09-02T18:07:00+09:00,environment
V02Q1940832_2026-09-02T18:07:00+09:00,37.511768309,127.124209484,41.0,2026-09-02T18:07:00+09:00,environment
V02Q1940847_2026-09-02T18:07:00+09:00,37.489683491,127.111908205,35.0,2026-09-02T18:07:00+09:00,environment
V02Q1940713_2026-09-02T18:07:00+09:00,37.516185359,127.114540561,48.0,2026-09-02T18:07:00+09:00,environment
V02Q1940714_2026-09-02T18:07:00+09:00,37.513385412,127.10686824,55.0,2026-09-02T18:07:00+09:00,environment
V02Q1940811_2026-09-02T18:07:00+09:00,37.52727312,127.116249051,53.0,2026-09-02T18:07:00+09:00,environment
V02Q1940819_2026-09-02T18:07:00+09:00,37.507344263,127.104688643,43.0,2026-09-02T18:07:00+09:00,environment
V02Q1940820_2026-09-02T18:07:00+09:00,37.511104225,127.102321793,54.0,2026-09-02T18:07:00+09:00,environment
V02Q1940821_2026-09-02T18:07:00+09:00,37.502832774,127.108694904,50.0,2026-09-02T18:07:00+09:00,environment
V02Q1940838_2026-09-02T18:07:00+09:00,37.51767925,127.08881891,44.0,2026-09-02T18:07:00+09:00,environment
V02Q1940873_2026-09-02T18:07:00+09:00,37.53247211,127.114301129,46.0,2026-09-02T18:07:00+09:00,environment
V02Q1940941_2026-09-02T18:07:00+09:00,37.509088133,127.084056858,43.0,2026-09-02T18:07:00+09:00,environment
V02Q1940507_2026-09-02T18:07:00+09:00,37.531277474,127.123271252,42.0,2026-09-02T18:07:00+09:00,environment
V02Q1940079_2026-09-02T18:07:00+09:00,37.494102447,127.082209375,35.0,2026-09-02T18:07:00+09:00,environment
V02Q1940246_2026-09-02T18:07:00+09:00,37.49920086,127.072395308,45.0,2026-09-02T18:07:00+09:00,environment
V02Q1940082_2026-09-02T18:07:00+09:00,37.495507594,127.085748474,51.0,2026-09-02T18:07:00+09:00,environment
V02Q1940098_2026-09-02T18:07:00+09:00,37.48670146,127.1000197,57.0,2026-09-02T18:07:00+09:00,environment
V02Q1940100_2026-09-02T18:07:00+09:00,37.494978959,127.093144214,62.0,2026-09-02T18:07:00+09:00,environment
OC3CL200033_2026-09-02T18:07:00+09:00,37.51217275,127.1046954,59.0,2026-09-02T18:07:00+09:00,environment
OC3CL200135_2026-09-02T18:07:00+09:00,37.50215692,127.07044791,63.0,2026-09-02T18:07:00+09:00,environment
OC3CL200141_2026-09-02T18:07:00+09:00,37.48877157,127.1067039,59.0,2026-09-02T18:07:00+09:00,environment
OC3CL200157_2026-09-02T18:07:00+09:00,37.492381245,127.094589306,70.0,2026-09-02T18:07:00+09:00,environment
OC3CL200207_2026-09-02T18:07:00+09:00,37.494957877,127.124194746,45.0,2026-09-02T18:07:00+09:00,environment
OC3CL210115_2026-09-02T18:07:00+09:00,37.525641,127.129665,64.0,2026-09-02T18:07:00+09:00,environment
V02Q1940391_2026-09-02T19:07:00+09:00,37.528616803,127.085121222,44.0,2026-09-02T19:07:00+09:00,environment
V02Q1940392_2026-09-02T19:07:00+09:00,37.538286643,127.09239683,47.0,2026-09-02T19:07:00+09:00,environment
V02Q1940403_2026-09-02T19:07:00+09:00,37.534309074,127.081985567,48.0,2026-09-02T19:07:00+09:00,environment
V02Q1940411_2026-09-02T19:07:00+09:00,37.533878243,127.091521,36.0,2026-09-02T19:07:00+09:00,environment
V02Q1940506_2026-09-02T19:07:00+09:00,37.535029673,127.093240689,54.0,2026-09-02T19:07:00+09:00,environment
V02Q1940679_2026-09-02T19:07:00+09:00,37.495212727,127.121438826,50.0,2026-09-02T19:07:00+09:00,environment
V02Q1940734_2026-09-02T19:07:00+09:00,37.518407904,127.100366298,40.0,2026-09-02T19:07:00+09:00,environment
V02Q1940784_2026-09-02T19:07:00+09:00,37.498247757,127.126296648,42.0,2026-09-02T19:07:00+09:00,environment
V02Q1940706_2026-09-02T19:07:00+09:00,37.502049127,127.117110751,48.0,2026-09-02T19:07:00+09:00,environment
V02Q1940708_2026-09-02T19:07:00+09:00,37.514300619,127.091447797,52.0,2026-09-02T19:07:00+09:00,environment
V02Q1940736_2026-09-02T19:07:00+09:00,37.504194933,127.128187719,40.0,2026-09-02T19:07:00+09:00,environment
V02Q1940767_2026-09-02T19:07:00+09:00,37.502603852,127.092310875,49.0,2026-09-02T19:07:00+09:00,environment
V02Q1940772_2026-09-02T19:07:00+09:00,37.503635193,127.103503284,51.0,2026-09-02T19:07:00+09:00,environment
V02Q1940775_2026-09-02T19:07:00+09:00,37.505801455,127.109663753,50.0,2026-09-02T19:07:00+09:00,environment
V02Q1940781_2026-09-02T19:07:00+09:00,37.506173683,127.084756221,40.0,2026-09-02T19:07:00+09:00,environment
V02Q1940787_2026-09-02T19:07:00+09:00,37.512955044,127.094661921,43.0,2026-09-02T19:07:00+09:00,environment
V02Q1940788_2026-09-02T19:07:00+09:00,37.509617855,127.0741524,49.0,2026-09-02T19:07:00+09:00,environment
V02Q1940790_2026-09-02T19:07:00+09:00,37.514278277,127.112258966,44.0,2026-09-02T19:07:00+09:00,environment
V02Q1940800_2026-09-02T19:07:00+09:00,37.519952859,127.1123122,51.0,2026-09-02T19:07:00+09:00,environment
V02Q1940832_2026-09-02T19:07:00+09:00,37.511768309,127.124209484,40.0,2026-09-02T19:07:00+09:00,environment
V02Q1940847_2026-09-02T19:07:00+09:00,37.489683491,127.111908205,35.0,2026-09-02T19:07:00+09:00,environment
V02Q1940873_2026-09-02T19:07:00+09:00,37.53247211,127.114301129,46.0,2026-09-02T19:07:00+09:00,environment
V02Q1940507_2026-09-02T19:07:00+09:00,37.531277474,127.123271252,43.0,2026-09-02T19:07:00+09:00,environment
V02Q1940713_2026-09-02T19:07:00+09:00,37.516185359,127.114540561,47.0,2026-09-02T19:07:00+09:00,environment
V02Q1940714_2026-09-02T19:07:00+09:00,37.513385412,127.10686824,55.0,2026-09-02T19:07:00+09:00,environment
V02Q1940811_2026-09-02T19:07:00+09:00,37.52727312,127.116249051,51.0,2026-09-02T19:07:00+09:00,environment
V02Q1940819_2026-09-02T19:07:00+09:00,37.507344263,127.104688643,44.0,2026-09-02T19:07:00+09:00,environment
V02Q1940820_2026-09-02T19:07:00+09:00,37.511104225,127.102321793,54.0,2026-09-02T19:07:00+09:00,environment
V02Q1940821_2026-09-02T19:07:00+09:00,37.502832774,127.108694904,49.0,2026-09-02T19:07:00+09:00,environment
V02Q1940838_2026-09-02T19:07:00+09:00,37.51767925,127.08881891,44.0,2026-09-02T19:07:00+09:00,environment
V02Q1940941_2026-09-02T19:07:00+09:00,37.509088133,127.084056858,43.0,2026-09-02T19:07:00+09:00,environment
V02Q1940079_2026-09-02T19:07:00+09:00,37.494102447,127.082209375,35.0,2026-09-02T19:07:00+09:00,environment
V02Q1940246_2026-09-02T19:07:00+09:00,37.49920086,127.072395308,41.0,2026-09-02T19:07:00+09:00,environment
V02Q1940082_2026-09-02T19:07:00+09:00,37.495507594,127.085748474,50.0,2026-09-02T19:07:00+09:00,environment
V02Q1940098_2026-09-02T19:07:00+09:00,37.48670146,127.1000197,57.0,2026-09-02T19:07:00+09:00,environment
V02Q1940100_2026-09-02T19:07:00+09:00,37.494978959,127.093144214,61.0,2026-09-02T19:07:00+09:00,environment
OC3CL200033_2026-09-02T19:07:00+09:00,37.51217275,127.1046954,58.0,2026-09-02T19:07:00+09:00,environment
OC3CL200135_2026-09-02T19:07:00+09:00,37.50215692,127.07044791,63.0,2026-09-02T19:07:00+09:00,environment
OC3CL200157_2026-09-02T19:07:00+09:00,37.492381245,127.094589306,70.0,2026-09-02T19:07:00+09:00,environment
OC3CL200207_2026-09-02T19:07:00+09:00,37.494957877,127.124194746,41.0,2026-09-02T19:07:00+09:00,environment
OC3CL200141_2026-09-02T19:07:00+09:00,37.48877157,127.1067039,59.0,2026-09-02T19:07:00+09:00,environment
OC3CL210115_2026-09-02T19:07:00+09:00,37.525641,127.129665,64.0,2026-09-02T19:07:00+09:00,environment
V02Q1940391_2026-09-02T20:07:00+09:00,37.528616803,127.085121222,42.0,2026-09-02T20:07:00+09:00,environment
V02Q1940392_2026-09-02T20:07:00+09:00,37.538286643,127.09239683,46.0,2026-09-02T20:07:00+09:00,environment
V02Q1940403_2026-09-02T20:07:00+09:00,37.534309074,127.081985567,48.0,2026-09-02T20:07:00+09:00,environment
V02Q1940411_2026-09-02T20:07:00+09:00,37.533878243,127.091521,36.0,2026-09-02T20:07:00+09:00,environment
V02Q1940506_2026-09-02T20:07:00+09:00,37.535029673,127.093240689,53.0,2026-09-02T20:07:00+09:00,environment
V02Q1940679_2026-09-02T20:07:00+09:00,37.495212727,127.121438826,51.0,2026-09-02T20:07:00+09:00,environment
V02Q1940734_2026-09-02T20:07:00+09:00,37.518407904,127.100366298,39.0,2026-09-02T20:07:00+09:00,environment
V02Q1940784_2026-09-02T20:07:00+09:00,37.498247757,127.126296648,43.0,2026-09-02T20:07:00+09:00,environment
V02Q1940706_2026-09-02T20:07:00+09:00,37.502049127,127.117110751,49.0,2026-09-02T20:07:00+09:00,environment
V02Q1940708_2026-09-02T20:07:00+09:00,37.514300619,127.091447797,52.0,2026-09-02T20:07:00+09:00,environment
V02Q1940736_2026-09-02T20:07:00+09:00,37.504194933,127.128187719,41.0,2026-09-02T20:07:00+09:00,environment
V02Q1940767_2026-09-02T20:07:00+09:00,37.502603852,127.092310875,48.0,2026-09-02T20:07:00+09:00,environment
V02Q1940772_2026-09-02T20:07:00+09:00,37.503635193,127.103503284,51.0,2026-09-02T20:07:00+09:00,environment
V02Q1940775_2026-09-02T20:07:00+09:00,37.505801455,127.109663753,51.0,2026-09-02T20:07:00+09:00,environment
V02Q1940781_2026-09-02T20:07:00+09:00,37.506173683,127.084756221,40.0,2026-09-02T20:07:00+09:00,environment
V02Q1940787_2026-09-02T20:07:00+09:00,37.512955044,127.094661921,42.0,2026-09-02T20:07:00+09:00,environment
V02Q1940788_2026-09-02T20:07:00+09:00,37.509617855,127.0741524,48.0,2026-09-02T20:07:00+09:00,environment
V02Q1940790_2026-09-02T20:07:00+09:00,37.514278277,127.112258966,41.0,2026-09-02T20:07:00+09:00,environment
V02Q1940800_2026-09-02T20:07:00+09:00,37.519952859,127.1123122,50.0,2026-09-02T20:07:00+09:00,environment
V02Q1940832_2026-09-02T20:07:00+09:00,37.511768309,127.124209484,42.0,2026-09-02T20:07:00+09:00,environment
V02Q1940847_2026-09-02T20:07:00+09:00,37.489683491,127.111908205,35.0,2026-09-02T20:07:00+09:00,environment
V02Q1940873_2026-09-02T20:07:00+09:00,37.53247211,127.114301129,45.0,2026-09-02T20:07:00+09:00,environment
V02Q1940507_2026-09-02T20:07:00+09:00,37.531277474,127.123271252,42.0,2026-09-02T20:07:00+09:00,environment
V02Q1940713_2026-09-02T20:07:00+09:00,37.516185359,127.114540561,48.0,2026-09-02T20:07:00+09:00,environment
V02Q1940714_2026-09-02T20:07:00+09:00,37.513385412,127.10686824,55.0,2026-09-02T20:07:00+09:00,environment
V02Q1940811_2026-09-02T20:07:00+09:00,37.52727312,127.116249051,51.0,2026-09-02T20:07:00+09:00,environment
V02Q1940819_2026-09-02T20:07:00+09:00,37.507344263,127.104688643,42.0,2026-09-02T20:07:00+09:00,environment
V02Q1940820_2026-09-02T20:07:00+09:00,37.511104225,127.102321793,54.0,2026-09-02T20:07:00+09:00,environment
V02Q1940821_2026-09-02T20:07:00+09:00,37.502832774,127.108694904,50.0,2026-09-02T20:07:00+09:00,environment
V02Q1940838_2026-09-02T20:07:00+09:00,37.51767925,127.08881891,44.0,2026-09-02T20:07:00+09:00,environment
V02Q1940941_2026-09-02T20:07:00+09:00,37.509088133,127.084056858,43.0,2026-09-02T20:07:00+09:00,environment
V02Q1940079_2026-09-02T20:07:00+09:00,37.494102447,127.082209375,35.0,2026-09-02T20:07:00+09:00,environment
V02Q1940246_2026-09-02T20:07:00+09:00,37.49920086,127.072395308,47.0,2026-09-02T20:07:00+09:00,environment
V02Q1940082_2026-09-02T20:07:00+09:00,37.495507594,127.085748474,52.0,2026-09-02T20:07:00+09:00,environment
V02Q1940098_2026-09-02T20:07:00+09:00,37.48670146,127.1000197,63.0,2026-09-02T20:07:00+09:00,environment
V02Q1940100_2026-09-02T20:07:00+09:00,37.494978959,127.093144214,61.0,2026-09-02T20:07:00+09:00,environment
OC3CL200135_2026-09-02T20:07:00+09:00,37.50215692,127.07044791,63.0,2026-09-02T20:07:00+09:00,environment
OC3CL200157_2026-09-02T20:07:00+09:00,37.492381245,127.094589306,70.0,2026-09-02T20:07:00+09:00,environment
OC3CL200017_2026-09-02T20:07:00+09:00,37.52406575,127.1285088,66.0,2026-09-02T20:07:00+09:00,environment
OC3CL200033_2026-09-02T20:07:00+09:00,37.51217275,127.1046954,59.0,2026-09-02T20:07:00+09:00,environment
OC3CL200207_2026-09-02T20:07:00+09:00,37.494957877,127.124194746,42.0,2026-09-02T20:07:00+09:00,environment
OC3CL210115_2026-09-02T20:07:00+09:00,37.525641,127.129665,65.0,2026-09-02T20:07:00+09:00,environment
OC3CL200017_2026-09-02T21:07:00+09:00,37.52406575,127.1285088,65.0,2026-09-02T21:07:00+09:00,environment
OC3CL200135_2026-09-02T21:07:00+09:00,37.50215692,127.07044791,62.0,2026-09-02T21:07:00+09:00,environment
OC3CL200157_2026-09-02T21:07:00+09:00,37.492381245,127.094589306,69.0,2026-09-02T21:07:00+09:00,environment
OC3CL200207_2026-09-02T21:07:00+09:00,37.494957877,127.124194746,38.0,2026-09-02T21:07:00+09:00,environment
OC3CL210115_2026-09-02T21:07:00+09:00,37.525641,127.129665,63.0,2026-09-02T21:07:00+09:00,environment
V02Q1940079_2026-09-02T21:07:00+09:00,37.494102447,127.082209375,35.0,2026-09-02T21:07:00+09:00,environment
V02Q1940082_2026-09-02T21:07:00+09:00,37.495507594,127.085748474,53.0,2026-09-02T21:07:00+09:00,environment
V02Q1940098_2026-09-02T21:07:00+09:00,37.48670146,127.1000197,64.0,2026-09-02T21:07:00+09:00,environment
V02Q1940100_2026-09-02T21:07:00+09:00,37.494978959,127.093144214,62.0,2026-09-02T21:07:00+09:00,environment
V02Q1940246_2026-09-02T21:07:00+09:00,37.49920086,127.072395308,51.0,2026-09-02T21:07:00+09:00,environment
V02Q1940391_2026-09-02T21:07:00+09:00,37.528616803,127.085121222,42.0,2026-09-02T21:07:00+09:00,environment
V02Q1940392_2026-09-02T21:07:00+09:00,37.538286643,127.09239683,47.0,2026-09-02T21:07:00+09:00,environment
V02Q1940403_2026-09-02T21:07:00+09:00,37.534309074,127.081985567,47.0,2026-09-02T21:07:00+09:00,environment
V02Q1940411_2026-09-02T21:07:00+09:00,37.533878243,127.091521,36.0,2026-09-02T21:07:00+09:00,environment
V02Q1940506_2026-09-02T21:07:00+09:00,37.535029673,127.093240689,53.0,2026-09-02T21:07:00+09:00,environment
V02Q1940507_2026-09-02T21:07:00+09:00,37.531277474,127.123271252,41.0,2026-09-02T21:07:00+09:00,environment
V02Q1940679_2026-09-02T21:07:00+09:00,37.495212727,127.121438826,50.0,2026-09-02T21:07:00+09:00,environment
V02Q1940706_2026-09-02T21:07:00+09:00,37.502049127,127.117110751,49.0,2026-09-02T21:07:00+09:00,environment
V02Q1940708_2026-09-02T21:07:00+09:00,37.514300619,127.091447797,52.0,2026-09-02T21:07:00+09:00,environment
V02Q1940713_2026-09-02T21:07:00+09:00,37.516185359,127.114540561,47.0,2026-09-02T21:07:00+09:00,environment
V02Q1940714_2026-09-02T21:07:00+09:00,37.513385412,127.10686824,54.0,2026-09-02T21:07:00+09:00,environment
V02Q1940734_2026-09-02T21:07:00+09:00,37.518407904,127.100366298,39.0,2026-09-02T21:07:00+09:00,environment
V02Q1940736_2026-09-02T21:07:00+09:00,37.504194933,127.128187719,42.0,2026-09-02T21:07:00+09:00,environment
V02Q1940767_2026-09-02T21:07:00+09:00,37.502603852,127.092310875,50.0,2026-09-02T21:07:00+09:00,environment
V02Q1940772_2026-09-02T21:07:00+09:00,37.503635193,127.103503284,51.0,2026-09-02T21:07:00+09:00,environment
V02Q1940775_2026-09-02T21:07:00+09:00,37.505801455,127.109663753,50.0,2026-09-02T21:07:00+09:00,environment
V02Q1940781_2026-09-02T21:07:00+09:00,37.506173683,127.084756221,39.0,2026-09-02T21:07:00+09:00,environment
V02Q1940784_2026-09-02T21:07:00+09:00,37.498247757,127.126296648,42.0,2026-09-02T21:07:00+09:00,environment
V02Q1940787_2026-09-02T21:07:00+09:00,37.512955044,127.094661921,41.0,2026-09-02T21:07:00+09:00,environment
V02Q1940788_2026-09-02T21:07:00+09:00,37.509617855,127.0741524,48.0,2026-09-02T21:07:00+09:00,environment
V02Q1940790_2026-09-02T21:07:00+09:00,37.514278277,127.112258966,40.0,2026-09-02T21:07:00+09:00,environment
V02Q1940800_2026-09-02T21:07:00+09:00,37.519952859,127.1123122,49.0,2026-09-02T21:07:00+09:00,environment
V02Q1940811_2026-09-02T21:07:00+09:00,37.52727312,127.116249051,50.0,2026-09-02T21:07:00+09:00,environment
V02Q1940819_2026-09-02T21:07:00+09:00,37.507344263,127.104688643,42.0,2026-09-02T21:07:00+09:00,environment
V02Q1940820_2026-09-02T21:07:00+09:00,37.511104225,127.102321793,54.0,2026-09-02T21:07:00+09:00,environment
V02Q1940821_2026-09-02T21:07:00+09:00,37.502832774,127.108694904,49.0,2026-09-02T21:07:00+09:00,environment
V02Q1940832_2026-09-02T21:07:00+09:00,37.511768309,127.124209484,41.0,2026-09-02T21:07:00+09:00,environment
V02Q1940838_2026-09-02T21:07:00+09:00,37.51767925,127.08881891,44.0,2026-09-02T21:07:00+09:00,environment
V02Q1940847_2026-09-02T21:07:00+09:00,37.489683491,127.111908205,35.0,2026-09-02T21:07:00+09:00,environment
V02Q1940873_2026-09-02T21:07:00+09:00,37.53247211,127.114301129,46.0,2026-09-02T21:07:00+09:00,environment
V02Q1940941_2026-09-02T21:07:00+09:00,37.509088133,127.084056858,42.0,2026-09-02T21:07:00+09:00,environment
OC3CL200017_2026-09-02T22:07:00+09:00,37.52406575,127.1285088,64.0,2026-09-02T22:07:00+09:00,environment
OC3CL200135_2026-09-02T22:07:00+09:00,37.50215692,127.07044791,63.0,2026-09-02T22:07:00+09:00,environment
OC3CL200157_2026-09-02T22:07:00+09:00,37.492381245,127.094589306,69.0,2026-09-02T22:07:00+09:00,environment
OC3CL200207_2026-09-02T22:07:00+09:00,37.494957877,127.124194746,37.0,2026-09-02T22:07:00+09:00,environment
OC3CL210115_2026-09-02T22:07:00+09:00,37.525641,127.129665,61.0,2026-09-02T22:07:00+09:00,environment
V02Q1940079_2026-09-02T22:07:00+09:00,37.494102447,127.082209375,35.0,2026-09-02T22:07:00+09:00,environment
V02Q1940082_2026-09-02T22:07:00+09:00,37.495507594,127.085748474,52.0,2026-09-02T22:07:00+09:00,environment
V02Q1940098_2026-09-02T22:07:00+09:00,37.48670146,127.1000197,61.0,2026-09-02T22:07:00+09:00,environment
V02Q1940100_2026-09-02T22:07:00+09:00,37.494978959,127.093144214,61.0,2026-09-02T22:07:00+09:00,environment
V02Q1940246_2026-09-02T22:07:00+09:00,37.49920086,127.072395308,46.0,2026-09-02T22:07:00+09:00,environment
V02Q1940391_2026-09-02T22:07:00+09:00,37.528616803,127.085121222,44.0,2026-09-02T22:07:00+09:00,environment
V02Q1940392_2026-09-02T22:07:00+09:00,37.538286643,127.09239683,43.0,2026-09-02T22:07:00+09:00,environment
V02Q1940403_2026-09-02T22:07:00+09:00,37.534309074,127.081985567,47.0,2026-09-02T22:07:00+09:00,environment
V02Q1940411_2026-09-02T22:07:00+09:00,37.533878243,127.091521,36.0,2026-09-02T22:07:00+09:00,environment
V02Q1940506_2026-09-02T22:07:00+09:00,37.535029673,127.093240689,51.0,2026-09-02T22:07:00+09:00,environment
V02Q1940507_2026-09-02T22:07:00+09:00,37.531277474,127.123271252,40.0,2026-09-02T22:07:00+09:00,environment
V02Q1940679_2026-09-02T22:07:00+09:00,37.495212727,127.121438826,49.0,2026-09-02T22:07:00+09:00,environment
V02Q1940706_2026-09-02T22:07:00+09:00,37.502049127,127.117110751,48.0,2026-09-02T22:07:00+09:00,environment
V02Q1940708_2026-09-02T22:07:00+09:00,37.514300619,127.091447797,51.0,2026-09-02T22:07:00+09:00,environment
V02Q1940713_2026-09-02T22:07:00+09:00,37.516185359,127.114540561,47.0,2026-09-02T22:07:00+09:00,environment
V02Q1940714_2026-09-02T22:07:00+09:00,37.513385412,127.10686824,54.0,2026-09-02T22:07:00+09:00,environment
V02Q1940734_2026-09-02T22:07:00+09:00,37.518407904,127.100366298,38.0,2026-09-02T22:07:00+09:00,environment
V02Q1940736_2026-09-02T22:07:00+09:00,37.504194933,127.128187719,41.0,2026-09-02T22:07:00+09:00,environment
V02Q1940767_2026-09-02T22:07:00+09:00,37.502603852,127.092310875,49.0,2026-09-02T22:07:00+09:00,environment
V02Q1940772_2026-09-02T22:07:00+09:00,37.503635193,127.103503284,50.0,2026-09-02T22:07:00+09:00,environment
V02Q1940775_2026-09-02T22:07:00+09:00,37.505801455,127.109663753,49.0,2026-09-02T22:07:00+09:00,environment
V02Q1940781_2026-09-02T22:07:00+09:00,37.506173683,127.084756221,39.0,2026-09-02T22:07:00+09:00,environment
V02Q1940784_2026-09-02T22:07:00+09:00,37.498247757,127.126296648,41.0,2026-09-02T22:07:00+09:00,environment
V02Q1940787_2026-09-02T22:07:00+09:00,37.512955044,127.094661921,38.0,2026-09-02T22:07:00+09:00,environment
V02Q1940788_2026-09-02T22:07:00+09:00,37.509617855,127.0741524,47.0,2026-09-02T22:07:00+09:00,environment
V02Q1940790_2026-09-02T22:07:00+09:00,37.514278277,127.112258966,40.0,2026-09-02T22:07:00+09:00,environment
V02Q1940800_2026-09-02T22:07:00+09:00,37.519952859,127.1123122,49.0,2026-09-02T22:07:00+09:00,environment
V02Q1940811_2026-09-02T22:07:00+09:00,37.52727312,127.116249051,49.0,2026-09-02T22:07:00+09:00,environment
V02Q1940819_2026-09-02T22:07:00+09:00,37.507344263,127.104688643,41.0,2026-09-02T22:07:00+09:00,environment
V02Q1940820_2026-09-02T22:07:00+09:00,37.511104225,127.102321793,53.0,2026-09-02T22:07:00+09:00,environment
V02Q1940821_2026-09-02T22:07:00+09:00,37.502832774,127.108694904,49.0,2026-09-02T22:07:00+09:00,environment
V02Q1940832_2026-09-02T22:07:00+09:00,37.511768309,127.124209484,41.0,2026-09-02T22:07:00+09:00,environment
V02Q1940838_2026-09-02T22:07:00+09:00,37.51767925,127.08881891,43.0,2026-09-02T22:07:00+09:00,environment
V02Q1940847_2026-09-02T22:07:00+09:00,37.489683491,127.111908205,35.0,2026-09-02T22:07:00+09:00,environment
V02Q1940873_2026-09-02T22:07:00+09:00,37.53247211,127.114301129,47.0,2026-09-02T22:07:00+09:00,environment
V02Q1940941_2026-09-02T22:07:00+09:00,37.509088133,127.084056858,41.0,2026-09-02T22:07:00+09:00,environment
OC3CL200017_2026-09-02T23:07:00+09:00,37.52406575,127.1285088,63.0,2026-09-02T23:07:00+09:00,environment
OC3CL200135_2026-09-02T23:07:00+09:00,37.50215692,127.07044791,62.0,2026-09-02T23:07:00+09:00,environment
OC3CL200157_2026-09-02T23:07:00+09:00,37.492381245,127.094589306,69.0,2026-09-02T23:07:00+09:00,environment
OC3CL200207_2026-09-02T23:07:00+09:00,37.494957877,127.124194746,35.0,2026-09-02T23:07:00+09:00,environment
OC3CL210115_2026-09-02T23:07:00+09:00,37.525641,127.129665,61.0,2026-09-02T23:07:00+09:00,environment
V02Q1940079_2026-09-02T23:07:00+09:00,37.494102447,127.082209375,35.0,2026-09-02T23:07:00+09:00,environment
V02Q1940082_2026-09-02T23:07:00+09:00,37.495507594,127.085748474,49.0,2026-09-02T23:07:00+09:00,environment
V02Q1940098_2026-09-02T23:07:00+09:00,37.48670146,127.1000197,57.0,2026-09-02T23:07:00+09:00,environment
V02Q1940100_2026-09-02T23:07:00+09:00,37.494978959,127.093144214,61.0,2026-09-02T23:07:00+09:00,environment
V02Q1940246_2026-09-02T23:07:00+09:00,37.49920086,127.072395308,46.0,2026-09-02T23:07:00+09:00,environment
V02Q1940391_2026-09-02T23:07:00+09:00,37.528616803,127.085121222,43.0,2026-09-02T23:07:00+09:00,environment
V02Q1940392_2026-09-02T23:07:00+09:00,37.538286643,127.09239683,40.0,2026-09-02T23:07:00+09:00,environment
V02Q1940403_2026-09-02T23:07:00+09:00,37.534309074,127.081985567,45.0,2026-09-02T23:07:00+09:00,environment
V02Q1940411_2026-09-02T23:07:00+09:00,37.533878243,127.091521,36.0,2026-09-02T23:07:00+09:00,environment
V02Q1940506_2026-09-02T23:07:00+09:00,37.535029673,127.093240689,50.0,2026-09-02T23:07:00+09:00,environment
V02Q1940507_2026-09-02T23:07:00+09:00,37.531277474,127.123271252,39.0,2026-09-02T23:07:00+09:00,environment
V02Q1940679_2026-09-02T23:07:00+09:00,37.495212727,127.121438826,48.0,2026-09-02T23:07:00+09:00,environment
V02Q1940706_2026-09-02T23:07:00+09:00,37.502049127,127.117110751,46.0,2026-09-02T23:07:00+09:00,environment
V02Q1940708_2026-09-02T23:07:00+09:00,37.514300619,127.091447797,49.0,2026-09-02T23:07:00+09:00,environment
V02Q1940713_2026-09-02T23:07:00+09:00,37.516185359,127.114540561,47.0,2026-09-02T23:07:00+09:00,environment
V02Q1940714_2026-09-02T23:07:00+09:00,37.513385412,127.10686824,54.0,2026-09-02T23:07:00+09:00,environment
V02Q1940734_2026-09-02T23:07:00+09:00,37.518407904,127.100366298,39.0,2026-09-02T23:07:00+09:00,environment
V02Q1940736_2026-09-02T23:07:00+09:00,37.504194933,127.128187719,40.0,2026-09-02T23:07:00+09:00,environment
V02Q1940767_2026-09-02T23:07:00+09:00,37.502603852,127.092310875,47.0,2026-09-02T23:07:00+09:00,environment
V02Q1940772_2026-09-02T23:07:00+09:00,37.503635193,127.103503284,50.0,2026-09-02T23:07:00+09:00,environment
V02Q1940775_2026-09-02T23:07:00+09:00,37.505801455,127.109663753,48.0,2026-09-02T23:07:00+09:00,environment
V02Q1940781_2026-09-02T23:07:00+09:00,37.506173683,127.084756221,37.0,2026-09-02T23:07:00+09:00,environment
V02Q1940784_2026-09-02T23:07:00+09:00,37.498247757,127.126296648,40.0,2026-09-02T23:07:00+09:00,environment
V02Q1940787_2026-09-02T23:07:00+09:00,37.512955044,127.094661921,39.0,2026-09-02T23:07:00+09:00,environment
V02Q1940788_2026-09-02T23:07:00+09:00,37.509617855,127.0741524,46.0,2026-09-02T23:07:00+09:00,environment
V02Q1940790_2026-09-02T23:07:00+09:00,37.514278277,127.112258966,39.0,2026-09-02T23:07:00+09:00,environment
V02Q1940800_2026-09-02T23:07:00+09:00,37.519952859,127.1123122,48.0,2026-09-02T23:07:00+09:00,environment
V02Q1940811_2026-09-02T23:07:00+09:00,37.52727312,127.116249051,49.0,2026-09-02T23:07:00+09:00,environment
V02Q1940819_2026-09-02T23:07:00+09:00,37.507344263,127.104688643,42.0,2026-09-02T23:07:00+09:00,environment
V02Q1940820_2026-09-02T23:07:00+09:00,37.511104225,127.102321793,54.0,2026-09-02T23:07:00+09:00,environment
V02Q1940821_2026-09-02T23:07:00+09:00,37.502832774,127.108694904,48.0,2026-09-02T23:07:00+09:00,environment
V02Q1940832_2026-09-02T23:07:00+09:00,37.511768309,127.124209484,40.0,2026-09-02T23:07:00+09:00,environment
V02Q1940838_2026-09-02T23:07:00+09:00,37.51767925,127.08881891,43.0,2026-09-02T23:07:00+09:00,environment
V02Q1940847_2026-09-02T23:07:00+09:00,37.489683491,127.111908205,35.0,2026-09-02T23:07:00+09:00,environment
V02Q1940873_2026-09-02T23:07:00+09:00,37.53247211,127.114301129,47.0,2026-09-02T23:07:00+09:00,environment
V02Q1940941_2026-09-02T23:07:00+09:00,37.509088133,127.084056858,41.0,2026-09-02T23:07:00+09:00,environment
OC3CL200017_2026-09-03T00:07:00+09:00,37.52406575,127.1285088,61.0,2026-09-03T00:07:00+09:00,environment
OC3CL200135_2026-09-03T00:07:00+09:00,37.50215692,127.07044791,62.0,2026-09-03T00:07:00+09:00,environment
OC3CL200157_2026-09-03T00:07:00+09:00,37.492381245,127.094589306,66.0,2026-09-03T00:07:00+09:00,environment
OC3CL200207_2026-09-03T00:07:00+09:00,37.494957877,127.124194746,36.0,2026-09-03T00:07:00+09:00,environment
OC3CL210115_2026-09-03T00:07:00+09:00,37.525641,127.129665,59.0,2026-09-03T00:07:00+09:00,environment
V02Q1940079_2026-09-03T00:07:00+09:00,37.494102447,127.082209375,35.0,2026-09-03T00:07:00+09:00,environment
V02Q1940082_2026-09-03T00:07:00+09:00,37.495507594,127.085748474,49.0,2026-09-03T00:07:00+09:00,environment
V02Q1940098_2026-09-03T00:07:00+09:00,37.48670146,127.1000197,53.0,2026-09-03T00:07:00+09:00,environment
V02Q1940100_2026-09-03T00:07:00+09:00,37.494978959,127.093144214,60.0,2026-09-03T00:07:00+09:00,environment
V02Q1940246_2026-09-03T00:07:00+09:00,37.49920086,127.072395308,44.0,2026-09-03T00:07:00+09:00,environment
V02Q1940391_2026-09-03T00:07:00+09:00,37.528616803,127.085121222,43.0,2026-09-03T00:07:00+09:00,environment
V02Q1940392_2026-09-03T00:07:00+09:00,37.538286643,127.09239683,42.0,2026-09-03T00:07:00+09:00,environment
V02Q1940403_2026-09-03T00:07:00+09:00,37.534309074,127.081985567,45.0,2026-09-03T00:07:00+09:00,environment
V02Q1940411_2026-09-03T00:07:00+09:00,37.533878243,127.091521,36.0,2026-09-03T00:07:00+09:00,environment
V02Q1940506_2026-09-03T00:07:00+09:00,37.535029673,127.093240689,47.0,2026-09-03T00:07:00+09:00,environment
V02Q1940507_2026-09-03T00:07:00+09:00,37.531277474,127.123271252,38.0,2026-09-03T00:07:00+09:00,environment
V02Q1940679_2026-09-03T00:07:00+09:00,37.495212727,127.121438826,48.0,2026-09-03T00:07:00+09:00,environment
V02Q1940706_2026-09-03T00:07:00+09:00,37.502049127,127.117110751,44.0,2026-09-03T00:07:00+09:00,environment
V02Q1940708_2026-09-03T00:07:00+09:00,37.514300619,127.091447797,49.0,2026-09-03T00:07:00+09:00,environment
V02Q1940713_2026-09-03T00:07:00+09:00,37.516185359,127.114540561,45.0,2026-09-03T00:07:00+09:00,environment
V02Q1940714_2026-09-03T00:07:00+09:00,37.513385412,127.10686824,52.0,2026-09-03T00:07:00+09:00,environment
V02Q1940734_2026-09-03T00:07:00+09:00,37.518407904,127.100366298,37.0,2026-09-03T00:07:00+09:00,environment
V02Q1940736_2026-09-03T00:07:00+09:00,37.504194933,127.128187719,39.0,2026-09-03T00:07:00+09:00,environment
V02Q1940767_2026-09-03T00:07:00+09:00,37.502603852,127.092310875,46.0,2026-09-03T00:07:00+09:00,environment
V02Q1940772_2026-09-03T00:07:00+09:00,37.503635193,127.103503284,48.0,2026-09-03T00:07:00+09:00,environment
V02Q1940775_2026-09-03T00:07:00+09:00,37.505801455,127.109663753,47.0,2026-09-03T00:07:00+09:00,environment
V02Q1940781_2026-09-03T00:07:00+09:00,37.506173683,127.084756221,38.0,2026-09-03T00:07:00+09:00,environment
V02Q1940784_2026-09-03T00:07:00+09:00,37.498247757,127.126296648,40.0,2026-09-03T00:07:00+09:00,environment
V02Q1940787_2026-09-03T00:07:00+09:00,37.512955044,127.094661921,37.0,2026-09-03T00:07:00+09:00,environment
V02Q1940788_2026-09-03T00:07:00+09:00,37.509617855,127.0741524,45.0,2026-09-03T00:07:00+09:00,environment
V02Q1940790_2026-09-03T00:07:00+09:00,37.514278277,127.112258966,37.0,2026-09-03T00:07:00+09:00,environment
V02Q1940800_2026-09-03T00:07:00+09:00,37.519952859,127.1123122,47.0,2026-09-03T00:07:00+09:00,environment
V02Q1940811_2026-09-03T00:07:00+09:00,37.52727312,127.116249051,49.0,2026-09-03T00:07:00+09:00,environment
V02Q1940819_2026-09-03T00:07:00+09:00,37.507344263,127.104688643,41.0,2026-09-03T00:07:00+09:00,environment
V02Q1940820_2026-09-03T00:07:00+09:00,37.511104225,127.102321793,52.0,2026-09-03T00:07:00+09:00,environment
V02Q1940821_2026-09-03T00:07:00+09:00,37.502832774,127.108694904,48.0,2026-09-03T00:07:00+09:00,environment
V02Q1940832_2026-09-03T00:07:00+09:00,37.511768309,127.124209484,42.0,2026-09-03T00:07:00+09:00,environment
V02Q1940838_2026-09-03T00:07:00+09:00,37.51767925,127.08881891,43.0,2026-09-03T00:07:00+09:00,environment
V02Q1940847_2026-09-03T00:07:00+09:00,37.489683491,127.111908205,35.0,2026-09-03T00:07:00+09:00,environment
V02Q1940873_2026-09-03T00:07:00+09:00,37.53247211,127.114301129,46.0,2026-09-03T00:07:00+09:00,environment
V02Q1940941_2026-09-03T00:07:00+09:00,37.509088133,127.084056858,41.0,2026-09-03T00:07:00+09:00,environment
OC3CL200017_2026-09-02T15:07:14+09:00,37.52406575,127.1285088,59.0,2026-09-02T15:07:14+09:00,environment
OC3CL200017_2026-09-02T16:07:14+09:00,37.52406575,127.1285088,59.0,2026-09-02T16:07:14+09:00,environment
OC3CL200017_2026-09-02T17:07:14+09:00,37.52406575,127.1285088,59.0,2026-09-02T17:07:14+09:00,environment
OC3CL200017_2026-09-02T18:07:14+09:00,37.52406575,127.1285088,59.0,2026-09-02T18:07:14+09:00,environment
OC3CL200017_2026-09-02T10:07:14+09:00,37.52406575,127.1285088,66.0,2026-09-02T10:07:14+09:00,environment
OC3CL200017_2026-09-02T19:07:14+09:00,37.52406575,127.1285088,66.0,2026-09-02T19:07:14+09:00,environment
OC3CL200017_2026-09-02T11:07:14+09:00,37.52406575,127.1285088,59.0,2026-09-02T11:07:14+09:00,environment
OC3CL200017_2026-09-02T12:07:14+09:00,37.52406575,127.1285088,59.0,2026-09-02T12:07:14+09:00,environment
OC3CL200017_2026-09-02T13:07:14+09:00,37.52406575,127.1285088,59.0,2026-09-02T13:07:14+09:00,environment
OC3CL200017_2026-09-02T14:07:14+09:00,37.52406575,127.1285088,59.0,2026-09-02T14:07:14+09:00,environment
OC3CL200033_2026-09-02T05:07:50+09:00,37.51217275,127.1046954,52.0,2026-09-02T05:07:50+09:00,environment
OC3CL200033_2026-09-02T06:07:50+09:00,37.51217275,127.1046954,53.0,2026-09-02T06:07:50+09:00,environment
OC3CL200033_2026-09-02T07:07:50+09:00,37.51217275,127.1046954,54.0,2026-09-02T07:07:50+09:00,environment
OC3CL200033_2026-09-02T08:07:50+09:00,37.51217275,127.1046954,54.0,2026-09-02T08:07:50+09:00,environment
OC3CL200033_2026-09-02T09:07:50+09:00,37.51217275,127.1046954,55.0,2026-09-02T09:07:50+09:00,environment
OC3CL200033_2026-09-02T10:07:50+09:00,37.51217275,127.1046954,54.0,2026-09-02T10:07:50+09:00,environment
OC3CL200033_2026-09-02T11:07:50+09:00,37.51217275,127.1046954,54.0,2026-09-02T11:07:50+09:00,environment
OC3CL200033_2026-09-02T00:07:50+09:00,37.51217275,127.1046954,59.0,2026-09-02T00:07:50+09:00,environment
OC3CL200033_2026-09-02T15:07:50+09:00,37.51217275,127.1046954,59.0,2026-09-02T15:07:50+09:00,environment
OC3CL200033_2026-09-02T21:07:50+09:00,37.51217275,127.1046954,59.0,2026-09-02T21:07:50+09:00,environment
OC3CL200033_2026-09-02T22:07:50+09:00,37.51217275,127.1046954,59.0,2026-09-02T22:07:50+09:00,environment
OC3CL200033_2026-09-02T23:07:50+09:00,37.51217275,127.1046954,59.0,2026-09-02T23:07:50+09:00,environment
OC3CL200033_2026-09-02T01:07:50+09:00,37.51217275,127.1046954,51.0,2026-09-02T01:07:50+09:00,environment
OC3CL200033_2026-09-02T14:07:50+09:00,37.51217275,127.1046954,54.0,2026-09-02T14:07:50+09:00,environment
OC3CL200033_2026-09-02T13:07:50+09:00,37.51217275,127.1046954,54.0,2026-09-02T13:07:50+09:00,environment
OC3CL200033_2026-09-02T12:07:50+09:00,37.51217275,127.1046954,54.0,2026-09-02T12:07:50+09:00,environment
OC3CL200033_2026-09-02T02:07:50+09:00,37.51217275,127.1046954,51.0,2026-09-02T02:07:50+09:00,environment
OC3CL200033_2026-09-02T03:07:50+09:00,37.51217275,127.1046954,50.0,2026-09-02T03:07:50+09:00,environment
OC3CL200033_2026-09-02T04:07:50+09:00,37.51217275,127.1046954,51.0,2026-09-02T04:07:50+09:00,environment
OC3CL200141_2026-09-02T15:07:18+09:00,37.48877157,127.1067039,60.0,2026-09-02T15:07:18+09:00,environment
OC3CL200141_2026-09-02T20:07:18+09:00,37.48877157,127.1067039,59.0,2026-09-02T20:07:18+09:00,environment
OC3CL200141_2026-09-02T23:07:18+09:00,37.48877157,127.1067039,59.0,2026-09-02T23:07:18+09:00,environment
OC3CL200141_2026-09-02T21:07:18+09:00,37.48877157,127.1067039,48.0,2026-09-02T21:07:18+09:00,environment
OC3CL200141_2026-09-02T14:07:18+09:00,37.48877157,127.1067039,61.0,2026-09-02T14:07:18+09:00,environment
OC3CL200141_2026-09-02T22:07:18+09:00,37.48877157,127.1067039,46.0,2026-09-02T22:07:18+09:00,environment
V02Q1940117_2026-09-02T11:00:00+09:00,37.508537127,127.087121735,43.0,2026-09-02T11:00:00+09:00,environment
V02Q1940117_2026-09-02T00:00:00+09:00,37.508537127,127.087121735,43.0,2026-09-02T00:00:00+09:00,environment
V02Q1940117_2026-09-02T01:00:00+09:00,37.508537127,127.087121735,43.0,2026-09-02T01:00:00+09:00,environment
V02Q1940117_2026-09-02T02:00:00+09:00,37.508537127,127.087121735,43.0,2026-09-02T02:00:00+09:00,environment
V02Q1940117_2026-09-02T03:00:00+09:00,37.508537127,127.087121735,43.0,2026-09-02T03:00:00+09:00,environment
V02Q1940117_2026-09-02T04:00:00+09:00,37.508537127,127.087121735,44.0,2026-09-02T04:00:00+09:00,environment
V02Q1940117_2026-09-02T05:00:00+09:00,37.508537127,127.087121735,43.0,2026-09-02T05:00:00+09:00,environment
V02Q1940117_2026-09-02T06:00:00+09:00,37.508537127,127.087121735,43.0,2026-09-02T06:00:00+09:00,environment
V02Q1940117_2026-09-02T07:00:00+09:00,37.508537127,127.087121735,42.0,2026-09-02T07:00:00+09:00,environment
V02Q1940117_2026-09-02T08:00:00+09:00,37.508537127,127.087121735,42.0,2026-09-02T08:00:00+09:00,environment
V02Q1940117_2026-09-02T09:00:00+09:00,37.508537127,127.087121735,43.0,2026-09-02T09:00:00+09:00,environment
V02Q1940117_2026-09-02T10:00:00+09:00,37.508537127,127.087121735,43.0,2026-09-02T10:00:00+09:00,environment
V02Q1940117_2026-09-02T12:00:00+09:00,37.508537127,127.087121735,44.0,2026-09-02T12:00:00+09:00,environment
V02Q1940117_2026-09-02T13:00:00+09:00,37.508537127,127.087121735,44.0,2026-09-02T13:00:00+09:00,environment
V02Q1940117_2026-09-02T14:00:00+09:00,37.508537127,127.087121735,44.0,2026-09-02T14:00:00+09:00,environment
V02Q1940117_2026-09-02T15:00:00+09:00,37.508537127,127.087121735,44.0,2026-09-02T15:00:00+09:00,environment
V02Q1940117_2026-09-02T16:00:00+09:00,37.508537127,127.087121735,43.0,2026-09-02T16:00:00+09:00,environment
V02Q1940117_2026-09-02T17:00:00+09:00,37.508537127,127.087121735,43.0,2026-09-02T17:00:00+09:00,environment
V02Q1940117_2026-09-02T18:00:00+09:00,37.508537127,127.087121735,44.0,2026-09-02T18:00:00+09:00,environment
V02Q1940117_2026-09-02T19:00:00+09:00,37.508537127,127.087121735,43.0,2026-09-02T19:00:00+09:00,environment
V02Q1940117_2026-09-02T20:00:00+09:00,37.508537127,127.087121735,43.0,2026-09-02T20:00:00+09:00,environment
V02Q1940117_2026-09-02T21:00:00+09:00,37.508537127,127.087121735,42.0,2026-09-02T21:00:00+09:00,environment
V02Q1940117_2026-09-02T22:00:00+09:00,37.508537127,127.087121735,42.0,2026-09-02T22:00:00+09:00,environment
V02Q1940117_2026-09-02T23:00:00+09:00,37.508537127,127.087121735,41.0,2026-09-02T23:00:00+09:00,environment
V02Q1940129_2026-09-02T09:00:00+09:00,37.497655712,127.074468747,50.0,2026-09-02T09:00:00+09:00,environment
V02Q1940129_2026-09-02T00:00:00+09:00,37.497655712,127.074468747,46.0,2026-09-02T00:00:00+09:00,environment
V02Q1940129_2026-09-02T01:00:00+09:00,37.497655712,127.074468747,46.0,2026-09-02T01:00:00+09:00,environment
V02Q1940129_2026-09-02T02:00:00+09:00,37.497655712,127.074468747,47.0,2026-09-02T02:00:00+09:00,environment
V02Q1940129_2026-09-02T03:00:00+09:00,37.497655712,127.074468747,48.0,2026-09-02T03:00:00+09:00,environment
V02Q1940129_2026-09-02T04:00:00+09:00,37.497655712,127.074468747,50.0,2026-09-02T04:00:00+09:00,environment
V02Q1940129_2026-09-02T05:00:00+09:00,37.497655712,127.074468747,51.0,2026-09-02T05:00:00+09:00,environment
V02Q1940129_2026-09-02T06:00:00+09:00,37.497655712,127.074468747,52.0,2026-09-02T06:00:00+09:00,environment
V02Q1940129_2026-09-02T07:00:00+09:00,37.497655712,127.074468747,51.0,2026-09-02T07:00:00+09:00,environment
V02Q1940129_2026-09-02T08:00:00+09:00,37.497655712,127.074468747,52.0,2026-09-02T08:00:00+09:00,environment
V02Q1940129_2026-09-02T10:00:00+09:00,37.497655712,127.074468747,51.0,2026-09-02T10:00:00+09:00,environment
V02Q1940129_2026-09-02T11:00:00+09:00,37.497655712,127.074468747,49.0,2026-09-02T11:00:00+09:00,environment
V02Q1940129_2026-09-02T12:00:00+09:00,37.497655712,127.074468747,50.0,2026-09-02T12:00:00+09:00,environment
V02Q1940129_2026-09-02T13:00:00+09:00,37.497655712,127.074468747,55.0,2026-09-02T13:00:00+09:00,environment
V02Q1940129_2026-09-02T14:00:00+09:00,37.497655712,127.074468747,51.0,2026-09-02T14:00:00+09:00,environment
V02Q1940129_2026-09-02T15:00:00+09:00,37.497655712,127.074468747,52.0,2026-09-02T15:00:00+09:00,environment
V02Q1940129_2026-09-02T16:00:00+09:00,37.497655712,127.074468747,50.0,2026-09-02T16:00:00+09:00,environment
V02Q1940129_2026-09-02T17:00:00+09:00,37.497655712,127.074468747,49.0,2026-09-02T17:00:00+09:00,environment
V02Q1940129_2026-09-02T18:00:00+09:00,37.497655712,127.074468747,46.0,2026-09-02T18:00:00+09:00,environment
V02Q1940129_2026-09-02T19:00:00+09:00,37.497655712,127.074468747,43.0,2026-09-02T19:00:00+09:00,environment
V02Q1940129_2026-09-02T20:00:00+09:00,37.497655712,127.074468747,48.0,2026-09-02T20:00:00+09:00,environment
V02Q1940129_2026-09-02T21:00:00+09:00,37.497655712,127.074468747,51.0,2026-09-02T21:00:00+09:00,environment
V02Q1940129_2026-09-02T22:00:00+09:00,37.497655712,127.074468747,47.0,2026-09-02T22:00:00+09:00,environment
V02Q1940129_2026-09-02T23:00:00+09:00,37.497655712,127.074468747,47.0,2026-09-02T23:00:00+09:00,environment
V02Q1940742_2026-09-02T20:00:00+09:00,37.501040267,127.109739451,50.0,2026-09-02T20:00:00+09:00,environment
V02Q1940742_2026-09-02T23:00:00+09:00,37.501040267,127.109739451,48.0,2026-09-02T23:00:00+09:00,environment
V02Q1940742_2026-09-02T22:00:00+09:00,37.501040267,127.109739451,49.0,2026-09-02T22:00:00+09:00,environment
V02Q1940742_2026-09-02T00:00:00+09:00,37.501040267,127.109739451,48.0,2026-09-02T00:00:00+09:00,environment
V02Q1940742_2026-09-02T01:00:00+09:00,37.501040267,127.109739451,46.0,2026-09-02T01:00:00+09:00,environment
V02Q1940742_2026-09-02T02:00:00+09:00,37.501040267,127.109739451,45.0,2026-09-02T02:00:00+09:00,environment
V02Q1940742_2026-09-02T03:00:00+09:00,37.501040267,127.109739451,43.0,2026-09-02T03:00:00+09:00,environment
V02Q1940742_2026-09-02T04:00:00+09:00,37.501040267,127.109739451,43.0,2026-09-02T04:00:00+09:00,environment
V02Q1940742_2026-09-02T05:00:00+09:00,37.501040267,127.109739451,46.0,2026-09-02T05:00:00+09:00,environment
V02Q1940742_2026-09-02T06:00:00+09:00,37.501040267,127.109739451,47.0,2026-09-02T06:00:00+09:00,environment
V02Q1940742_2026-09-02T07:00:00+09:00,37.501040267,127.109739451,49.0,2026-09-02T07:00:00+09:00,environment
V02Q1940742_2026-09-02T08:00:00+09:00,37.501040267,127.109739451,49.0,2026-09-02T08:00:00+09:00,environment
V02Q1940742_2026-09-02T09:00:00+09:00,37.501040267,127.109739451,49.0,2026-09-02T09:00:00+09:00,environment
V02Q1940742_2026-09-02T10:00:00+09:00,37.501040267,127.109739451,49.0,2026-09-02T10:00:00+09:00,environment
V02Q1940742_2026-09-02T11:00:00+09:00,37.501040267,127.109739451,49.0,2026-09-02T11:00:00+09:00,environment
V02Q1940742_2026-09-02T21:00:00+09:00,37.501040267,127.109739451,49.0,2026-09-02T21:00:00+09:00,environment
V02Q1940742_2026-09-02T12:00:00+09:00,37.501040267,127.109739451,50.0,2026-09-02T12:00:00+09:00,environment
V02Q1940742_2026-09-02T13:00:00+09:00,37.501040267,127.109739451,50.0,2026-09-02T13:00:00+09:00,environment
V02Q1940742_2026-09-02T14:00:00+09:00,37.501040267,127.109739451,50.0,2026-09-02T14:00:00+09:00,environment
V02Q1940742_2026-09-02T15:00:00+09:00,37.501040267,127.109739451,50.0,2026-09-02T15:00:00+09:00,environment
V02Q1940742_2026-09-02T16:00:00+09:00,37.501040267,127.109739451,50.0,2026-09-02T16:00:00+09:00,environment
V02Q1940742_2026-09-02T17:00:00+09:00,37.501040267,127.109739451,49.0,2026-09-02T17:00:00+09:00,environment
V02Q1940742_2026-09-02T18:00:00+09:00,37.501040267,127.109739451,50.0,2026-09-02T18:00:00+09:00,environment
V02Q1940742_2026-09-02T19:00:00+09:00,37.501040267,127.109739451,49.0,2026-09-02T19:00:00+09:00,environment
OC3CL200017_2026-09-03T01:07:00+09:00,37.52406575,127.1285088,59.0,2026-09-03T01:07:00+09:00,environment
OC3CL200135_2026-09-03T01:07:00+09:00,37.50215692,127.07044791,61.0,2026-09-03T01:07:00+09:00,environment
OC3CL200157_2026-09-03T01:07:00+09:00,37.492381245,127.094589306,65.0,2026-09-03T01:07:00+09:00,environment
OC3CL200207_2026-09-03T01:07:00+09:00,37.494957877,127.124194746,36.0,2026-09-03T01:07:00+09:00,environment
OC3CL210115_2026-09-03T01:07:00+09:00,37.525641,127.129665,55.0,2026-09-03T01:07:00+09:00,environment
V02Q1940079_2026-09-03T01:07:00+09:00,37.494102447,127.082209375,35.0,2026-09-03T01:07:00+09:00,environment
V02Q1940082_2026-09-03T01:07:00+09:00,37.495507594,127.085748474,47.0,2026-09-03T01:07:00+09:00,environment
V02Q1940098_2026-09-03T01:07:00+09:00,37.48670146,127.1000197,52.0,2026-09-03T01:07:00+09:00,environment
V02Q1940100_2026-09-03T01:07:00+09:00,37.494978959,127.093144214,59.0,2026-09-03T01:07:00+09:00,environment
V02Q1940246_2026-09-03T01:07:00+09:00,37.49920086,127.072395308,44.0,2026-09-03T01:07:00+09:00,environment
V02Q1940391_2026-09-03T01:07:00+09:00,37.528616803,127.085121222,43.0,2026-09-03T01:07:00+09:00,environment
V02Q1940392_2026-09-03T01:07:00+09:00,37.538286643,127.09239683,46.0,2026-09-03T01:07:00+09:00,environment
V02Q1940403_2026-09-03T01:07:00+09:00,37.534309074,127.081985567,44.0,2026-09-03T01:07:00+09:00,environment
V02Q1940411_2026-09-03T01:07:00+09:00,37.533878243,127.091521,36.0,2026-09-03T01:07:00+09:00,environment
V02Q1940506_2026-09-03T01:07:00+09:00,37.535029673,127.093240689,45.0,2026-09-03T01:07:00+09:00,environment
V02Q1940507_2026-09-03T01:07:00+09:00,37.531277474,127.123271252,38.0,2026-09-03T01:07:00+09:00,environment
V02Q1940679_2026-09-03T01:07:00+09:00,37.495212727,127.121438826,48.0,2026-09-03T01:07:00+09:00,environment
V02Q1940706_2026-09-03T01:07:00+09:00,37.502049127,127.117110751,42.0,2026-09-03T01:07:00+09:00,environment
V02Q1940708_2026-09-03T01:07:00+09:00,37.514300619,127.091447797,47.0,2026-09-03T01:07:00+09:00,environment
V02Q1940713_2026-09-03T01:07:00+09:00,37.516185359,127.114540561,43.0,2026-09-03T01:07:00+09:00,environment
V02Q1940714_2026-09-03T01:07:00+09:00,37.513385412,127.10686824,51.0,2026-09-03T01:07:00+09:00,environment
V02Q1940734_2026-09-03T01:07:00+09:00,37.518407904,127.100366298,37.0,2026-09-03T01:07:00+09:00,environment
V02Q1940736_2026-09-03T01:07:00+09:00,37.504194933,127.128187719,40.0,2026-09-03T01:07:00+09:00,environment
V02Q1940767_2026-09-03T01:07:00+09:00,37.502603852,127.092310875,43.0,2026-09-03T01:07:00+09:00,environment
V02Q1940772_2026-09-03T01:07:00+09:00,37.503635193,127.103503284,47.0,2026-09-03T01:07:00+09:00,environment
V02Q1940775_2026-09-03T01:07:00+09:00,37.505801455,127.109663753,45.0,2026-09-03T01:07:00+09:00,environment
V02Q1940781_2026-09-03T01:07:00+09:00,37.506173683,127.084756221,39.0,2026-09-03T01:07:00+09:00,environment
V02Q1940784_2026-09-03T01:07:00+09:00,37.498247757,127.126296648,40.0,2026-09-03T01:07:00+09:00,environment
V02Q1940787_2026-09-03T01:07:00+09:00,37.512955044,127.094661921,35.0,2026-09-03T01:07:00+09:00,environment
V02Q1940788_2026-09-03T01:07:00+09:00,37.509617855,127.0741524,45.0,2026-09-03T01:07:00+09:00,environment
V02Q1940790_2026-09-03T01:07:00+09:00,37.514278277,127.112258966,37.0,2026-09-03T01:07:00+09:00,environment
V02Q1940800_2026-09-03T01:07:00+09:00,37.519952859,127.1123122,45.0,2026-09-03T01:07:00+09:00,environment
V02Q1940811_2026-09-03T01:07:00+09:00,37.52727312,127.116249051,49.0,2026-09-03T01:07:00+09:00,environment
V02Q1940819_2026-09-03T01:07:00+09:00,37.507344263,127.104688643,40.0,2026-09-03T01:07:00+09:00,environment
V02Q1940820_2026-09-03T01:07:00+09:00,37.511104225,127.102321793,52.0,2026-09-03T01:07:00+09:00,environment
V02Q1940821_2026-09-03T01:07:00+09:00,37.502832774,127.108694904,46.0,2026-09-03T01:07:00+09:00,environment
V02Q1940832_2026-09-03T01:07:00+09:00,37.511768309,127.124209484,40.0,2026-09-03T01:07:00+09:00,environment
V02Q1940838_2026-09-03T01:07:00+09:00,37.51767925,127.08881891,43.0,2026-09-03T01:07:00+09:00,environment
V02Q1940847_2026-09-03T01:07:00+09:00,37.489683491,127.111908205,35.0,2026-09-03T01:07:00+09:00,environment
V02Q1940873_2026-09-03T01:07:00+09:00,37.53247211,127.114301129,47.0,2026-09-03T01:07:00+09:00,environment
V02Q1940941_2026-09-03T01:07:00+09:00,37.509088133,127.084056858,39.0,2026-09-03T01:07:00+09:00,environment
V02Q1940392_2026-09-03T02:07:00+09:00,37.538286643,127.09239683,46.0,2026-09-03T02:07:00+09:00,environment
V02Q1940403_2026-09-03T02:07:00+09:00,37.534309074,127.081985567,43.0,2026-09-03T02:07:00+09:00,environment
V02Q1940391_2026-09-03T02:07:00+09:00,37.528616803,127.085121222,42.0,2026-09-03T02:07:00+09:00,environment
V02Q1940411_2026-09-03T02:07:00+09:00,37.533878243,127.091521,37.0,2026-09-03T02:07:00+09:00,environment
V02Q1940506_2026-09-03T02:07:00+09:00,37.535029673,127.093240689,43.0,2026-09-03T02:07:00+09:00,environment
V02Q1940679_2026-09-03T02:07:00+09:00,37.495212727,127.121438826,46.0,2026-09-03T02:07:00+09:00,environment
V02Q1940734_2026-09-03T02:07:00+09:00,37.518407904,127.100366298,37.0,2026-09-03T02:07:00+09:00,environment
V02Q1940784_2026-09-03T02:07:00+09:00,37.498247757,127.126296648,42.0,2026-09-03T02:07:00+09:00,environment
V02Q1940706_2026-09-03T02:07:00+09:00,37.502049127,127.117110751,43.0,2026-09-03T02:07:00+09:00,environment
V02Q1940708_2026-09-03T02:07:00+09:00,37.514300619,127.091447797,47.0,2026-09-03T02:07:00+09:00,environment
V02Q1940736_2026-09-03T02:07:00+09:00,37.504194933,127.128187719,43.0,2026-09-03T02:07:00+09:00,environment
V02Q1940767_2026-09-03T02:07:00+09:00,37.502603852,127.092310875,43.0,2026-09-03T02:07:00+09:00,environment
V02Q1940772_2026-09-03T02:07:00+09:00,37.503635193,127.103503284,46.0,2026-09-03T02:07:00+09:00,environment
V02Q1940775_2026-09-03T02:07:00+09:00,37.505801455,127.109663753,43.0,2026-09-03T02:07:00+09:00,environment
V02Q1940781_2026-09-03T02:07:00+09:00,37.506173683,127.084756221,39.0,2026-09-03T02:07:00+09:00,environment
V02Q1940787_2026-09-03T02:07:00+09:00,37.512955044,127.094661921,37.0,2026-09-03T02:07:00+09:00,environment
V02Q1940788_2026-09-03T02:07:00+09:00,37.509617855,127.0741524,45.0,2026-09-03T02:07:00+09:00,environment
V02Q1940790_2026-09-03T02:07:00+09:00,37.514278277,127.112258966,39.0,2026-09-03T02:07:00+09:00,environment
V02Q1940800_2026-09-03T02:07:00+09:00,37.519952859,127.1123122,44.0,2026-09-03T02:07:00+09:00,environment
V02Q1940832_2026-09-03T02:07:00+09:00,37.511768309,127.124209484,40.0,2026-09-03T02:07:00+09:00,environment
V02Q1940847_2026-09-03T02:07:00+09:00,37.489683491,127.111908205,35.0,2026-09-03T02:07:00+09:00,environment
V02Q1940873_2026-09-03T02:07:00+09:00,37.53247211,127.114301129,46.0,2026-09-03T02:07:00+09:00,environment
V02Q1940507_2026-09-03T02:07:00+09:00,37.531277474,127.123271252,37.0,2026-09-03T02:07:00+09:00,environment
V02Q1940713_2026-09-03T02:07:00+09:00,37.516185359,127.114540561,43.0,2026-09-03T02:07:00+09:00,environment
V02Q1940714_2026-09-03T02:07:00+09:00,37.513385412,127.10686824,51.0,2026-09-03T02:07:00+09:00,environment
V02Q1940811_2026-09-03T02:07:00+09:00,37.52727312,127.116249051,49.0,2026-09-03T02:07:00+09:00,environment
V02Q1940819_2026-09-03T02:07:00+09:00,37.507344263,127.104688643,40.0,2026-09-03T02:07:00+09:00,environment
V02Q1940820_2026-09-03T02:07:00+09:00,37.511104225,127.102321793,53.0,2026-09-03T02:07:00+09:00,environment
V02Q1940821_2026-09-03T02:07:00+09:00,37.502832774,127.108694904,44.0,2026-09-03T02:07:00+09:00,environment
V02Q1940838_2026-09-03T02:07:00+09:00,37.51767925,127.08881891,43.0,2026-09-03T02:07:00+09:00,environment
V02Q1940941_2026-09-03T02:07:00+09:00,37.509088133,127.084056858,40.0,2026-09-03T02:07:00+09:00,environment
V02Q1940079_2026-09-03T02:07:00+09:00,37.494102447,127.082209375,35.0,2026-09-03T02:07:00+09:00,environment
V02Q1940098_2026-09-03T02:07:00+09:00,37.48670146,127.1000197,51.0,2026-09-03T02:07:00+09:00,environment
V02Q1940246_2026-09-03T02:07:00+09:00,37.49920086,127.072395308,45.0,2026-09-03T02:07:00+09:00,environment
V02Q1940082_2026-09-03T02:07:00+09:00,37.495507594,127.085748474,45.0,2026-09-03T02:07:00+09:00,environment
V02Q1940100_2026-09-03T02:07:00+09:00,37.494978959,127.093144214,58.0,2026-09-03T02:07:00+09:00,environment
OC3CL200157_2026-09-03T02:07:00+09:00,37.492381245,127.094589306,64.0,2026-09-03T02:07:00+09:00,environment
OC3CL200017_2026-09-03T02:07:00+09:00,37.52406575,127.1285088,57.0,2026-09-03T02:07:00+09:00,environment
OC3CL200207_2026-09-03T02:07:00+09:00,37.494957877,127.124194746,35.0,2026-09-03T02:07:00+09:00,environment
OC3CL210115_2026-09-03T02:07:00+09:00,37.525641,127.129665,54.0,2026-09-03T02:07:00+09:00,environment
V02Q1940392_2026-09-03T03:07:00+09:00,37.538286643,127.09239683,49.0,2026-09-03T03:07:00+09:00,environment
V02Q1940403_2026-09-03T03:07:00+09:00,37.534309074,127.081985567,47.0,2026-09-03T03:07:00+09:00,environment
V02Q1940391_2026-09-03T03:07:00+09:00,37.528616803,127.085121222,43.0,2026-09-03T03:07:00+09:00,environment
V02Q1940411_2026-09-03T03:07:00+09:00,37.533878243,127.091521,36.0,2026-09-03T03:07:00+09:00,environment
V02Q1940506_2026-09-03T03:07:00+09:00,37.535029673,127.093240689,42.0,2026-09-03T03:07:00+09:00,environment
V02Q1940679_2026-09-03T03:07:00+09:00,37.495212727,127.121438826,49.0,2026-09-03T03:07:00+09:00,environment
V02Q1940734_2026-09-03T03:07:00+09:00,37.518407904,127.100366298,39.0,2026-09-03T03:07:00+09:00,environment
V02Q1940784_2026-09-03T03:07:00+09:00,37.498247757,127.126296648,49.0,2026-09-03T03:07:00+09:00,environment
V02Q1940706_2026-09-03T03:07:00+09:00,37.502049127,127.117110751,44.0,2026-09-03T03:07:00+09:00,environment
V02Q1940708_2026-09-03T03:07:00+09:00,37.514300619,127.091447797,48.0,2026-09-03T03:07:00+09:00,environment
V02Q1940736_2026-09-03T03:07:00+09:00,37.504194933,127.128187719,45.0,2026-09-03T03:07:00+09:00,environment
V02Q1940767_2026-09-03T03:07:00+09:00,37.502603852,127.092310875,45.0,2026-09-03T03:07:00+09:00,environment
V02Q1940772_2026-09-03T03:07:00+09:00,37.503635193,127.103503284,45.0,2026-09-03T03:07:00+09:00,environment
V02Q1940775_2026-09-03T03:07:00+09:00,37.505801455,127.109663753,43.0,2026-09-03T03:07:00+09:00,environment
V02Q1940781_2026-09-03T03:07:00+09:00,37.506173683,127.084756221,42.0,2026-09-03T03:07:00+09:00,environment
V02Q1940787_2026-09-03T03:07:00+09:00,37.512955044,127.094661921,42.0,2026-09-03T03:07:00+09:00,environment
V02Q1940788_2026-09-03T03:07:00+09:00,37.509617855,127.0741524,46.0,2026-09-03T03:07:00+09:00,environment
V02Q1940790_2026-09-03T03:07:00+09:00,37.514278277,127.112258966,44.0,2026-09-03T03:07:00+09:00,environment
V02Q1940800_2026-09-03T03:07:00+09:00,37.519952859,127.1123122,44.0,2026-09-03T03:07:00+09:00,environment
V02Q1940832_2026-09-03T03:07:00+09:00,37.511768309,127.124209484,40.0,2026-09-03T03:07:00+09:00,environment
V02Q1940847_2026-09-03T03:07:00+09:00,37.489683491,127.111908205,35.0,2026-09-03T03:07:00+09:00,environment
V02Q1940873_2026-09-03T03:07:00+09:00,37.53247211,127.114301129,50.0,2026-09-03T03:07:00+09:00,environment
V02Q1940507_2026-09-03T03:07:00+09:00,37.531277474,127.123271252,41.0,2026-09-03T03:07:00+09:00,environment
V02Q1940713_2026-09-03T03:07:00+09:00,37.516185359,127.114540561,43.0,2026-09-03T03:07:00+09:00,environment
V02Q1940714_2026-09-03T03:07:00+09:00,37.513385412,127.10686824,50.0,2026-09-03T03:07:00+09:00,environment
V02Q1940811_2026-09-03T03:07:00+09:00,37.52727312,127.116249051,51.0,2026-09-03T03:07:00+09:00,environment
V02Q1940819_2026-09-03T03:07:00+09:00,37.507344263,127.104688643,39.0,2026-09-03T03:07:00+09:00,environment
V02Q1940820_2026-09-03T03:07:00+09:00,37.511104225,127.102321793,54.0,2026-09-03T03:07:00+09:00,environment
V02Q1940821_2026-09-03T03:07:00+09:00,37.502832774,127.108694904,43.0,2026-09-03T03:07:00+09:00,environment
V02Q1940838_2026-09-03T03:07:00+09:00,37.51767925,127.08881891,43.0,2026-09-03T03:07:00+09:00,environment
V02Q1940941_2026-09-03T03:07:00+09:00,37.509088133,127.084056858,40.0,2026-09-03T03:07:00+09:00,environment
V02Q1940079_2026-09-03T03:07:00+09:00,37.494102447,127.082209375,35.0,2026-09-03T03:07:00+09:00,environment
V02Q1940098_2026-09-03T03:07:00+09:00,37.48670146,127.1000197,50.0,2026-09-03T03:07:00+09:00,environment
V02Q1940246_2026-09-03T03:07:00+09:00,37.49920086,127.072395308,47.0,2026-09-03T03:07:00+09:00,environment
V02Q1940082_2026-09-03T03:07:00+09:00,37.495507594,127.085748474,49.0,2026-09-03T03:07:00+09:00,environment
V02Q1940100_2026-09-03T03:07:00+09:00,37.494978959,127.093144214,57.0,2026-09-03T03:07:00+09:00,environment
OC3CL200157_2026-09-03T03:07:00+09:00,37.492381245,127.094589306,63.0,2026-09-03T03:07:00+09:00,environment
OC3CL200207_2026-09-03T03:07:00+09:00,37.494957877,127.124194746,35.0,2026-09-03T03:07:00+09:00,environment
OC3CL200017_2026-09-03T03:07:00+09:00,37.52406575,127.1285088,56.0,2026-09-03T03:07:00+09:00,environment
OC3CL210115_2026-09-03T03:07:00+09:00,37.525641,127.129665,53.0,2026-09-03T03:07:00+09:00,environment
OC3CL200017_2026-09-03T04:07:00+09:00,37.52406575,127.1285088,57.0,2026-09-03T04:07:00+09:00,environment
OC3CL200141_2026-09-03T04:07:00+09:00,37.48877157,127.1067039,58.0,2026-09-03T04:07:00+09:00,environment
OC3CL200157_2026-09-03T04:07:00+09:00,37.492381245,127.094589306,63.0,2026-09-03T04:07:00+09:00,environment
OC3CL200207_2026-09-03T04:07:00+09:00,37.494957877,127.124194746,35.0,2026-09-03T04:07:00+09:00,environment
OC3CL210115_2026-09-03T04:07:00+09:00,37.525641,127.129665,52.0,2026-09-03T04:07:00+09:00,environment
V02Q1940079_2026-09-03T04:07:00+09:00,37.494102447,127.082209375,35.0,2026-09-03T04:07:00+09:00,environment
V02Q1940082_2026-09-03T04:07:00+09:00,37.495507594,127.085748474,47.0,2026-09-03T04:07:00+09:00,environment
V02Q1940098_2026-09-03T04:07:00+09:00,37.48670146,127.1000197,50.0,2026-09-03T04:07:00+09:00,environment
V02Q1940100_2026-09-03T04:07:00+09:00,37.494978959,127.093144214,58.0,2026-09-03T04:07:00+09:00,environment
V02Q1940246_2026-09-03T04:07:00+09:00,37.49920086,127.072395308,48.0,2026-09-03T04:07:00+09:00,environment
V02Q1940391_2026-09-03T04:07:00+09:00,37.528616803,127.085121222,44.0,2026-09-03T04:07:00+09:00,environment
V02Q1940392_2026-09-03T04:07:00+09:00,37.538286643,127.09239683,53.0,2026-09-03T04:07:00+09:00,environment
V02Q1940403_2026-09-03T04:07:00+09:00,37.534309074,127.081985567,48.0,2026-09-03T04:07:00+09:00,environment
V02Q1940411_2026-09-03T04:07:00+09:00,37.533878243,127.091521,36.0,2026-09-03T04:07:00+09:00,environment
V02Q1940506_2026-09-03T04:07:00+09:00,37.535029673,127.093240689,43.0,2026-09-03T04:07:00+09:00,environment
V02Q1940507_2026-09-03T04:07:00+09:00,37.531277474,127.123271252,42.0,2026-09-03T04:07:00+09:00,environment
V02Q1940679_2026-09-03T04:07:00+09:00,37.495212727,127.121438826,46.0,2026-09-03T04:07:00+09:00,environment
V02Q1940706_2026-09-03T04:07:00+09:00,37.502049127,127.117110751,46.0,2026-09-03T04:07:00+09:00,environment
V02Q1940708_2026-09-03T04:07:00+09:00,37.514300619,127.091447797,49.0,2026-09-03T04:07:00+09:00,environment
V02Q1940713_2026-09-03T04:07:00+09:00,37.516185359,127.114540561,43.0,2026-09-03T04:07:00+09:00,environment
V02Q1940714_2026-09-03T04:07:00+09:00,37.513385412,127.10686824,52.0,2026-09-03T04:07:00+09:00,environment
V02Q1940734_2026-09-03T04:07:00+09:00,37.518407904,127.100366298,41.0,2026-09-03T04:07:00+09:00,environment
V02Q1940736_2026-09-03T04:07:00+09:00,37.504194933,127.128187719,48.0,2026-09-03T04:07:00+09:00,environment
V02Q1940767_2026-09-03T04:07:00+09:00,37.502603852,127.092310875,47.0,2026-09-03T04:07:00+09:00,environment
V02Q1940772_2026-09-03T04:07:00+09:00,37.503635193,127.103503284,45.0,2026-09-03T04:07:00+09:00,environment
V02Q1940775_2026-09-03T04:07:00+09:00,37.505801455,127.109663753,41.0,2026-09-03T04:07:00+09:00,environment
V02Q1940781_2026-09-03T04:07:00+09:00,37.506173683,127.084756221,44.0,2026-09-03T04:07:00+09:00,environment
V02Q1940784_2026-09-03T04:07:00+09:00,37.498247757,127.126296648,52.0,2026-09-03T04:07:00+09:00,environment
V02Q1940787_2026-09-03T04:07:00+09:00,37.512955044,127.094661921,44.0,2026-09-03T04:07:00+09:00,environment
V02Q1940788_2026-09-03T04:07:00+09:00,37.509617855,127.0741524,48.0,2026-09-03T04:07:00+09:00,environment
V02Q1940790_2026-09-03T04:07:00+09:00,37.514278277,127.112258966,44.0,2026-09-03T04:07:00+09:00,environment
V02Q1940800_2026-09-03T04:07:00+09:00,37.519952859,127.1123122,45.0,2026-09-03T04:07:00+09:00,environment
V02Q1940811_2026-09-03T04:07:00+09:00,37.52727312,127.116249051,52.0,2026-09-03T04:07:00+09:00,environment
V02Q1940819_2026-09-03T04:07:00+09:00,37.507344263,127.104688643,38.0,2026-09-03T04:07:00+09:00,environment
V02Q1940820_2026-09-03T04:07:00+09:00,37.511104225,127.102321793,51.0,2026-09-03T04:07:00+09:00,environment
V02Q1940821_2026-09-03T04:07:00+09:00,37.502832774,127.108694904,43.0,2026-09-03T04:07:00+09:00,environment
V02Q1940832_2026-09-03T04:07:00+09:00,37.511768309,127.124209484,42.0,2026-09-03T04:07:00+09:00,environment
V02Q1940838_2026-09-03T04:07:00+09:00,37.51767925,127.08881891,43.0,2026-09-03T04:07:00+09:00,environment
V02Q1940847_2026-09-03T04:07:00+09:00,37.489683491,127.111908205,35.0,2026-09-03T04:07:00+09:00,environment
V02Q1940873_2026-09-03T04:07:00+09:00,37.53247211,127.114301129,56.0,2026-09-03T04:07:00+09:00,environment
V02Q1940941_2026-09-03T04:07:00+09:00,37.509088133,127.084056858,40.0,2026-09-03T04:07:00+09:00,environment
OC3CL200017_2026-09-03T05:07:00+09:00,37.52406575,127.1285088,59.0,2026-09-03T05:07:00+09:00,environment
OC3CL200141_2026-09-03T05:07:00+09:00,37.48877157,127.1067039,59.0,2026-09-03T05:07:00+09:00,environment
OC3CL200157_2026-09-03T05:07:00+09:00,37.492381245,127.094589306,64.0,2026-09-03T05:07:00+09:00,environment
OC3CL200207_2026-09-03T05:07:00+09:00,37.494957877,127.124194746,35.0,2026-09-03T05:07:00+09:00,environment
OC3CL210115_2026-09-03T05:07:00+09:00,37.525641,127.129665,54.0,2026-09-03T05:07:00+09:00,environment
V02Q1940079_2026-09-03T05:07:00+09:00,37.494102447,127.082209375,35.0,2026-09-03T05:07:00+09:00,environment
V02Q1940082_2026-09-03T05:07:00+09:00,37.495507594,127.085748474,48.0,2026-09-03T05:07:00+09:00,environment
V02Q1940098_2026-09-03T05:07:00+09:00,37.48670146,127.1000197,52.0,2026-09-03T05:07:00+09:00,environment
V02Q1940100_2026-09-03T05:07:00+09:00,37.494978959,127.093144214,59.0,2026-09-03T05:07:00+09:00,environment
V02Q1940246_2026-09-03T05:07:00+09:00,37.49920086,127.072395308,50.0,2026-09-03T05:07:00+09:00,environment
V02Q1940391_2026-09-03T05:07:00+09:00,37.528616803,127.085121222,47.0,2026-09-03T05:07:00+09:00,environment
V02Q1940392_2026-09-03T05:07:00+09:00,37.538286643,127.09239683,52.0,2026-09-03T05:07:00+09:00,environment
V02Q1940403_2026-09-03T05:07:00+09:00,37.534309074,127.081985567,47.0,2026-09-03T05:07:00+09:00,environment
V02Q1940411_2026-09-03T05:07:00+09:00,37.533878243,127.091521,36.0,2026-09-03T05:07:00+09:00,environment
V02Q1940506_2026-09-03T05:07:00+09:00,37.535029673,127.093240689,46.0,2026-09-03T05:07:00+09:00,environment
V02Q1940507_2026-09-03T05:07:00+09:00,37.531277474,127.123271252,45.0,2026-09-03T05:07:00+09:00,environment
V02Q1940679_2026-09-03T05:07:00+09:00,37.495212727,127.121438826,45.0,2026-09-03T05:07:00+09:00,environment
V02Q1940706_2026-09-03T05:07:00+09:00,37.502049127,127.117110751,48.0,2026-09-03T05:07:00+09:00,environment
V02Q1940708_2026-09-03T05:07:00+09:00,37.514300619,127.091447797,50.0,2026-09-03T05:07:00+09:00,environment
V02Q1940713_2026-09-03T05:07:00+09:00,37.516185359,127.114540561,44.0,2026-09-03T05:07:00+09:00,environment
V02Q1940714_2026-09-03T05:07:00+09:00,37.513385412,127.10686824,51.0,2026-09-03T05:07:00+09:00,environment
V02Q1940734_2026-09-03T05:07:00+09:00,37.518407904,127.100366298,44.0,2026-09-03T05:07:00+09:00,environment
V02Q1940736_2026-09-03T05:07:00+09:00,37.504194933,127.128187719,49.0,2026-09-03T05:07:00+09:00,environment
V02Q1940767_2026-09-03T05:07:00+09:00,37.502603852,127.092310875,50.0,2026-09-03T05:07:00+09:00,environment
V02Q1940772_2026-09-03T05:07:00+09:00,37.503635193,127.103503284,46.0,2026-09-03T05:07:00+09:00,environment
V02Q1940775_2026-09-03T05:07:00+09:00,37.505801455,127.109663753,42.0,2026-09-03T05:07:00+09:00,environment
V02Q1940781_2026-09-03T05:07:00+09:00,37.506173683,127.084756221,45.0,2026-09-03T05:07:00+09:00,environment
V02Q1940784_2026-09-03T05:07:00+09:00,37.498247757,127.126296648,55.0,2026-09-03T05:07:00+09:00,environment
V02Q1940787_2026-09-03T05:07:00+09:00,37.512955044,127.094661921,46.0,2026-09-03T05:07:00+09:00,environment
V02Q1940788_2026-09-03T05:07:00+09:00,37.509617855,127.0741524,51.0,2026-09-03T05:07:00+09:00,environment
V02Q1940790_2026-09-03T05:07:00+09:00,37.514278277,127.112258966,46.0,2026-09-03T05:07:00+09:00,environment
V02Q1940800_2026-09-03T05:07:00+09:00,37.519952859,127.1123122,45.0,2026-09-03T05:07:00+09:00,environment
V02Q1940811_2026-09-03T05:07:00+09:00,37.52727312,127.116249051,52.0,2026-09-03T05:07:00+09:00,environment
V02Q1940819_2026-09-03T05:07:00+09:00,37.507344263,127.104688643,38.0,2026-09-03T05:07:00+09:00,environment
V02Q1940820_2026-09-03T05:07:00+09:00,37.511104225,127.102321793,52.0,2026-09-03T05:07:00+09:00,environment
V02Q1940821_2026-09-03T05:07:00+09:00,37.502832774,127.108694904,45.0,2026-09-03T05:07:00+09:00,environment
V02Q1940832_2026-09-03T05:07:00+09:00,37.511768309,127.124209484,42.0,2026-09-03T05:07:00+09:00,environment
V02Q1940838_2026-09-03T05:07:00+09:00,37.51767925,127.08881891,43.0,2026-09-03T05:07:00+09:00,environment
V02Q1940847_2026-09-03T05:07:00+09:00,37.489683491,127.111908205,35.0,2026-09-03T05:07:00+09:00,environment
V02Q1940873_2026-09-03T05:07:00+09:00,37.53247211,127.114301129,58.0,2026-09-03T05:07:00+09:00,environment
V02Q1940941_2026-09-03T05:07:00+09:00,37.509088133,127.084056858,40.0,2026-09-03T05:07:00+09:00,environment
OC3CL200017_2026-09-03T06:07:00+09:00,37.52406575,127.1285088,61.0,2026-09-03T06:07:00+09:00,environment
OC3CL200141_2026-09-03T06:07:00+09:00,37.48877157,127.1067039,61.0,2026-09-03T06:07:00+09:00,environment
OC3CL200157_2026-09-03T06:07:00+09:00,37.492381245,127.094589306,67.0,2026-09-03T06:07:00+09:00,environment
OC3CL200207_2026-09-03T06:07:00+09:00,37.494957877,127.124194746,35.0,2026-09-03T06:07:00+09:00,environment
OC3CL210115_2026-09-03T06:07:00+09:00,37.525641,127.129665,58.0,2026-09-03T06:07:00+09:00,environment
V02Q1940079_2026-09-03T06:07:00+09:00,37.494102447,127.082209375,35.0,2026-09-03T06:07:00+09:00,environment
V02Q1940082_2026-09-03T06:07:00+09:00,37.495507594,127.085748474,50.0,2026-09-03T06:07:00+09:00,environment
V02Q1940098_2026-09-03T06:07:00+09:00,37.48670146,127.1000197,53.0,2026-09-03T06:07:00+09:00,environment
V02Q1940100_2026-09-03T06:07:00+09:00,37.494978959,127.093144214,60.0,2026-09-03T06:07:00+09:00,environment
V02Q1940246_2026-09-03T06:07:00+09:00,37.49920086,127.072395308,52.0,2026-09-03T06:07:00+09:00,environment
V02Q1940391_2026-09-03T06:07:00+09:00,37.528616803,127.085121222,48.0,2026-09-03T06:07:00+09:00,environment
V02Q1940392_2026-09-03T06:07:00+09:00,37.538286643,127.09239683,53.0,2026-09-03T06:07:00+09:00,environment
V02Q1940403_2026-09-03T06:07:00+09:00,37.534309074,127.081985567,48.0,2026-09-03T06:07:00+09:00,environment
V02Q1940411_2026-09-03T06:07:00+09:00,37.533878243,127.091521,35.0,2026-09-03T06:07:00+09:00,environment
V02Q1940506_2026-09-03T06:07:00+09:00,37.535029673,127.093240689,49.0,2026-09-03T06:07:00+09:00,environment
V02Q1940507_2026-09-03T06:07:00+09:00,37.531277474,127.123271252,48.0,2026-09-03T06:07:00+09:00,environment
V02Q1940679_2026-09-03T06:07:00+09:00,37.495212727,127.121438826,45.0,2026-09-03T06:07:00+09:00,environment
V02Q1940706_2026-09-03T06:07:00+09:00,37.502049127,127.117110751,49.0,2026-09-03T06:07:00+09:00,environment
V02Q1940708_2026-09-03T06:07:00+09:00,37.514300619,127.091447797,50.0,2026-09-03T06:07:00+09:00,environment
V02Q1940713_2026-09-03T06:07:00+09:00,37.516185359,127.114540561,44.0,2026-09-03T06:07:00+09:00,environment
V02Q1940714_2026-09-03T06:07:00+09:00,37.513385412,127.10686824,52.0,2026-09-03T06:07:00+09:00,environment
V02Q1940734_2026-09-03T06:07:00+09:00,37.518407904,127.100366298,44.0,2026-09-03T06:07:00+09:00,environment
V02Q1940736_2026-09-03T06:07:00+09:00,37.504194933,127.128187719,48.0,2026-09-03T06:07:00+09:00,environment
V02Q1940767_2026-09-03T06:07:00+09:00,37.502603852,127.092310875,51.0,2026-09-03T06:07:00+09:00,environment
V02Q1940772_2026-09-03T06:07:00+09:00,37.503635193,127.103503284,46.0,2026-09-03T06:07:00+09:00,environment
V02Q1940775_2026-09-03T06:07:00+09:00,37.505801455,127.109663753,43.0,2026-09-03T06:07:00+09:00,environment
V02Q1940781_2026-09-03T06:07:00+09:00,37.506173683,127.084756221,45.0,2026-09-03T06:07:00+09:00,environment
V02Q1940784_2026-09-03T06:07:00+09:00,37.498247757,127.126296648,54.0,2026-09-03T06:07:00+09:00,environment
V02Q1940787_2026-09-03T06:07:00+09:00,37.512955044,127.094661921,47.0,2026-09-03T06:07:00+09:00,environment
V02Q1940788_2026-09-03T06:07:00+09:00,37.509617855,127.0741524,53.0,2026-09-03T06:07:00+09:00,environment
V02Q1940790_2026-09-03T06:07:00+09:00,37.514278277,127.112258966,43.0,2026-09-03T06:07:00+09:00,environment
V02Q1940800_2026-09-03T06:07:00+09:00,37.519952859,127.1123122,46.0,2026-09-03T06:07:00+09:00,environment
V02Q1940811_2026-09-03T06:07:00+09:00,37.52727312,127.116249051,52.0,2026-09-03T06:07:00+09:00,environment
V02Q1940819_2026-09-03T06:07:00+09:00,37.507344263,127.104688643,40.0,2026-09-03T06:07:00+09:00,environment
V02Q1940820_2026-09-03T06:07:00+09:00,37.511104225,127.102321793,53.0,2026-09-03T06:07:00+09:00,environment
V02Q1940821_2026-09-03T06:07:00+09:00,37.502832774,127.108694904,45.0,2026-09-03T06:07:00+09:00,environment
V02Q1940832_2026-09-03T06:07:00+09:00,37.511768309,127.124209484,45.0,2026-09-03T06:07:00+09:00,environment
V02Q1940838_2026-09-03T06:07:00+09:00,37.51767925,127.08881891,43.0,2026-09-03T06:07:00+09:00,environment
V02Q1940847_2026-09-03T06:07:00+09:00,37.489683491,127.111908205,35.0,2026-09-03T06:07:00+09:00,environment
V02Q1940873_2026-09-03T06:07:00+09:00,37.53247211,127.114301129,58.0,2026-09-03T06:07:00+09:00,environment
V02Q1940941_2026-09-03T06:07:00+09:00,37.509088133,127.084056858,40.0,2026-09-03T06:07:00+09:00,environment
V02Q1940391_2026-09-03T07:07:00+09:00,37.528616803,127.085121222,48.0,2026-09-03T07:07:00+09:00,environment
V02Q1940392_2026-09-03T07:07:00+09:00,37.538286643,127.09239683,52.0,2026-09-03T07:07:00+09:00,environment
V02Q1940403_2026-09-03T07:07:00+09:00,37.534309074,127.081985567,48.0,2026-09-03T07:07:00+09:00,environment
V02Q1940411_2026-09-03T07:07:00+09:00,37.533878243,127.091521,35.0,2026-09-03T07:07:00+09:00,environment
V02Q1940506_2026-09-03T07:07:00+09:00,37.535029673,127.093240689,50.0,2026-09-03T07:07:00+09:00,environment
V02Q1940679_2026-09-03T07:07:00+09:00,37.495212727,127.121438826,48.0,2026-09-03T07:07:00+09:00,environment
V02Q1940734_2026-09-03T07:07:00+09:00,37.518407904,127.100366298,43.0,2026-09-03T07:07:00+09:00,environment
V02Q1940784_2026-09-03T07:07:00+09:00,37.498247757,127.126296648,54.0,2026-09-03T07:07:00+09:00,environment
V02Q1940706_2026-09-03T07:07:00+09:00,37.502049127,127.117110751,48.0,2026-09-03T07:07:00+09:00,environment
V02Q1940708_2026-09-03T07:07:00+09:00,37.514300619,127.091447797,51.0,2026-09-03T07:07:00+09:00,environment
V02Q1940714_2026-09-03T07:07:00+09:00,37.513385412,127.10686824,53.0,2026-09-03T07:07:00+09:00,environment
V02Q1940736_2026-09-03T07:07:00+09:00,37.504194933,127.128187719,45.0,2026-09-03T07:07:00+09:00,environment
V02Q1940767_2026-09-03T07:07:00+09:00,37.502603852,127.092310875,50.0,2026-09-03T07:07:00+09:00,environment
V02Q1940772_2026-09-03T07:07:00+09:00,37.503635193,127.103503284,49.0,2026-09-03T07:07:00+09:00,environment
V02Q1940775_2026-09-03T07:07:00+09:00,37.505801455,127.109663753,43.0,2026-09-03T07:07:00+09:00,environment
V02Q1940781_2026-09-03T07:07:00+09:00,37.506173683,127.084756221,41.0,2026-09-03T07:07:00+09:00,environment
V02Q1940787_2026-09-03T07:07:00+09:00,37.512955044,127.094661921,45.0,2026-09-03T07:07:00+09:00,environment
V02Q1940788_2026-09-03T07:07:00+09:00,37.509617855,127.0741524,52.0,2026-09-03T07:07:00+09:00,environment
V02Q1940790_2026-09-03T07:07:00+09:00,37.514278277,127.112258966,42.0,2026-09-03T07:07:00+09:00,environment
V02Q1940800_2026-09-03T07:07:00+09:00,37.519952859,127.1123122,47.0,2026-09-03T07:07:00+09:00,environment
V02Q1940832_2026-09-03T07:07:00+09:00,37.511768309,127.124209484,42.0,2026-09-03T07:07:00+09:00,environment
V02Q1940847_2026-09-03T07:07:00+09:00,37.489683491,127.111908205,35.0,2026-09-03T07:07:00+09:00,environment
V02Q1940873_2026-09-03T07:07:00+09:00,37.53247211,127.114301129,56.0,2026-09-03T07:07:00+09:00,environment
V02Q1940507_2026-09-03T07:07:00+09:00,37.531277474,127.123271252,47.0,2026-09-03T07:07:00+09:00,environment
V02Q1940713_2026-09-03T07:07:00+09:00,37.516185359,127.114540561,46.0,2026-09-03T07:07:00+09:00,environment
V02Q1940811_2026-09-03T07:07:00+09:00,37.52727312,127.116249051,51.0,2026-09-03T07:07:00+09:00,environment
V02Q1940819_2026-09-03T07:07:00+09:00,37.507344263,127.104688643,43.0,2026-09-03T07:07:00+09:00,environment
V02Q1940820_2026-09-03T07:07:00+09:00,37.511104225,127.102321793,53.0,2026-09-03T07:07:00+09:00,environment
V02Q1940821_2026-09-03T07:07:00+09:00,37.502832774,127.108694904,48.0,2026-09-03T07:07:00+09:00,environment
V02Q1940838_2026-09-03T07:07:00+09:00,37.51767925,127.08881891,44.0,2026-09-03T07:07:00+09:00,environment
V02Q1940941_2026-09-03T07:07:00+09:00,37.509088133,127.084056858,40.0,2026-09-03T07:07:00+09:00,environment
V02Q1940079_2026-09-03T07:07:00+09:00,37.494102447,127.082209375,35.0,2026-09-03T07:07:00+09:00,environment
V02Q1940098_2026-09-03T07:07:00+09:00,37.48670146,127.1000197,56.0,2026-09-03T07:07:00+09:00,environment
V02Q1940246_2026-09-03T07:07:00+09:00,37.49920086,127.072395308,50.0,2026-09-03T07:07:00+09:00,environment
V02Q1940082_2026-09-03T07:07:00+09:00,37.495507594,127.085748474,51.0,2026-09-03T07:07:00+09:00,environment
V02Q1940100_2026-09-03T07:07:00+09:00,37.494978959,127.093144214,59.0,2026-09-03T07:07:00+09:00,environment
OC3CL200157_2026-09-03T07:07:00+09:00,37.492381245,127.094589306,70.0,2026-09-03T07:07:00+09:00,environment
OC3CL200207_2026-09-03T07:07:00+09:00,37.494957877,127.124194746,35.0,2026-09-03T07:07:00+09:00,environment
OC3CL200017_2026-09-03T07:07:00+09:00,37.52406575,127.1285088,66.0,2026-09-03T07:07:00+09:00,environment
OC3CL200141_2026-09-03T07:07:00+09:00,37.48877157,127.1067039,61.0,2026-09-03T07:07:00+09:00,environment
OC3CL210115_2026-09-03T07:07:00+09:00,37.525641,127.129665,61.0,2026-09-03T07:07:00+09:00,environment
V02Q1940391_2026-09-03T08:07:00+09:00,37.528616803,127.085121222,48.0,2026-09-03T08:07:00+09:00,environment
V02Q1940392_2026-09-03T08:07:00+09:00,37.538286643,127.09239683,49.0,2026-09-03T08:07:00+09:00,environment
V02Q1940403_2026-09-03T08:07:00+09:00,37.534309074,127.081985567,48.0,2026-09-03T08:07:00+09:00,environment
V02Q1940411_2026-09-03T08:07:00+09:00,37.533878243,127.091521,38.0,2026-09-03T08:07:00+09:00,environment
V02Q1940506_2026-09-03T08:07:00+09:00,37.535029673,127.093240689,51.0,2026-09-03T08:07:00+09:00,environment
V02Q1940679_2026-09-03T08:07:00+09:00,37.495212727,127.121438826,49.0,2026-09-03T08:07:00+09:00,environment
V02Q1940734_2026-09-03T08:07:00+09:00,37.518407904,127.100366298,42.0,2026-09-03T08:07:00+09:00,environment
V02Q1940784_2026-09-03T08:07:00+09:00,37.498247757,127.126296648,52.0,2026-09-03T08:07:00+09:00,environment
V02Q1940790_2026-09-03T08:07:00+09:00,37.514278277,127.112258966,41.0,2026-09-03T08:07:00+09:00,environment
V02Q1940706_2026-09-03T08:07:00+09:00,37.502049127,127.117110751,49.0,2026-09-03T08:07:00+09:00,environment
V02Q1940708_2026-09-03T08:07:00+09:00,37.514300619,127.091447797,51.0,2026-09-03T08:07:00+09:00,environment
V02Q1940713_2026-09-03T08:07:00+09:00,37.516185359,127.114540561,46.0,2026-09-03T08:07:00+09:00,environment
V02Q1940714_2026-09-03T08:07:00+09:00,37.513385412,127.10686824,55.0,2026-09-03T08:07:00+09:00,environment
V02Q1940736_2026-09-03T08:07:00+09:00,37.504194933,127.128187719,48.0,2026-09-03T08:07:00+09:00,environment
V02Q1940767_2026-09-03T08:07:00+09:00,37.502603852,127.092310875,49.0,2026-09-03T08:07:00+09:00,environment
V02Q1940772_2026-09-03T08:07:00+09:00,37.503635193,127.103503284,51.0,2026-09-03T08:07:00+09:00,environment
V02Q1940775_2026-09-03T08:07:00+09:00,37.505801455,127.109663753,44.0,2026-09-03T08:07:00+09:00,environment
V02Q1940781_2026-09-03T08:07:00+09:00,37.506173683,127.084756221,40.0,2026-09-03T08:07:00+09:00,environment
V02Q1940787_2026-09-03T08:07:00+09:00,37.512955044,127.094661921,43.0,2026-09-03T08:07:00+09:00,environment
V02Q1940788_2026-09-03T08:07:00+09:00,37.509617855,127.0741524,53.0,2026-09-03T08:07:00+09:00,environment
V02Q1940800_2026-09-03T08:07:00+09:00,37.519952859,127.1123122,49.0,2026-09-03T08:07:00+09:00,environment
V02Q1940832_2026-09-03T08:07:00+09:00,37.511768309,127.124209484,41.0,2026-09-03T08:07:00+09:00,environment
V02Q1940847_2026-09-03T08:07:00+09:00,37.489683491,127.111908205,35.0,2026-09-03T08:07:00+09:00,environment
V02Q1940873_2026-09-03T08:07:00+09:00,37.53247211,127.114301129,54.0,2026-09-03T08:07:00+09:00,environment
V02Q1940941_2026-09-03T08:07:00+09:00,37.509088133,127.084056858,40.0,2026-09-03T08:07:00+09:00,environment
V02Q1940507_2026-09-03T08:07:00+09:00,37.531277474,127.123271252,45.0,2026-09-03T08:07:00+09:00,environment
V02Q1940811_2026-09-03T08:07:00+09:00,37.52727312,127.116249051,51.0,2026-09-03T08:07:00+09:00,environment
V02Q1940819_2026-09-03T08:07:00+09:00,37.507344263,127.104688643,44.0,2026-09-03T08:07:00+09:00,environment
V02Q1940820_2026-09-03T08:07:00+09:00,37.511104225,127.102321793,55.0,2026-09-03T08:07:00+09:00,environment
V02Q1940821_2026-09-03T08:07:00+09:00,37.502832774,127.108694904,49.0,2026-09-03T08:07:00+09:00,environment
V02Q1940838_2026-09-03T08:07:00+09:00,37.51767925,127.08881891,44.0,2026-09-03T08:07:00+09:00,environment
V02Q1940079_2026-09-03T08:07:00+09:00,37.494102447,127.082209375,35.0,2026-09-03T08:07:00+09:00,environment
V02Q1940246_2026-09-03T08:07:00+09:00,37.49920086,127.072395308,48.0,2026-09-03T08:07:00+09:00,environment
V02Q1940082_2026-09-03T08:07:00+09:00,37.495507594,127.085748474,52.0,2026-09-03T08:07:00+09:00,environment
V02Q1940098_2026-09-03T08:07:00+09:00,37.48670146,127.1000197,57.0,2026-09-03T08:07:00+09:00,environment
V02Q1940100_2026-09-03T08:07:00+09:00,37.494978959,127.093144214,61.0,2026-09-03T08:07:00+09:00,environment
OC3CL200141_2026-09-03T08:07:00+09:00,37.48877157,127.1067039,60.0,2026-09-03T08:07:00+09:00,environment
OC3CL200157_2026-09-03T08:07:00+09:00,37.492381245,127.094589306,70.0,2026-09-03T08:07:00+09:00,environment
OC3CL200207_2026-09-03T08:07:00+09:00,37.494957877,127.124194746,36.0,2026-09-03T08:07:00+09:00,environment
OC3CL200017_2026-09-03T08:07:00+09:00,37.52406575,127.1285088,67.0,2026-09-03T08:07:00+09:00,environment
OC3CL210115_2026-09-03T08:07:00+09:00,37.525641,127.129665,63.0,2026-09-03T08:07:00+09:00,environment
OC3CL200017_2026-09-03T09:07:00+09:00,37.52406575,127.1285088,66.0,2026-09-03T09:07:00+09:00,environment
OC3CL200157_2026-09-03T09:07:00+09:00,37.492381245,127.094589306,70.0,2026-09-03T09:07:00+09:00,environment
OC3CL200207_2026-09-03T09:07:00+09:00,37.494957877,127.124194746,44.0,2026-09-03T09:07:00+09:00,environment
OC3CL210115_2026-09-03T09:07:00+09:00,37.525641,127.129665,64.0,2026-09-03T09:07:00+09:00,environment
V02Q1940079_2026-09-03T09:07:00+09:00,37.494102447,127.082209375,35.0,2026-09-03T09:07:00+09:00,environment
V02Q1940082_2026-09-03T09:07:00+09:00,37.495507594,127.085748474,53.0,2026-09-03T09:07:00+09:00,environment
V02Q1940098_2026-09-03T09:07:00+09:00,37.48670146,127.1000197,58.0,2026-09-03T09:07:00+09:00,environment
V02Q1940100_2026-09-03T09:07:00+09:00,37.494978959,127.093144214,62.0,2026-09-03T09:07:00+09:00,environment
V02Q1940246_2026-09-03T09:07:00+09:00,37.49920086,127.072395308,48.0,2026-09-03T09:07:00+09:00,environment
V02Q1940391_2026-09-03T09:07:00+09:00,37.528616803,127.085121222,47.0,2026-09-03T09:07:00+09:00,environment
V02Q1940392_2026-09-03T09:07:00+09:00,37.538286643,127.09239683,49.0,2026-09-03T09:07:00+09:00,environment
V02Q1940403_2026-09-03T09:07:00+09:00,37.534309074,127.081985567,48.0,2026-09-03T09:07:00+09:00,environment
V02Q1940411_2026-09-03T09:07:00+09:00,37.533878243,127.091521,36.0,2026-09-03T09:07:00+09:00,environment
V02Q1940506_2026-09-03T09:07:00+09:00,37.535029673,127.093240689,54.0,2026-09-03T09:07:00+09:00,environment
V02Q1940507_2026-09-03T09:07:00+09:00,37.531277474,127.123271252,46.0,2026-09-03T09:07:00+09:00,environment
V02Q1940679_2026-09-03T09:07:00+09:00,37.495212727,127.121438826,50.0,2026-09-03T09:07:00+09:00,environment
V02Q1940706_2026-09-03T09:07:00+09:00,37.502049127,127.117110751,50.0,2026-09-03T09:07:00+09:00,environment
V02Q1940708_2026-09-03T09:07:00+09:00,37.514300619,127.091447797,53.0,2026-09-03T09:07:00+09:00,environment
V02Q1940713_2026-09-03T09:07:00+09:00,37.516185359,127.114540561,48.0,2026-09-03T09:07:00+09:00,environment
V02Q1940714_2026-09-03T09:07:00+09:00,37.513385412,127.10686824,55.0,2026-09-03T09:07:00+09:00,environment
V02Q1940734_2026-09-03T09:07:00+09:00,37.518407904,127.100366298,42.0,2026-09-03T09:07:00+09:00,environment
V02Q1940736_2026-09-03T09:07:00+09:00,37.504194933,127.128187719,43.0,2026-09-03T09:07:00+09:00,environment
V02Q1940767_2026-09-03T09:07:00+09:00,37.502603852,127.092310875,50.0,2026-09-03T09:07:00+09:00,environment
V02Q1940772_2026-09-03T09:07:00+09:00,37.503635193,127.103503284,52.0,2026-09-03T09:07:00+09:00,environment
V02Q1940775_2026-09-03T09:07:00+09:00,37.505801455,127.109663753,49.0,2026-09-03T09:07:00+09:00,environment
V02Q1940781_2026-09-03T09:07:00+09:00,37.506173683,127.084756221,42.0,2026-09-03T09:07:00+09:00,environment
V02Q1940784_2026-09-03T09:07:00+09:00,37.498247757,127.126296648,51.0,2026-09-03T09:07:00+09:00,environment
V02Q1940787_2026-09-03T09:07:00+09:00,37.512955044,127.094661921,44.0,2026-09-03T09:07:00+09:00,environment
V02Q1940788_2026-09-03T09:07:00+09:00,37.509617855,127.0741524,53.0,2026-09-03T09:07:00+09:00,environment
V02Q1940790_2026-09-03T09:07:00+09:00,37.514278277,127.112258966,43.0,2026-09-03T09:07:00+09:00,environment
V02Q1940800_2026-09-03T09:07:00+09:00,37.519952859,127.1123122,51.0,2026-09-03T09:07:00+09:00,environment
V02Q1940811_2026-09-03T09:07:00+09:00,37.52727312,127.116249051,52.0,2026-09-03T09:07:00+09:00,environment
V02Q1940819_2026-09-03T09:07:00+09:00,37.507344263,127.104688643,46.0,2026-09-03T09:07:00+09:00,environment
V02Q1940820_2026-09-03T09:07:00+09:00,37.511104225,127.102321793,54.0,2026-09-03T09:07:00+09:00,environment
V02Q1940821_2026-09-03T09:07:00+09:00,37.502832774,127.108694904,50.0,2026-09-03T09:07:00+09:00,environment
V02Q1940832_2026-09-03T09:07:00+09:00,37.511768309,127.124209484,43.0,2026-09-03T09:07:00+09:00,environment
V02Q1940838_2026-09-03T09:07:00+09:00,37.51767925,127.08881891,44.0,2026-09-03T09:07:00+09:00,environment
V02Q1940847_2026-09-03T09:07:00+09:00,37.489683491,127.111908205,35.0,2026-09-03T09:07:00+09:00,environment
V02Q1940873_2026-09-03T09:07:00+09:00,37.53247211,127.114301129,52.0,2026-09-03T09:07:00+09:00,environment
V02Q1940941_2026-09-03T09:07:00+09:00,37.509088133,127.084056858,42.0,2026-09-03T09:07:00+09:00,environment
V02Q1940391_2026-09-03T10:07:00+09:00,37.528616803,127.085121222,45.0,2026-09-03T10:07:00+09:00,environment
V02Q1940392_2026-09-03T10:07:00+09:00,37.538286643,127.09239683,50.0,2026-09-03T10:07:00+09:00,environment
V02Q1940403_2026-09-03T10:07:00+09:00,37.534309074,127.081985567,50.0,2026-09-03T10:07:00+09:00,environment
V02Q1940411_2026-09-03T10:07:00+09:00,37.533878243,127.091521,36.0,2026-09-03T10:07:00+09:00,environment
V02Q1940506_2026-09-03T10:07:00+09:00,37.535029673,127.093240689,56.0,2026-09-03T10:07:00+09:00,environment
V02Q1940679_2026-09-03T10:07:00+09:00,37.495212727,127.121438826,50.0,2026-09-03T10:07:00+09:00,environment
V02Q1940734_2026-09-03T10:07:00+09:00,37.518407904,127.100366298,41.0,2026-09-03T10:07:00+09:00,environment
V02Q1940784_2026-09-03T10:07:00+09:00,37.498247757,127.126296648,51.0,2026-09-03T10:07:00+09:00,environment
V02Q1940706_2026-09-03T10:07:00+09:00,37.502049127,127.117110751,47.0,2026-09-03T10:07:00+09:00,environment
V02Q1940708_2026-09-03T10:07:00+09:00,37.514300619,127.091447797,52.0,2026-09-03T10:07:00+09:00,environment
V02Q1940736_2026-09-03T10:07:00+09:00,37.504194933,127.128187719,45.0,2026-09-03T10:07:00+09:00,environment
V02Q1940767_2026-09-03T10:07:00+09:00,37.502603852,127.092310875,48.0,2026-09-03T10:07:00+09:00,environment
V02Q1940772_2026-09-03T10:07:00+09:00,37.503635193,127.103503284,52.0,2026-09-03T10:07:00+09:00,environment
V02Q1940775_2026-09-03T10:07:00+09:00,37.505801455,127.109663753,49.0,2026-09-03T10:07:00+09:00,environment
V02Q1940781_2026-09-03T10:07:00+09:00,37.506173683,127.084756221,40.0,2026-09-03T10:07:00+09:00,environment
V02Q1940787_2026-09-03T10:07:00+09:00,37.512955044,127.094661921,47.0,2026-09-03T10:07:00+09:00,environment
V02Q1940788_2026-09-03T10:07:00+09:00,37.509617855,127.0741524,49.0,2026-09-03T10:07:00+09:00,environment
V02Q1940790_2026-09-03T10:07:00+09:00,37.514278277,127.112258966,41.0,2026-09-03T10:07:00+09:00,environment
V02Q1940800_2026-09-03T10:07:00+09:00,37.519952859,127.1123122,51.0,2026-09-03T10:07:00+09:00,environment
V02Q1940832_2026-09-03T10:07:00+09:00,37.511768309,127.124209484,44.0,2026-09-03T10:07:00+09:00,environment
V02Q1940847_2026-09-03T10:07:00+09:00,37.489683491,127.111908205,35.0,2026-09-03T10:07:00+09:00,environment
V02Q1940873_2026-09-03T10:07:00+09:00,37.53247211,127.114301129,51.0,2026-09-03T10:07:00+09:00,environment
V02Q1940507_2026-09-03T10:07:00+09:00,37.531277474,127.123271252,44.0,2026-09-03T10:07:00+09:00,environment
V02Q1940713_2026-09-03T10:07:00+09:00,37.516185359,127.114540561,50.0,2026-09-03T10:07:00+09:00,environment
V02Q1940714_2026-09-03T10:07:00+09:00,37.513385412,127.10686824,55.0,2026-09-03T10:07:00+09:00,environment
V02Q1940811_2026-09-03T10:07:00+09:00,37.52727312,127.116249051,51.0,2026-09-03T10:07:00+09:00,environment
V02Q1940819_2026-09-03T10:07:00+09:00,37.507344263,127.104688643,47.0,2026-09-03T10:07:00+09:00,environment
V02Q1940820_2026-09-03T10:07:00+09:00,37.511104225,127.102321793,55.0,2026-09-03T10:07:00+09:00,environment
V02Q1940821_2026-09-03T10:07:00+09:00,37.502832774,127.108694904,51.0,2026-09-03T10:07:00+09:00,environment
V02Q1940838_2026-09-03T10:07:00+09:00,37.51767925,127.08881891,44.0,2026-09-03T10:07:00+09:00,environment
V02Q1940941_2026-09-03T10:07:00+09:00,37.509088133,127.084056858,41.0,2026-09-03T10:07:00+09:00,environment
V02Q1940079_2026-09-03T10:07:00+09:00,37.494102447,127.082209375,35.0,2026-09-03T10:07:00+09:00,environment
V02Q1940246_2026-09-03T10:07:00+09:00,37.49920086,127.072395308,49.0,2026-09-03T10:07:00+09:00,environment
V02Q1940082_2026-09-03T10:07:00+09:00,37.495507594,127.085748474,52.0,2026-09-03T10:07:00+09:00,environment
V02Q1940098_2026-09-03T10:07:00+09:00,37.48670146,127.1000197,57.0,2026-09-03T10:07:00+09:00,environment
V02Q1940100_2026-09-03T10:07:00+09:00,37.494978959,127.093144214,61.0,2026-09-03T10:07:00+09:00,environment
OC3CL200135_2026-09-03T10:07:00+09:00,37.50215692,127.07044791,63.0,2026-09-03T10:07:00+09:00,environment
OC3CL200157_2026-09-03T10:07:00+09:00,37.492381245,127.094589306,68.0,2026-09-03T10:07:00+09:00,environment
OC3CL200207_2026-09-03T10:07:00+09:00,37.494957877,127.124194746,42.0,2026-09-03T10:07:00+09:00,environment
OC3CL200017_2026-09-03T10:07:00+09:00,37.52406575,127.1285088,67.0,2026-09-03T10:07:00+09:00,environment
OC3CL210115_2026-09-03T10:07:00+09:00,37.525641,127.129665,64.0,2026-09-03T10:07:00+09:00,environment
V02Q1940391_2026-09-03T11:07:00+09:00,37.528616803,127.085121222,43.0,2026-09-03T11:07:00+09:00,environment
V02Q1940392_2026-09-03T11:07:00+09:00,37.538286643,127.09239683,48.0,2026-09-03T11:07:00+09:00,environment
V02Q1940403_2026-09-03T11:07:00+09:00,37.534309074,127.081985567,51.0,2026-09-03T11:07:00+09:00,environment
V02Q1940411_2026-09-03T11:07:00+09:00,37.533878243,127.091521,36.0,2026-09-03T11:07:00+09:00,environment
V02Q1940506_2026-09-03T11:07:00+09:00,37.535029673,127.093240689,55.0,2026-09-03T11:07:00+09:00,environment
V02Q1940679_2026-09-03T11:07:00+09:00,37.495212727,127.121438826,52.0,2026-09-03T11:07:00+09:00,environment
V02Q1940734_2026-09-03T11:07:00+09:00,37.518407904,127.100366298,41.0,2026-09-03T11:07:00+09:00,environment
V02Q1940784_2026-09-03T11:07:00+09:00,37.498247757,127.126296648,50.0,2026-09-03T11:07:00+09:00,environment
V02Q1940706_2026-09-03T11:07:00+09:00,37.502049127,127.117110751,49.0,2026-09-03T11:07:00+09:00,environment
V02Q1940708_2026-09-03T11:07:00+09:00,37.514300619,127.091447797,51.0,2026-09-03T11:07:00+09:00,environment
V02Q1940736_2026-09-03T11:07:00+09:00,37.504194933,127.128187719,47.0,2026-09-03T11:07:00+09:00,environment
V02Q1940767_2026-09-03T11:07:00+09:00,37.502603852,127.092310875,47.0,2026-09-03T11:07:00+09:00,environment
V02Q1940772_2026-09-03T11:07:00+09:00,37.503635193,127.103503284,51.0,2026-09-03T11:07:00+09:00,environment
V02Q1940775_2026-09-03T11:07:00+09:00,37.505801455,127.109663753,50.0,2026-09-03T11:07:00+09:00,environment
V02Q1940781_2026-09-03T11:07:00+09:00,37.506173683,127.084756221,44.0,2026-09-03T11:07:00+09:00,environment
V02Q1940787_2026-09-03T11:07:00+09:00,37.512955044,127.094661921,48.0,2026-09-03T11:07:00+09:00,environment
V02Q1940788_2026-09-03T11:07:00+09:00,37.509617855,127.0741524,49.0,2026-09-03T11:07:00+09:00,environment
V02Q1940790_2026-09-03T11:07:00+09:00,37.514278277,127.112258966,45.0,2026-09-03T11:07:00+09:00,environment
V02Q1940800_2026-09-03T11:07:00+09:00,37.519952859,127.1123122,51.0,2026-09-03T11:07:00+09:00,environment
V02Q1940832_2026-09-03T11:07:00+09:00,37.511768309,127.124209484,42.0,2026-09-03T11:07:00+09:00,environment
V02Q1940847_2026-09-03T11:07:00+09:00,37.489683491,127.111908205,35.0,2026-09-03T11:07:00+09:00,environment
V02Q1940873_2026-09-03T11:07:00+09:00,37.53247211,127.114301129,51.0,2026-09-03T11:07:00+09:00,environment
V02Q1940507_2026-09-03T11:07:00+09:00,37.531277474,127.123271252,42.0,2026-09-03T11:07:00+09:00,environment
V02Q1940713_2026-09-03T11:07:00+09:00,37.516185359,127.114540561,51.0,2026-09-03T11:07:00+09:00,environment
V02Q1940714_2026-09-03T11:07:00+09:00,37.513385412,127.10686824,54.0,2026-09-03T11:07:00+09:00,environment
V02Q1940811_2026-09-03T11:07:00+09:00,37.52727312,127.116249051,51.0,2026-09-03T11:07:00+09:00,environment
V02Q1940819_2026-09-03T11:07:00+09:00,37.507344263,127.104688643,47.0,2026-09-03T11:07:00+09:00,environment
V02Q1940820_2026-09-03T11:07:00+09:00,37.511104225,127.102321793,55.0,2026-09-03T11:07:00+09:00,environment
V02Q1940821_2026-09-03T11:07:00+09:00,37.502832774,127.108694904,52.0,2026-09-03T11:07:00+09:00,environment
V02Q1940838_2026-09-03T11:07:00+09:00,37.51767925,127.08881891,44.0,2026-09-03T11:07:00+09:00,environment
V02Q1940941_2026-09-03T11:07:00+09:00,37.509088133,127.084056858,46.0,2026-09-03T11:07:00+09:00,environment
V02Q1940079_2026-09-03T11:07:00+09:00,37.494102447,127.082209375,35.0,2026-09-03T11:07:00+09:00,environment
V02Q1940246_2026-09-03T11:07:00+09:00,37.49920086,127.072395308,55.0,2026-09-03T11:07:00+09:00,environment
V02Q1940082_2026-09-03T11:07:00+09:00,37.495507594,127.085748474,53.0,2026-09-03T11:07:00+09:00,environment
V02Q1940098_2026-09-03T11:07:00+09:00,37.48670146,127.1000197,57.0,2026-09-03T11:07:00+09:00,environment
V02Q1940100_2026-09-03T11:07:00+09:00,37.494978959,127.093144214,61.0,2026-09-03T11:07:00+09:00,environment
OC3CL200135_2026-09-03T11:07:00+09:00,37.50215692,127.07044791,62.0,2026-09-03T11:07:00+09:00,environment
OC3CL200157_2026-09-03T11:07:00+09:00,37.492381245,127.094589306,70.0,2026-09-03T11:07:00+09:00,environment
OC3CL200207_2026-09-03T11:07:00+09:00,37.494957877,127.124194746,46.0,2026-09-03T11:07:00+09:00,environment
OC3CL210115_2026-09-03T11:07:00+09:00,37.525641,127.129665,65.0,2026-09-03T11:07:00+09:00,environment
OC3CL200135_2026-09-03T12:07:00+09:00,37.50215692,127.07044791,64.0,2026-09-03T12:07:00+09:00,environment
OC3CL200157_2026-09-03T12:07:00+09:00,37.492381245,127.094589306,69.0,2026-09-03T12:07:00+09:00,environment
OC3CL200207_2026-09-03T12:07:00+09:00,37.494957877,127.124194746,47.0,2026-09-03T12:07:00+09:00,environment
OC3CL210115_2026-09-03T12:07:00+09:00,37.525641,127.129665,64.0,2026-09-03T12:07:00+09:00,environment
V02Q1940079_2026-09-03T12:07:00+09:00,37.494102447,127.082209375,35.0,2026-09-03T12:07:00+09:00,environment
V02Q1940082_2026-09-03T12:07:00+09:00,37.495507594,127.085748474,52.0,2026-09-03T12:07:00+09:00,environment
V02Q1940098_2026-09-03T12:07:00+09:00,37.48670146,127.1000197,57.0,2026-09-03T12:07:00+09:00,environment
V02Q1940100_2026-09-03T12:07:00+09:00,37.494978959,127.093144214,61.0,2026-09-03T12:07:00+09:00,environment
V02Q1940246_2026-09-03T12:07:00+09:00,37.49920086,127.072395308,51.0,2026-09-03T12:07:00+09:00,environment
V02Q1940391_2026-09-03T12:07:00+09:00,37.528616803,127.085121222,43.0,2026-09-03T12:07:00+09:00,environment
V02Q1940392_2026-09-03T12:07:00+09:00,37.538286643,127.09239683,47.0,2026-09-03T12:07:00+09:00,environment
V02Q1940403_2026-09-03T12:07:00+09:00,37.534309074,127.081985567,51.0,2026-09-03T12:07:00+09:00,environment
V02Q1940411_2026-09-03T12:07:00+09:00,37.533878243,127.091521,36.0,2026-09-03T12:07:00+09:00,environment
V02Q1940506_2026-09-03T12:07:00+09:00,37.535029673,127.093240689,54.0,2026-09-03T12:07:00+09:00,environment
V02Q1940507_2026-09-03T12:07:00+09:00,37.531277474,127.123271252,43.0,2026-09-03T12:07:00+09:00,environment
V02Q1940679_2026-09-03T12:07:00+09:00,37.495212727,127.121438826,52.0,2026-09-03T12:07:00+09:00,environment
V02Q1940706_2026-09-03T12:07:00+09:00,37.502049127,127.117110751,49.0,2026-09-03T12:07:00+09:00,environment
V02Q1940708_2026-09-03T12:07:00+09:00,37.514300619,127.091447797,51.0,2026-09-03T12:07:00+09:00,environment
V02Q1940713_2026-09-03T12:07:00+09:00,37.516185359,127.114540561,51.0,2026-09-03T12:07:00+09:00,environment
V02Q1940714_2026-09-03T12:07:00+09:00,37.513385412,127.10686824,54.0,2026-09-03T12:07:00+09:00,environment
V02Q1940734_2026-09-03T12:07:00+09:00,37.518407904,127.100366298,41.0,2026-09-03T12:07:00+09:00,environment
V02Q1940736_2026-09-03T12:07:00+09:00,37.504194933,127.128187719,47.0,2026-09-03T12:07:00+09:00,environment
V02Q1940767_2026-09-03T12:07:00+09:00,37.502603852,127.092310875,48.0,2026-09-03T12:07:00+09:00,environment
V02Q1940772_2026-09-03T12:07:00+09:00,37.503635193,127.103503284,51.0,2026-09-03T12:07:00+09:00,environment
V02Q1940775_2026-09-03T12:07:00+09:00,37.505801455,127.109663753,50.0,2026-09-03T12:07:00+09:00,environment
V02Q1940781_2026-09-03T12:07:00+09:00,37.506173683,127.084756221,41.0,2026-09-03T12:07:00+09:00,environment
V02Q1940784_2026-09-03T12:07:00+09:00,37.498247757,127.126296648,48.0,2026-09-03T12:07:00+09:00,environment
V02Q1940787_2026-09-03T12:07:00+09:00,37.512955044,127.094661921,47.0,2026-09-03T12:07:00+09:00,environment
V02Q1940788_2026-09-03T12:07:00+09:00,37.509617855,127.0741524,49.0,2026-09-03T12:07:00+09:00,environment
V02Q1940790_2026-09-03T12:07:00+09:00,37.514278277,127.112258966,48.0,2026-09-03T12:07:00+09:00,environment
V02Q1940800_2026-09-03T12:07:00+09:00,37.519952859,127.1123122,50.0,2026-09-03T12:07:00+09:00,environment
V02Q1940811_2026-09-03T12:07:00+09:00,37.52727312,127.116249051,51.0,2026-09-03T12:07:00+09:00,environment
V02Q1940819_2026-09-03T12:07:00+09:00,37.507344263,127.104688643,44.0,2026-09-03T12:07:00+09:00,environment
V02Q1940820_2026-09-03T12:07:00+09:00,37.511104225,127.102321793,54.0,2026-09-03T12:07:00+09:00,environment
V02Q1940821_2026-09-03T12:07:00+09:00,37.502832774,127.108694904,51.0,2026-09-03T12:07:00+09:00,environment
V02Q1940832_2026-09-03T12:07:00+09:00,37.511768309,127.124209484,41.0,2026-09-03T12:07:00+09:00,environment
V02Q1940838_2026-09-03T12:07:00+09:00,37.51767925,127.08881891,44.0,2026-09-03T12:07:00+09:00,environment
V02Q1940847_2026-09-03T12:07:00+09:00,37.489683491,127.111908205,35.0,2026-09-03T12:07:00+09:00,environment
V02Q1940873_2026-09-03T12:07:00+09:00,37.53247211,127.114301129,49.0,2026-09-03T12:07:00+09:00,environment
V02Q1940887_2026-09-03T12:07:00+09:00,37.502749128,127.09252424,53.0,2026-09-03T12:07:00+09:00,environment
V02Q1940941_2026-09-03T12:07:00+09:00,37.509088133,127.084056858,44.0,2026-09-03T12:07:00+09:00,environment
V02Q1940391_2026-09-03T13:07:00+09:00,37.528616803,127.085121222,44.0,2026-09-03T13:07:00+09:00,environment
V02Q1940392_2026-09-03T13:07:00+09:00,37.538286643,127.09239683,46.0,2026-09-03T13:07:00+09:00,environment
V02Q1940403_2026-09-03T13:07:00+09:00,37.534309074,127.081985567,49.0,2026-09-03T13:07:00+09:00,environment
V02Q1940411_2026-09-03T13:07:00+09:00,37.533878243,127.091521,36.0,2026-09-03T13:07:00+09:00,environment
V02Q1940506_2026-09-03T13:07:00+09:00,37.535029673,127.093240689,53.0,2026-09-03T13:07:00+09:00,environment
V02Q1940679_2026-09-03T13:07:00+09:00,37.495212727,127.121438826,51.0,2026-09-03T13:07:00+09:00,environment
V02Q1940734_2026-09-03T13:07:00+09:00,37.518407904,127.100366298,41.0,2026-09-03T13:07:00+09:00,environment
V02Q1940784_2026-09-03T13:07:00+09:00,37.498247757,127.126296648,47.0,2026-09-03T13:07:00+09:00,environment
V02Q1940706_2026-09-03T13:07:00+09:00,37.502049127,127.117110751,49.0,2026-09-03T13:07:00+09:00,environment
V02Q1940708_2026-09-03T13:07:00+09:00,37.514300619,127.091447797,51.0,2026-09-03T13:07:00+09:00,environment
V02Q1940736_2026-09-03T13:07:00+09:00,37.504194933,127.128187719,46.0,2026-09-03T13:07:00+09:00,environment
V02Q1940767_2026-09-03T13:07:00+09:00,37.502603852,127.092310875,47.0,2026-09-03T13:07:00+09:00,environment
V02Q1940772_2026-09-03T13:07:00+09:00,37.503635193,127.103503284,51.0,2026-09-03T13:07:00+09:00,environment
V02Q1940775_2026-09-03T13:07:00+09:00,37.505801455,127.109663753,51.0,2026-09-03T13:07:00+09:00,environment
V02Q1940781_2026-09-03T13:07:00+09:00,37.506173683,127.084756221,41.0,2026-09-03T13:07:00+09:00,environment
V02Q1940787_2026-09-03T13:07:00+09:00,37.512955044,127.094661921,48.0,2026-09-03T13:07:00+09:00,environment
V02Q1940788_2026-09-03T13:07:00+09:00,37.509617855,127.0741524,49.0,2026-09-03T13:07:00+09:00,environment
V02Q1940790_2026-09-03T13:07:00+09:00,37.514278277,127.112258966,46.0,2026-09-03T13:07:00+09:00,environment
V02Q1940800_2026-09-03T13:07:00+09:00,37.519952859,127.1123122,50.0,2026-09-03T13:07:00+09:00,environment
V02Q1940832_2026-09-03T13:07:00+09:00,37.511768309,127.124209484,41.0,2026-09-03T13:07:00+09:00,environment
V02Q1940847_2026-09-03T13:07:00+09:00,37.489683491,127.111908205,35.0,2026-09-03T13:07:00+09:00,environment
V02Q1940873_2026-09-03T13:07:00+09:00,37.53247211,127.114301129,47.0,2026-09-03T13:07:00+09:00,environment
V02Q1940507_2026-09-03T13:07:00+09:00,37.531277474,127.123271252,43.0,2026-09-03T13:07:00+09:00,environment
V02Q1940713_2026-09-03T13:07:00+09:00,37.516185359,127.114540561,52.0,2026-09-03T13:07:00+09:00,environment
V02Q1940714_2026-09-03T13:07:00+09:00,37.513385412,127.10686824,54.0,2026-09-03T13:07:00+09:00,environment
V02Q1940811_2026-09-03T13:07:00+09:00,37.52727312,127.116249051,50.0,2026-09-03T13:07:00+09:00,environment
V02Q1940819_2026-09-03T13:07:00+09:00,37.507344263,127.104688643,44.0,2026-09-03T13:07:00+09:00,environment
V02Q1940820_2026-09-03T13:07:00+09:00,37.511104225,127.102321793,54.0,2026-09-03T13:07:00+09:00,environment
V02Q1940821_2026-09-03T13:07:00+09:00,37.502832774,127.108694904,52.0,2026-09-03T13:07:00+09:00,environment
V02Q1940838_2026-09-03T13:07:00+09:00,37.51767925,127.08881891,44.0,2026-09-03T13:07:00+09:00,environment
V02Q1940887_2026-09-03T13:07:00+09:00,37.502749128,127.09252424,53.0,2026-09-03T13:07:00+09:00,environment
V02Q1940941_2026-09-03T13:07:00+09:00,37.509088133,127.084056858,45.0,2026-09-03T13:07:00+09:00,environment
V02Q1940079_2026-09-03T13:07:00+09:00,37.494102447,127.082209375,35.0,2026-09-03T13:07:00+09:00,environment
V02Q1940246_2026-09-03T13:07:00+09:00,37.49920086,127.072395308,54.0,2026-09-03T13:07:00+09:00,environment
V02Q1940082_2026-09-03T13:07:00+09:00,37.495507594,127.085748474,51.0,2026-09-03T13:07:00+09:00,environment
V02Q1940098_2026-09-03T13:07:00+09:00,37.48670146,127.1000197,56.0,2026-09-03T13:07:00+09:00,environment
V02Q1940100_2026-09-03T13:07:00+09:00,37.494978959,127.093144214,61.0,2026-09-03T13:07:00+09:00,environment
OC3CL200135_2026-09-03T13:07:00+09:00,37.50215692,127.07044791,64.0,2026-09-03T13:07:00+09:00,environment
OC3CL200157_2026-09-03T13:07:00+09:00,37.492381245,127.094589306,70.0,2026-09-03T13:07:00+09:00,environment
OC3CL200207_2026-09-03T13:07:00+09:00,37.494957877,127.124194746,47.0,2026-09-03T13:07:00+09:00,environment
OC3CL210115_2026-09-03T13:07:00+09:00,37.525641,127.129665,64.0,2026-09-03T13:07:00+09:00,environment
V02Q1940392_2026-09-03T14:07:00+09:00,37.538286643,127.09239683,47.0,2026-09-03T14:07:00+09:00,environment
V02Q1940403_2026-09-03T14:07:00+09:00,37.534309074,127.081985567,50.0,2026-09-03T14:07:00+09:00,environment
V02Q1940391_2026-09-03T14:07:00+09:00,37.528616803,127.085121222,44.0,2026-09-03T14:07:00+09:00,environment
V02Q1940411_2026-09-03T14:07:00+09:00,37.533878243,127.091521,37.0,2026-09-03T14:07:00+09:00,environment
V02Q1940506_2026-09-03T14:07:00+09:00,37.535029673,127.093240689,54.0,2026-09-03T14:07:00+09:00,environment
V02Q1940679_2026-09-03T14:07:00+09:00,37.495212727,127.121438826,50.0,2026-09-03T14:07:00+09:00,environment
V02Q1940784_2026-09-03T14:07:00+09:00,37.498247757,127.126296648,45.0,2026-09-03T14:07:00+09:00,environment
V02Q1940706_2026-09-03T14:07:00+09:00,37.502049127,127.117110751,50.0,2026-09-03T14:07:00+09:00,environment
V02Q1940708_2026-09-03T14:07:00+09:00,37.514300619,127.091447797,51.0,2026-09-03T14:07:00+09:00,environment
V02Q1940734_2026-09-03T14:07:00+09:00,37.518407904,127.100366298,41.0,2026-09-03T14:07:00+09:00,environment
V02Q1940736_2026-09-03T14:07:00+09:00,37.504194933,127.128187719,50.0,2026-09-03T14:07:00+09:00,environment
V02Q1940767_2026-09-03T14:07:00+09:00,37.502603852,127.092310875,47.0,2026-09-03T14:07:00+09:00,environment
V02Q1940772_2026-09-03T14:07:00+09:00,37.503635193,127.103503284,51.0,2026-09-03T14:07:00+09:00,environment
V02Q1940775_2026-09-03T14:07:00+09:00,37.505801455,127.109663753,50.0,2026-09-03T14:07:00+09:00,environment
V02Q1940781_2026-09-03T14:07:00+09:00,37.506173683,127.084756221,45.0,2026-09-03T14:07:00+09:00,environment
V02Q1940787_2026-09-03T14:07:00+09:00,37.512955044,127.094661921,49.0,2026-09-03T14:07:00+09:00,environment
V02Q1940788_2026-09-03T14:07:00+09:00,37.509617855,127.0741524,49.0,2026-09-03T14:07:00+09:00,environment
V02Q1940790_2026-09-03T14:07:00+09:00,37.514278277,127.112258966,44.0,2026-09-03T14:07:00+09:00,environment
V02Q1940800_2026-09-03T14:07:00+09:00,37.519952859,127.1123122,50.0,2026-09-03T14:07:00+09:00,environment
V02Q1940847_2026-09-03T14:07:00+09:00,37.489683491,127.111908205,35.0,2026-09-03T14:07:00+09:00,environment
V02Q1940713_2026-09-03T14:07:00+09:00,37.516185359,127.114540561,51.0,2026-09-03T14:07:00+09:00,environment
V02Q1940714_2026-09-03T14:07:00+09:00,37.513385412,127.10686824,62.0,2026-09-03T14:07:00+09:00,environment
V02Q1940811_2026-09-03T14:07:00+09:00,37.52727312,127.116249051,50.0,2026-09-03T14:07:00+09:00,environment
V02Q1940819_2026-09-03T14:07:00+09:00,37.507344263,127.104688643,44.0,2026-09-03T14:07:00+09:00,environment
V02Q1940820_2026-09-03T14:07:00+09:00,37.511104225,127.102321793,53.0,2026-09-03T14:07:00+09:00,environment
V02Q1940821_2026-09-03T14:07:00+09:00,37.502832774,127.108694904,51.0,2026-09-03T14:07:00+09:00,environment
V02Q1940832_2026-09-03T14:07:00+09:00,37.511768309,127.124209484,42.0,2026-09-03T14:07:00+09:00,environment
V02Q1940838_2026-09-03T14:07:00+09:00,37.51767925,127.08881891,44.0,2026-09-03T14:07:00+09:00,environment
V02Q1940873_2026-09-03T14:07:00+09:00,37.53247211,127.114301129,47.0,2026-09-03T14:07:00+09:00,environment
V02Q1940887_2026-09-03T14:07:00+09:00,37.502749128,127.09252424,53.0,2026-09-03T14:07:00+09:00,environment
V02Q1940941_2026-09-03T14:07:00+09:00,37.509088133,127.084056858,44.0,2026-09-03T14:07:00+09:00,environment
V02Q1940507_2026-09-03T14:07:00+09:00,37.531277474,127.123271252,41.0,2026-09-03T14:07:00+09:00,environment
V02Q1940079_2026-09-03T14:07:00+09:00,37.494102447,127.082209375,35.0,2026-09-03T14:07:00+09:00,environment
V02Q1940098_2026-09-03T14:07:00+09:00,37.48670146,127.1000197,57.0,2026-09-03T14:07:00+09:00,environment
V02Q1940246_2026-09-03T14:07:00+09:00,37.49920086,127.072395308,52.0,2026-09-03T14:07:00+09:00,environment
V02Q1940082_2026-09-03T14:07:00+09:00,37.495507594,127.085748474,51.0,2026-09-03T14:07:00+09:00,environment
V02Q1940100_2026-09-03T14:07:00+09:00,37.494978959,127.093144214,60.0,2026-09-03T14:07:00+09:00,environment
OC3CL200135_2026-09-03T14:07:00+09:00,37.50215692,127.07044791,63.0,2026-09-03T14:07:00+09:00,environment
OC3CL200157_2026-09-03T14:07:00+09:00,37.492381245,127.094589306,70.0,2026-09-03T14:07:00+09:00,environment
OC3CL200207_2026-09-03T14:07:00+09:00,37.494957877,127.124194746,49.0,2026-09-03T14:07:00+09:00,environment
OC3CL210115_2026-09-03T14:07:00+09:00,37.525641,127.129665,64.0,2026-09-03T14:07:00+09:00,environment
V02Q1940392_2026-09-03T15:07:00+09:00,37.538286643,127.09239683,47.0,2026-09-03T15:07:00+09:00,environment
V02Q1940403_2026-09-03T15:07:00+09:00,37.534309074,127.081985567,48.0,2026-09-03T15:07:00+09:00,environment
V02Q1940391_2026-09-03T15:07:00+09:00,37.528616803,127.085121222,44.0,2026-09-03T15:07:00+09:00,environment
V02Q1940411_2026-09-03T15:07:00+09:00,37.533878243,127.091521,36.0,2026-09-03T15:07:00+09:00,environment
V02Q1940506_2026-09-03T15:07:00+09:00,37.535029673,127.093240689,53.0,2026-09-03T15:07:00+09:00,environment
V02Q1940679_2026-09-03T15:07:00+09:00,37.495212727,127.121438826,52.0,2026-09-03T15:07:00+09:00,environment
V02Q1940784_2026-09-03T15:07:00+09:00,37.498247757,127.126296648,45.0,2026-09-03T15:07:00+09:00,environment
V02Q1940706_2026-09-03T15:07:00+09:00,37.502049127,127.117110751,50.0,2026-09-03T15:07:00+09:00,environment
V02Q1940708_2026-09-03T15:07:00+09:00,37.514300619,127.091447797,51.0,2026-09-03T15:07:00+09:00,environment
V02Q1940734_2026-09-03T15:07:00+09:00,37.518407904,127.100366298,39.0,2026-09-03T15:07:00+09:00,environment
V02Q1940736_2026-09-03T15:07:00+09:00,37.504194933,127.128187719,50.0,2026-09-03T15:07:00+09:00,environment
V02Q1940767_2026-09-03T15:07:00+09:00,37.502603852,127.092310875,47.0,2026-09-03T15:07:00+09:00,environment
V02Q1940772_2026-09-03T15:07:00+09:00,37.503635193,127.103503284,51.0,2026-09-03T15:07:00+09:00,environment
V02Q1940775_2026-09-03T15:07:00+09:00,37.505801455,127.109663753,50.0,2026-09-03T15:07:00+09:00,environment
V02Q1940781_2026-09-03T15:07:00+09:00,37.506173683,127.084756221,44.0,2026-09-03T15:07:00+09:00,environment
V02Q1940787_2026-09-03T15:07:00+09:00,37.512955044,127.094661921,47.0,2026-09-03T15:07:00+09:00,environment
V02Q1940788_2026-09-03T15:07:00+09:00,37.509617855,127.0741524,48.0,2026-09-03T15:07:00+09:00,environment
V02Q1940790_2026-09-03T15:07:00+09:00,37.514278277,127.112258966,46.0,2026-09-03T15:07:00+09:00,environment
V02Q1940800_2026-09-03T15:07:00+09:00,37.519952859,127.1123122,49.0,2026-09-03T15:07:00+09:00,environment
V02Q1940847_2026-09-03T15:07:00+09:00,37.489683491,127.111908205,35.0,2026-09-03T15:07:00+09:00,environment
V02Q1940713_2026-09-03T15:07:00+09:00,37.516185359,127.114540561,51.0,2026-09-03T15:07:00+09:00,environment
V02Q1940714_2026-09-03T15:07:00+09:00,37.513385412,127.10686824,56.0,2026-09-03T15:07:00+09:00,environment
V02Q1940811_2026-09-03T15:07:00+09:00,37.52727312,127.116249051,50.0,2026-09-03T15:07:00+09:00,environment
V02Q1940819_2026-09-03T15:07:00+09:00,37.507344263,127.104688643,47.0,2026-09-03T15:07:00+09:00,environment
V02Q1940820_2026-09-03T15:07:00+09:00,37.511104225,127.102321793,53.0,2026-09-03T15:07:00+09:00,environment
V02Q1940821_2026-09-03T15:07:00+09:00,37.502832774,127.108694904,53.0,2026-09-03T15:07:00+09:00,environment
V02Q1940832_2026-09-03T15:07:00+09:00,37.511768309,127.124209484,43.0,2026-09-03T15:07:00+09:00,environment
V02Q1940838_2026-09-03T15:07:00+09:00,37.51767925,127.08881891,45.0,2026-09-03T15:07:00+09:00,environment
V02Q1940873_2026-09-03T15:07:00+09:00,37.53247211,127.114301129,45.0,2026-09-03T15:07:00+09:00,environment
V02Q1940941_2026-09-03T15:07:00+09:00,37.509088133,127.084056858,44.0,2026-09-03T15:07:00+09:00,environment
V02Q1940507_2026-09-03T15:07:00+09:00,37.531277474,127.123271252,43.0,2026-09-03T15:07:00+09:00,environment
V02Q1940079_2026-09-03T15:07:00+09:00,37.494102447,127.082209375,35.0,2026-09-03T15:07:00+09:00,environment
V02Q1940098_2026-09-03T15:07:00+09:00,37.48670146,127.1000197,56.0,2026-09-03T15:07:00+09:00,environment
V02Q1940246_2026-09-03T15:07:00+09:00,37.49920086,127.072395308,50.0,2026-09-03T15:07:00+09:00,environment
V02Q1940082_2026-09-03T15:07:00+09:00,37.495507594,127.085748474,52.0,2026-09-03T15:07:00+09:00,environment
V02Q1940100_2026-09-03T15:07:00+09:00,37.494978959,127.093144214,61.0,2026-09-03T15:07:00+09:00,environment
OC3CL200135_2026-09-03T15:07:00+09:00,37.50215692,127.07044791,63.0,2026-09-03T15:07:00+09:00,environment
OC3CL200157_2026-09-03T15:07:00+09:00,37.492381245,127.094589306,70.0,2026-09-03T15:07:00+09:00,environment
OC3CL200207_2026-09-03T15:07:00+09:00,37.494957877,127.124194746,48.0,2026-09-03T15:07:00+09:00,environment
OC3CL210115_2026-09-03T15:07:00+09:00,37.525641,127.129665,64.0,2026-09-03T15:07:00+09:00,environment
V02Q1940392_2026-09-03T16:07:00+09:00,37.538286643,127.09239683,47.0,2026-09-03T16:07:00+09:00,environment
V02Q1940403_2026-09-03T16:07:00+09:00,37.534309074,127.081985567,49.0,2026-09-03T16:07:00+09:00,environment
V02Q1940391_2026-09-03T16:07:00+09:00,37.528616803,127.085121222,44.0,2026-09-03T16:07:00+09:00,environment
V02Q1940411_2026-09-03T16:07:00+09:00,37.533878243,127.091521,37.0,2026-09-03T16:07:00+09:00,environment
V02Q1940506_2026-09-03T16:07:00+09:00,37.535029673,127.093240689,53.0,2026-09-03T16:07:00+09:00,environment
V02Q1940679_2026-09-03T16:07:00+09:00,37.495212727,127.121438826,51.0,2026-09-03T16:07:00+09:00,environment
V02Q1940734_2026-09-03T16:07:00+09:00,37.518407904,127.100366298,39.0,2026-09-03T16:07:00+09:00,environment
V02Q1940784_2026-09-03T16:07:00+09:00,37.498247757,127.126296648,45.0,2026-09-03T16:07:00+09:00,environment
V02Q1940706_2026-09-03T16:07:00+09:00,37.502049127,127.117110751,50.0,2026-09-03T16:07:00+09:00,environment
V02Q1940708_2026-09-03T16:07:00+09:00,37.514300619,127.091447797,52.0,2026-09-03T16:07:00+09:00,environment
V02Q1940736_2026-09-03T16:07:00+09:00,37.504194933,127.128187719,49.0,2026-09-03T16:07:00+09:00,environment
V02Q1940767_2026-09-03T16:07:00+09:00,37.502603852,127.092310875,47.0,2026-09-03T16:07:00+09:00,environment
V02Q1940772_2026-09-03T16:07:00+09:00,37.503635193,127.103503284,51.0,2026-09-03T16:07:00+09:00,environment
V02Q1940775_2026-09-03T16:07:00+09:00,37.505801455,127.109663753,50.0,2026-09-03T16:07:00+09:00,environment
V02Q1940781_2026-09-03T16:07:00+09:00,37.506173683,127.084756221,41.0,2026-09-03T16:07:00+09:00,environment
V02Q1940787_2026-09-03T16:07:00+09:00,37.512955044,127.094661921,45.0,2026-09-03T16:07:00+09:00,environment
V02Q1940788_2026-09-03T16:07:00+09:00,37.509617855,127.0741524,49.0,2026-09-03T16:07:00+09:00,environment
V02Q1940790_2026-09-03T16:07:00+09:00,37.514278277,127.112258966,44.0,2026-09-03T16:07:00+09:00,environment
V02Q1940800_2026-09-03T16:07:00+09:00,37.519952859,127.1123122,50.0,2026-09-03T16:07:00+09:00,environment
V02Q1940847_2026-09-03T16:07:00+09:00,37.489683491,127.111908205,35.0,2026-09-03T16:07:00+09:00,environment
V02Q1940713_2026-09-03T16:07:00+09:00,37.516185359,127.114540561,50.0,2026-09-03T16:07:00+09:00,environment
V02Q1940714_2026-09-03T16:07:00+09:00,37.513385412,127.10686824,54.0,2026-09-03T16:07:00+09:00,environment
V02Q1940811_2026-09-03T16:07:00+09:00,37.52727312,127.116249051,51.0,2026-09-03T16:07:00+09:00,environment
V02Q1940819_2026-09-03T16:07:00+09:00,37.507344263,127.104688643,46.0,2026-09-03T16:07:00+09:00,environment
V02Q1940820_2026-09-03T16:07:00+09:00,37.511104225,127.102321793,53.0,2026-09-03T16:07:00+09:00,environment
V02Q1940821_2026-09-03T16:07:00+09:00,37.502832774,127.108694904,51.0,2026-09-03T16:07:00+09:00,environment
V02Q1940832_2026-09-03T16:07:00+09:00,37.511768309,127.124209484,42.0,2026-09-03T16:07:00+09:00,environment
V02Q1940838_2026-09-03T16:07:00+09:00,37.51767925,127.08881891,44.0,2026-09-03T16:07:00+09:00,environment
V02Q1940873_2026-09-03T16:07:00+09:00,37.53247211,127.114301129,45.0,2026-09-03T16:07:00+09:00,environment
V02Q1940941_2026-09-03T16:07:00+09:00,37.509088133,127.084056858,44.0,2026-09-03T16:07:00+09:00,environment
V02Q1940507_2026-09-03T16:07:00+09:00,37.531277474,127.123271252,42.0,2026-09-03T16:07:00+09:00,environment
V02Q1940079_2026-09-03T16:07:00+09:00,37.494102447,127.082209375,35.0,2026-09-03T16:07:00+09:00,environment
V02Q1940246_2026-09-03T16:07:00+09:00,37.49920086,127.072395308,46.0,2026-09-03T16:07:00+09:00,environment
V02Q1940082_2026-09-03T16:07:00+09:00,37.495507594,127.085748474,51.0,2026-09-03T16:07:00+09:00,environment
V02Q1940098_2026-09-03T16:07:00+09:00,37.48670146,127.1000197,56.0,2026-09-03T16:07:00+09:00,environment
V02Q1940100_2026-09-03T16:07:00+09:00,37.494978959,127.093144214,60.0,2026-09-03T16:07:00+09:00,environment
OC3CL200033_2026-09-03T16:07:00+09:00,37.51217275,127.1046954,60.0,2026-09-03T16:07:00+09:00,environment
OC3CL200135_2026-09-03T16:07:00+09:00,37.50215692,127.07044791,63.0,2026-09-03T16:07:00+09:00,environment
OC3CL200141_2026-09-03T16:07:00+09:00,37.48877157,127.1067039,60.0,2026-09-03T16:07:00+09:00,environment
OC3CL200157_2026-09-03T16:07:00+09:00,37.492381245,127.094589306,69.0,2026-09-03T16:07:00+09:00,environment
OC3CL200207_2026-09-03T16:07:00+09:00,37.494957877,127.124194746,48.0,2026-09-03T16:07:00+09:00,environment
OC3CL210115_2026-09-03T16:07:00+09:00,37.525641,127.129665,64.0,2026-09-03T16:07:00+09:00,environment
V02Q1940392_2026-09-03T17:07:00+09:00,37.538286643,127.09239683,47.0,2026-09-03T17:07:00+09:00,environment
V02Q1940403_2026-09-03T17:07:00+09:00,37.534309074,127.081985567,50.0,2026-09-03T17:07:00+09:00,environment
V02Q1940391_2026-09-03T17:07:00+09:00,37.528616803,127.085121222,43.0,2026-09-03T17:07:00+09:00,environment
V02Q1940411_2026-09-03T17:07:00+09:00,37.533878243,127.091521,37.0,2026-09-03T17:07:00+09:00,environment
V02Q1940506_2026-09-03T17:07:00+09:00,37.535029673,127.093240689,53.0,2026-09-03T17:07:00+09:00,environment
V02Q1940679_2026-09-03T17:07:00+09:00,37.495212727,127.121438826,50.0,2026-09-03T17:07:00+09:00,environment
V02Q1940734_2026-09-03T17:07:00+09:00,37.518407904,127.100366298,40.0,2026-09-03T17:07:00+09:00,environment
V02Q1940784_2026-09-03T17:07:00+09:00,37.498247757,127.126296648,45.0,2026-09-03T17:07:00+09:00,environment
V02Q1940706_2026-09-03T17:07:00+09:00,37.502049127,127.117110751,50.0,2026-09-03T17:07:00+09:00,environment
V02Q1940708_2026-09-03T17:07:00+09:00,37.514300619,127.091447797,52.0,2026-09-03T17:07:00+09:00,environment
V02Q1940736_2026-09-03T17:07:00+09:00,37.504194933,127.128187719,46.0,2026-09-03T17:07:00+09:00,environment
V02Q1940767_2026-09-03T17:07:00+09:00,37.502603852,127.092310875,48.0,2026-09-03T17:07:00+09:00,environment
V02Q1940772_2026-09-03T17:07:00+09:00,37.503635193,127.103503284,51.0,2026-09-03T17:07:00+09:00,environment
V02Q1940775_2026-09-03T17:07:00+09:00,37.505801455,127.109663753,50.0,2026-09-03T17:07:00+09:00,environment
V02Q1940781_2026-09-03T17:07:00+09:00,37.506173683,127.084756221,45.0,2026-09-03T17:07:00+09:00,environment
V02Q1940787_2026-09-03T17:07:00+09:00,37.512955044,127.094661921,45.0,2026-09-03T17:07:00+09:00,environment
V02Q1940788_2026-09-03T17:07:00+09:00,37.509617855,127.0741524,50.0,2026-09-03T17:07:00+09:00,environment
V02Q1940790_2026-09-03T17:07:00+09:00,37.514278277,127.112258966,41.0,2026-09-03T17:07:00+09:00,environment
V02Q1940800_2026-09-03T17:07:00+09:00,37.519952859,127.1123122,50.0,2026-09-03T17:07:00+09:00,environment
V02Q1940832_2026-09-03T17:07:00+09:00,37.511768309,127.124209484,42.0,2026-09-03T17:07:00+09:00,environment
V02Q1940847_2026-09-03T17:07:00+09:00,37.489683491,127.111908205,35.0,2026-09-03T17:07:00+09:00,environment
V02Q1940713_2026-09-03T17:07:00+09:00,37.516185359,127.114540561,49.0,2026-09-03T17:07:00+09:00,environment
V02Q1940714_2026-09-03T17:07:00+09:00,37.513385412,127.10686824,54.0,2026-09-03T17:07:00+09:00,environment
V02Q1940811_2026-09-03T17:07:00+09:00,37.52727312,127.116249051,52.0,2026-09-03T17:07:00+09:00,environment
V02Q1940819_2026-09-03T17:07:00+09:00,37.507344263,127.104688643,46.0,2026-09-03T17:07:00+09:00,environment
V02Q1940820_2026-09-03T17:07:00+09:00,37.511104225,127.102321793,54.0,2026-09-03T17:07:00+09:00,environment
V02Q1940821_2026-09-03T17:07:00+09:00,37.502832774,127.108694904,50.0,2026-09-03T17:07:00+09:00,environment
V02Q1940838_2026-09-03T17:07:00+09:00,37.51767925,127.08881891,44.0,2026-09-03T17:07:00+09:00,environment
V02Q1940873_2026-09-03T17:07:00+09:00,37.53247211,127.114301129,44.0,2026-09-03T17:07:00+09:00,environment
V02Q1940941_2026-09-03T17:07:00+09:00,37.509088133,127.084056858,44.0,2026-09-03T17:07:00+09:00,environment
V02Q1940507_2026-09-03T17:07:00+09:00,37.531277474,127.123271252,42.0,2026-09-03T17:07:00+09:00,environment
V02Q1940079_2026-09-03T17:07:00+09:00,37.494102447,127.082209375,35.0,2026-09-03T17:07:00+09:00,environment
V02Q1940098_2026-09-03T17:07:00+09:00,37.48670146,127.1000197,57.0,2026-09-03T17:07:00+09:00,environment
V02Q1940246_2026-09-03T17:07:00+09:00,37.49920086,127.072395308,46.0,2026-09-03T17:07:00+09:00,environment
V02Q1940082_2026-09-03T17:07:00+09:00,37.495507594,127.085748474,51.0,2026-09-03T17:07:00+09:00,environment
V02Q1940100_2026-09-03T17:07:00+09:00,37.494978959,127.093144214,60.0,2026-09-03T17:07:00+09:00,environment
OC3CL200033_2026-09-03T17:07:00+09:00,37.51217275,127.1046954,60.0,2026-09-03T17:07:00+09:00,environment
OC3CL200135_2026-09-03T17:07:00+09:00,37.50215692,127.07044791,63.0,2026-09-03T17:07:00+09:00,environment
OC3CL200141_2026-09-03T17:07:00+09:00,37.48877157,127.1067039,60.0,2026-09-03T17:07:00+09:00,environment
OC3CL200157_2026-09-03T17:07:00+09:00,37.492381245,127.094589306,70.0,2026-09-03T17:07:00+09:00,environment
OC3CL200207_2026-09-03T17:07:00+09:00,37.494957877,127.124194746,48.0,2026-09-03T17:07:00+09:00,environment
OC3CL210115_2026-09-03T17:07:00+09:00,37.525641,127.129665,65.0,2026-09-03T17:07:00+09:00,environment
V02Q1940391_2026-09-03T18:07:00+09:00,37.528616803,127.085121222,43.0,2026-09-03T18:07:00+09:00,environment
V02Q1940392_2026-09-03T18:07:00+09:00,37.538286643,127.09239683,47.0,2026-09-03T18:07:00+09:00,environment
V02Q1940403_2026-09-03T18:07:00+09:00,37.534309074,127.081985567,48.0,2026-09-03T18:07:00+09:00,environment
V02Q1940411_2026-09-03T18:07:00+09:00,37.533878243,127.091521,38.0,2026-09-03T18:07:00+09:00,environment
V02Q1940506_2026-09-03T18:07:00+09:00,37.535029673,127.093240689,53.0,2026-09-03T18:07:00+09:00,environment
V02Q1940679_2026-09-03T18:07:00+09:00,37.495212727,127.121438826,50.0,2026-09-03T18:07:00+09:00,environment
V02Q1940784_2026-09-03T18:07:00+09:00,37.498247757,127.126296648,42.0,2026-09-03T18:07:00+09:00,environment
V02Q1940706_2026-09-03T18:07:00+09:00,37.502049127,127.117110751,49.0,2026-09-03T18:07:00+09:00,environment
V02Q1940708_2026-09-03T18:07:00+09:00,37.514300619,127.091447797,52.0,2026-09-03T18:07:00+09:00,environment
V02Q1940734_2026-09-03T18:07:00+09:00,37.518407904,127.100366298,40.0,2026-09-03T18:07:00+09:00,environment
V02Q1940736_2026-09-03T18:07:00+09:00,37.504194933,127.128187719,43.0,2026-09-03T18:07:00+09:00,environment
V02Q1940767_2026-09-03T18:07:00+09:00,37.502603852,127.092310875,48.0,2026-09-03T18:07:00+09:00,environment
V02Q1940772_2026-09-03T18:07:00+09:00,37.503635193,127.103503284,51.0,2026-09-03T18:07:00+09:00,environment
V02Q1940775_2026-09-03T18:07:00+09:00,37.505801455,127.109663753,50.0,2026-09-03T18:07:00+09:00,environment
V02Q1940781_2026-09-03T18:07:00+09:00,37.506173683,127.084756221,40.0,2026-09-03T18:07:00+09:00,environment
V02Q1940787_2026-09-03T18:07:00+09:00,37.512955044,127.094661921,41.0,2026-09-03T18:07:00+09:00,environment
V02Q1940788_2026-09-03T18:07:00+09:00,37.509617855,127.0741524,51.0,2026-09-03T18:07:00+09:00,environment
V02Q1940790_2026-09-03T18:07:00+09:00,37.514278277,127.112258966,41.0,2026-09-03T18:07:00+09:00,environment
V02Q1940800_2026-09-03T18:07:00+09:00,37.519952859,127.1123122,51.0,2026-09-03T18:07:00+09:00,environment
V02Q1940847_2026-09-03T18:07:00+09:00,37.489683491,127.111908205,35.0,2026-09-03T18:07:00+09:00,environment
V02Q1940713_2026-09-03T18:07:00+09:00,37.516185359,127.114540561,48.0,2026-09-03T18:07:00+09:00,environment
V02Q1940714_2026-09-03T18:07:00+09:00,37.513385412,127.10686824,55.0,2026-09-03T18:07:00+09:00,environment
V02Q1940811_2026-09-03T18:07:00+09:00,37.52727312,127.116249051,52.0,2026-09-03T18:07:00+09:00,environment
V02Q1940819_2026-09-03T18:07:00+09:00,37.507344263,127.104688643,44.0,2026-09-03T18:07:00+09:00,environment
V02Q1940820_2026-09-03T18:07:00+09:00,37.511104225,127.102321793,53.0,2026-09-03T18:07:00+09:00,environment
V02Q1940821_2026-09-03T18:07:00+09:00,37.502832774,127.108694904,50.0,2026-09-03T18:07:00+09:00,environment
V02Q1940832_2026-09-03T18:07:00+09:00,37.511768309,127.124209484,41.0,2026-09-03T18:07:00+09:00,environment
V02Q1940838_2026-09-03T18:07:00+09:00,37.51767925,127.08881891,44.0,2026-09-03T18:07:00+09:00,environment
V02Q1940873_2026-09-03T18:07:00+09:00,37.53247211,127.114301129,45.0,2026-09-03T18:07:00+09:00,environment
V02Q1940941_2026-09-03T18:07:00+09:00,37.509088133,127.084056858,44.0,2026-09-03T18:07:00+09:00,environment
V02Q1940507_2026-09-03T18:07:00+09:00,37.531277474,127.123271252,41.0,2026-09-03T18:07:00+09:00,environment
V02Q1940079_2026-09-03T18:07:00+09:00,37.494102447,127.082209375,35.0,2026-09-03T18:07:00+09:00,environment
V02Q1940246_2026-09-03T18:07:00+09:00,37.49920086,127.072395308,43.0,2026-09-03T18:07:00+09:00,environment
V02Q1940082_2026-09-03T18:07:00+09:00,37.495507594,127.085748474,52.0,2026-09-03T18:07:00+09:00,environment
V02Q1940098_2026-09-03T18:07:00+09:00,37.48670146,127.1000197,57.0,2026-09-03T18:07:00+09:00,environment
V02Q1940100_2026-09-03T18:07:00+09:00,37.494978959,127.093144214,61.0,2026-09-03T18:07:00+09:00,environment
OC3CL200033_2026-09-03T18:07:00+09:00,37.51217275,127.1046954,61.0,2026-09-03T18:07:00+09:00,environment
OC3CL200135_2026-09-03T18:07:00+09:00,37.50215692,127.07044791,63.0,2026-09-03T18:07:00+09:00,environment
OC3CL200157_2026-09-03T18:07:00+09:00,37.492381245,127.094589306,68.0,2026-09-03T18:07:00+09:00,environment
OC3CL200141_2026-09-03T18:07:00+09:00,37.48877157,127.1067039,60.0,2026-09-03T18:07:00+09:00,environment
OC3CL200207_2026-09-03T18:07:00+09:00,37.494957877,127.124194746,48.0,2026-09-03T18:07:00+09:00,environment
OC3CL210115_2026-09-03T18:07:00+09:00,37.525641,127.129665,64.0,2026-09-03T18:07:00+09:00,environment
V02Q1940392_2026-09-03T19:07:00+09:00,37.538286643,127.09239683,47.0,2026-09-03T19:07:00+09:00,environment
V02Q1940403_2026-09-03T19:07:00+09:00,37.534309074,127.081985567,49.0,2026-09-03T19:07:00+09:00,environment
V02Q1940391_2026-09-03T19:07:00+09:00,37.528616803,127.085121222,44.0,2026-09-03T19:07:00+09:00,environment
V02Q1940411_2026-09-03T19:07:00+09:00,37.533878243,127.091521,38.0,2026-09-03T19:07:00+09:00,environment
V02Q1940506_2026-09-03T19:07:00+09:00,37.535029673,127.093240689,53.0,2026-09-03T19:07:00+09:00,environment
V02Q1940679_2026-09-03T19:07:00+09:00,37.495212727,127.121438826,51.0,2026-09-03T19:07:00+09:00,environment
V02Q1940734_2026-09-03T19:07:00+09:00,37.518407904,127.100366298,39.0,2026-09-03T19:07:00+09:00,environment
V02Q1940784_2026-09-03T19:07:00+09:00,37.498247757,127.126296648,42.0,2026-09-03T19:07:00+09:00,environment
V02Q1940706_2026-09-03T19:07:00+09:00,37.502049127,127.117110751,50.0,2026-09-03T19:07:00+09:00,environment
V02Q1940708_2026-09-03T19:07:00+09:00,37.514300619,127.091447797,52.0,2026-09-03T19:07:00+09:00,environment
V02Q1940736_2026-09-03T19:07:00+09:00,37.504194933,127.128187719,41.0,2026-09-03T19:07:00+09:00,environment
V02Q1940767_2026-09-03T19:07:00+09:00,37.502603852,127.092310875,49.0,2026-09-03T19:07:00+09:00,environment
V02Q1940772_2026-09-03T19:07:00+09:00,37.503635193,127.103503284,51.0,2026-09-03T19:07:00+09:00,environment
V02Q1940775_2026-09-03T19:07:00+09:00,37.505801455,127.109663753,51.0,2026-09-03T19:07:00+09:00,environment
V02Q1940781_2026-09-03T19:07:00+09:00,37.506173683,127.084756221,41.0,2026-09-03T19:07:00+09:00,environment
V02Q1940787_2026-09-03T19:07:00+09:00,37.512955044,127.094661921,41.0,2026-09-03T19:07:00+09:00,environment
V02Q1940788_2026-09-03T19:07:00+09:00,37.509617855,127.0741524,50.0,2026-09-03T19:07:00+09:00,environment
V02Q1940790_2026-09-03T19:07:00+09:00,37.514278277,127.112258966,42.0,2026-09-03T19:07:00+09:00,environment
V02Q1940800_2026-09-03T19:07:00+09:00,37.519952859,127.1123122,50.0,2026-09-03T19:07:00+09:00,environment
V02Q1940832_2026-09-03T19:07:00+09:00,37.511768309,127.124209484,42.0,2026-09-03T19:07:00+09:00,environment
V02Q1940847_2026-09-03T19:07:00+09:00,37.489683491,127.111908205,35.0,2026-09-03T19:07:00+09:00,environment
V02Q1940713_2026-09-03T19:07:00+09:00,37.516185359,127.114540561,47.0,2026-09-03T19:07:00+09:00,environment
V02Q1940714_2026-09-03T19:07:00+09:00,37.513385412,127.10686824,55.0,2026-09-03T19:07:00+09:00,environment
V02Q1940811_2026-09-03T19:07:00+09:00,37.52727312,127.116249051,51.0,2026-09-03T19:07:00+09:00,environment
V02Q1940819_2026-09-03T19:07:00+09:00,37.507344263,127.104688643,44.0,2026-09-03T19:07:00+09:00,environment
V02Q1940820_2026-09-03T19:07:00+09:00,37.511104225,127.102321793,54.0,2026-09-03T19:07:00+09:00,environment
V02Q1940821_2026-09-03T19:07:00+09:00,37.502832774,127.108694904,49.0,2026-09-03T19:07:00+09:00,environment
V02Q1940838_2026-09-03T19:07:00+09:00,37.51767925,127.08881891,44.0,2026-09-03T19:07:00+09:00,environment
V02Q1940873_2026-09-03T19:07:00+09:00,37.53247211,127.114301129,45.0,2026-09-03T19:07:00+09:00,environment
V02Q1940941_2026-09-03T19:07:00+09:00,37.509088133,127.084056858,45.0,2026-09-03T19:07:00+09:00,environment
V02Q1940507_2026-09-03T19:07:00+09:00,37.531277474,127.123271252,43.0,2026-09-03T19:07:00+09:00,environment
V02Q1940079_2026-09-03T19:07:00+09:00,37.494102447,127.082209375,35.0,2026-09-03T19:07:00+09:00,environment
V02Q1940246_2026-09-03T19:07:00+09:00,37.49920086,127.072395308,42.0,2026-09-03T19:07:00+09:00,environment
V02Q1940082_2026-09-03T19:07:00+09:00,37.495507594,127.085748474,51.0,2026-09-03T19:07:00+09:00,environment
V02Q1940098_2026-09-03T19:07:00+09:00,37.48670146,127.1000197,56.0,2026-09-03T19:07:00+09:00,environment
V02Q1940100_2026-09-03T19:07:00+09:00,37.494978959,127.093144214,60.0,2026-09-03T19:07:00+09:00,environment
OC3CL200033_2026-09-03T19:07:00+09:00,37.51217275,127.1046954,59.0,2026-09-03T19:07:00+09:00,environment
OC3CL200135_2026-09-03T19:07:00+09:00,37.50215692,127.07044791,63.0,2026-09-03T19:07:00+09:00,environment
OC3CL200157_2026-09-03T19:07:00+09:00,37.492381245,127.094589306,70.0,2026-09-03T19:07:00+09:00,environment
OC3CL200207_2026-09-03T19:07:00+09:00,37.494957877,127.124194746,46.0,2026-09-03T19:07:00+09:00,environment
OC3CL210115_2026-09-03T19:07:00+09:00,37.525641,127.129665,65.0,2026-09-03T19:07:00+09:00,environment
V02Q1940391_2026-09-03T20:07:00+09:00,37.528616803,127.085121222,43.0,2026-09-03T20:07:00+09:00,environment
V02Q1940392_2026-09-03T20:07:00+09:00,37.538286643,127.09239683,47.0,2026-09-03T20:07:00+09:00,environment
V02Q1940403_2026-09-03T20:07:00+09:00,37.534309074,127.081985567,48.0,2026-09-03T20:07:00+09:00,environment
V02Q1940411_2026-09-03T20:07:00+09:00,37.533878243,127.091521,38.0,2026-09-03T20:07:00+09:00,environment
V02Q1940506_2026-09-03T20:07:00+09:00,37.535029673,127.093240689,53.0,2026-09-03T20:07:00+09:00,environment
V02Q1940679_2026-09-03T20:07:00+09:00,37.495212727,127.121438826,51.0,2026-09-03T20:07:00+09:00,environment
V02Q1940734_2026-09-03T20:07:00+09:00,37.518407904,127.100366298,39.0,2026-09-03T20:07:00+09:00,environment
V02Q1940784_2026-09-03T20:07:00+09:00,37.498247757,127.126296648,41.0,2026-09-03T20:07:00+09:00,environment
V02Q1940706_2026-09-03T20:07:00+09:00,37.502049127,127.117110751,50.0,2026-09-03T20:07:00+09:00,environment
V02Q1940708_2026-09-03T20:07:00+09:00,37.514300619,127.091447797,51.0,2026-09-03T20:07:00+09:00,environment
V02Q1940736_2026-09-03T20:07:00+09:00,37.504194933,127.128187719,39.0,2026-09-03T20:07:00+09:00,environment
V02Q1940767_2026-09-03T20:07:00+09:00,37.502603852,127.092310875,49.0,2026-09-03T20:07:00+09:00,environment
V02Q1940772_2026-09-03T20:07:00+09:00,37.503635193,127.103503284,51.0,2026-09-03T20:07:00+09:00,environment
V02Q1940775_2026-09-03T20:07:00+09:00,37.505801455,127.109663753,50.0,2026-09-03T20:07:00+09:00,environment
V02Q1940781_2026-09-03T20:07:00+09:00,37.506173683,127.084756221,40.0,2026-09-03T20:07:00+09:00,environment
V02Q1940787_2026-09-03T20:07:00+09:00,37.512955044,127.094661921,40.0,2026-09-03T20:07:00+09:00,environment
V02Q1940788_2026-09-03T20:07:00+09:00,37.509617855,127.0741524,49.0,2026-09-03T20:07:00+09:00,environment
V02Q1940790_2026-09-03T20:07:00+09:00,37.514278277,127.112258966,41.0,2026-09-03T20:07:00+09:00,environment
V02Q1940800_2026-09-03T20:07:00+09:00,37.519952859,127.1123122,50.0,2026-09-03T20:07:00+09:00,environment
V02Q1940832_2026-09-03T20:07:00+09:00,37.511768309,127.124209484,41.0,2026-09-03T20:07:00+09:00,environment
V02Q1940847_2026-09-03T20:07:00+09:00,37.489683491,127.111908205,35.0,2026-09-03T20:07:00+09:00,environment
V02Q1940873_2026-09-03T20:07:00+09:00,37.53247211,127.114301129,45.0,2026-09-03T20:07:00+09:00,environment
V02Q1940507_2026-09-03T20:07:00+09:00,37.531277474,127.123271252,42.0,2026-09-03T20:07:00+09:00,environment
V02Q1940713_2026-09-03T20:07:00+09:00,37.516185359,127.114540561,47.0,2026-09-03T20:07:00+09:00,environment
V02Q1940714_2026-09-03T20:07:00+09:00,37.513385412,127.10686824,55.0,2026-09-03T20:07:00+09:00,environment
V02Q1940811_2026-09-03T20:07:00+09:00,37.52727312,127.116249051,50.0,2026-09-03T20:07:00+09:00,environment
V02Q1940819_2026-09-03T20:07:00+09:00,37.507344263,127.104688643,43.0,2026-09-03T20:07:00+09:00,environment
V02Q1940820_2026-09-03T20:07:00+09:00,37.511104225,127.102321793,55.0,2026-09-03T20:07:00+09:00,environment
V02Q1940821_2026-09-03T20:07:00+09:00,37.502832774,127.108694904,49.0,2026-09-03T20:07:00+09:00,environment
V02Q1940838_2026-09-03T20:07:00+09:00,37.51767925,127.08881891,44.0,2026-09-03T20:07:00+09:00,environment
V02Q1940941_2026-09-03T20:07:00+09:00,37.509088133,127.084056858,46.0,2026-09-03T20:07:00+09:00,environment
V02Q1940079_2026-09-03T20:07:00+09:00,37.494102447,127.082209375,35.0,2026-09-03T20:07:00+09:00,environment
V02Q1940098_2026-09-03T20:07:00+09:00,37.48670146,127.1000197,63.0,2026-09-03T20:07:00+09:00,environment
V02Q1940246_2026-09-03T20:07:00+09:00,37.49920086,127.072395308,51.0,2026-09-03T20:07:00+09:00,environment
V02Q1940082_2026-09-03T20:07:00+09:00,37.495507594,127.085748474,55.0,2026-09-03T20:07:00+09:00,environment
V02Q1940100_2026-09-03T20:07:00+09:00,37.494978959,127.093144214,61.0,2026-09-03T20:07:00+09:00,environment
OC3CL200017_2026-09-03T20:07:00+09:00,37.52406575,127.1285088,65.0,2026-09-03T20:07:00+09:00,environment
OC3CL200135_2026-09-03T20:07:00+09:00,37.50215692,127.07044791,63.0,2026-09-03T20:07:00+09:00,environment
OC3CL200157_2026-09-03T20:07:00+09:00,37.492381245,127.094589306,70.0,2026-09-03T20:07:00+09:00,environment
OC3CL200207_2026-09-03T20:07:00+09:00,37.494957877,127.124194746,45.0,2026-09-03T20:07:00+09:00,environment
OC3CL210115_2026-09-03T20:07:00+09:00,37.525641,127.129665,64.0,2026-09-03T20:07:00+09:00,environment
OC3CL200017_2026-09-03T21:07:00+09:00,37.52406575,127.1285088,65.0,2026-09-03T21:07:00+09:00,environment
OC3CL200135_2026-09-03T21:07:00+09:00,37.50215692,127.07044791,63.0,2026-09-03T21:07:00+09:00,environment
OC3CL200157_2026-09-03T21:07:00+09:00,37.492381245,127.094589306,69.0,2026-09-03T21:07:00+09:00,environment
OC3CL200207_2026-09-03T21:07:00+09:00,37.494957877,127.124194746,42.0,2026-09-03T21:07:00+09:00,environment
OC3CL210115_2026-09-03T21:07:00+09:00,37.525641,127.129665,62.0,2026-09-03T21:07:00+09:00,environment
V02Q1940079_2026-09-03T21:07:00+09:00,37.494102447,127.082209375,35.0,2026-09-03T21:07:00+09:00,environment
V02Q1940082_2026-09-03T21:07:00+09:00,37.495507594,127.085748474,55.0,2026-09-03T21:07:00+09:00,environment
V02Q1940098_2026-09-03T21:07:00+09:00,37.48670146,127.1000197,64.0,2026-09-03T21:07:00+09:00,environment
V02Q1940100_2026-09-03T21:07:00+09:00,37.494978959,127.093144214,61.0,2026-09-03T21:07:00+09:00,environment
V02Q1940246_2026-09-03T21:07:00+09:00,37.49920086,127.072395308,51.0,2026-09-03T21:07:00+09:00,environment
V02Q1940391_2026-09-03T21:07:00+09:00,37.528616803,127.085121222,44.0,2026-09-03T21:07:00+09:00,environment
V02Q1940392_2026-09-03T21:07:00+09:00,37.538286643,127.09239683,48.0,2026-09-03T21:07:00+09:00,environment
V02Q1940403_2026-09-03T21:07:00+09:00,37.534309074,127.081985567,48.0,2026-09-03T21:07:00+09:00,environment
V02Q1940411_2026-09-03T21:07:00+09:00,37.533878243,127.091521,38.0,2026-09-03T21:07:00+09:00,environment
V02Q1940506_2026-09-03T21:07:00+09:00,37.535029673,127.093240689,53.0,2026-09-03T21:07:00+09:00,environment
V02Q1940507_2026-09-03T21:07:00+09:00,37.531277474,127.123271252,41.0,2026-09-03T21:07:00+09:00,environment
V02Q1940679_2026-09-03T21:07:00+09:00,37.495212727,127.121438826,50.0,2026-09-03T21:07:00+09:00,environment
V02Q1940706_2026-09-03T21:07:00+09:00,37.502049127,127.117110751,49.0,2026-09-03T21:07:00+09:00,environment
V02Q1940708_2026-09-03T21:07:00+09:00,37.514300619,127.091447797,51.0,2026-09-03T21:07:00+09:00,environment
V02Q1940713_2026-09-03T21:07:00+09:00,37.516185359,127.114540561,46.0,2026-09-03T21:07:00+09:00,environment
V02Q1940714_2026-09-03T21:07:00+09:00,37.513385412,127.10686824,54.0,2026-09-03T21:07:00+09:00,environment
V02Q1940734_2026-09-03T21:07:00+09:00,37.518407904,127.100366298,40.0,2026-09-03T21:07:00+09:00,environment
V02Q1940736_2026-09-03T21:07:00+09:00,37.504194933,127.128187719,39.0,2026-09-03T21:07:00+09:00,environment
V02Q1940767_2026-09-03T21:07:00+09:00,37.502603852,127.092310875,49.0,2026-09-03T21:07:00+09:00,environment
V02Q1940772_2026-09-03T21:07:00+09:00,37.503635193,127.103503284,51.0,2026-09-03T21:07:00+09:00,environment
V02Q1940775_2026-09-03T21:07:00+09:00,37.505801455,127.109663753,50.0,2026-09-03T21:07:00+09:00,environment
V02Q1940781_2026-09-03T21:07:00+09:00,37.506173683,127.084756221,39.0,2026-09-03T21:07:00+09:00,environment
V02Q1940784_2026-09-03T21:07:00+09:00,37.498247757,127.126296648,41.0,2026-09-03T21:07:00+09:00,environment
V02Q1940787_2026-09-03T21:07:00+09:00,37.512955044,127.094661921,40.0,2026-09-03T21:07:00+09:00,environment
V02Q1940788_2026-09-03T21:07:00+09:00,37.509617855,127.0741524,48.0,2026-09-03T21:07:00+09:00,environment
V02Q1940790_2026-09-03T21:07:00+09:00,37.514278277,127.112258966,41.0,2026-09-03T21:07:00+09:00,environment
V02Q1940800_2026-09-03T21:07:00+09:00,37.519952859,127.1123122,49.0,2026-09-03T21:07:00+09:00,environment
V02Q1940811_2026-09-03T21:07:00+09:00,37.52727312,127.116249051,50.0,2026-09-03T21:07:00+09:00,environment
V02Q1940819_2026-09-03T21:07:00+09:00,37.507344263,127.104688643,42.0,2026-09-03T21:07:00+09:00,environment
V02Q1940820_2026-09-03T21:07:00+09:00,37.511104225,127.102321793,54.0,2026-09-03T21:07:00+09:00,environment
V02Q1940821_2026-09-03T21:07:00+09:00,37.502832774,127.108694904,49.0,2026-09-03T21:07:00+09:00,environment
V02Q1940832_2026-09-03T21:07:00+09:00,37.511768309,127.124209484,42.0,2026-09-03T21:07:00+09:00,environment
V02Q1940838_2026-09-03T21:07:00+09:00,37.51767925,127.08881891,44.0,2026-09-03T21:07:00+09:00,environment
V02Q1940847_2026-09-03T21:07:00+09:00,37.489683491,127.111908205,35.0,2026-09-03T21:07:00+09:00,environment
V02Q1940873_2026-09-03T21:07:00+09:00,37.53247211,127.114301129,45.0,2026-09-03T21:07:00+09:00,environment
V02Q1940941_2026-09-03T21:07:00+09:00,37.509088133,127.084056858,45.0,2026-09-03T21:07:00+09:00,environment
OC3CL200017_2026-09-03T22:07:00+09:00,37.52406575,127.1285088,64.0,2026-09-03T22:07:00+09:00,environment
OC3CL200135_2026-09-03T22:07:00+09:00,37.50215692,127.07044791,63.0,2026-09-03T22:07:00+09:00,environment
OC3CL200157_2026-09-03T22:07:00+09:00,37.492381245,127.094589306,69.0,2026-09-03T22:07:00+09:00,environment
OC3CL200207_2026-09-03T22:07:00+09:00,37.494957877,127.124194746,40.0,2026-09-03T22:07:00+09:00,environment
OC3CL210115_2026-09-03T22:07:00+09:00,37.525641,127.129665,62.0,2026-09-03T22:07:00+09:00,environment
V02Q1940079_2026-09-03T22:07:00+09:00,37.494102447,127.082209375,35.0,2026-09-03T22:07:00+09:00,environment
V02Q1940082_2026-09-03T22:07:00+09:00,37.495507594,127.085748474,53.0,2026-09-03T22:07:00+09:00,environment
V02Q1940098_2026-09-03T22:07:00+09:00,37.48670146,127.1000197,62.0,2026-09-03T22:07:00+09:00,environment
V02Q1940100_2026-09-03T22:07:00+09:00,37.494978959,127.093144214,61.0,2026-09-03T22:07:00+09:00,environment
V02Q1940246_2026-09-03T22:07:00+09:00,37.49920086,127.072395308,48.0,2026-09-03T22:07:00+09:00,environment
V02Q1940391_2026-09-03T22:07:00+09:00,37.528616803,127.085121222,44.0,2026-09-03T22:07:00+09:00,environment
V02Q1940392_2026-09-03T22:07:00+09:00,37.538286643,127.09239683,47.0,2026-09-03T22:07:00+09:00,environment
V02Q1940403_2026-09-03T22:07:00+09:00,37.534309074,127.081985567,46.0,2026-09-03T22:07:00+09:00,environment
V02Q1940411_2026-09-03T22:07:00+09:00,37.533878243,127.091521,38.0,2026-09-03T22:07:00+09:00,environment
V02Q1940506_2026-09-03T22:07:00+09:00,37.535029673,127.093240689,52.0,2026-09-03T22:07:00+09:00,environment
V02Q1940507_2026-09-03T22:07:00+09:00,37.531277474,127.123271252,40.0,2026-09-03T22:07:00+09:00,environment
V02Q1940679_2026-09-03T22:07:00+09:00,37.495212727,127.121438826,50.0,2026-09-03T22:07:00+09:00,environment
V02Q1940706_2026-09-03T22:07:00+09:00,37.502049127,127.117110751,48.0,2026-09-03T22:07:00+09:00,environment
V02Q1940708_2026-09-03T22:07:00+09:00,37.514300619,127.091447797,52.0,2026-09-03T22:07:00+09:00,environment
V02Q1940713_2026-09-03T22:07:00+09:00,37.516185359,127.114540561,45.0,2026-09-03T22:07:00+09:00,environment
V02Q1940714_2026-09-03T22:07:00+09:00,37.513385412,127.10686824,54.0,2026-09-03T22:07:00+09:00,environment
V02Q1940734_2026-09-03T22:07:00+09:00,37.518407904,127.100366298,38.0,2026-09-03T22:07:00+09:00,environment
V02Q1940736_2026-09-03T22:07:00+09:00,37.504194933,127.128187719,39.0,2026-09-03T22:07:00+09:00,environment
V02Q1940767_2026-09-03T22:07:00+09:00,37.502603852,127.092310875,47.0,2026-09-03T22:07:00+09:00,environment
V02Q1940772_2026-09-03T22:07:00+09:00,37.503635193,127.103503284,50.0,2026-09-03T22:07:00+09:00,environment
V02Q1940775_2026-09-03T22:07:00+09:00,37.505801455,127.109663753,49.0,2026-09-03T22:07:00+09:00,environment
V02Q1940781_2026-09-03T22:07:00+09:00,37.506173683,127.084756221,39.0,2026-09-03T22:07:00+09:00,environment
V02Q1940784_2026-09-03T22:07:00+09:00,37.498247757,127.126296648,40.0,2026-09-03T22:07:00+09:00,environment
V02Q1940787_2026-09-03T22:07:00+09:00,37.512955044,127.094661921,38.0,2026-09-03T22:07:00+09:00,environment
V02Q1940788_2026-09-03T22:07:00+09:00,37.509617855,127.0741524,48.0,2026-09-03T22:07:00+09:00,environment
V02Q1940790_2026-09-03T22:07:00+09:00,37.514278277,127.112258966,41.0,2026-09-03T22:07:00+09:00,environment
V02Q1940800_2026-09-03T22:07:00+09:00,37.519952859,127.1123122,49.0,2026-09-03T22:07:00+09:00,environment
V02Q1940811_2026-09-03T22:07:00+09:00,37.52727312,127.116249051,49.0,2026-09-03T22:07:00+09:00,environment
V02Q1940819_2026-09-03T22:07:00+09:00,37.507344263,127.104688643,42.0,2026-09-03T22:07:00+09:00,environment
V02Q1940820_2026-09-03T22:07:00+09:00,37.511104225,127.102321793,54.0,2026-09-03T22:07:00+09:00,environment
V02Q1940821_2026-09-03T22:07:00+09:00,37.502832774,127.108694904,50.0,2026-09-03T22:07:00+09:00,environment
V02Q1940832_2026-09-03T22:07:00+09:00,37.511768309,127.124209484,41.0,2026-09-03T22:07:00+09:00,environment
V02Q1940838_2026-09-03T22:07:00+09:00,37.51767925,127.08881891,44.0,2026-09-03T22:07:00+09:00,environment
V02Q1940847_2026-09-03T22:07:00+09:00,37.489683491,127.111908205,35.0,2026-09-03T22:07:00+09:00,environment
V02Q1940873_2026-09-03T22:07:00+09:00,37.53247211,127.114301129,46.0,2026-09-03T22:07:00+09:00,environment
V02Q1940941_2026-09-03T22:07:00+09:00,37.509088133,127.084056858,46.0,2026-09-03T22:07:00+09:00,environment
OC3CL200017_2026-09-03T23:07:00+09:00,37.52406575,127.1285088,63.0,2026-09-03T23:07:00+09:00,environment
OC3CL200135_2026-09-03T23:07:00+09:00,37.50215692,127.07044791,62.0,2026-09-03T23:07:00+09:00,environment
OC3CL200157_2026-09-03T23:07:00+09:00,37.492381245,127.094589306,69.0,2026-09-03T23:07:00+09:00,environment
OC3CL200207_2026-09-03T23:07:00+09:00,37.494957877,127.124194746,38.0,2026-09-03T23:07:00+09:00,environment
OC3CL210115_2026-09-03T23:07:00+09:00,37.525641,127.129665,60.0,2026-09-03T23:07:00+09:00,environment
V02Q1940079_2026-09-03T23:07:00+09:00,37.494102447,127.082209375,35.0,2026-09-03T23:07:00+09:00,environment
V02Q1940082_2026-09-03T23:07:00+09:00,37.495507594,127.085748474,52.0,2026-09-03T23:07:00+09:00,environment
V02Q1940098_2026-09-03T23:07:00+09:00,37.48670146,127.1000197,57.0,2026-09-03T23:07:00+09:00,environment
V02Q1940100_2026-09-03T23:07:00+09:00,37.494978959,127.093144214,61.0,2026-09-03T23:07:00+09:00,environment
V02Q1940246_2026-09-03T23:07:00+09:00,37.49920086,127.072395308,45.0,2026-09-03T23:07:00+09:00,environment
V02Q1940391_2026-09-03T23:07:00+09:00,37.528616803,127.085121222,43.0,2026-09-03T23:07:00+09:00,environment
V02Q1940392_2026-09-03T23:07:00+09:00,37.538286643,127.09239683,47.0,2026-09-03T23:07:00+09:00,environment
V02Q1940403_2026-09-03T23:07:00+09:00,37.534309074,127.081985567,46.0,2026-09-03T23:07:00+09:00,environment
V02Q1940411_2026-09-03T23:07:00+09:00,37.533878243,127.091521,38.0,2026-09-03T23:07:00+09:00,environment
V02Q1940506_2026-09-03T23:07:00+09:00,37.535029673,127.093240689,50.0,2026-09-03T23:07:00+09:00,environment
V02Q1940507_2026-09-03T23:07:00+09:00,37.531277474,127.123271252,38.0,2026-09-03T23:07:00+09:00,environment
V02Q1940679_2026-09-03T23:07:00+09:00,37.495212727,127.121438826,48.0,2026-09-03T23:07:00+09:00,environment
V02Q1940706_2026-09-03T23:07:00+09:00,37.502049127,127.117110751,47.0,2026-09-03T23:07:00+09:00,environment
V02Q1940708_2026-09-03T23:07:00+09:00,37.514300619,127.091447797,49.0,2026-09-03T23:07:00+09:00,environment
V02Q1940713_2026-09-03T23:07:00+09:00,37.516185359,127.114540561,45.0,2026-09-03T23:07:00+09:00,environment
V02Q1940714_2026-09-03T23:07:00+09:00,37.513385412,127.10686824,53.0,2026-09-03T23:07:00+09:00,environment
V02Q1940734_2026-09-03T23:07:00+09:00,37.518407904,127.100366298,37.0,2026-09-03T23:07:00+09:00,environment
V02Q1940736_2026-09-03T23:07:00+09:00,37.504194933,127.128187719,39.0,2026-09-03T23:07:00+09:00,environment
V02Q1940767_2026-09-03T23:07:00+09:00,37.502603852,127.092310875,46.0,2026-09-03T23:07:00+09:00,environment
V02Q1940772_2026-09-03T23:07:00+09:00,37.503635193,127.103503284,50.0,2026-09-03T23:07:00+09:00,environment
V02Q1940775_2026-09-03T23:07:00+09:00,37.505801455,127.109663753,49.0,2026-09-03T23:07:00+09:00,environment
V02Q1940781_2026-09-03T23:07:00+09:00,37.506173683,127.084756221,37.0,2026-09-03T23:07:00+09:00,environment
V02Q1940784_2026-09-03T23:07:00+09:00,37.498247757,127.126296648,40.0,2026-09-03T23:07:00+09:00,environment
V02Q1940787_2026-09-03T23:07:00+09:00,37.512955044,127.094661921,38.0,2026-09-03T23:07:00+09:00,environment
V02Q1940788_2026-09-03T23:07:00+09:00,37.509617855,127.0741524,47.0,2026-09-03T23:07:00+09:00,environment
V02Q1940790_2026-09-03T23:07:00+09:00,37.514278277,127.112258966,39.0,2026-09-03T23:07:00+09:00,environment
V02Q1940800_2026-09-03T23:07:00+09:00,37.519952859,127.1123122,48.0,2026-09-03T23:07:00+09:00,environment
V02Q1940811_2026-09-03T23:07:00+09:00,37.52727312,127.116249051,49.0,2026-09-03T23:07:00+09:00,environment
V02Q1940819_2026-09-03T23:07:00+09:00,37.507344263,127.104688643,42.0,2026-09-03T23:07:00+09:00,environment
V02Q1940820_2026-09-03T23:07:00+09:00,37.511104225,127.102321793,53.0,2026-09-03T23:07:00+09:00,environment
V02Q1940821_2026-09-03T23:07:00+09:00,37.502832774,127.108694904,48.0,2026-09-03T23:07:00+09:00,environment
V02Q1940832_2026-09-03T23:07:00+09:00,37.511768309,127.124209484,40.0,2026-09-03T23:07:00+09:00,environment
V02Q1940838_2026-09-03T23:07:00+09:00,37.51767925,127.08881891,43.0,2026-09-03T23:07:00+09:00,environment
V02Q1940847_2026-09-03T23:07:00+09:00,37.489683491,127.111908205,35.0,2026-09-03T23:07:00+09:00,environment
V02Q1940873_2026-09-03T23:07:00+09:00,37.53247211,127.114301129,46.0,2026-09-03T23:07:00+09:00,environment
V02Q1940941_2026-09-03T23:07:00+09:00,37.509088133,127.084056858,44.0,2026-09-03T23:07:00+09:00,environment
OC3CL200017_2026-09-04T00:07:00+09:00,37.52406575,127.1285088,61.0,2026-09-04T00:07:00+09:00,environment
OC3CL200135_2026-09-04T00:07:00+09:00,37.50215692,127.07044791,62.0,2026-09-04T00:07:00+09:00,environment
OC3CL200157_2026-09-04T00:07:00+09:00,37.492381245,127.094589306,67.0,2026-09-04T00:07:00+09:00,environment
OC3CL200207_2026-09-04T00:07:00+09:00,37.494957877,127.124194746,37.0,2026-09-04T00:07:00+09:00,environment
OC3CL210115_2026-09-04T00:07:00+09:00,37.525641,127.129665,58.0,2026-09-04T00:07:00+09:00,environment
V02Q1940079_2026-09-04T00:07:00+09:00,37.494102447,127.082209375,35.0,2026-09-04T00:07:00+09:00,environment
V02Q1940082_2026-09-04T00:07:00+09:00,37.495507594,127.085748474,50.0,2026-09-04T00:07:00+09:00,environment
V02Q1940098_2026-09-04T00:07:00+09:00,37.48670146,127.1000197,55.0,2026-09-04T00:07:00+09:00,environment
V02Q1940100_2026-09-04T00:07:00+09:00,37.494978959,127.093144214,60.0,2026-09-04T00:07:00+09:00,environment
V02Q1940246_2026-09-04T00:07:00+09:00,37.49920086,127.072395308,47.0,2026-09-04T00:07:00+09:00,environment
V02Q1940391_2026-09-04T00:07:00+09:00,37.528616803,127.085121222,43.0,2026-09-04T00:07:00+09:00,environment
V02Q1940392_2026-09-04T00:07:00+09:00,37.538286643,127.09239683,46.0,2026-09-04T00:07:00+09:00,environment
V02Q1940403_2026-09-04T00:07:00+09:00,37.534309074,127.081985567,44.0,2026-09-04T00:07:00+09:00,environment
V02Q1940411_2026-09-04T00:07:00+09:00,37.533878243,127.091521,38.0,2026-09-04T00:07:00+09:00,environment
V02Q1940506_2026-09-04T00:07:00+09:00,37.535029673,127.093240689,48.0,2026-09-04T00:07:00+09:00,environment
V02Q1940507_2026-09-04T00:07:00+09:00,37.531277474,127.123271252,37.0,2026-09-04T00:07:00+09:00,environment
V02Q1940679_2026-09-04T00:07:00+09:00,37.495212727,127.121438826,48.0,2026-09-04T00:07:00+09:00,environment
V02Q1940706_2026-09-04T00:07:00+09:00,37.502049127,127.117110751,44.0,2026-09-04T00:07:00+09:00,environment
V02Q1940708_2026-09-04T00:07:00+09:00,37.514300619,127.091447797,47.0,2026-09-04T00:07:00+09:00,environment
V02Q1940713_2026-09-04T00:07:00+09:00,37.516185359,127.114540561,43.0,2026-09-04T00:07:00+09:00,environment
V02Q1940714_2026-09-04T00:07:00+09:00,37.513385412,127.10686824,52.0,2026-09-04T00:07:00+09:00,environment
V02Q1940734_2026-09-04T00:07:00+09:00,37.518407904,127.100366298,37.0,2026-09-04T00:07:00+09:00,environment
V02Q1940736_2026-09-04T00:07:00+09:00,37.504194933,127.128187719,39.0,2026-09-04T00:07:00+09:00,environment
V02Q1940767_2026-09-04T00:07:00+09:00,37.502603852,127.092310875,45.0,2026-09-04T00:07:00+09:00,environment
V02Q1940772_2026-09-04T00:07:00+09:00,37.503635193,127.103503284,49.0,2026-09-04T00:07:00+09:00,environment
V02Q1940775_2026-09-04T00:07:00+09:00,37.505801455,127.109663753,47.0,2026-09-04T00:07:00+09:00,environment
V02Q1940781_2026-09-04T00:07:00+09:00,37.506173683,127.084756221,37.0,2026-09-04T00:07:00+09:00,environment
V02Q1940784_2026-09-04T00:07:00+09:00,37.498247757,127.126296648,39.0,2026-09-04T00:07:00+09:00,environment
V02Q1940787_2026-09-04T00:07:00+09:00,37.512955044,127.094661921,38.0,2026-09-04T00:07:00+09:00,environment
V02Q1940788_2026-09-04T00:07:00+09:00,37.509617855,127.0741524,45.0,2026-09-04T00:07:00+09:00,environment
V02Q1940790_2026-09-04T00:07:00+09:00,37.514278277,127.112258966,39.0,2026-09-04T00:07:00+09:00,environment
V02Q1940800_2026-09-04T00:07:00+09:00,37.519952859,127.1123122,46.0,2026-09-04T00:07:00+09:00,environment
V02Q1940811_2026-09-04T00:07:00+09:00,37.52727312,127.116249051,49.0,2026-09-04T00:07:00+09:00,environment
V02Q1940819_2026-09-04T00:07:00+09:00,37.507344263,127.104688643,41.0,2026-09-04T00:07:00+09:00,environment
V02Q1940820_2026-09-04T00:07:00+09:00,37.511104225,127.102321793,53.0,2026-09-04T00:07:00+09:00,environment
V02Q1940821_2026-09-04T00:07:00+09:00,37.502832774,127.108694904,49.0,2026-09-04T00:07:00+09:00,environment
V02Q1940832_2026-09-04T00:07:00+09:00,37.511768309,127.124209484,40.0,2026-09-04T00:07:00+09:00,environment
V02Q1940838_2026-09-04T00:07:00+09:00,37.51767925,127.08881891,43.0,2026-09-04T00:07:00+09:00,environment
V02Q1940847_2026-09-04T00:07:00+09:00,37.489683491,127.111908205,35.0,2026-09-04T00:07:00+09:00,environment
V02Q1940873_2026-09-04T00:07:00+09:00,37.53247211,127.114301129,47.0,2026-09-04T00:07:00+09:00,environment
V02Q1940941_2026-09-04T00:07:00+09:00,37.509088133,127.084056858,44.0,2026-09-04T00:07:00+09:00,environment
OC3CL200017_2026-09-03T19:07:13+09:00,37.52406575,127.1285088,65.0,2026-09-03T19:07:13+09:00,environment
OC3CL200017_2026-09-03T12:07:13+09:00,37.52406575,127.1285088,59.0,2026-09-03T12:07:13+09:00,environment
OC3CL200017_2026-09-03T13:07:13+09:00,37.52406575,127.1285088,59.0,2026-09-03T13:07:13+09:00,environment
OC3CL200017_2026-09-03T14:07:13+09:00,37.52406575,127.1285088,59.0,2026-09-03T14:07:13+09:00,environment
OC3CL200017_2026-09-03T15:07:13+09:00,37.52406575,127.1285088,59.0,2026-09-03T15:07:13+09:00,environment
OC3CL200017_2026-09-03T16:07:13+09:00,37.52406575,127.1285088,59.0,2026-09-03T16:07:13+09:00,environment
OC3CL200017_2026-09-03T17:07:13+09:00,37.52406575,127.1285088,60.0,2026-09-03T17:07:13+09:00,environment
OC3CL200017_2026-09-03T18:07:13+09:00,37.52406575,127.1285088,59.0,2026-09-03T18:07:13+09:00,environment
OC3CL200017_2026-09-03T11:07:13+09:00,37.52406575,127.1285088,66.0,2026-09-03T11:07:13+09:00,environment
OC3CL200033_2026-09-03T22:07:52+09:00,37.51217275,127.1046954,53.0,2026-09-03T22:07:52+09:00,environment
OC3CL200033_2026-09-03T14:07:52+09:00,37.51217275,127.1046954,57.0,2026-09-03T14:07:52+09:00,environment
OC3CL200033_2026-09-03T21:07:52+09:00,37.51217275,127.1046954,53.0,2026-09-03T21:07:52+09:00,environment
OC3CL200033_2026-09-03T00:07:52+09:00,37.51217275,127.1046954,60.0,2026-09-03T00:07:52+09:00,environment
OC3CL200033_2026-09-03T15:07:52+09:00,37.51217275,127.1046954,60.0,2026-09-03T15:07:52+09:00,environment
OC3CL200033_2026-09-03T20:07:52+09:00,37.51217275,127.1046954,59.0,2026-09-03T20:07:52+09:00,environment
OC3CL200033_2026-09-03T23:07:52+09:00,37.51217275,127.1046954,59.0,2026-09-03T23:07:52+09:00,environment
OC3CL200033_2026-09-03T01:07:52+09:00,37.51217275,127.1046954,51.0,2026-09-03T01:07:52+09:00,environment
OC3CL200033_2026-09-03T02:07:52+09:00,37.51217275,127.1046954,51.0,2026-09-03T02:07:52+09:00,environment
OC3CL200033_2026-09-03T03:07:52+09:00,37.51217275,127.1046954,51.0,2026-09-03T03:07:52+09:00,environment
OC3CL200033_2026-09-03T04:07:52+09:00,37.51217275,127.1046954,51.0,2026-09-03T04:07:52+09:00,environment
OC3CL200033_2026-09-03T05:07:52+09:00,37.51217275,127.1046954,51.0,2026-09-03T05:07:52+09:00,environment
OC3CL200033_2026-09-03T06:07:52+09:00,37.51217275,127.1046954,52.0,2026-09-03T06:07:52+09:00,environment
OC3CL200033_2026-09-03T07:07:52+09:00,37.51217275,127.1046954,52.0,2026-09-03T07:07:52+09:00,environment
OC3CL200033_2026-09-03T08:07:52+09:00,37.51217275,127.1046954,54.0,2026-09-03T08:07:52+09:00,environment
OC3CL200033_2026-09-03T09:07:52+09:00,37.51217275,127.1046954,54.0,2026-09-03T09:07:52+09:00,environment
OC3CL200033_2026-09-03T10:07:52+09:00,37.51217275,127.1046954,54.0,2026-09-03T10:07:52+09:00,environment
OC3CL200033_2026-09-03T11:07:52+09:00,37.51217275,127.1046954,54.0,2026-09-03T11:07:52+09:00,environment
OC3CL200033_2026-09-03T12:07:52+09:00,37.51217275,127.1046954,53.0,2026-09-03T12:07:52+09:00,environment
OC3CL200033_2026-09-03T13:07:52+09:00,37.51217275,127.1046954,53.0,2026-09-03T13:07:52+09:00,environment
OC3CL200135_2026-09-03T08:07:15+09:00,37.50215692,127.07044791,47.0,2026-09-03T08:07:15+09:00,environment
OC3CL200135_2026-09-03T07:07:15+09:00,37.50215692,127.07044791,49.0,2026-09-03T07:07:15+09:00,environment
OC3CL200135_2026-09-03T06:07:15+09:00,37.50215692,127.07044791,50.0,2026-09-03T06:07:15+09:00,environment
OC3CL200135_2026-09-03T05:07:15+09:00,37.50215692,127.07044791,48.0,2026-09-03T05:07:15+09:00,environment
OC3CL200135_2026-09-03T04:07:15+09:00,37.50215692,127.07044791,47.0,2026-09-03T04:07:15+09:00,environment
OC3CL200135_2026-09-03T03:07:15+09:00,37.50215692,127.07044791,46.0,2026-09-03T03:07:15+09:00,environment
OC3CL200135_2026-09-03T09:07:15+09:00,37.50215692,127.07044791,62.0,2026-09-03T09:07:15+09:00,environment
OC3CL200135_2026-09-03T02:07:15+09:00,37.50215692,127.07044791,61.0,2026-09-03T02:07:15+09:00,environment
OC3CL200141_2026-09-03T15:07:17+09:00,37.48877157,127.1067039,60.0,2026-09-03T15:07:17+09:00,environment
OC3CL200141_2026-09-03T22:07:17+09:00,37.48877157,127.1067039,47.0,2026-09-03T22:07:17+09:00,environment
OC3CL200141_2026-09-03T21:07:17+09:00,37.48877157,127.1067039,48.0,2026-09-03T21:07:17+09:00,environment
OC3CL200141_2026-09-03T20:07:17+09:00,37.48877157,127.1067039,47.0,2026-09-03T20:07:17+09:00,environment
OC3CL200141_2026-09-03T14:07:17+09:00,37.48877157,127.1067039,45.0,2026-09-03T14:07:17+09:00,environment
OC3CL200141_2026-09-03T03:07:17+09:00,37.48877157,127.1067039,58.0,2026-09-03T03:07:17+09:00,environment
OC3CL200141_2026-09-03T13:07:17+09:00,37.48877157,127.1067039,44.0,2026-09-03T13:07:17+09:00,environment
OC3CL200141_2026-09-03T12:07:17+09:00,37.48877157,127.1067039,45.0,2026-09-03T12:07:17+09:00,environment
OC3CL200141_2026-09-03T11:07:17+09:00,37.48877157,127.1067039,45.0,2026-09-03T11:07:17+09:00,environment
OC3CL200141_2026-09-03T10:07:17+09:00,37.48877157,127.1067039,45.0,2026-09-03T10:07:17+09:00,environment
OC3CL200141_2026-09-03T02:07:17+09:00,37.48877157,127.1067039,42.0,2026-09-03T02:07:17+09:00,environment
OC3CL200141_2026-09-03T01:07:17+09:00,37.48877157,127.1067039,42.0,2026-09-03T01:07:17+09:00,environment
OC3CL200141_2026-09-03T23:07:17+09:00,37.48877157,127.1067039,60.0,2026-09-03T23:07:17+09:00,environment
OC3CL200141_2026-09-03T19:07:17+09:00,37.48877157,127.1067039,60.0,2026-09-03T19:07:17+09:00,environment
OC3CL200141_2026-09-03T09:07:17+09:00,37.48877157,127.1067039,60.0,2026-09-03T09:07:17+09:00,environment
OC3CL200141_2026-09-03T00:07:17+09:00,37.48877157,127.1067039,58.0,2026-09-03T00:07:17+09:00,environment
V02Q1940117_2026-09-03T11:00:00+09:00,37.508537127,127.087121735,45.0,2026-09-03T11:00:00+09:00,environment
V02Q1940117_2026-09-03T23:00:00+09:00,37.508537127,127.087121735,42.0,2026-09-03T23:00:00+09:00,environment
V02Q1940117_2026-09-03T22:00:00+09:00,37.508537127,127.087121735,44.0,2026-09-03T22:00:00+09:00,environment
V02Q1940117_2026-09-03T21:00:00+09:00,37.508537127,127.087121735,43.0,2026-09-03T21:00:00+09:00,environment
V02Q1940117_2026-09-03T20:00:00+09:00,37.508537127,127.087121735,44.0,2026-09-03T20:00:00+09:00,environment
V02Q1940117_2026-09-03T19:00:00+09:00,37.508537127,127.087121735,44.0,2026-09-03T19:00:00+09:00,environment
V02Q1940117_2026-09-03T18:00:00+09:00,37.508537127,127.087121735,43.0,2026-09-03T18:00:00+09:00,environment
V02Q1940117_2026-09-03T17:00:00+09:00,37.508537127,127.087121735,46.0,2026-09-03T17:00:00+09:00,environment
V02Q1940117_2026-09-03T16:00:00+09:00,37.508537127,127.087121735,43.0,2026-09-03T16:00:00+09:00,environment
V02Q1940117_2026-09-03T15:00:00+09:00,37.508537127,127.087121735,44.0,2026-09-03T15:00:00+09:00,environment
V02Q1940117_2026-09-03T14:00:00+09:00,37.508537127,127.087121735,46.0,2026-09-03T14:00:00+09:00,environment
V02Q1940117_2026-09-03T13:00:00+09:00,37.508537127,127.087121735,44.0,2026-09-03T13:00:00+09:00,environment
V02Q1940117_2026-09-03T12:00:00+09:00,37.508537127,127.087121735,44.0,2026-09-03T12:00:00+09:00,environment
V02Q1940117_2026-09-03T10:00:00+09:00,37.508537127,127.087121735,42.0,2026-09-03T10:00:00+09:00,environment
V02Q1940117_2026-09-03T09:00:00+09:00,37.508537127,127.087121735,44.0,2026-09-03T09:00:00+09:00,environment
V02Q1940117_2026-09-03T08:00:00+09:00,37.508537127,127.087121735,42.0,2026-09-03T08:00:00+09:00,environment
V02Q1940117_2026-09-03T07:00:00+09:00,37.508537127,127.087121735,42.0,2026-09-03T07:00:00+09:00,environment
V02Q1940117_2026-09-03T06:00:00+09:00,37.508537127,127.087121735,44.0,2026-09-03T06:00:00+09:00,environment
V02Q1940117_2026-09-03T05:00:00+09:00,37.508537127,127.087121735,44.0,2026-09-03T05:00:00+09:00,environment
V02Q1940117_2026-09-03T04:00:00+09:00,37.508537127,127.087121735,43.0,2026-09-03T04:00:00+09:00,environment
V02Q1940117_2026-09-03T03:00:00+09:00,37.508537127,127.087121735,42.0,2026-09-03T03:00:00+09:00,environment
V02Q1940117_2026-09-03T02:00:00+09:00,37.508537127,127.087121735,40.0,2026-09-03T02:00:00+09:00,environment
V02Q1940117_2026-09-03T01:00:00+09:00,37.508537127,127.087121735,40.0,2026-09-03T01:00:00+09:00,environment
V02Q1940117_2026-09-03T00:00:00+09:00,37.508537127,127.087121735,41.0,2026-09-03T00:00:00+09:00,environment
V02Q1940129_2026-09-03T00:00:00+09:00,37.497655712,127.074468747,46.0,2026-09-03T00:00:00+09:00,environment
V02Q1940129_2026-09-03T01:00:00+09:00,37.497655712,127.074468747,45.0,2026-09-03T01:00:00+09:00,environment
V02Q1940129_2026-09-03T02:00:00+09:00,37.497655712,127.074468747,44.0,2026-09-03T02:00:00+09:00,environment
V02Q1940129_2026-09-03T03:00:00+09:00,37.497655712,127.074468747,46.0,2026-09-03T03:00:00+09:00,environment
V02Q1940129_2026-09-03T04:00:00+09:00,37.497655712,127.074468747,47.0,2026-09-03T04:00:00+09:00,environment
V02Q1940129_2026-09-03T05:00:00+09:00,37.497655712,127.074468747,49.0,2026-09-03T05:00:00+09:00,environment
V02Q1940129_2026-09-03T06:00:00+09:00,37.497655712,127.074468747,50.0,2026-09-03T06:00:00+09:00,environment
V02Q1940129_2026-09-03T07:00:00+09:00,37.497655712,127.074468747,49.0,2026-09-03T07:00:00+09:00,environment
V02Q1940129_2026-09-03T08:00:00+09:00,37.497655712,127.074468747,47.0,2026-09-03T08:00:00+09:00,environment
V02Q1940129_2026-09-03T09:00:00+09:00,37.497655712,127.074468747,47.0,2026-09-03T09:00:00+09:00,environment
V02Q1940129_2026-09-03T10:00:00+09:00,37.497655712,127.074468747,50.0,2026-09-03T10:00:00+09:00,environment
V02Q1940129_2026-09-03T11:00:00+09:00,37.497655712,127.074468747,54.0,2026-09-03T11:00:00+09:00,environment
V02Q1940129_2026-09-03T12:00:00+09:00,37.497655712,127.074468747,51.0,2026-09-03T12:00:00+09:00,environment
V02Q1940129_2026-09-03T13:00:00+09:00,37.497655712,127.074468747,53.0,2026-09-03T13:00:00+09:00,environment
V02Q1940129_2026-09-03T14:00:00+09:00,37.497655712,127.074468747,52.0,2026-09-03T14:00:00+09:00,environment
V02Q1940129_2026-09-03T15:00:00+09:00,37.497655712,127.074468747,50.0,2026-09-03T15:00:00+09:00,environment
V02Q1940129_2026-09-03T16:00:00+09:00,37.497655712,127.074468747,47.0,2026-09-03T16:00:00+09:00,environment
V02Q1940129_2026-09-03T17:00:00+09:00,37.497655712,127.074468747,47.0,2026-09-03T17:00:00+09:00,environment
V02Q1940129_2026-09-03T18:00:00+09:00,37.497655712,127.074468747,45.0,2026-09-03T18:00:00+09:00,environment
V02Q1940129_2026-09-03T19:00:00+09:00,37.497655712,127.074468747,44.0,2026-09-03T19:00:00+09:00,environment
V02Q1940129_2026-09-03T20:00:00+09:00,37.497655712,127.074468747,51.0,2026-09-03T20:00:00+09:00,environment
V02Q1940129_2026-09-03T21:00:00+09:00,37.497655712,127.074468747,51.0,2026-09-03T21:00:00+09:00,environment
V02Q1940129_2026-09-03T22:00:00+09:00,37.497655712,127.074468747,49.0,2026-09-03T22:00:00+09:00,environment
V02Q1940129_2026-09-03T23:00:00+09:00,37.497655712,127.074468747,46.0,2026-09-03T23:00:00+09:00,environment
V02Q1940742_2026-09-03T09:00:00+09:00,37.501040267,127.109739451,50.0,2026-09-03T09:00:00+09:00,environment
V02Q1940742_2026-09-03T23:00:00+09:00,37.501040267,127.109739451,48.0,2026-09-03T23:00:00+09:00,environment
V02Q1940742_2026-09-03T22:00:00+09:00,37.501040267,127.109739451,49.0,2026-09-03T22:00:00+09:00,environment
V02Q1940742_2026-09-03T21:00:00+09:00,37.501040267,127.109739451,49.0,2026-09-03T21:00:00+09:00,environment
V02Q1940742_2026-09-03T20:00:00+09:00,37.501040267,127.109739451,49.0,2026-09-03T20:00:00+09:00,environment
V02Q1940742_2026-09-03T19:00:00+09:00,37.501040267,127.109739451,49.0,2026-09-03T19:00:00+09:00,environment
V02Q1940742_2026-09-03T18:00:00+09:00,37.501040267,127.109739451,50.0,2026-09-03T18:00:00+09:00,environment
V02Q1940742_2026-09-03T17:00:00+09:00,37.501040267,127.109739451,50.0,2026-09-03T17:00:00+09:00,environment
V02Q1940742_2026-09-03T16:00:00+09:00,37.501040267,127.109739451,50.0,2026-09-03T16:00:00+09:00,environment
V02Q1940742_2026-09-03T15:00:00+09:00,37.501040267,127.109739451,52.0,2026-09-03T15:00:00+09:00,environment
V02Q1940742_2026-09-03T14:00:00+09:00,37.501040267,127.109739451,50.0,2026-09-03T14:00:00+09:00,environment
V02Q1940742_2026-09-03T13:00:00+09:00,37.501040267,127.109739451,51.0,2026-09-03T13:00:00+09:00,environment
V02Q1940742_2026-09-03T12:00:00+09:00,37.501040267,127.109739451,50.0,2026-09-03T12:00:00+09:00,environment
V02Q1940742_2026-09-03T11:00:00+09:00,37.501040267,127.109739451,51.0,2026-09-03T11:00:00+09:00,environment
V02Q1940742_2026-09-03T10:00:00+09:00,37.501040267,127.109739451,50.0,2026-09-03T10:00:00+09:00,environment
V02Q1940742_2026-09-03T08:00:00+09:00,37.501040267,127.109739451,48.0,2026-09-03T08:00:00+09:00,environment
V02Q1940742_2026-09-03T07:00:00+09:00,37.501040267,127.109739451,47.0,2026-09-03T07:00:00+09:00,environment
V02Q1940742_2026-09-03T06:00:00+09:00,37.501040267,127.109739451,45.0,2026-09-03T06:00:00+09:00,environment
V02Q1940742_2026-09-03T05:00:00+09:00,37.501040267,127.109739451,45.0,2026-09-03T05:00:00+09:00,environment
V02Q1940742_2026-09-03T04:00:00+09:00,37.501040267,127.109739451,43.0,2026-09-03T04:00:00+09:00,environment
V02Q1940742_2026-09-03T03:00:00+09:00,37.501040267,127.109739451,43.0,2026-09-03T03:00:00+09:00,environment
V02Q1940742_2026-09-03T02:00:00+09:00,37.501040267,127.109739451,44.0,2026-09-03T02:00:00+09:00,environment
V02Q1940742_2026-09-03T01:00:00+09:00,37.501040267,127.109739451,45.0,2026-09-03T01:00:00+09:00,environment
V02Q1940742_2026-09-03T00:00:00+09:00,37.501040267,127.109739451,47.0,2026-09-03T00:00:00+09:00,environment
OC3CL200017_2026-09-04T01:07:00+09:00,37.52406575,127.1285088,60.0,2026-09-04T01:07:00+09:00,environment
OC3CL200135_2026-09-04T01:07:00+09:00,37.50215692,127.07044791,61.0,2026-09-04T01:07:00+09:00,environment
OC3CL200157_2026-09-04T01:07:00+09:00,37.492381245,127.094589306,65.0,2026-09-04T01:07:00+09:00,environment
OC3CL200207_2026-09-04T01:07:00+09:00,37.494957877,127.124194746,36.0,2026-09-04T01:07:00+09:00,environment
OC3CL210115_2026-09-04T01:07:00+09:00,37.525641,127.129665,56.0,2026-09-04T01:07:00+09:00,environment
V02Q1940079_2026-09-04T01:07:00+09:00,37.494102447,127.082209375,35.0,2026-09-04T01:07:00+09:00,environment
V02Q1940082_2026-09-04T01:07:00+09:00,37.495507594,127.085748474,48.0,2026-09-04T01:07:00+09:00,environment
V02Q1940098_2026-09-04T01:07:00+09:00,37.48670146,127.1000197,52.0,2026-09-04T01:07:00+09:00,environment
V02Q1940100_2026-09-04T01:07:00+09:00,37.494978959,127.093144214,59.0,2026-09-04T01:07:00+09:00,environment
V02Q1940117_2026-09-04T01:07:00+09:00,37.508537127,127.087121735,49.0,2026-09-04T01:07:00+09:00,environment
V02Q1940246_2026-09-04T01:07:00+09:00,37.49920086,127.072395308,45.0,2026-09-04T01:07:00+09:00,environment
V02Q1940391_2026-09-04T01:07:00+09:00,37.528616803,127.085121222,43.0,2026-09-04T01:07:00+09:00,environment
V02Q1940392_2026-09-04T01:07:00+09:00,37.538286643,127.09239683,48.0,2026-09-04T01:07:00+09:00,environment
V02Q1940403_2026-09-04T01:07:00+09:00,37.534309074,127.081985567,45.0,2026-09-04T01:07:00+09:00,environment
V02Q1940411_2026-09-04T01:07:00+09:00,37.533878243,127.091521,37.0,2026-09-04T01:07:00+09:00,environment
V02Q1940506_2026-09-04T01:07:00+09:00,37.535029673,127.093240689,46.0,2026-09-04T01:07:00+09:00,environment
V02Q1940507_2026-09-04T01:07:00+09:00,37.531277474,127.123271252,38.0,2026-09-04T01:07:00+09:00,environment
V02Q1940679_2026-09-04T01:07:00+09:00,37.495212727,127.121438826,48.0,2026-09-04T01:07:00+09:00,environment
V02Q1940706_2026-09-04T01:07:00+09:00,37.502049127,127.117110751,42.0,2026-09-04T01:07:00+09:00,environment
V02Q1940708_2026-09-04T01:07:00+09:00,37.514300619,127.091447797,46.0,2026-09-04T01:07:00+09:00,environment
V02Q1940713_2026-09-04T01:07:00+09:00,37.516185359,127.114540561,43.0,2026-09-04T01:07:00+09:00,environment
V02Q1940714_2026-09-04T01:07:00+09:00,37.513385412,127.10686824,52.0,2026-09-04T01:07:00+09:00,environment
V02Q1940734_2026-09-04T01:07:00+09:00,37.518407904,127.100366298,36.0,2026-09-04T01:07:00+09:00,environment
V02Q1940736_2026-09-04T01:07:00+09:00,37.504194933,127.128187719,42.0,2026-09-04T01:07:00+09:00,environment
V02Q1940767_2026-09-04T01:07:00+09:00,37.502603852,127.092310875,43.0,2026-09-04T01:07:00+09:00,environment
V02Q1940772_2026-09-04T01:07:00+09:00,37.503635193,127.103503284,48.0,2026-09-04T01:07:00+09:00,environment
V02Q1940775_2026-09-04T01:07:00+09:00,37.505801455,127.109663753,45.0,2026-09-04T01:07:00+09:00,environment
V02Q1940781_2026-09-04T01:07:00+09:00,37.506173683,127.084756221,38.0,2026-09-04T01:07:00+09:00,environment
V02Q1940784_2026-09-04T01:07:00+09:00,37.498247757,127.126296648,40.0,2026-09-04T01:07:00+09:00,environment
V02Q1940787_2026-09-04T01:07:00+09:00,37.512955044,127.094661921,37.0,2026-09-04T01:07:00+09:00,environment
V02Q1940788_2026-09-04T01:07:00+09:00,37.509617855,127.0741524,45.0,2026-09-04T01:07:00+09:00,environment
V02Q1940790_2026-09-04T01:07:00+09:00,37.514278277,127.112258966,39.0,2026-09-04T01:07:00+09:00,environment
V02Q1940800_2026-09-04T01:07:00+09:00,37.519952859,127.1123122,44.0,2026-09-04T01:07:00+09:00,environment
V02Q1940811_2026-09-04T01:07:00+09:00,37.52727312,127.116249051,49.0,2026-09-04T01:07:00+09:00,environment
V02Q1940819_2026-09-04T01:07:00+09:00,37.507344263,127.104688643,41.0,2026-09-04T01:07:00+09:00,environment
V02Q1940820_2026-09-04T01:07:00+09:00,37.511104225,127.102321793,56.0,2026-09-04T01:07:00+09:00,environment
V02Q1940821_2026-09-04T01:07:00+09:00,37.502832774,127.108694904,47.0,2026-09-04T01:07:00+09:00,environment
V02Q1940832_2026-09-04T01:07:00+09:00,37.511768309,127.124209484,40.0,2026-09-04T01:07:00+09:00,environment
V02Q1940838_2026-09-04T01:07:00+09:00,37.51767925,127.08881891,43.0,2026-09-04T01:07:00+09:00,environment
V02Q1940847_2026-09-04T01:07:00+09:00,37.489683491,127.111908205,35.0,2026-09-04T01:07:00+09:00,environment
V02Q1940873_2026-09-04T01:07:00+09:00,37.53247211,127.114301129,48.0,2026-09-04T01:07:00+09:00,environment
V02Q1940941_2026-09-04T01:07:00+09:00,37.509088133,127.084056858,44.0,2026-09-04T01:07:00+09:00,environment
V02Q1940392_2026-09-04T02:07:00+09:00,37.538286643,127.09239683,47.0,2026-09-04T02:07:00+09:00,environment
V02Q1940403_2026-09-04T02:07:00+09:00,37.534309074,127.081985567,45.0,2026-09-04T02:07:00+09:00,environment
V02Q1940391_2026-09-04T02:07:00+09:00,37.528616803,127.085121222,43.0,2026-09-04T02:07:00+09:00,environment
V02Q1940411_2026-09-04T02:07:00+09:00,37.533878243,127.091521,37.0,2026-09-04T02:07:00+09:00,environment
V02Q1940506_2026-09-04T02:07:00+09:00,37.535029673,127.093240689,45.0,2026-09-04T02:07:00+09:00,environment
V02Q1940679_2026-09-04T02:07:00+09:00,37.495212727,127.121438826,47.0,2026-09-04T02:07:00+09:00,environment
V02Q1940734_2026-09-04T02:07:00+09:00,37.518407904,127.100366298,37.0,2026-09-04T02:07:00+09:00,environment
V02Q1940784_2026-09-04T02:07:00+09:00,37.498247757,127.126296648,39.0,2026-09-04T02:07:00+09:00,environment
V02Q1940706_2026-09-04T02:07:00+09:00,37.502049127,127.117110751,42.0,2026-09-04T02:07:00+09:00,environment
V02Q1940708_2026-09-04T02:07:00+09:00,37.514300619,127.091447797,46.0,2026-09-04T02:07:00+09:00,environment
V02Q1940714_2026-09-04T02:07:00+09:00,37.513385412,127.10686824,52.0,2026-09-04T02:07:00+09:00,environment
V02Q1940736_2026-09-04T02:07:00+09:00,37.504194933,127.128187719,44.0,2026-09-04T02:07:00+09:00,environment
V02Q1940767_2026-09-04T02:07:00+09:00,37.502603852,127.092310875,44.0,2026-09-04T02:07:00+09:00,environment
V02Q1940772_2026-09-04T02:07:00+09:00,37.503635193,127.103503284,47.0,2026-09-04T02:07:00+09:00,environment
V02Q1940775_2026-09-04T02:07:00+09:00,37.505801455,127.109663753,44.0,2026-09-04T02:07:00+09:00,environment
V02Q1940781_2026-09-04T02:07:00+09:00,37.506173683,127.084756221,39.0,2026-09-04T02:07:00+09:00,environment
V02Q1940787_2026-09-04T02:07:00+09:00,37.512955044,127.094661921,37.0,2026-09-04T02:07:00+09:00,environment
V02Q1940788_2026-09-04T02:07:00+09:00,37.509617855,127.0741524,47.0,2026-09-04T02:07:00+09:00,environment
V02Q1940790_2026-09-04T02:07:00+09:00,37.514278277,127.112258966,37.0,2026-09-04T02:07:00+09:00,environment
V02Q1940800_2026-09-04T02:07:00+09:00,37.519952859,127.1123122,44.0,2026-09-04T02:07:00+09:00,environment
V02Q1940832_2026-09-04T02:07:00+09:00,37.511768309,127.124209484,40.0,2026-09-04T02:07:00+09:00,environment
V02Q1940847_2026-09-04T02:07:00+09:00,37.489683491,127.111908205,35.0,2026-09-04T02:07:00+09:00,environment
V02Q1940873_2026-09-04T02:07:00+09:00,37.53247211,127.114301129,48.0,2026-09-04T02:07:00+09:00,environment
V02Q1940117_2026-09-04T02:07:00+09:00,37.508537127,127.087121735,47.0,2026-09-04T02:07:00+09:00,environment
V02Q1940507_2026-09-04T02:07:00+09:00,37.531277474,127.123271252,37.0,2026-09-04T02:07:00+09:00,environment
V02Q1940713_2026-09-04T02:07:00+09:00,37.516185359,127.114540561,42.0,2026-09-04T02:07:00+09:00,environment
V02Q1940811_2026-09-04T02:07:00+09:00,37.52727312,127.116249051,49.0,2026-09-04T02:07:00+09:00,environment
V02Q1940819_2026-09-04T02:07:00+09:00,37.507344263,127.104688643,39.0,2026-09-04T02:07:00+09:00,environment
V02Q1940820_2026-09-04T02:07:00+09:00,37.511104225,127.102321793,54.0,2026-09-04T02:07:00+09:00,environment
V02Q1940821_2026-09-04T02:07:00+09:00,37.502832774,127.108694904,46.0,2026-09-04T02:07:00+09:00,environment
V02Q1940838_2026-09-04T02:07:00+09:00,37.51767925,127.08881891,43.0,2026-09-04T02:07:00+09:00,environment
V02Q1940941_2026-09-04T02:07:00+09:00,37.509088133,127.084056858,44.0,2026-09-04T02:07:00+09:00,environment
V02Q1940079_2026-09-04T02:07:00+09:00,37.494102447,127.082209375,35.0,2026-09-04T02:07:00+09:00,environment
V02Q1940098_2026-09-04T02:07:00+09:00,37.48670146,127.1000197,55.0,2026-09-04T02:07:00+09:00,environment
V02Q1940246_2026-09-04T02:07:00+09:00,37.49920086,127.072395308,47.0,2026-09-04T02:07:00+09:00,environment
V02Q1940082_2026-09-04T02:07:00+09:00,37.495507594,127.085748474,47.0,2026-09-04T02:07:00+09:00,environment
V02Q1940100_2026-09-04T02:07:00+09:00,37.494978959,127.093144214,58.0,2026-09-04T02:07:00+09:00,environment
OC3CL200157_2026-09-04T02:07:00+09:00,37.492381245,127.094589306,64.0,2026-09-04T02:07:00+09:00,environment
OC3CL200135_2026-09-04T02:07:00+09:00,37.50215692,127.07044791,60.0,2026-09-04T02:07:00+09:00,environment
OC3CL200207_2026-09-04T02:07:00+09:00,37.494957877,127.124194746,35.0,2026-09-04T02:07:00+09:00,environment
OC3CL210115_2026-09-04T02:07:00+09:00,37.525641,127.129665,54.0,2026-09-04T02:07:00+09:00,environment
V02Q1940392_2026-09-04T03:07:00+09:00,37.538286643,127.09239683,50.0,2026-09-04T03:07:00+09:00,environment
V02Q1940403_2026-09-04T03:07:00+09:00,37.534309074,127.081985567,46.0,2026-09-04T03:07:00+09:00,environment
V02Q1940391_2026-09-04T03:07:00+09:00,37.528616803,127.085121222,43.0,2026-09-04T03:07:00+09:00,environment
V02Q1940411_2026-09-04T03:07:00+09:00,37.533878243,127.091521,38.0,2026-09-04T03:07:00+09:00,environment
V02Q1940506_2026-09-04T03:07:00+09:00,37.535029673,127.093240689,45.0,2026-09-04T03:07:00+09:00,environment
V02Q1940679_2026-09-04T03:07:00+09:00,37.495212727,127.121438826,47.0,2026-09-04T03:07:00+09:00,environment
V02Q1940734_2026-09-04T03:07:00+09:00,37.518407904,127.100366298,39.0,2026-09-04T03:07:00+09:00,environment
V02Q1940767_2026-09-04T03:07:00+09:00,37.502603852,127.092310875,45.0,2026-09-04T03:07:00+09:00,environment
V02Q1940784_2026-09-04T03:07:00+09:00,37.498247757,127.126296648,45.0,2026-09-04T03:07:00+09:00,environment
V02Q1940790_2026-09-04T03:07:00+09:00,37.514278277,127.112258966,37.0,2026-09-04T03:07:00+09:00,environment
V02Q1940706_2026-09-04T03:07:00+09:00,37.502049127,127.117110751,43.0,2026-09-04T03:07:00+09:00,environment
V02Q1940708_2026-09-04T03:07:00+09:00,37.514300619,127.091447797,46.0,2026-09-04T03:07:00+09:00,environment
V02Q1940713_2026-09-04T03:07:00+09:00,37.516185359,127.114540561,41.0,2026-09-04T03:07:00+09:00,environment
V02Q1940714_2026-09-04T03:07:00+09:00,37.513385412,127.10686824,52.0,2026-09-04T03:07:00+09:00,environment
V02Q1940736_2026-09-04T03:07:00+09:00,37.504194933,127.128187719,46.0,2026-09-04T03:07:00+09:00,environment
V02Q1940772_2026-09-04T03:07:00+09:00,37.503635193,127.103503284,46.0,2026-09-04T03:07:00+09:00,environment
V02Q1940775_2026-09-04T03:07:00+09:00,37.505801455,127.109663753,44.0,2026-09-04T03:07:00+09:00,environment
V02Q1940781_2026-09-04T03:07:00+09:00,37.506173683,127.084756221,41.0,2026-09-04T03:07:00+09:00,environment
V02Q1940787_2026-09-04T03:07:00+09:00,37.512955044,127.094661921,39.0,2026-09-04T03:07:00+09:00,environment
V02Q1940788_2026-09-04T03:07:00+09:00,37.509617855,127.0741524,49.0,2026-09-04T03:07:00+09:00,environment
V02Q1940800_2026-09-04T03:07:00+09:00,37.519952859,127.1123122,44.0,2026-09-04T03:07:00+09:00,environment
V02Q1940811_2026-09-04T03:07:00+09:00,37.52727312,127.116249051,50.0,2026-09-04T03:07:00+09:00,environment
V02Q1940832_2026-09-04T03:07:00+09:00,37.511768309,127.124209484,45.0,2026-09-04T03:07:00+09:00,environment
V02Q1940847_2026-09-04T03:07:00+09:00,37.489683491,127.111908205,35.0,2026-09-04T03:07:00+09:00,environment
V02Q1940873_2026-09-04T03:07:00+09:00,37.53247211,127.114301129,51.0,2026-09-04T03:07:00+09:00,environment
V02Q1940941_2026-09-04T03:07:00+09:00,37.509088133,127.084056858,41.0,2026-09-04T03:07:00+09:00,environment
V02Q1940507_2026-09-04T03:07:00+09:00,37.531277474,127.123271252,39.0,2026-09-04T03:07:00+09:00,environment
V02Q1940819_2026-09-04T03:07:00+09:00,37.507344263,127.104688643,39.0,2026-09-04T03:07:00+09:00,environment
V02Q1940820_2026-09-04T03:07:00+09:00,37.511104225,127.102321793,53.0,2026-09-04T03:07:00+09:00,environment
V02Q1940821_2026-09-04T03:07:00+09:00,37.502832774,127.108694904,43.0,2026-09-04T03:07:00+09:00,environment
V02Q1940838_2026-09-04T03:07:00+09:00,37.51767925,127.08881891,43.0,2026-09-04T03:07:00+09:00,environment
V02Q1940079_2026-09-04T03:07:00+09:00,37.494102447,127.082209375,35.0,2026-09-04T03:07:00+09:00,environment
V02Q1940246_2026-09-04T03:07:00+09:00,37.49920086,127.072395308,48.0,2026-09-04T03:07:00+09:00,environment
V02Q1940082_2026-09-04T03:07:00+09:00,37.495507594,127.085748474,48.0,2026-09-04T03:07:00+09:00,environment
V02Q1940098_2026-09-04T03:07:00+09:00,37.48670146,127.1000197,52.0,2026-09-04T03:07:00+09:00,environment
V02Q1940100_2026-09-04T03:07:00+09:00,37.494978959,127.093144214,58.0,2026-09-04T03:07:00+09:00,environment
OC3CL200135_2026-09-04T03:07:00+09:00,37.50215692,127.07044791,60.0,2026-09-04T03:07:00+09:00,environment
OC3CL200157_2026-09-04T03:07:00+09:00,37.492381245,127.094589306,64.0,2026-09-04T03:07:00+09:00,environment
OC3CL200207_2026-09-04T03:07:00+09:00,37.494957877,127.124194746,35.0,2026-09-04T03:07:00+09:00,environment
OC3CL210115_2026-09-04T03:07:00+09:00,37.525641,127.129665,54.0,2026-09-04T03:07:00+09:00,environment
OC3CL200135_2026-09-04T04:07:00+09:00,37.50215692,127.07044791,60.0,2026-09-04T04:07:00+09:00,environment
OC3CL200141_2026-09-04T04:07:00+09:00,37.48877157,127.1067039,57.0,2026-09-04T04:07:00+09:00,environment
OC3CL200157_2026-09-04T04:07:00+09:00,37.492381245,127.094589306,63.0,2026-09-04T04:07:00+09:00,environment
OC3CL200207_2026-09-04T04:07:00+09:00,37.494957877,127.124194746,35.0,2026-09-04T04:07:00+09:00,environment
OC3CL210115_2026-09-04T04:07:00+09:00,37.525641,127.129665,53.0,2026-09-04T04:07:00+09:00,environment
V02Q1940079_2026-09-04T04:07:00+09:00,37.494102447,127.082209375,35.0,2026-09-04T04:07:00+09:00,environment
V02Q1940082_2026-09-04T04:07:00+09:00,37.495507594,127.085748474,47.0,2026-09-04T04:07:00+09:00,environment
V02Q1940098_2026-09-04T04:07:00+09:00,37.48670146,127.1000197,51.0,2026-09-04T04:07:00+09:00,environment
V02Q1940100_2026-09-04T04:07:00+09:00,37.494978959,127.093144214,57.0,2026-09-04T04:07:00+09:00,environment
V02Q1940117_2026-09-04T04:07:00+09:00,37.508537127,127.087121735,54.0,2026-09-04T04:07:00+09:00,environment
V02Q1940246_2026-09-04T04:07:00+09:00,37.49920086,127.072395308,48.0,2026-09-04T04:07:00+09:00,environment
V02Q1940391_2026-09-04T04:07:00+09:00,37.528616803,127.085121222,44.0,2026-09-04T04:07:00+09:00,environment
V02Q1940392_2026-09-04T04:07:00+09:00,37.538286643,127.09239683,52.0,2026-09-04T04:07:00+09:00,environment
V02Q1940403_2026-09-04T04:07:00+09:00,37.534309074,127.081985567,44.0,2026-09-04T04:07:00+09:00,environment
V02Q1940411_2026-09-04T04:07:00+09:00,37.533878243,127.091521,37.0,2026-09-04T04:07:00+09:00,environment
V02Q1940506_2026-09-04T04:07:00+09:00,37.535029673,127.093240689,47.0,2026-09-04T04:07:00+09:00,environment
V02Q1940507_2026-09-04T04:07:00+09:00,37.531277474,127.123271252,41.0,2026-09-04T04:07:00+09:00,environment
V02Q1940679_2026-09-04T04:07:00+09:00,37.495212727,127.121438826,46.0,2026-09-04T04:07:00+09:00,environment
V02Q1940706_2026-09-04T04:07:00+09:00,37.502049127,127.117110751,46.0,2026-09-04T04:07:00+09:00,environment
V02Q1940708_2026-09-04T04:07:00+09:00,37.514300619,127.091447797,47.0,2026-09-04T04:07:00+09:00,environment
V02Q1940713_2026-09-04T04:07:00+09:00,37.516185359,127.114540561,41.0,2026-09-04T04:07:00+09:00,environment
V02Q1940714_2026-09-04T04:07:00+09:00,37.513385412,127.10686824,52.0,2026-09-04T04:07:00+09:00,environment
V02Q1940734_2026-09-04T04:07:00+09:00,37.518407904,127.100366298,42.0,2026-09-04T04:07:00+09:00,environment
V02Q1940736_2026-09-04T04:07:00+09:00,37.504194933,127.128187719,50.0,2026-09-04T04:07:00+09:00,environment
V02Q1940767_2026-09-04T04:07:00+09:00,37.502603852,127.092310875,47.0,2026-09-04T04:07:00+09:00,environment
V02Q1940772_2026-09-04T04:07:00+09:00,37.503635193,127.103503284,45.0,2026-09-04T04:07:00+09:00,environment
V02Q1940775_2026-09-04T04:07:00+09:00,37.505801455,127.109663753,43.0,2026-09-04T04:07:00+09:00,environment
V02Q1940781_2026-09-04T04:07:00+09:00,37.506173683,127.084756221,40.0,2026-09-04T04:07:00+09:00,environment
V02Q1940784_2026-09-04T04:07:00+09:00,37.498247757,127.126296648,50.0,2026-09-04T04:07:00+09:00,environment
V02Q1940787_2026-09-04T04:07:00+09:00,37.512955044,127.094661921,42.0,2026-09-04T04:07:00+09:00,environment
V02Q1940788_2026-09-04T04:07:00+09:00,37.509617855,127.0741524,49.0,2026-09-04T04:07:00+09:00,environment
V02Q1940790_2026-09-04T04:07:00+09:00,37.514278277,127.112258966,40.0,2026-09-04T04:07:00+09:00,environment
V02Q1940800_2026-09-04T04:07:00+09:00,37.519952859,127.1123122,42.0,2026-09-04T04:07:00+09:00,environment
V02Q1940811_2026-09-04T04:07:00+09:00,37.52727312,127.116249051,50.0,2026-09-04T04:07:00+09:00,environment
V02Q1940819_2026-09-04T04:07:00+09:00,37.507344263,127.104688643,38.0,2026-09-04T04:07:00+09:00,environment
V02Q1940820_2026-09-04T04:07:00+09:00,37.511104225,127.102321793,51.0,2026-09-04T04:07:00+09:00,environment
V02Q1940821_2026-09-04T04:07:00+09:00,37.502832774,127.108694904,44.0,2026-09-04T04:07:00+09:00,environment
V02Q1940832_2026-09-04T04:07:00+09:00,37.511768309,127.124209484,43.0,2026-09-04T04:07:00+09:00,environment
V02Q1940838_2026-09-04T04:07:00+09:00,37.51767925,127.08881891,43.0,2026-09-04T04:07:00+09:00,environment
V02Q1940847_2026-09-04T04:07:00+09:00,37.489683491,127.111908205,35.0,2026-09-04T04:07:00+09:00,environment
V02Q1940873_2026-09-04T04:07:00+09:00,37.53247211,127.114301129,55.0,2026-09-04T04:07:00+09:00,environment
V02Q1940941_2026-09-04T04:07:00+09:00,37.509088133,127.084056858,39.0,2026-09-04T04:07:00+09:00,environment
OC3CL200135_2026-09-04T05:07:00+09:00,37.50215692,127.07044791,61.0,2026-09-04T05:07:00+09:00,environment
OC3CL200141_2026-09-04T05:07:00+09:00,37.48877157,127.1067039,58.0,2026-09-04T05:07:00+09:00,environment
OC3CL200157_2026-09-04T05:07:00+09:00,37.492381245,127.094589306,65.0,2026-09-04T05:07:00+09:00,environment
OC3CL200207_2026-09-04T05:07:00+09:00,37.494957877,127.124194746,35.0,2026-09-04T05:07:00+09:00,environment
OC3CL210115_2026-09-04T05:07:00+09:00,37.525641,127.129665,54.0,2026-09-04T05:07:00+09:00,environment
V02Q1940079_2026-09-04T05:07:00+09:00,37.494102447,127.082209375,35.0,2026-09-04T05:07:00+09:00,environment
V02Q1940082_2026-09-04T05:07:00+09:00,37.495507594,127.085748474,48.0,2026-09-04T05:07:00+09:00,environment
V02Q1940098_2026-09-04T05:07:00+09:00,37.48670146,127.1000197,51.0,2026-09-04T05:07:00+09:00,environment
V02Q1940100_2026-09-04T05:07:00+09:00,37.494978959,127.093144214,57.0,2026-09-04T05:07:00+09:00,environment
V02Q1940246_2026-09-04T05:07:00+09:00,37.49920086,127.072395308,49.0,2026-09-04T05:07:00+09:00,environment
V02Q1940391_2026-09-04T05:07:00+09:00,37.528616803,127.085121222,45.0,2026-09-04T05:07:00+09:00,environment
V02Q1940392_2026-09-04T05:07:00+09:00,37.538286643,127.09239683,52.0,2026-09-04T05:07:00+09:00,environment
V02Q1940403_2026-09-04T05:07:00+09:00,37.534309074,127.081985567,45.0,2026-09-04T05:07:00+09:00,environment
V02Q1940411_2026-09-04T05:07:00+09:00,37.533878243,127.091521,37.0,2026-09-04T05:07:00+09:00,environment
V02Q1940506_2026-09-04T05:07:00+09:00,37.535029673,127.093240689,46.0,2026-09-04T05:07:00+09:00,environment
V02Q1940507_2026-09-04T05:07:00+09:00,37.531277474,127.123271252,43.0,2026-09-04T05:07:00+09:00,environment
V02Q1940679_2026-09-04T05:07:00+09:00,37.495212727,127.121438826,45.0,2026-09-04T05:07:00+09:00,environment
V02Q1940706_2026-09-04T05:07:00+09:00,37.502049127,127.117110751,48.0,2026-09-04T05:07:00+09:00,environment
V02Q1940708_2026-09-04T05:07:00+09:00,37.514300619,127.091447797,50.0,2026-09-04T05:07:00+09:00,environment
V02Q1940713_2026-09-04T05:07:00+09:00,37.516185359,127.114540561,42.0,2026-09-04T05:07:00+09:00,environment
V02Q1940714_2026-09-04T05:07:00+09:00,37.513385412,127.10686824,53.0,2026-09-04T05:07:00+09:00,environment
V02Q1940734_2026-09-04T05:07:00+09:00,37.518407904,127.100366298,42.0,2026-09-04T05:07:00+09:00,environment
V02Q1940736_2026-09-04T05:07:00+09:00,37.504194933,127.128187719,52.0,2026-09-04T05:07:00+09:00,environment
V02Q1940767_2026-09-04T05:07:00+09:00,37.502603852,127.092310875,49.0,2026-09-04T05:07:00+09:00,environment
V02Q1940772_2026-09-04T05:07:00+09:00,37.503635193,127.103503284,45.0,2026-09-04T05:07:00+09:00,environment
V02Q1940775_2026-09-04T05:07:00+09:00,37.505801455,127.109663753,43.0,2026-09-04T05:07:00+09:00,environment
V02Q1940781_2026-09-04T05:07:00+09:00,37.506173683,127.084756221,40.0,2026-09-04T05:07:00+09:00,environment
V02Q1940784_2026-09-04T05:07:00+09:00,37.498247757,127.126296648,53.0,2026-09-04T05:07:00+09:00,environment
V02Q1940787_2026-09-04T05:07:00+09:00,37.512955044,127.094661921,44.0,2026-09-04T05:07:00+09:00,environment
V02Q1940788_2026-09-04T05:07:00+09:00,37.509617855,127.0741524,51.0,2026-09-04T05:07:00+09:00,environment
V02Q1940790_2026-09-04T05:07:00+09:00,37.514278277,127.112258966,44.0,2026-09-04T05:07:00+09:00,environment
V02Q1940800_2026-09-04T05:07:00+09:00,37.519952859,127.1123122,43.0,2026-09-04T05:07:00+09:00,environment
V02Q1940811_2026-09-04T05:07:00+09:00,37.52727312,127.116249051,51.0,2026-09-04T05:07:00+09:00,environment
V02Q1940819_2026-09-04T05:07:00+09:00,37.507344263,127.104688643,39.0,2026-09-04T05:07:00+09:00,environment
V02Q1940820_2026-09-04T05:07:00+09:00,37.511104225,127.102321793,54.0,2026-09-04T05:07:00+09:00,environment
V02Q1940821_2026-09-04T05:07:00+09:00,37.502832774,127.108694904,44.0,2026-09-04T05:07:00+09:00,environment
V02Q1940832_2026-09-04T05:07:00+09:00,37.511768309,127.124209484,44.0,2026-09-04T05:07:00+09:00,environment
V02Q1940838_2026-09-04T05:07:00+09:00,37.51767925,127.08881891,43.0,2026-09-04T05:07:00+09:00,environment
V02Q1940847_2026-09-04T05:07:00+09:00,37.489683491,127.111908205,35.0,2026-09-04T05:07:00+09:00,environment
V02Q1940873_2026-09-04T05:07:00+09:00,37.53247211,127.114301129,56.0,2026-09-04T05:07:00+09:00,environment
V02Q1940941_2026-09-04T05:07:00+09:00,37.509088133,127.084056858,40.0,2026-09-04T05:07:00+09:00,environment
OC3CL200135_2026-09-04T06:07:00+09:00,37.50215692,127.07044791,62.0,2026-09-04T06:07:00+09:00,environment
OC3CL200141_2026-09-04T06:07:00+09:00,37.48877157,127.1067039,61.0,2026-09-04T06:07:00+09:00,environment
OC3CL200157_2026-09-04T06:07:00+09:00,37.492381245,127.094589306,68.0,2026-09-04T06:07:00+09:00,environment
OC3CL200207_2026-09-04T06:07:00+09:00,37.494957877,127.124194746,36.0,2026-09-04T06:07:00+09:00,environment
OC3CL210115_2026-09-04T06:07:00+09:00,37.525641,127.129665,59.0,2026-09-04T06:07:00+09:00,environment
V02Q1940079_2026-09-04T06:07:00+09:00,37.494102447,127.082209375,35.0,2026-09-04T06:07:00+09:00,environment
V02Q1940082_2026-09-04T06:07:00+09:00,37.495507594,127.085748474,49.0,2026-09-04T06:07:00+09:00,environment
V02Q1940098_2026-09-04T06:07:00+09:00,37.48670146,127.1000197,53.0,2026-09-04T06:07:00+09:00,environment
V02Q1940100_2026-09-04T06:07:00+09:00,37.494978959,127.093144214,60.0,2026-09-04T06:07:00+09:00,environment
V02Q1940246_2026-09-04T06:07:00+09:00,37.49920086,127.072395308,51.0,2026-09-04T06:07:00+09:00,environment
V02Q1940391_2026-09-04T06:07:00+09:00,37.528616803,127.085121222,46.0,2026-09-04T06:07:00+09:00,environment
V02Q1940392_2026-09-04T06:07:00+09:00,37.538286643,127.09239683,51.0,2026-09-04T06:07:00+09:00,environment
V02Q1940403_2026-09-04T06:07:00+09:00,37.534309074,127.081985567,47.0,2026-09-04T06:07:00+09:00,environment
V02Q1940411_2026-09-04T06:07:00+09:00,37.533878243,127.091521,37.0,2026-09-04T06:07:00+09:00,environment
V02Q1940506_2026-09-04T06:07:00+09:00,37.535029673,127.093240689,49.0,2026-09-04T06:07:00+09:00,environment
V02Q1940507_2026-09-04T06:07:00+09:00,37.531277474,127.123271252,46.0,2026-09-04T06:07:00+09:00,environment
V02Q1940679_2026-09-04T06:07:00+09:00,37.495212727,127.121438826,46.0,2026-09-04T06:07:00+09:00,environment
V02Q1940706_2026-09-04T06:07:00+09:00,37.502049127,127.117110751,48.0,2026-09-04T06:07:00+09:00,environment
V02Q1940708_2026-09-04T06:07:00+09:00,37.514300619,127.091447797,49.0,2026-09-04T06:07:00+09:00,environment
V02Q1940713_2026-09-04T06:07:00+09:00,37.516185359,127.114540561,44.0,2026-09-04T06:07:00+09:00,environment
V02Q1940714_2026-09-04T06:07:00+09:00,37.513385412,127.10686824,53.0,2026-09-04T06:07:00+09:00,environment
V02Q1940734_2026-09-04T06:07:00+09:00,37.518407904,127.100366298,44.0,2026-09-04T06:07:00+09:00,environment
V02Q1940736_2026-09-04T06:07:00+09:00,37.504194933,127.128187719,50.0,2026-09-04T06:07:00+09:00,environment
V02Q1940767_2026-09-04T06:07:00+09:00,37.502603852,127.092310875,50.0,2026-09-04T06:07:00+09:00,environment
V02Q1940772_2026-09-04T06:07:00+09:00,37.503635193,127.103503284,46.0,2026-09-04T06:07:00+09:00,environment
V02Q1940775_2026-09-04T06:07:00+09:00,37.505801455,127.109663753,45.0,2026-09-04T06:07:00+09:00,environment
V02Q1940781_2026-09-04T06:07:00+09:00,37.506173683,127.084756221,41.0,2026-09-04T06:07:00+09:00,environment
V02Q1940784_2026-09-04T06:07:00+09:00,37.498247757,127.126296648,54.0,2026-09-04T06:07:00+09:00,environment
V02Q1940787_2026-09-04T06:07:00+09:00,37.512955044,127.094661921,45.0,2026-09-04T06:07:00+09:00,environment
V02Q1940788_2026-09-04T06:07:00+09:00,37.509617855,127.0741524,52.0,2026-09-04T06:07:00+09:00,environment
V02Q1940790_2026-09-04T06:07:00+09:00,37.514278277,127.112258966,44.0,2026-09-04T06:07:00+09:00,environment
V02Q1940800_2026-09-04T06:07:00+09:00,37.519952859,127.1123122,45.0,2026-09-04T06:07:00+09:00,environment
V02Q1940811_2026-09-04T06:07:00+09:00,37.52727312,127.116249051,51.0,2026-09-04T06:07:00+09:00,environment
V02Q1940819_2026-09-04T06:07:00+09:00,37.507344263,127.104688643,40.0,2026-09-04T06:07:00+09:00,environment
V02Q1940820_2026-09-04T06:07:00+09:00,37.511104225,127.102321793,53.0,2026-09-04T06:07:00+09:00,environment
V02Q1940821_2026-09-04T06:07:00+09:00,37.502832774,127.108694904,45.0,2026-09-04T06:07:00+09:00,environment
V02Q1940832_2026-09-04T06:07:00+09:00,37.511768309,127.124209484,44.0,2026-09-04T06:07:00+09:00,environment
V02Q1940838_2026-09-04T06:07:00+09:00,37.51767925,127.08881891,43.0,2026-09-04T06:07:00+09:00,environment
V02Q1940847_2026-09-04T06:07:00+09:00,37.489683491,127.111908205,35.0,2026-09-04T06:07:00+09:00,environment
V02Q1940873_2026-09-04T06:07:00+09:00,37.53247211,127.114301129,56.0,2026-09-04T06:07:00+09:00,environment
V02Q1940941_2026-09-04T06:07:00+09:00,37.509088133,127.084056858,40.0,2026-09-04T06:07:00+09:00,environment
V02Q1940391_2026-09-04T07:07:00+09:00,37.528616803,127.085121222,47.0,2026-09-04T07:07:00+09:00,environment
V02Q1940392_2026-09-04T07:07:00+09:00,37.538286643,127.09239683,50.0,2026-09-04T07:07:00+09:00,environment
V02Q1940403_2026-09-04T07:07:00+09:00,37.534309074,127.081985567,45.0,2026-09-04T07:07:00+09:00,environment
V02Q1940411_2026-09-04T07:07:00+09:00,37.533878243,127.091521,36.0,2026-09-04T07:07:00+09:00,environment
V02Q1940506_2026-09-04T07:07:00+09:00,37.535029673,127.093240689,51.0,2026-09-04T07:07:00+09:00,environment
V02Q1940679_2026-09-04T07:07:00+09:00,37.495212727,127.121438826,48.0,2026-09-04T07:07:00+09:00,environment
V02Q1940734_2026-09-04T07:07:00+09:00,37.518407904,127.100366298,42.0,2026-09-04T07:07:00+09:00,environment
V02Q1940767_2026-09-04T07:07:00+09:00,37.502603852,127.092310875,49.0,2026-09-04T07:07:00+09:00,environment
V02Q1940772_2026-09-04T07:07:00+09:00,37.503635193,127.103503284,48.0,2026-09-04T07:07:00+09:00,environment
V02Q1940784_2026-09-04T07:07:00+09:00,37.498247757,127.126296648,53.0,2026-09-04T07:07:00+09:00,environment
V02Q1940790_2026-09-04T07:07:00+09:00,37.514278277,127.112258966,42.0,2026-09-04T07:07:00+09:00,environment
V02Q1940706_2026-09-04T07:07:00+09:00,37.502049127,127.117110751,48.0,2026-09-04T07:07:00+09:00,environment
V02Q1940708_2026-09-04T07:07:00+09:00,37.514300619,127.091447797,50.0,2026-09-04T07:07:00+09:00,environment
V02Q1940714_2026-09-04T07:07:00+09:00,37.513385412,127.10686824,53.0,2026-09-04T07:07:00+09:00,environment
V02Q1940736_2026-09-04T07:07:00+09:00,37.504194933,127.128187719,46.0,2026-09-04T07:07:00+09:00,environment
V02Q1940775_2026-09-04T07:07:00+09:00,37.505801455,127.109663753,46.0,2026-09-04T07:07:00+09:00,environment
V02Q1940781_2026-09-04T07:07:00+09:00,37.506173683,127.084756221,39.0,2026-09-04T07:07:00+09:00,environment
V02Q1940787_2026-09-04T07:07:00+09:00,37.512955044,127.094661921,44.0,2026-09-04T07:07:00+09:00,environment
V02Q1940788_2026-09-04T07:07:00+09:00,37.509617855,127.0741524,50.0,2026-09-04T07:07:00+09:00,environment
V02Q1940800_2026-09-04T07:07:00+09:00,37.519952859,127.1123122,46.0,2026-09-04T07:07:00+09:00,environment
V02Q1940811_2026-09-04T07:07:00+09:00,37.52727312,127.116249051,51.0,2026-09-04T07:07:00+09:00,environment
V02Q1940821_2026-09-04T07:07:00+09:00,37.502832774,127.108694904,48.0,2026-09-04T07:07:00+09:00,environment
V02Q1940832_2026-09-04T07:07:00+09:00,37.511768309,127.124209484,44.0,2026-09-04T07:07:00+09:00,environment
V02Q1940847_2026-09-04T07:07:00+09:00,37.489683491,127.111908205,35.0,2026-09-04T07:07:00+09:00,environment
V02Q1940873_2026-09-04T07:07:00+09:00,37.53247211,127.114301129,54.0,2026-09-04T07:07:00+09:00,environment
V02Q1940941_2026-09-04T07:07:00+09:00,37.509088133,127.084056858,39.0,2026-09-04T07:07:00+09:00,environment
V02Q1940713_2026-09-04T07:07:00+09:00,37.516185359,127.114540561,47.0,2026-09-04T07:07:00+09:00,environment
V02Q1940819_2026-09-04T07:07:00+09:00,37.507344263,127.104688643,42.0,2026-09-04T07:07:00+09:00,environment
V02Q1940820_2026-09-04T07:07:00+09:00,37.511104225,127.102321793,54.0,2026-09-04T07:07:00+09:00,environment
V02Q1940507_2026-09-04T07:07:00+09:00,37.531277474,127.123271252,45.0,2026-09-04T07:07:00+09:00,environment
V02Q1940838_2026-09-04T07:07:00+09:00,37.51767925,127.08881891,43.0,2026-09-04T07:07:00+09:00,environment
V02Q1940079_2026-09-04T07:07:00+09:00,37.494102447,127.082209375,35.0,2026-09-04T07:07:00+09:00,environment
V02Q1940246_2026-09-04T07:07:00+09:00,37.49920086,127.072395308,49.0,2026-09-04T07:07:00+09:00,environment
V02Q1940098_2026-09-04T07:07:00+09:00,37.48670146,127.1000197,55.0,2026-09-04T07:07:00+09:00,environment
V02Q1940100_2026-09-04T07:07:00+09:00,37.494978959,127.093144214,60.0,2026-09-04T07:07:00+09:00,environment
V02Q1940082_2026-09-04T07:07:00+09:00,37.495507594,127.085748474,52.0,2026-09-04T07:07:00+09:00,environment
OC3CL200135_2026-09-04T07:07:00+09:00,37.50215692,127.07044791,62.0,2026-09-04T07:07:00+09:00,environment
OC3CL200157_2026-09-04T07:07:00+09:00,37.492381245,127.094589306,71.0,2026-09-04T07:07:00+09:00,environment
OC3CL200141_2026-09-04T07:07:00+09:00,37.48877157,127.1067039,61.0,2026-09-04T07:07:00+09:00,environment
OC3CL200207_2026-09-04T07:07:00+09:00,37.494957877,127.124194746,38.0,2026-09-04T07:07:00+09:00,environment
OC3CL210115_2026-09-04T07:07:00+09:00,37.525641,127.129665,61.0,2026-09-04T07:07:00+09:00,environment
V02Q1940392_2026-09-04T08:07:00+09:00,37.538286643,127.09239683,46.0,2026-09-04T08:07:00+09:00,environment
V02Q1940403_2026-09-04T08:07:00+09:00,37.534309074,127.081985567,46.0,2026-09-04T08:07:00+09:00,environment
V02Q1940391_2026-09-04T08:07:00+09:00,37.528616803,127.085121222,46.0,2026-09-04T08:07:00+09:00,environment
V02Q1940411_2026-09-04T08:07:00+09:00,37.533878243,127.091521,39.0,2026-09-04T08:07:00+09:00,environment
V02Q1940506_2026-09-04T08:07:00+09:00,37.535029673,127.093240689,52.0,2026-09-04T08:07:00+09:00,environment
V02Q1940679_2026-09-04T08:07:00+09:00,37.495212727,127.121438826,48.0,2026-09-04T08:07:00+09:00,environment
V02Q1940734_2026-09-04T08:07:00+09:00,37.518407904,127.100366298,41.0,2026-09-04T08:07:00+09:00,environment
V02Q1940784_2026-09-04T08:07:00+09:00,37.498247757,127.126296648,50.0,2026-09-04T08:07:00+09:00,environment
V02Q1940706_2026-09-04T08:07:00+09:00,37.502049127,127.117110751,49.0,2026-09-04T08:07:00+09:00,environment
V02Q1940708_2026-09-04T08:07:00+09:00,37.514300619,127.091447797,51.0,2026-09-04T08:07:00+09:00,environment
V02Q1940714_2026-09-04T08:07:00+09:00,37.513385412,127.10686824,54.0,2026-09-04T08:07:00+09:00,environment
V02Q1940736_2026-09-04T08:07:00+09:00,37.504194933,127.128187719,48.0,2026-09-04T08:07:00+09:00,environment
V02Q1940767_2026-09-04T08:07:00+09:00,37.502603852,127.092310875,48.0,2026-09-04T08:07:00+09:00,environment
V02Q1940772_2026-09-04T08:07:00+09:00,37.503635193,127.103503284,51.0,2026-09-04T08:07:00+09:00,environment
V02Q1940775_2026-09-04T08:07:00+09:00,37.505801455,127.109663753,48.0,2026-09-04T08:07:00+09:00,environment
V02Q1940781_2026-09-04T08:07:00+09:00,37.506173683,127.084756221,39.0,2026-09-04T08:07:00+09:00,environment
V02Q1940787_2026-09-04T08:07:00+09:00,37.512955044,127.094661921,44.0,2026-09-04T08:07:00+09:00,environment
V02Q1940788_2026-09-04T08:07:00+09:00,37.509617855,127.0741524,50.0,2026-09-04T08:07:00+09:00,environment
V02Q1940790_2026-09-04T08:07:00+09:00,37.514278277,127.112258966,40.0,2026-09-04T08:07:00+09:00,environment
V02Q1940800_2026-09-04T08:07:00+09:00,37.519952859,127.1123122,49.0,2026-09-04T08:07:00+09:00,environment
V02Q1940832_2026-09-04T08:07:00+09:00,37.511768309,127.124209484,41.0,2026-09-04T08:07:00+09:00,environment
V02Q1940847_2026-09-04T08:07:00+09:00,37.489683491,127.111908205,35.0,2026-09-04T08:07:00+09:00,environment
V02Q1940873_2026-09-04T08:07:00+09:00,37.53247211,127.114301129,52.0,2026-09-04T08:07:00+09:00,environment
V02Q1940507_2026-09-04T08:07:00+09:00,37.531277474,127.123271252,44.0,2026-09-04T08:07:00+09:00,environment
V02Q1940713_2026-09-04T08:07:00+09:00,37.516185359,127.114540561,44.0,2026-09-04T08:07:00+09:00,environment
V02Q1940811_2026-09-04T08:07:00+09:00,37.52727312,127.116249051,51.0,2026-09-04T08:07:00+09:00,environment
V02Q1940819_2026-09-04T08:07:00+09:00,37.507344263,127.104688643,43.0,2026-09-04T08:07:00+09:00,environment
V02Q1940821_2026-09-04T08:07:00+09:00,37.502832774,127.108694904,50.0,2026-09-04T08:07:00+09:00,environment
V02Q1940838_2026-09-04T08:07:00+09:00,37.51767925,127.08881891,43.0,2026-09-04T08:07:00+09:00,environment
V02Q1940941_2026-09-04T08:07:00+09:00,37.509088133,127.084056858,40.0,2026-09-04T08:07:00+09:00,environment
V02Q1940820_2026-09-04T08:07:00+09:00,37.511104225,127.102321793,54.0,2026-09-04T08:07:00+09:00,environment
V02Q1940079_2026-09-04T08:07:00+09:00,37.494102447,127.082209375,35.0,2026-09-04T08:07:00+09:00,environment
V02Q1940098_2026-09-04T08:07:00+09:00,37.48670146,127.1000197,57.0,2026-09-04T08:07:00+09:00,environment
V02Q1940246_2026-09-04T08:07:00+09:00,37.49920086,127.072395308,47.0,2026-09-04T08:07:00+09:00,environment
V02Q1940082_2026-09-04T08:07:00+09:00,37.495507594,127.085748474,52.0,2026-09-04T08:07:00+09:00,environment
V02Q1940100_2026-09-04T08:07:00+09:00,37.494978959,127.093144214,61.0,2026-09-04T08:07:00+09:00,environment
OC3CL200157_2026-09-04T08:07:00+09:00,37.492381245,127.094589306,69.0,2026-09-04T08:07:00+09:00,environment
OC3CL200017_2026-09-04T08:07:00+09:00,37.52406575,127.1285088,67.0,2026-09-04T08:07:00+09:00,environment
OC3CL200135_2026-09-04T08:07:00+09:00,37.50215692,127.07044791,62.0,2026-09-04T08:07:00+09:00,environment
OC3CL200141_2026-09-04T08:07:00+09:00,37.48877157,127.1067039,60.0,2026-09-04T08:07:00+09:00,environment
OC3CL200207_2026-09-04T08:07:00+09:00,37.494957877,127.124194746,40.0,2026-09-04T08:07:00+09:00,environment
OC3CL210115_2026-09-04T08:07:00+09:00,37.525641,127.129665,62.0,2026-09-04T08:07:00+09:00,environment
OC3CL200017_2026-09-04T09:07:00+09:00,37.52406575,127.1285088,66.0,2026-09-04T09:07:00+09:00,environment
OC3CL200135_2026-09-04T09:07:00+09:00,37.50215692,127.07044791,62.0,2026-09-04T09:07:00+09:00,environment
OC3CL200157_2026-09-04T09:07:00+09:00,37.492381245,127.094589306,70.0,2026-09-04T09:07:00+09:00,environment
OC3CL200207_2026-09-04T09:07:00+09:00,37.494957877,127.124194746,44.0,2026-09-04T09:07:00+09:00,environment
OC3CL210115_2026-09-04T09:07:00+09:00,37.525641,127.129665,64.0,2026-09-04T09:07:00+09:00,environment
V02Q1940079_2026-09-04T09:07:00+09:00,37.494102447,127.082209375,35.0,2026-09-04T09:07:00+09:00,environment
V02Q1940082_2026-09-04T09:07:00+09:00,37.495507594,127.085748474,53.0,2026-09-04T09:07:00+09:00,environment
V02Q1940098_2026-09-04T09:07:00+09:00,37.48670146,127.1000197,58.0,2026-09-04T09:07:00+09:00,environment
V02Q1940100_2026-09-04T09:07:00+09:00,37.494978959,127.093144214,61.0,2026-09-04T09:07:00+09:00,environment
V02Q1940246_2026-09-04T09:07:00+09:00,37.49920086,127.072395308,48.0,2026-09-04T09:07:00+09:00,environment
V02Q1940391_2026-09-04T09:07:00+09:00,37.528616803,127.085121222,45.0,2026-09-04T09:07:00+09:00,environment
V02Q1940392_2026-09-04T09:07:00+09:00,37.538286643,127.09239683,46.0,2026-09-04T09:07:00+09:00,environment
V02Q1940403_2026-09-04T09:07:00+09:00,37.534309074,127.081985567,53.0,2026-09-04T09:07:00+09:00,environment
V02Q1940411_2026-09-04T09:07:00+09:00,37.533878243,127.091521,39.0,2026-09-04T09:07:00+09:00,environment
V02Q1940506_2026-09-04T09:07:00+09:00,37.535029673,127.093240689,53.0,2026-09-04T09:07:00+09:00,environment
V02Q1940507_2026-09-04T09:07:00+09:00,37.531277474,127.123271252,43.0,2026-09-04T09:07:00+09:00,environment
V02Q1940679_2026-09-04T09:07:00+09:00,37.495212727,127.121438826,50.0,2026-09-04T09:07:00+09:00,environment
V02Q1940706_2026-09-04T09:07:00+09:00,37.502049127,127.117110751,49.0,2026-09-04T09:07:00+09:00,environment
V02Q1940708_2026-09-04T09:07:00+09:00,37.514300619,127.091447797,52.0,2026-09-04T09:07:00+09:00,environment
V02Q1940713_2026-09-04T09:07:00+09:00,37.516185359,127.114540561,47.0,2026-09-04T09:07:00+09:00,environment
V02Q1940714_2026-09-04T09:07:00+09:00,37.513385412,127.10686824,54.0,2026-09-04T09:07:00+09:00,environment
V02Q1940734_2026-09-04T09:07:00+09:00,37.518407904,127.100366298,43.0,2026-09-04T09:07:00+09:00,environment
V02Q1940736_2026-09-04T09:07:00+09:00,37.504194933,127.128187719,42.0,2026-09-04T09:07:00+09:00,environment
V02Q1940767_2026-09-04T09:07:00+09:00,37.502603852,127.092310875,48.0,2026-09-04T09:07:00+09:00,environment
V02Q1940772_2026-09-04T09:07:00+09:00,37.503635193,127.103503284,52.0,2026-09-04T09:07:00+09:00,environment
V02Q1940775_2026-09-04T09:07:00+09:00,37.505801455,127.109663753,49.0,2026-09-04T09:07:00+09:00,environment
V02Q1940781_2026-09-04T09:07:00+09:00,37.506173683,127.084756221,42.0,2026-09-04T09:07:00+09:00,environment
V02Q1940784_2026-09-04T09:07:00+09:00,37.498247757,127.126296648,49.0,2026-09-04T09:07:00+09:00,environment
V02Q1940787_2026-09-04T09:07:00+09:00,37.512955044,127.094661921,44.0,2026-09-04T09:07:00+09:00,environment
V02Q1940788_2026-09-04T09:07:00+09:00,37.509617855,127.0741524,51.0,2026-09-04T09:07:00+09:00,environment
V02Q1940790_2026-09-04T09:07:00+09:00,37.514278277,127.112258966,40.0,2026-09-04T09:07:00+09:00,environment
V02Q1940800_2026-09-04T09:07:00+09:00,37.519952859,127.1123122,51.0,2026-09-04T09:07:00+09:00,environment
V02Q1940811_2026-09-04T09:07:00+09:00,37.52727312,127.116249051,52.0,2026-09-04T09:07:00+09:00,environment
V02Q1940819_2026-09-04T09:07:00+09:00,37.507344263,127.104688643,44.0,2026-09-04T09:07:00+09:00,environment
V02Q1940820_2026-09-04T09:07:00+09:00,37.511104225,127.102321793,54.0,2026-09-04T09:07:00+09:00,environment
V02Q1940821_2026-09-04T09:07:00+09:00,37.502832774,127.108694904,50.0,2026-09-04T09:07:00+09:00,environment
V02Q1940832_2026-09-04T09:07:00+09:00,37.511768309,127.124209484,42.0,2026-09-04T09:07:00+09:00,environment
V02Q1940838_2026-09-04T09:07:00+09:00,37.51767925,127.08881891,44.0,2026-09-04T09:07:00+09:00,environment
V02Q1940847_2026-09-04T09:07:00+09:00,37.489683491,127.111908205,35.0,2026-09-04T09:07:00+09:00,environment
V02Q1940873_2026-09-04T09:07:00+09:00,37.53247211,127.114301129,51.0,2026-09-04T09:07:00+09:00,environment
V02Q1940941_2026-09-04T09:07:00+09:00,37.509088133,127.084056858,43.0,2026-09-04T09:07:00+09:00,environment
V02Q1940391_2026-09-04T10:07:00+09:00,37.528616803,127.085121222,47.0,2026-09-04T10:07:00+09:00,environment
V02Q1940392_2026-09-04T10:07:00+09:00,37.538286643,127.09239683,46.0,2026-09-04T10:07:00+09:00,environment
V02Q1940403_2026-09-04T10:07:00+09:00,37.534309074,127.081985567,49.0,2026-09-04T10:07:00+09:00,environment
V02Q1940411_2026-09-04T10:07:00+09:00,37.533878243,127.091521,39.0,2026-09-04T10:07:00+09:00,environment
V02Q1940506_2026-09-04T10:07:00+09:00,37.535029673,127.093240689,54.0,2026-09-04T10:07:00+09:00,environment
V02Q1940679_2026-09-04T10:07:00+09:00,37.495212727,127.121438826,49.0,2026-09-04T10:07:00+09:00,environment
V02Q1940734_2026-09-04T10:07:00+09:00,37.518407904,127.100366298,42.0,2026-09-04T10:07:00+09:00,environment
V02Q1940784_2026-09-04T10:07:00+09:00,37.498247757,127.126296648,48.0,2026-09-04T10:07:00+09:00,environment
V02Q1940706_2026-09-04T10:07:00+09:00,37.502049127,127.117110751,49.0,2026-09-04T10:07:00+09:00,environment
V02Q1940708_2026-09-04T10:07:00+09:00,37.514300619,127.091447797,51.0,2026-09-04T10:07:00+09:00,environment
V02Q1940714_2026-09-04T10:07:00+09:00,37.513385412,127.10686824,54.0,2026-09-04T10:07:00+09:00,environment
V02Q1940736_2026-09-04T10:07:00+09:00,37.504194933,127.128187719,43.0,2026-09-04T10:07:00+09:00,environment
V02Q1940767_2026-09-04T10:07:00+09:00,37.502603852,127.092310875,48.0,2026-09-04T10:07:00+09:00,environment
V02Q1940772_2026-09-04T10:07:00+09:00,37.503635193,127.103503284,52.0,2026-09-04T10:07:00+09:00,environment
V02Q1940775_2026-09-04T10:07:00+09:00,37.505801455,127.109663753,49.0,2026-09-04T10:07:00+09:00,environment
V02Q1940781_2026-09-04T10:07:00+09:00,37.506173683,127.084756221,45.0,2026-09-04T10:07:00+09:00,environment
V02Q1940787_2026-09-04T10:07:00+09:00,37.512955044,127.094661921,44.0,2026-09-04T10:07:00+09:00,environment
V02Q1940788_2026-09-04T10:07:00+09:00,37.509617855,127.0741524,48.0,2026-09-04T10:07:00+09:00,environment
V02Q1940790_2026-09-04T10:07:00+09:00,37.514278277,127.112258966,41.0,2026-09-04T10:07:00+09:00,environment
V02Q1940800_2026-09-04T10:07:00+09:00,37.519952859,127.1123122,50.0,2026-09-04T10:07:00+09:00,environment
V02Q1940832_2026-09-04T10:07:00+09:00,37.511768309,127.124209484,43.0,2026-09-04T10:07:00+09:00,environment
V02Q1940847_2026-09-04T10:07:00+09:00,37.489683491,127.111908205,35.0,2026-09-04T10:07:00+09:00,environment
V02Q1940873_2026-09-04T10:07:00+09:00,37.53247211,127.114301129,50.0,2026-09-04T10:07:00+09:00,environment
V02Q1940507_2026-09-04T10:07:00+09:00,37.531277474,127.123271252,43.0,2026-09-04T10:07:00+09:00,environment
V02Q1940713_2026-09-04T10:07:00+09:00,37.516185359,127.114540561,51.0,2026-09-04T10:07:00+09:00,environment
V02Q1940811_2026-09-04T10:07:00+09:00,37.52727312,127.116249051,51.0,2026-09-04T10:07:00+09:00,environment
V02Q1940819_2026-09-04T10:07:00+09:00,37.507344263,127.104688643,46.0,2026-09-04T10:07:00+09:00,environment
V02Q1940820_2026-09-04T10:07:00+09:00,37.511104225,127.102321793,55.0,2026-09-04T10:07:00+09:00,environment
V02Q1940821_2026-09-04T10:07:00+09:00,37.502832774,127.108694904,52.0,2026-09-04T10:07:00+09:00,environment
V02Q1940838_2026-09-04T10:07:00+09:00,37.51767925,127.08881891,44.0,2026-09-04T10:07:00+09:00,environment
V02Q1940941_2026-09-04T10:07:00+09:00,37.509088133,127.084056858,42.0,2026-09-04T10:07:00+09:00,environment
V02Q1940079_2026-09-04T10:07:00+09:00,37.494102447,127.082209375,35.0,2026-09-04T10:07:00+09:00,environment
V02Q1940098_2026-09-04T10:07:00+09:00,37.48670146,127.1000197,57.0,2026-09-04T10:07:00+09:00,environment
V02Q1940246_2026-09-04T10:07:00+09:00,37.49920086,127.072395308,45.0,2026-09-04T10:07:00+09:00,environment
V02Q1940082_2026-09-04T10:07:00+09:00,37.495507594,127.085748474,53.0,2026-09-04T10:07:00+09:00,environment
V02Q1940100_2026-09-04T10:07:00+09:00,37.494978959,127.093144214,61.0,2026-09-04T10:07:00+09:00,environment
OC3CL200135_2026-09-04T10:07:00+09:00,37.50215692,127.07044791,63.0,2026-09-04T10:07:00+09:00,environment
OC3CL200157_2026-09-04T10:07:00+09:00,37.492381245,127.094589306,70.0,2026-09-04T10:07:00+09:00,environment
OC3CL200207_2026-09-04T10:07:00+09:00,37.494957877,127.124194746,46.0,2026-09-04T10:07:00+09:00,environment
OC3CL210115_2026-09-04T10:07:00+09:00,37.525641,127.129665,64.0,2026-09-04T10:07:00+09:00,environment
V02Q1940391_2026-09-04T11:07:00+09:00,37.528616803,127.085121222,48.0,2026-09-04T11:07:00+09:00,environment
V02Q1940392_2026-09-04T11:07:00+09:00,37.538286643,127.09239683,48.0,2026-09-04T11:07:00+09:00,environment
V02Q1940403_2026-09-04T11:07:00+09:00,37.534309074,127.081985567,49.0,2026-09-04T11:07:00+09:00,environment
V02Q1940411_2026-09-04T11:07:00+09:00,37.533878243,127.091521,39.0,2026-09-04T11:07:00+09:00,environment
V02Q1940506_2026-09-04T11:07:00+09:00,37.535029673,127.093240689,54.0,2026-09-04T11:07:00+09:00,environment
V02Q1940679_2026-09-04T11:07:00+09:00,37.495212727,127.121438826,52.0,2026-09-04T11:07:00+09:00,environment
V02Q1940734_2026-09-04T11:07:00+09:00,37.518407904,127.100366298,42.0,2026-09-04T11:07:00+09:00,environment
V02Q1940784_2026-09-04T11:07:00+09:00,37.498247757,127.126296648,48.0,2026-09-04T11:07:00+09:00,environment
V02Q1940706_2026-09-04T11:07:00+09:00,37.502049127,127.117110751,49.0,2026-09-04T11:07:00+09:00,environment
V02Q1940708_2026-09-04T11:07:00+09:00,37.514300619,127.091447797,51.0,2026-09-04T11:07:00+09:00,environment
V02Q1940714_2026-09-04T11:07:00+09:00,37.513385412,127.10686824,54.0,2026-09-04T11:07:00+09:00,environment
V02Q1940736_2026-09-04T11:07:00+09:00,37.504194933,127.128187719,46.0,2026-09-04T11:07:00+09:00,environment
V02Q1940767_2026-09-04T11:07:00+09:00,37.502603852,127.092310875,48.0,2026-09-04T11:07:00+09:00,environment
V02Q1940772_2026-09-04T11:07:00+09:00,37.503635193,127.103503284,52.0,2026-09-04T11:07:00+09:00,environment
V02Q1940775_2026-09-04T11:07:00+09:00,37.505801455,127.109663753,49.0,2026-09-04T11:07:00+09:00,environment
V02Q1940781_2026-09-04T11:07:00+09:00,37.506173683,127.084756221,42.0,2026-09-04T11:07:00+09:00,environment
V02Q1940787_2026-09-04T11:07:00+09:00,37.512955044,127.094661921,42.0,2026-09-04T11:07:00+09:00,environment
V02Q1940788_2026-09-04T11:07:00+09:00,37.509617855,127.0741524,48.0,2026-09-04T11:07:00+09:00,environment
V02Q1940790_2026-09-04T11:07:00+09:00,37.514278277,127.112258966,47.0,2026-09-04T11:07:00+09:00,environment
V02Q1940800_2026-09-04T11:07:00+09:00,37.519952859,127.1123122,49.0,2026-09-04T11:07:00+09:00,environment
V02Q1940832_2026-09-04T11:07:00+09:00,37.511768309,127.124209484,42.0,2026-09-04T11:07:00+09:00,environment
V02Q1940847_2026-09-04T11:07:00+09:00,37.489683491,127.111908205,35.0,2026-09-04T11:07:00+09:00,environment
V02Q1940873_2026-09-04T11:07:00+09:00,37.53247211,127.114301129,49.0,2026-09-04T11:07:00+09:00,environment
V02Q1940507_2026-09-04T11:07:00+09:00,37.531277474,127.123271252,44.0,2026-09-04T11:07:00+09:00,environment
V02Q1940713_2026-09-04T11:07:00+09:00,37.516185359,127.114540561,51.0,2026-09-04T11:07:00+09:00,environment
V02Q1940811_2026-09-04T11:07:00+09:00,37.52727312,127.116249051,50.0,2026-09-04T11:07:00+09:00,environment
V02Q1940819_2026-09-04T11:07:00+09:00,37.507344263,127.104688643,44.0,2026-09-04T11:07:00+09:00,environment
V02Q1940820_2026-09-04T11:07:00+09:00,37.511104225,127.102321793,54.0,2026-09-04T11:07:00+09:00,environment
V02Q1940821_2026-09-04T11:07:00+09:00,37.502832774,127.108694904,52.0,2026-09-04T11:07:00+09:00,environment
V02Q1940838_2026-09-04T11:07:00+09:00,37.51767925,127.08881891,44.0,2026-09-04T11:07:00+09:00,environment
V02Q1940941_2026-09-04T11:07:00+09:00,37.509088133,127.084056858,45.0,2026-09-04T11:07:00+09:00,environment
V02Q1940079_2026-09-04T11:07:00+09:00,37.494102447,127.082209375,35.0,2026-09-04T11:07:00+09:00,environment
V02Q1940098_2026-09-04T11:07:00+09:00,37.48670146,127.1000197,57.0,2026-09-04T11:07:00+09:00,environment
V02Q1940246_2026-09-04T11:07:00+09:00,37.49920086,127.072395308,46.0,2026-09-04T11:07:00+09:00,environment
V02Q1940082_2026-09-04T11:07:00+09:00,37.495507594,127.085748474,52.0,2026-09-04T11:07:00+09:00,environment
V02Q1940100_2026-09-04T11:07:00+09:00,37.494978959,127.093144214,61.0,2026-09-04T11:07:00+09:00,environment
OC3CL200135_2026-09-04T11:07:00+09:00,37.50215692,127.07044791,63.0,2026-09-04T11:07:00+09:00,environment
OC3CL200157_2026-09-04T11:07:00+09:00,37.492381245,127.094589306,68.0,2026-09-04T11:07:00+09:00,environment
OC3CL200207_2026-09-04T11:07:00+09:00,37.494957877,127.124194746,46.0,2026-09-04T11:07:00+09:00,environment
OC3CL210115_2026-09-04T11:07:00+09:00,37.525641,127.129665,64.0,2026-09-04T11:07:00+09:00,environment
OC3CL200135_2026-09-04T12:07:00+09:00,37.50215692,127.07044791,64.0,2026-09-04T12:07:00+09:00,environment
OC3CL200157_2026-09-04T12:07:00+09:00,37.492381245,127.094589306,70.0,2026-09-04T12:07:00+09:00,environment
OC3CL200207_2026-09-04T12:07:00+09:00,37.494957877,127.124194746,47.0,2026-09-04T12:07:00+09:00,environment
OC3CL210115_2026-09-04T12:07:00+09:00,37.525641,127.129665,64.0,2026-09-04T12:07:00+09:00,environment
V02Q1940079_2026-09-04T12:07:00+09:00,37.494102447,127.082209375,35.0,2026-09-04T12:07:00+09:00,environment
V02Q1940082_2026-09-04T12:07:00+09:00,37.495507594,127.085748474,52.0,2026-09-04T12:07:00+09:00,environment
V02Q1940098_2026-09-04T12:07:00+09:00,37.48670146,127.1000197,58.0,2026-09-04T12:07:00+09:00,environment
V02Q1940100_2026-09-04T12:07:00+09:00,37.494978959,127.093144214,61.0,2026-09-04T12:07:00+09:00,environment
V02Q1940246_2026-09-04T12:07:00+09:00,37.49920086,127.072395308,50.0,2026-09-04T12:07:00+09:00,environment
V02Q1940391_2026-09-04T12:07:00+09:00,37.528616803,127.085121222,47.0,2026-09-04T12:07:00+09:00,environment
V02Q1940392_2026-09-04T12:07:00+09:00,37.538286643,127.09239683,47.0,2026-09-04T12:07:00+09:00,environment
V02Q1940403_2026-09-04T12:07:00+09:00,37.534309074,127.081985567,50.0,2026-09-04T12:07:00+09:00,environment
V02Q1940411_2026-09-04T12:07:00+09:00,37.533878243,127.091521,39.0,2026-09-04T12:07:00+09:00,environment
V02Q1940506_2026-09-04T12:07:00+09:00,37.535029673,127.093240689,53.0,2026-09-04T12:07:00+09:00,environment
V02Q1940507_2026-09-04T12:07:00+09:00,37.531277474,127.123271252,42.0,2026-09-04T12:07:00+09:00,environment
V02Q1940679_2026-09-04T12:07:00+09:00,37.495212727,127.121438826,53.0,2026-09-04T12:07:00+09:00,environment
V02Q1940706_2026-09-04T12:07:00+09:00,37.502049127,127.117110751,50.0,2026-09-04T12:07:00+09:00,environment
V02Q1940708_2026-09-04T12:07:00+09:00,37.514300619,127.091447797,52.0,2026-09-04T12:07:00+09:00,environment
V02Q1940713_2026-09-04T12:07:00+09:00,37.516185359,127.114540561,50.0,2026-09-04T12:07:00+09:00,environment
V02Q1940714_2026-09-04T12:07:00+09:00,37.513385412,127.10686824,55.0,2026-09-04T12:07:00+09:00,environment
V02Q1940734_2026-09-04T12:07:00+09:00,37.518407904,127.100366298,41.0,2026-09-04T12:07:00+09:00,environment
V02Q1940736_2026-09-04T12:07:00+09:00,37.504194933,127.128187719,47.0,2026-09-04T12:07:00+09:00,environment
V02Q1940767_2026-09-04T12:07:00+09:00,37.502603852,127.092310875,47.0,2026-09-04T12:07:00+09:00,environment
V02Q1940772_2026-09-04T12:07:00+09:00,37.503635193,127.103503284,52.0,2026-09-04T12:07:00+09:00,environment
V02Q1940775_2026-09-04T12:07:00+09:00,37.505801455,127.109663753,51.0,2026-09-04T12:07:00+09:00,environment
V02Q1940781_2026-09-04T12:07:00+09:00,37.506173683,127.084756221,44.0,2026-09-04T12:07:00+09:00,environment
V02Q1940784_2026-09-04T12:07:00+09:00,37.498247757,127.126296648,45.0,2026-09-04T12:07:00+09:00,environment
V02Q1940787_2026-09-04T12:07:00+09:00,37.512955044,127.094661921,42.0,2026-09-04T12:07:00+09:00,environment
V02Q1940788_2026-09-04T12:07:00+09:00,37.509617855,127.0741524,48.0,2026-09-04T12:07:00+09:00,environment
V02Q1940790_2026-09-04T12:07:00+09:00,37.514278277,127.112258966,46.0,2026-09-04T12:07:00+09:00,environment
V02Q1940800_2026-09-04T12:07:00+09:00,37.519952859,127.1123122,49.0,2026-09-04T12:07:00+09:00,environment
V02Q1940811_2026-09-04T12:07:00+09:00,37.52727312,127.116249051,50.0,2026-09-04T12:07:00+09:00,environment
V02Q1940819_2026-09-04T12:07:00+09:00,37.507344263,127.104688643,45.0,2026-09-04T12:07:00+09:00,environment
V02Q1940820_2026-09-04T12:07:00+09:00,37.511104225,127.102321793,54.0,2026-09-04T12:07:00+09:00,environment
V02Q1940821_2026-09-04T12:07:00+09:00,37.502832774,127.108694904,53.0,2026-09-04T12:07:00+09:00,environment
V02Q1940832_2026-09-04T12:07:00+09:00,37.511768309,127.124209484,42.0,2026-09-04T12:07:00+09:00,environment
V02Q1940838_2026-09-04T12:07:00+09:00,37.51767925,127.08881891,44.0,2026-09-04T12:07:00+09:00,environment
V02Q1940847_2026-09-04T12:07:00+09:00,37.489683491,127.111908205,35.0,2026-09-04T12:07:00+09:00,environment
V02Q1940873_2026-09-04T12:07:00+09:00,37.53247211,127.114301129,49.0,2026-09-04T12:07:00+09:00,environment
V02Q1940941_2026-09-04T12:07:00+09:00,37.509088133,127.084056858,45.0,2026-09-04T12:07:00+09:00,environment
V02Q1940391_2026-09-04T13:07:00+09:00,37.528616803,127.085121222,45.0,2026-09-04T13:07:00+09:00,environment
V02Q1940392_2026-09-04T13:07:00+09:00,37.538286643,127.09239683,47.0,2026-09-04T13:07:00+09:00,environment
V02Q1940403_2026-09-04T13:07:00+09:00,37.534309074,127.081985567,53.0,2026-09-04T13:07:00+09:00,environment
V02Q1940411_2026-09-04T13:07:00+09:00,37.533878243,127.091521,39.0,2026-09-04T13:07:00+09:00,environment
V02Q1940506_2026-09-04T13:07:00+09:00,37.535029673,127.093240689,54.0,2026-09-04T13:07:00+09:00,environment
V02Q1940679_2026-09-04T13:07:00+09:00,37.495212727,127.121438826,52.0,2026-09-04T13:07:00+09:00,environment
V02Q1940706_2026-09-04T13:07:00+09:00,37.502049127,127.117110751,50.0,2026-09-04T13:07:00+09:00,environment
V02Q1940708_2026-09-04T13:07:00+09:00,37.514300619,127.091447797,51.0,2026-09-04T13:07:00+09:00,environment
V02Q1940734_2026-09-04T13:07:00+09:00,37.518407904,127.100366298,40.0,2026-09-04T13:07:00+09:00,environment
V02Q1940767_2026-09-04T13:07:00+09:00,37.502603852,127.092310875,47.0,2026-09-04T13:07:00+09:00,environment
V02Q1940775_2026-09-04T13:07:00+09:00,37.505801455,127.109663753,51.0,2026-09-04T13:07:00+09:00,environment
V02Q1940784_2026-09-04T13:07:00+09:00,37.498247757,127.126296648,45.0,2026-09-04T13:07:00+09:00,environment
V02Q1940790_2026-09-04T13:07:00+09:00,37.514278277,127.112258966,44.0,2026-09-04T13:07:00+09:00,environment
V02Q1940713_2026-09-04T13:07:00+09:00,37.516185359,127.114540561,50.0,2026-09-04T13:07:00+09:00,environment
V02Q1940714_2026-09-04T13:07:00+09:00,37.513385412,127.10686824,54.0,2026-09-04T13:07:00+09:00,environment
V02Q1940736_2026-09-04T13:07:00+09:00,37.504194933,127.128187719,46.0,2026-09-04T13:07:00+09:00,environment
V02Q1940772_2026-09-04T13:07:00+09:00,37.503635193,127.103503284,52.0,2026-09-04T13:07:00+09:00,environment
V02Q1940781_2026-09-04T13:07:00+09:00,37.506173683,127.084756221,42.0,2026-09-04T13:07:00+09:00,environment
V02Q1940787_2026-09-04T13:07:00+09:00,37.512955044,127.094661921,40.0,2026-09-04T13:07:00+09:00,environment
V02Q1940788_2026-09-04T13:07:00+09:00,37.509617855,127.0741524,49.0,2026-09-04T13:07:00+09:00,environment
V02Q1940800_2026-09-04T13:07:00+09:00,37.519952859,127.1123122,50.0,2026-09-04T13:07:00+09:00,environment
V02Q1940811_2026-09-04T13:07:00+09:00,37.52727312,127.116249051,50.0,2026-09-04T13:07:00+09:00,environment
V02Q1940821_2026-09-04T13:07:00+09:00,37.502832774,127.108694904,51.0,2026-09-04T13:07:00+09:00,environment
V02Q1940832_2026-09-04T13:07:00+09:00,37.511768309,127.124209484,41.0,2026-09-04T13:07:00+09:00,environment
V02Q1940847_2026-09-04T13:07:00+09:00,37.489683491,127.111908205,35.0,2026-09-04T13:07:00+09:00,environment
V02Q1940873_2026-09-04T13:07:00+09:00,37.53247211,127.114301129,47.0,2026-09-04T13:07:00+09:00,environment
V02Q1940941_2026-09-04T13:07:00+09:00,37.509088133,127.084056858,45.0,2026-09-04T13:07:00+09:00,environment
V02Q1940507_2026-09-04T13:07:00+09:00,37.531277474,127.123271252,42.0,2026-09-04T13:07:00+09:00,environment
V02Q1940819_2026-09-04T13:07:00+09:00,37.507344263,127.104688643,45.0,2026-09-04T13:07:00+09:00,environment
V02Q1940820_2026-09-04T13:07:00+09:00,37.511104225,127.102321793,54.0,2026-09-04T13:07:00+09:00,environment
V02Q1940838_2026-09-04T13:07:00+09:00,37.51767925,127.08881891,44.0,2026-09-04T13:07:00+09:00,environment
V02Q1940079_2026-09-04T13:07:00+09:00,37.494102447,127.082209375,35.0,2026-09-04T13:07:00+09:00,environment
V02Q1940246_2026-09-04T13:07:00+09:00,37.49920086,127.072395308,50.0,2026-09-04T13:07:00+09:00,environment
V02Q1940082_2026-09-04T13:07:00+09:00,37.495507594,127.085748474,53.0,2026-09-04T13:07:00+09:00,environment
V02Q1940098_2026-09-04T13:07:00+09:00,37.48670146,127.1000197,57.0,2026-09-04T13:07:00+09:00,environment
V02Q1940100_2026-09-04T13:07:00+09:00,37.494978959,127.093144214,60.0,2026-09-04T13:07:00+09:00,environment
OC3CL200135_2026-09-04T13:07:00+09:00,37.50215692,127.07044791,64.0,2026-09-04T13:07:00+09:00,environment
OC3CL200157_2026-09-04T13:07:00+09:00,37.492381245,127.094589306,70.0,2026-09-04T13:07:00+09:00,environment
OC3CL200207_2026-09-04T13:07:00+09:00,37.494957877,127.124194746,47.0,2026-09-04T13:07:00+09:00,environment
OC3CL210115_2026-09-04T13:07:00+09:00,37.525641,127.129665,65.0,2026-09-04T13:07:00+09:00,environment
V02Q1940391_2026-09-04T14:07:00+09:00,37.528616803,127.085121222,44.0,2026-09-04T14:07:00+09:00,environment
V02Q1940392_2026-09-04T14:07:00+09:00,37.538286643,127.09239683,47.0,2026-09-04T14:07:00+09:00,environment
V02Q1940403_2026-09-04T14:07:00+09:00,37.534309074,127.081985567,52.0,2026-09-04T14:07:00+09:00,environment
V02Q1940411_2026-09-04T14:07:00+09:00,37.533878243,127.091521,39.0,2026-09-04T14:07:00+09:00,environment
V02Q1940506_2026-09-04T14:07:00+09:00,37.535029673,127.093240689,53.0,2026-09-04T14:07:00+09:00,environment
V02Q1940679_2026-09-04T14:07:00+09:00,37.495212727,127.121438826,52.0,2026-09-04T14:07:00+09:00,environment
V02Q1940734_2026-09-04T14:07:00+09:00,37.518407904,127.100366298,41.0,2026-09-04T14:07:00+09:00,environment
V02Q1940767_2026-09-04T14:07:00+09:00,37.502603852,127.092310875,48.0,2026-09-04T14:07:00+09:00,environment
V02Q1940784_2026-09-04T14:07:00+09:00,37.498247757,127.126296648,44.0,2026-09-04T14:07:00+09:00,environment
V02Q1940790_2026-09-04T14:07:00+09:00,37.514278277,127.112258966,42.0,2026-09-04T14:07:00+09:00,environment
V02Q1940706_2026-09-04T14:07:00+09:00,37.502049127,127.117110751,50.0,2026-09-04T14:07:00+09:00,environment
V02Q1940708_2026-09-04T14:07:00+09:00,37.514300619,127.091447797,51.0,2026-09-04T14:07:00+09:00,environment
V02Q1940713_2026-09-04T14:07:00+09:00,37.516185359,127.114540561,51.0,2026-09-04T14:07:00+09:00,environment
V02Q1940714_2026-09-04T14:07:00+09:00,37.513385412,127.10686824,55.0,2026-09-04T14:07:00+09:00,environment
V02Q1940736_2026-09-04T14:07:00+09:00,37.504194933,127.128187719,49.0,2026-09-04T14:07:00+09:00,environment
V02Q1940772_2026-09-04T14:07:00+09:00,37.503635193,127.103503284,51.0,2026-09-04T14:07:00+09:00,environment
V02Q1940775_2026-09-04T14:07:00+09:00,37.505801455,127.109663753,51.0,2026-09-04T14:07:00+09:00,environment
V02Q1940781_2026-09-04T14:07:00+09:00,37.506173683,127.084756221,43.0,2026-09-04T14:07:00+09:00,environment
V02Q1940787_2026-09-04T14:07:00+09:00,37.512955044,127.094661921,43.0,2026-09-04T14:07:00+09:00,environment
V02Q1940788_2026-09-04T14:07:00+09:00,37.509617855,127.0741524,49.0,2026-09-04T14:07:00+09:00,environment
V02Q1940800_2026-09-04T14:07:00+09:00,37.519952859,127.1123122,50.0,2026-09-04T14:07:00+09:00,environment
V02Q1940811_2026-09-04T14:07:00+09:00,37.52727312,127.116249051,50.0,2026-09-04T14:07:00+09:00,environment
V02Q1940832_2026-09-04T14:07:00+09:00,37.511768309,127.124209484,42.0,2026-09-04T14:07:00+09:00,environment
V02Q1940847_2026-09-04T14:07:00+09:00,37.489683491,127.111908205,35.0,2026-09-04T14:07:00+09:00,environment
V02Q1940873_2026-09-04T14:07:00+09:00,37.53247211,127.114301129,47.0,2026-09-04T14:07:00+09:00,environment
V02Q1940941_2026-09-04T14:07:00+09:00,37.509088133,127.084056858,45.0,2026-09-04T14:07:00+09:00,environment
V02Q1940507_2026-09-04T14:07:00+09:00,37.531277474,127.123271252,42.0,2026-09-04T14:07:00+09:00,environment
V02Q1940819_2026-09-04T14:07:00+09:00,37.507344263,127.104688643,45.0,2026-09-04T14:07:00+09:00,environment
V02Q1940820_2026-09-04T14:07:00+09:00,37.511104225,127.102321793,53.0,2026-09-04T14:07:00+09:00,environment
V02Q1940821_2026-09-04T14:07:00+09:00,37.502832774,127.108694904,53.0,2026-09-04T14:07:00+09:00,environment
V02Q1940838_2026-09-04T14:07:00+09:00,37.51767925,127.08881891,44.0,2026-09-04T14:07:00+09:00,environment
V02Q1940887_2026-09-04T14:07:00+09:00,37.502749128,127.09252424,51.0,2026-09-04T14:07:00+09:00,environment
V02Q1940079_2026-09-04T14:07:00+09:00,37.494102447,127.082209375,35.0,2026-09-04T14:07:00+09:00,environment
V02Q1940246_2026-09-04T14:07:00+09:00,37.49920086,127.072395308,50.0,2026-09-04T14:07:00+09:00,environment
V02Q1940082_2026-09-04T14:07:00+09:00,37.495507594,127.085748474,52.0,2026-09-04T14:07:00+09:00,environment
V02Q1940098_2026-09-04T14:07:00+09:00,37.48670146,127.1000197,57.0,2026-09-04T14:07:00+09:00,environment
V02Q1940100_2026-09-04T14:07:00+09:00,37.494978959,127.093144214,60.0,2026-09-04T14:07:00+09:00,environment
OC3CL200135_2026-09-04T14:07:00+09:00,37.50215692,127.07044791,64.0,2026-09-04T14:07:00+09:00,environment
OC3CL200157_2026-09-04T14:07:00+09:00,37.492381245,127.094589306,70.0,2026-09-04T14:07:00+09:00,environment
OC3CL200207_2026-09-04T14:07:00+09:00,37.494957877,127.124194746,47.0,2026-09-04T14:07:00+09:00,environment
OC3CL210115_2026-09-04T14:07:00+09:00,37.525641,127.129665,64.0,2026-09-04T14:07:00+09:00,environment
V02Q1940391_2026-09-04T15:07:00+09:00,37.528616803,127.085121222,45.0,2026-09-04T15:07:00+09:00,environment
V02Q1940392_2026-09-04T15:07:00+09:00,37.538286643,127.09239683,47.0,2026-09-04T15:07:00+09:00,environment
V02Q1940403_2026-09-04T15:07:00+09:00,37.534309074,127.081985567,51.0,2026-09-04T15:07:00+09:00,environment
V02Q1940411_2026-09-04T15:07:00+09:00,37.533878243,127.091521,39.0,2026-09-04T15:07:00+09:00,environment
V02Q1940506_2026-09-04T15:07:00+09:00,37.535029673,127.093240689,54.0,2026-09-04T15:07:00+09:00,environment
V02Q1940679_2026-09-04T15:07:00+09:00,37.495212727,127.121438826,52.0,2026-09-04T15:07:00+09:00,environment
V02Q1940734_2026-09-04T15:07:00+09:00,37.518407904,127.100366298,40.0,2026-09-04T15:07:00+09:00,environment
V02Q1940784_2026-09-04T15:07:00+09:00,37.498247757,127.126296648,45.0,2026-09-04T15:07:00+09:00,environment
V02Q1940790_2026-09-04T15:07:00+09:00,37.514278277,127.112258966,42.0,2026-09-04T15:07:00+09:00,environment
V02Q1940706_2026-09-04T15:07:00+09:00,37.502049127,127.117110751,50.0,2026-09-04T15:07:00+09:00,environment
V02Q1940708_2026-09-04T15:07:00+09:00,37.514300619,127.091447797,54.0,2026-09-04T15:07:00+09:00,environment
V02Q1940713_2026-09-04T15:07:00+09:00,37.516185359,127.114540561,51.0,2026-09-04T15:07:00+09:00,environment
V02Q1940714_2026-09-04T15:07:00+09:00,37.513385412,127.10686824,55.0,2026-09-04T15:07:00+09:00,environment
V02Q1940736_2026-09-04T15:07:00+09:00,37.504194933,127.128187719,47.0,2026-09-04T15:07:00+09:00,environment
V02Q1940767_2026-09-04T15:07:00+09:00,37.502603852,127.092310875,48.0,2026-09-04T15:07:00+09:00,environment
V02Q1940772_2026-09-04T15:07:00+09:00,37.503635193,127.103503284,51.0,2026-09-04T15:07:00+09:00,environment
V02Q1940775_2026-09-04T15:07:00+09:00,37.505801455,127.109663753,50.0,2026-09-04T15:07:00+09:00,environment
V02Q1940781_2026-09-04T15:07:00+09:00,37.506173683,127.084756221,44.0,2026-09-04T15:07:00+09:00,environment
V02Q1940787_2026-09-04T15:07:00+09:00,37.512955044,127.094661921,41.0,2026-09-04T15:07:00+09:00,environment
V02Q1940788_2026-09-04T15:07:00+09:00,37.509617855,127.0741524,50.0,2026-09-04T15:07:00+09:00,environment
V02Q1940800_2026-09-04T15:07:00+09:00,37.519952859,127.1123122,51.0,2026-09-04T15:07:00+09:00,environment
V02Q1940832_2026-09-04T15:07:00+09:00,37.511768309,127.124209484,42.0,2026-09-04T15:07:00+09:00,environment
V02Q1940847_2026-09-04T15:07:00+09:00,37.489683491,127.111908205,35.0,2026-09-04T15:07:00+09:00,environment
V02Q1940873_2026-09-04T15:07:00+09:00,37.53247211,127.114301129,46.0,2026-09-04T15:07:00+09:00,environment
V02Q1940941_2026-09-04T15:07:00+09:00,37.509088133,127.084056858,44.0,2026-09-04T15:07:00+09:00,environment
V02Q1940507_2026-09-04T15:07:00+09:00,37.531277474,127.123271252,43.0,2026-09-04T15:07:00+09:00,environment
V02Q1940811_2026-09-04T15:07:00+09:00,37.52727312,127.116249051,51.0,2026-09-04T15:07:00+09:00,environment
V02Q1940819_2026-09-04T15:07:00+09:00,37.507344263,127.104688643,44.0,2026-09-04T15:07:00+09:00,environment
V02Q1940820_2026-09-04T15:07:00+09:00,37.511104225,127.102321793,54.0,2026-09-04T15:07:00+09:00,environment
V02Q1940821_2026-09-04T15:07:00+09:00,37.502832774,127.108694904,51.0,2026-09-04T15:07:00+09:00,environment
V02Q1940838_2026-09-04T15:07:00+09:00,37.51767925,127.08881891,44.0,2026-09-04T15:07:00+09:00,environment
V02Q1940079_2026-09-04T15:07:00+09:00,37.494102447,127.082209375,35.0,2026-09-04T15:07:00+09:00,environment
V02Q1940246_2026-09-04T15:07:00+09:00,37.49920086,127.072395308,48.0,2026-09-04T15:07:00+09:00,environment
V02Q1940082_2026-09-04T15:07:00+09:00,37.495507594,127.085748474,52.0,2026-09-04T15:07:00+09:00,environment
V02Q1940098_2026-09-04T15:07:00+09:00,37.48670146,127.1000197,56.0,2026-09-04T15:07:00+09:00,environment
V02Q1940100_2026-09-04T15:07:00+09:00,37.494978959,127.093144214,60.0,2026-09-04T15:07:00+09:00,environment
OC3CL200135_2026-09-04T15:07:00+09:00,37.50215692,127.07044791,64.0,2026-09-04T15:07:00+09:00,environment
OC3CL200157_2026-09-04T15:07:00+09:00,37.492381245,127.094589306,70.0,2026-09-04T15:07:00+09:00,environment
OC3CL200207_2026-09-04T15:07:00+09:00,37.494957877,127.124194746,49.0,2026-09-04T15:07:00+09:00,environment
OC3CL210115_2026-09-04T15:07:00+09:00,37.525641,127.129665,65.0,2026-09-04T15:07:00+09:00,environment
V02Q1940391_2026-09-04T16:07:00+09:00,37.528616803,127.085121222,45.0,2026-09-04T16:07:00+09:00,environment
V02Q1940392_2026-09-04T16:07:00+09:00,37.538286643,127.09239683,47.0,2026-09-04T16:07:00+09:00,environment
V02Q1940403_2026-09-04T16:07:00+09:00,37.534309074,127.081985567,50.0,2026-09-04T16:07:00+09:00,environment
V02Q1940411_2026-09-04T16:07:00+09:00,37.533878243,127.091521,39.0,2026-09-04T16:07:00+09:00,environment
V02Q1940506_2026-09-04T16:07:00+09:00,37.535029673,127.093240689,54.0,2026-09-04T16:07:00+09:00,environment
V02Q1940679_2026-09-04T16:07:00+09:00,37.495212727,127.121438826,52.0,2026-09-04T16:07:00+09:00,environment
V02Q1940734_2026-09-04T16:07:00+09:00,37.518407904,127.100366298,40.0,2026-09-04T16:07:00+09:00,environment
V02Q1940784_2026-09-04T16:07:00+09:00,37.498247757,127.126296648,45.0,2026-09-04T16:07:00+09:00,environment
V02Q1940790_2026-09-04T16:07:00+09:00,37.514278277,127.112258966,41.0,2026-09-04T16:07:00+09:00,environment
V02Q1940706_2026-09-04T16:07:00+09:00,37.502049127,127.117110751,50.0,2026-09-04T16:07:00+09:00,environment
V02Q1940708_2026-09-04T16:07:00+09:00,37.514300619,127.091447797,52.0,2026-09-04T16:07:00+09:00,environment
V02Q1940713_2026-09-04T16:07:00+09:00,37.516185359,127.114540561,50.0,2026-09-04T16:07:00+09:00,environment
V02Q1940714_2026-09-04T16:07:00+09:00,37.513385412,127.10686824,54.0,2026-09-04T16:07:00+09:00,environment
V02Q1940736_2026-09-04T16:07:00+09:00,37.504194933,127.128187719,46.0,2026-09-04T16:07:00+09:00,environment
V02Q1940767_2026-09-04T16:07:00+09:00,37.502603852,127.092310875,48.0,2026-09-04T16:07:00+09:00,environment
V02Q1940772_2026-09-04T16:07:00+09:00,37.503635193,127.103503284,52.0,2026-09-04T16:07:00+09:00,environment
V02Q1940775_2026-09-04T16:07:00+09:00,37.505801455,127.109663753,50.0,2026-09-04T16:07:00+09:00,environment
V02Q1940781_2026-09-04T16:07:00+09:00,37.506173683,127.084756221,42.0,2026-09-04T16:07:00+09:00,environment
V02Q1940787_2026-09-04T16:07:00+09:00,37.512955044,127.094661921,41.0,2026-09-04T16:07:00+09:00,environment
V02Q1940788_2026-09-04T16:07:00+09:00,37.509617855,127.0741524,49.0,2026-09-04T16:07:00+09:00,environment
V02Q1940800_2026-09-04T16:07:00+09:00,37.519952859,127.1123122,51.0,2026-09-04T16:07:00+09:00,environment
V02Q1940832_2026-09-04T16:07:00+09:00,37.511768309,127.124209484,41.0,2026-09-04T16:07:00+09:00,environment
V02Q1940847_2026-09-04T16:07:00+09:00,37.489683491,127.111908205,35.0,2026-09-04T16:07:00+09:00,environment
V02Q1940873_2026-09-04T16:07:00+09:00,37.53247211,127.114301129,45.0,2026-09-04T16:07:00+09:00,environment
V02Q1940941_2026-09-04T16:07:00+09:00,37.509088133,127.084056858,44.0,2026-09-04T16:07:00+09:00,environment
V02Q1940507_2026-09-04T16:07:00+09:00,37.531277474,127.123271252,41.0,2026-09-04T16:07:00+09:00,environment
V02Q1940811_2026-09-04T16:07:00+09:00,37.52727312,127.116249051,50.0,2026-09-04T16:07:00+09:00,environment
V02Q1940819_2026-09-04T16:07:00+09:00,37.507344263,127.104688643,45.0,2026-09-04T16:07:00+09:00,environment
V02Q1940820_2026-09-04T16:07:00+09:00,37.511104225,127.102321793,54.0,2026-09-04T16:07:00+09:00,environment
V02Q1940821_2026-09-04T16:07:00+09:00,37.502832774,127.108694904,50.0,2026-09-04T16:07:00+09:00,environment
V02Q1940838_2026-09-04T16:07:00+09:00,37.51767925,127.08881891,44.0,2026-09-04T16:07:00+09:00,environment
V02Q1940079_2026-09-04T16:07:00+09:00,37.494102447,127.082209375,35.0,2026-09-04T16:07:00+09:00,environment
V02Q1940246_2026-09-04T16:07:00+09:00,37.49920086,127.072395308,46.0,2026-09-04T16:07:00+09:00,environment
V02Q1940082_2026-09-04T16:07:00+09:00,37.495507594,127.085748474,51.0,2026-09-04T16:07:00+09:00,environment
V02Q1940098_2026-09-04T16:07:00+09:00,37.48670146,127.1000197,57.0,2026-09-04T16:07:00+09:00,environment
V02Q1940100_2026-09-04T16:07:00+09:00,37.494978959,127.093144214,60.0,2026-09-04T16:07:00+09:00,environment
OC3CL200033_2026-09-04T16:07:00+09:00,37.51217275,127.1046954,61.0,2026-09-04T16:07:00+09:00,environment
OC3CL200135_2026-09-04T16:07:00+09:00,37.50215692,127.07044791,64.0,2026-09-04T16:07:00+09:00,environment
OC3CL200141_2026-09-04T16:07:00+09:00,37.48877157,127.1067039,60.0,2026-09-04T16:07:00+09:00,environment
OC3CL200157_2026-09-04T16:07:00+09:00,37.492381245,127.094589306,70.0,2026-09-04T16:07:00+09:00,environment
OC3CL200207_2026-09-04T16:07:00+09:00,37.494957877,127.124194746,48.0,2026-09-04T16:07:00+09:00,environment
OC3CL210115_2026-09-04T16:07:00+09:00,37.525641,127.129665,64.0,2026-09-04T16:07:00+09:00,environment
V02Q1940391_2026-09-04T17:07:00+09:00,37.528616803,127.085121222,44.0,2026-09-04T17:07:00+09:00,environment
V02Q1940392_2026-09-04T17:07:00+09:00,37.538286643,127.09239683,48.0,2026-09-04T17:07:00+09:00,environment
V02Q1940403_2026-09-04T17:07:00+09:00,37.534309074,127.081985567,51.0,2026-09-04T17:07:00+09:00,environment
V02Q1940411_2026-09-04T17:07:00+09:00,37.533878243,127.091521,39.0,2026-09-04T17:07:00+09:00,environment
V02Q1940506_2026-09-04T17:07:00+09:00,37.535029673,127.093240689,53.0,2026-09-04T17:07:00+09:00,environment
V02Q1940679_2026-09-04T17:07:00+09:00,37.495212727,127.121438826,50.0,2026-09-04T17:07:00+09:00,environment
V02Q1940734_2026-09-04T17:07:00+09:00,37.518407904,127.100366298,40.0,2026-09-04T17:07:00+09:00,environment
V02Q1940784_2026-09-04T17:07:00+09:00,37.498247757,127.126296648,43.0,2026-09-04T17:07:00+09:00,environment
V02Q1940706_2026-09-04T17:07:00+09:00,37.502049127,127.117110751,50.0,2026-09-04T17:07:00+09:00,environment
V02Q1940708_2026-09-04T17:07:00+09:00,37.514300619,127.091447797,52.0,2026-09-04T17:07:00+09:00,environment
V02Q1940713_2026-09-04T17:07:00+09:00,37.516185359,127.114540561,47.0,2026-09-04T17:07:00+09:00,environment
V02Q1940714_2026-09-04T17:07:00+09:00,37.513385412,127.10686824,55.0,2026-09-04T17:07:00+09:00,environment
V02Q1940736_2026-09-04T17:07:00+09:00,37.504194933,127.128187719,42.0,2026-09-04T17:07:00+09:00,environment
V02Q1940767_2026-09-04T17:07:00+09:00,37.502603852,127.092310875,48.0,2026-09-04T17:07:00+09:00,environment
V02Q1940772_2026-09-04T17:07:00+09:00,37.503635193,127.103503284,51.0,2026-09-04T17:07:00+09:00,environment
V02Q1940775_2026-09-04T17:07:00+09:00,37.505801455,127.109663753,51.0,2026-09-04T17:07:00+09:00,environment
V02Q1940781_2026-09-04T17:07:00+09:00,37.506173683,127.084756221,43.0,2026-09-04T17:07:00+09:00,environment
V02Q1940787_2026-09-04T17:07:00+09:00,37.512955044,127.094661921,43.0,2026-09-04T17:07:00+09:00,environment
V02Q1940788_2026-09-04T17:07:00+09:00,37.509617855,127.0741524,50.0,2026-09-04T17:07:00+09:00,environment
V02Q1940790_2026-09-04T17:07:00+09:00,37.514278277,127.112258966,41.0,2026-09-04T17:07:00+09:00,environment
V02Q1940800_2026-09-04T17:07:00+09:00,37.519952859,127.1123122,51.0,2026-09-04T17:07:00+09:00,environment
V02Q1940832_2026-09-04T17:07:00+09:00,37.511768309,127.124209484,43.0,2026-09-04T17:07:00+09:00,environment
V02Q1940847_2026-09-04T17:07:00+09:00,37.489683491,127.111908205,35.0,2026-09-04T17:07:00+09:00,environment
V02Q1940873_2026-09-04T17:07:00+09:00,37.53247211,127.114301129,45.0,2026-09-04T17:07:00+09:00,environment
V02Q1940507_2026-09-04T17:07:00+09:00,37.531277474,127.123271252,41.0,2026-09-04T17:07:00+09:00,environment
V02Q1940811_2026-09-04T17:07:00+09:00,37.52727312,127.116249051,51.0,2026-09-04T17:07:00+09:00,environment
V02Q1940819_2026-09-04T17:07:00+09:00,37.507344263,127.104688643,44.0,2026-09-04T17:07:00+09:00,environment
V02Q1940820_2026-09-04T17:07:00+09:00,37.511104225,127.102321793,54.0,2026-09-04T17:07:00+09:00,environment
V02Q1940821_2026-09-04T17:07:00+09:00,37.502832774,127.108694904,51.0,2026-09-04T17:07:00+09:00,environment
V02Q1940838_2026-09-04T17:07:00+09:00,37.51767925,127.08881891,44.0,2026-09-04T17:07:00+09:00,environment
V02Q1940941_2026-09-04T17:07:00+09:00,37.509088133,127.084056858,45.0,2026-09-04T17:07:00+09:00,environment
V02Q1940079_2026-09-04T17:07:00+09:00,37.494102447,127.082209375,35.0,2026-09-04T17:07:00+09:00,environment
V02Q1940246_2026-09-04T17:07:00+09:00,37.49920086,127.072395308,45.0,2026-09-04T17:07:00+09:00,environment
V02Q1940098_2026-09-04T17:07:00+09:00,37.48670146,127.1000197,57.0,2026-09-04T17:07:00+09:00,environment
V02Q1940100_2026-09-04T17:07:00+09:00,37.494978959,127.093144214,61.0,2026-09-04T17:07:00+09:00,environment
V02Q1940082_2026-09-04T17:07:00+09:00,37.495507594,127.085748474,52.0,2026-09-04T17:07:00+09:00,environment
OC3CL200135_2026-09-04T17:07:00+09:00,37.50215692,127.07044791,64.0,2026-09-04T17:07:00+09:00,environment
OC3CL200141_2026-09-04T17:07:00+09:00,37.48877157,127.1067039,60.0,2026-09-04T17:07:00+09:00,environment
OC3CL200157_2026-09-04T17:07:00+09:00,37.492381245,127.094589306,70.0,2026-09-04T17:07:00+09:00,environment
OC3CL200033_2026-09-04T17:07:00+09:00,37.51217275,127.1046954,60.0,2026-09-04T17:07:00+09:00,environment
OC3CL210115_2026-09-04T17:07:00+09:00,37.525641,127.129665,64.0,2026-09-04T17:07:00+09:00,environment
V02Q1940391_2026-09-04T18:07:00+09:00,37.528616803,127.085121222,44.0,2026-09-04T18:07:00+09:00,environment
V02Q1940392_2026-09-04T18:07:00+09:00,37.538286643,127.09239683,47.0,2026-09-04T18:07:00+09:00,environment
V02Q1940403_2026-09-04T18:07:00+09:00,37.534309074,127.081985567,50.0,2026-09-04T18:07:00+09:00,environment
V02Q1940411_2026-09-04T18:07:00+09:00,37.533878243,127.091521,39.0,2026-09-04T18:07:00+09:00,environment
V02Q1940506_2026-09-04T18:07:00+09:00,37.535029673,127.093240689,53.0,2026-09-04T18:07:00+09:00,environment
V02Q1940679_2026-09-04T18:07:00+09:00,37.495212727,127.121438826,51.0,2026-09-04T18:07:00+09:00,environment
V02Q1940734_2026-09-04T18:07:00+09:00,37.518407904,127.100366298,41.0,2026-09-04T18:07:00+09:00,environment
V02Q1940784_2026-09-04T18:07:00+09:00,37.498247757,127.126296648,43.0,2026-09-04T18:07:00+09:00,environment
V02Q1940706_2026-09-04T18:07:00+09:00,37.502049127,127.117110751,49.0,2026-09-04T18:07:00+09:00,environment
V02Q1940708_2026-09-04T18:07:00+09:00,37.514300619,127.091447797,52.0,2026-09-04T18:07:00+09:00,environment
V02Q1940736_2026-09-04T18:07:00+09:00,37.504194933,127.128187719,42.0,2026-09-04T18:07:00+09:00,environment
V02Q1940767_2026-09-04T18:07:00+09:00,37.502603852,127.092310875,49.0,2026-09-04T18:07:00+09:00,environment
V02Q1940772_2026-09-04T18:07:00+09:00,37.503635193,127.103503284,52.0,2026-09-04T18:07:00+09:00,environment
V02Q1940775_2026-09-04T18:07:00+09:00,37.505801455,127.109663753,52.0,2026-09-04T18:07:00+09:00,environment
V02Q1940781_2026-09-04T18:07:00+09:00,37.506173683,127.084756221,40.0,2026-09-04T18:07:00+09:00,environment
V02Q1940787_2026-09-04T18:07:00+09:00,37.512955044,127.094661921,40.0,2026-09-04T18:07:00+09:00,environment
V02Q1940788_2026-09-04T18:07:00+09:00,37.509617855,127.0741524,49.0,2026-09-04T18:07:00+09:00,environment
V02Q1940790_2026-09-04T18:07:00+09:00,37.514278277,127.112258966,41.0,2026-09-04T18:07:00+09:00,environment
V02Q1940800_2026-09-04T18:07:00+09:00,37.519952859,127.1123122,51.0,2026-09-04T18:07:00+09:00,environment
V02Q1940832_2026-09-04T18:07:00+09:00,37.511768309,127.124209484,41.0,2026-09-04T18:07:00+09:00,environment
V02Q1940847_2026-09-04T18:07:00+09:00,37.489683491,127.111908205,35.0,2026-09-04T18:07:00+09:00,environment
V02Q1940873_2026-09-04T18:07:00+09:00,37.53247211,127.114301129,45.0,2026-09-04T18:07:00+09:00,environment
V02Q1940507_2026-09-04T18:07:00+09:00,37.531277474,127.123271252,41.0,2026-09-04T18:07:00+09:00,environment
V02Q1940713_2026-09-04T18:07:00+09:00,37.516185359,127.114540561,47.0,2026-09-04T18:07:00+09:00,environment
V02Q1940714_2026-09-04T18:07:00+09:00,37.513385412,127.10686824,55.0,2026-09-04T18:07:00+09:00,environment
V02Q1940811_2026-09-04T18:07:00+09:00,37.52727312,127.116249051,52.0,2026-09-04T18:07:00+09:00,environment
V02Q1940819_2026-09-04T18:07:00+09:00,37.507344263,127.104688643,43.0,2026-09-04T18:07:00+09:00,environment
V02Q1940820_2026-09-04T18:07:00+09:00,37.511104225,127.102321793,54.0,2026-09-04T18:07:00+09:00,environment
V02Q1940821_2026-09-04T18:07:00+09:00,37.502832774,127.108694904,49.0,2026-09-04T18:07:00+09:00,environment
V02Q1940838_2026-09-04T18:07:00+09:00,37.51767925,127.08881891,44.0,2026-09-04T18:07:00+09:00,environment
V02Q1940941_2026-09-04T18:07:00+09:00,37.509088133,127.084056858,45.0,2026-09-04T18:07:00+09:00,environment
V02Q1940079_2026-09-04T18:07:00+09:00,37.494102447,127.082209375,35.0,2026-09-04T18:07:00+09:00,environment
V02Q1940098_2026-09-04T18:07:00+09:00,37.48670146,127.1000197,57.0,2026-09-04T18:07:00+09:00,environment
V02Q1940246_2026-09-04T18:07:00+09:00,37.49920086,127.072395308,44.0,2026-09-04T18:07:00+09:00,environment
V02Q1940082_2026-09-04T18:07:00+09:00,37.495507594,127.085748474,52.0,2026-09-04T18:07:00+09:00,environment
V02Q1940100_2026-09-04T18:07:00+09:00,37.494978959,127.093144214,61.0,2026-09-04T18:07:00+09:00,environment
OC3CL200033_2026-09-04T18:07:00+09:00,37.51217275,127.1046954,61.0,2026-09-04T18:07:00+09:00,environment
OC3CL200135_2026-09-04T18:07:00+09:00,37.50215692,127.07044791,64.0,2026-09-04T18:07:00+09:00,environment
OC3CL200141_2026-09-04T18:07:00+09:00,37.48877157,127.1067039,60.0,2026-09-04T18:07:00+09:00,environment
OC3CL200157_2026-09-04T18:07:00+09:00,37.492381245,127.094589306,70.0,2026-09-04T18:07:00+09:00,environment
OC3CL200207_2026-09-04T18:07:00+09:00,37.494957877,127.124194746,48.0,2026-09-04T18:07:00+09:00,environment
OC3CL210115_2026-09-04T18:07:00+09:00,37.525641,127.129665,64.0,2026-09-04T18:07:00+09:00,environment
V02Q1940391_2026-09-04T19:07:00+09:00,37.528616803,127.085121222,43.0,2026-09-04T19:07:00+09:00,environment
V02Q1940392_2026-09-04T19:07:00+09:00,37.538286643,127.09239683,46.0,2026-09-04T19:07:00+09:00,environment
V02Q1940403_2026-09-04T19:07:00+09:00,37.534309074,127.081985567,49.0,2026-09-04T19:07:00+09:00,environment
V02Q1940411_2026-09-04T19:07:00+09:00,37.533878243,127.091521,39.0,2026-09-04T19:07:00+09:00,environment
V02Q1940506_2026-09-04T19:07:00+09:00,37.535029673,127.093240689,53.0,2026-09-04T19:07:00+09:00,environment
V02Q1940679_2026-09-04T19:07:00+09:00,37.495212727,127.121438826,51.0,2026-09-04T19:07:00+09:00,environment
V02Q1940734_2026-09-04T19:07:00+09:00,37.518407904,127.100366298,41.0,2026-09-04T19:07:00+09:00,environment
V02Q1940784_2026-09-04T19:07:00+09:00,37.498247757,127.126296648,42.0,2026-09-04T19:07:00+09:00,environment
V02Q1940706_2026-09-04T19:07:00+09:00,37.502049127,127.117110751,49.0,2026-09-04T19:07:00+09:00,environment
V02Q1940708_2026-09-04T19:07:00+09:00,37.514300619,127.091447797,52.0,2026-09-04T19:07:00+09:00,environment
V02Q1940713_2026-09-04T19:07:00+09:00,37.516185359,127.114540561,47.0,2026-09-04T19:07:00+09:00,environment
V02Q1940714_2026-09-04T19:07:00+09:00,37.513385412,127.10686824,54.0,2026-09-04T19:07:00+09:00,environment
V02Q1940736_2026-09-04T19:07:00+09:00,37.504194933,127.128187719,40.0,2026-09-04T19:07:00+09:00,environment
V02Q1940767_2026-09-04T19:07:00+09:00,37.502603852,127.092310875,49.0,2026-09-04T19:07:00+09:00,environment
V02Q1940772_2026-09-04T19:07:00+09:00,37.503635193,127.103503284,52.0,2026-09-04T19:07:00+09:00,environment
V02Q1940775_2026-09-04T19:07:00+09:00,37.505801455,127.109663753,51.0,2026-09-04T19:07:00+09:00,environment
V02Q1940781_2026-09-04T19:07:00+09:00,37.506173683,127.084756221,41.0,2026-09-04T19:07:00+09:00,environment
V02Q1940787_2026-09-04T19:07:00+09:00,37.512955044,127.094661921,41.0,2026-09-04T19:07:00+09:00,environment
V02Q1940788_2026-09-04T19:07:00+09:00,37.509617855,127.0741524,49.0,2026-09-04T19:07:00+09:00,environment
V02Q1940790_2026-09-04T19:07:00+09:00,37.514278277,127.112258966,42.0,2026-09-04T19:07:00+09:00,environment
V02Q1940800_2026-09-04T19:07:00+09:00,37.519952859,127.1123122,51.0,2026-09-04T19:07:00+09:00,environment
V02Q1940832_2026-09-04T19:07:00+09:00,37.511768309,127.124209484,41.0,2026-09-04T19:07:00+09:00,environment
V02Q1940847_2026-09-04T19:07:00+09:00,37.489683491,127.111908205,35.0,2026-09-04T19:07:00+09:00,environment
V02Q1940873_2026-09-04T19:07:00+09:00,37.53247211,127.114301129,46.0,2026-09-04T19:07:00+09:00,environment
V02Q1940507_2026-09-04T19:07:00+09:00,37.531277474,127.123271252,43.0,2026-09-04T19:07:00+09:00,environment
V02Q1940811_2026-09-04T19:07:00+09:00,37.52727312,127.116249051,51.0,2026-09-04T19:07:00+09:00,environment
V02Q1940819_2026-09-04T19:07:00+09:00,37.507344263,127.104688643,43.0,2026-09-04T19:07:00+09:00,environment
V02Q1940820_2026-09-04T19:07:00+09:00,37.511104225,127.102321793,54.0,2026-09-04T19:07:00+09:00,environment
V02Q1940821_2026-09-04T19:07:00+09:00,37.502832774,127.108694904,49.0,2026-09-04T19:07:00+09:00,environment
V02Q1940838_2026-09-04T19:07:00+09:00,37.51767925,127.08881891,44.0,2026-09-04T19:07:00+09:00,environment
V02Q1940941_2026-09-04T19:07:00+09:00,37.509088133,127.084056858,45.0,2026-09-04T19:07:00+09:00,environment
V02Q1940079_2026-09-04T19:07:00+09:00,37.494102447,127.082209375,35.0,2026-09-04T19:07:00+09:00,environment
V02Q1940098_2026-09-04T19:07:00+09:00,37.48670146,127.1000197,57.0,2026-09-04T19:07:00+09:00,environment
V02Q1940246_2026-09-04T19:07:00+09:00,37.49920086,127.072395308,44.0,2026-09-04T19:07:00+09:00,environment
V02Q1940082_2026-09-04T19:07:00+09:00,37.495507594,127.085748474,51.0,2026-09-04T19:07:00+09:00,environment
V02Q1940100_2026-09-04T19:07:00+09:00,37.494978959,127.093144214,60.0,2026-09-04T19:07:00+09:00,environment
OC3CL200157_2026-09-04T19:07:00+09:00,37.492381245,127.094589306,70.0,2026-09-04T19:07:00+09:00,environment
OC3CL200033_2026-09-04T19:07:00+09:00,37.51217275,127.1046954,59.0,2026-09-04T19:07:00+09:00,environment
OC3CL200135_2026-09-04T19:07:00+09:00,37.50215692,127.07044791,64.0,2026-09-04T19:07:00+09:00,environment
OC3CL200141_2026-09-04T19:07:00+09:00,37.48877157,127.1067039,59.0,2026-09-04T19:07:00+09:00,environment
OC3CL200207_2026-09-04T19:07:00+09:00,37.494957877,127.124194746,46.0,2026-09-04T19:07:00+09:00,environment
OC3CL210115_2026-09-04T19:07:00+09:00,37.525641,127.129665,65.0,2026-09-04T19:07:00+09:00,environment
V02Q1940391_2026-09-04T20:07:00+09:00,37.528616803,127.085121222,43.0,2026-09-04T20:07:00+09:00,environment
V02Q1940392_2026-09-04T20:07:00+09:00,37.538286643,127.09239683,45.0,2026-09-04T20:07:00+09:00,environment
V02Q1940403_2026-09-04T20:07:00+09:00,37.534309074,127.081985567,48.0,2026-09-04T20:07:00+09:00,environment
V02Q1940411_2026-09-04T20:07:00+09:00,37.533878243,127.091521,39.0,2026-09-04T20:07:00+09:00,environment
V02Q1940506_2026-09-04T20:07:00+09:00,37.535029673,127.093240689,53.0,2026-09-04T20:07:00+09:00,environment
V02Q1940679_2026-09-04T20:07:00+09:00,37.495212727,127.121438826,50.0,2026-09-04T20:07:00+09:00,environment
V02Q1940734_2026-09-04T20:07:00+09:00,37.518407904,127.100366298,39.0,2026-09-04T20:07:00+09:00,environment
V02Q1940784_2026-09-04T20:07:00+09:00,37.498247757,127.126296648,41.0,2026-09-04T20:07:00+09:00,environment
V02Q1940706_2026-09-04T20:07:00+09:00,37.502049127,127.117110751,50.0,2026-09-04T20:07:00+09:00,environment
V02Q1940708_2026-09-04T20:07:00+09:00,37.514300619,127.091447797,51.0,2026-09-04T20:07:00+09:00,environment
V02Q1940713_2026-09-04T20:07:00+09:00,37.516185359,127.114540561,46.0,2026-09-04T20:07:00+09:00,environment
V02Q1940714_2026-09-04T20:07:00+09:00,37.513385412,127.10686824,55.0,2026-09-04T20:07:00+09:00,environment
V02Q1940736_2026-09-04T20:07:00+09:00,37.504194933,127.128187719,39.0,2026-09-04T20:07:00+09:00,environment
V02Q1940767_2026-09-04T20:07:00+09:00,37.502603852,127.092310875,48.0,2026-09-04T20:07:00+09:00,environment
V02Q1940772_2026-09-04T20:07:00+09:00,37.503635193,127.103503284,51.0,2026-09-04T20:07:00+09:00,environment
V02Q1940775_2026-09-04T20:07:00+09:00,37.505801455,127.109663753,51.0,2026-09-04T20:07:00+09:00,environment
V02Q1940781_2026-09-04T20:07:00+09:00,37.506173683,127.084756221,40.0,2026-09-04T20:07:00+09:00,environment
V02Q1940787_2026-09-04T20:07:00+09:00,37.512955044,127.094661921,40.0,2026-09-04T20:07:00+09:00,environment
V02Q1940788_2026-09-04T20:07:00+09:00,37.509617855,127.0741524,49.0,2026-09-04T20:07:00+09:00,environment
V02Q1940790_2026-09-04T20:07:00+09:00,37.514278277,127.112258966,42.0,2026-09-04T20:07:00+09:00,environment
V02Q1940800_2026-09-04T20:07:00+09:00,37.519952859,127.1123122,50.0,2026-09-04T20:07:00+09:00,environment
V02Q1940832_2026-09-04T20:07:00+09:00,37.511768309,127.124209484,40.0,2026-09-04T20:07:00+09:00,environment
V02Q1940847_2026-09-04T20:07:00+09:00,37.489683491,127.111908205,35.0,2026-09-04T20:07:00+09:00,environment
V02Q1940873_2026-09-04T20:07:00+09:00,37.53247211,127.114301129,45.0,2026-09-04T20:07:00+09:00,environment
V02Q1940507_2026-09-04T20:07:00+09:00,37.531277474,127.123271252,41.0,2026-09-04T20:07:00+09:00,environment
V02Q1940811_2026-09-04T20:07:00+09:00,37.52727312,127.116249051,50.0,2026-09-04T20:07:00+09:00,environment
V02Q1940819_2026-09-04T20:07:00+09:00,37.507344263,127.104688643,42.0,2026-09-04T20:07:00+09:00,environment
V02Q1940820_2026-09-04T20:07:00+09:00,37.511104225,127.102321793,54.0,2026-09-04T20:07:00+09:00,environment
V02Q1940821_2026-09-04T20:07:00+09:00,37.502832774,127.108694904,49.0,2026-09-04T20:07:00+09:00,environment
V02Q1940838_2026-09-04T20:07:00+09:00,37.51767925,127.08881891,44.0,2026-09-04T20:07:00+09:00,environment
V02Q1940941_2026-09-04T20:07:00+09:00,37.509088133,127.084056858,46.0,2026-09-04T20:07:00+09:00,environment
V02Q1940079_2026-09-04T20:07:00+09:00,37.494102447,127.082209375,35.0,2026-09-04T20:07:00+09:00,environment
V02Q1940246_2026-09-04T20:07:00+09:00,37.49920086,127.072395308,49.0,2026-09-04T20:07:00+09:00,environment
V02Q1940098_2026-09-04T20:07:00+09:00,37.48670146,127.1000197,62.0,2026-09-04T20:07:00+09:00,environment
V02Q1940100_2026-09-04T20:07:00+09:00,37.494978959,127.093144214,61.0,2026-09-04T20:07:00+09:00,environment
V02Q1940082_2026-09-04T20:07:00+09:00,37.495507594,127.085748474,53.0,2026-09-04T20:07:00+09:00,environment
OC3CL200157_2026-09-04T20:07:00+09:00,37.492381245,127.094589306,70.0,2026-09-04T20:07:00+09:00,environment
OC3CL200017_2026-09-04T20:07:00+09:00,37.52406575,127.1285088,65.0,2026-09-04T20:07:00+09:00,environment
OC3CL200033_2026-09-04T20:07:00+09:00,37.51217275,127.1046954,65.0,2026-09-04T20:07:00+09:00,environment
OC3CL200135_2026-09-04T20:07:00+09:00,37.50215692,127.07044791,63.0,2026-09-04T20:07:00+09:00,environment
OC3CL200141_2026-09-04T20:07:00+09:00,37.48877157,127.1067039,60.0,2026-09-04T20:07:00+09:00,environment
OC3CL200207_2026-09-04T20:07:00+09:00,37.494957877,127.124194746,45.0,2026-09-04T20:07:00+09:00,environment
OC3CL210115_2026-09-04T20:07:00+09:00,37.525641,127.129665,65.0,2026-09-04T20:07:00+09:00,environment
OC3CL200017_2026-09-04T21:07:00+09:00,37.52406575,127.1285088,66.0,2026-09-04T21:07:00+09:00,environment
OC3CL200033_2026-09-04T21:07:00+09:00,37.51217275,127.1046954,62.0,2026-09-04T21:07:00+09:00,environment
OC3CL200135_2026-09-04T21:07:00+09:00,37.50215692,127.07044791,62.0,2026-09-04T21:07:00+09:00,environment
OC3CL200141_2026-09-04T21:07:00+09:00,37.48877157,127.1067039,61.0,2026-09-04T21:07:00+09:00,environment
OC3CL200157_2026-09-04T21:07:00+09:00,37.492381245,127.094589306,70.0,2026-09-04T21:07:00+09:00,environment
OC3CL200207_2026-09-04T21:07:00+09:00,37.494957877,127.124194746,43.0,2026-09-04T21:07:00+09:00,environment
OC3CL210115_2026-09-04T21:07:00+09:00,37.525641,127.129665,64.0,2026-09-04T21:07:00+09:00,environment
V02Q1940079_2026-09-04T21:07:00+09:00,37.494102447,127.082209375,35.0,2026-09-04T21:07:00+09:00,environment
V02Q1940082_2026-09-04T21:07:00+09:00,37.495507594,127.085748474,53.0,2026-09-04T21:07:00+09:00,environment
V02Q1940098_2026-09-04T21:07:00+09:00,37.48670146,127.1000197,63.0,2026-09-04T21:07:00+09:00,environment
V02Q1940100_2026-09-04T21:07:00+09:00,37.494978959,127.093144214,61.0,2026-09-04T21:07:00+09:00,environment
V02Q1940246_2026-09-04T21:07:00+09:00,37.49920086,127.072395308,51.0,2026-09-04T21:07:00+09:00,environment
V02Q1940391_2026-09-04T21:07:00+09:00,37.528616803,127.085121222,44.0,2026-09-04T21:07:00+09:00,environment
V02Q1940392_2026-09-04T21:07:00+09:00,37.538286643,127.09239683,41.0,2026-09-04T21:07:00+09:00,environment
V02Q1940403_2026-09-04T21:07:00+09:00,37.534309074,127.081985567,48.0,2026-09-04T21:07:00+09:00,environment
V02Q1940411_2026-09-04T21:07:00+09:00,37.533878243,127.091521,39.0,2026-09-04T21:07:00+09:00,environment
V02Q1940506_2026-09-04T21:07:00+09:00,37.535029673,127.093240689,58.0,2026-09-04T21:07:00+09:00,environment
V02Q1940507_2026-09-04T21:07:00+09:00,37.531277474,127.123271252,41.0,2026-09-04T21:07:00+09:00,environment
V02Q1940679_2026-09-04T21:07:00+09:00,37.495212727,127.121438826,50.0,2026-09-04T21:07:00+09:00,environment
V02Q1940706_2026-09-04T21:07:00+09:00,37.502049127,127.117110751,48.0,2026-09-04T21:07:00+09:00,environment
V02Q1940708_2026-09-04T21:07:00+09:00,37.514300619,127.091447797,52.0,2026-09-04T21:07:00+09:00,environment
V02Q1940713_2026-09-04T21:07:00+09:00,37.516185359,127.114540561,45.0,2026-09-04T21:07:00+09:00,environment
V02Q1940714_2026-09-04T21:07:00+09:00,37.513385412,127.10686824,54.0,2026-09-04T21:07:00+09:00,environment
V02Q1940734_2026-09-04T21:07:00+09:00,37.518407904,127.100366298,38.0,2026-09-04T21:07:00+09:00,environment
V02Q1940736_2026-09-04T21:07:00+09:00,37.504194933,127.128187719,39.0,2026-09-04T21:07:00+09:00,environment
V02Q1940767_2026-09-04T21:07:00+09:00,37.502603852,127.092310875,49.0,2026-09-04T21:07:00+09:00,environment
V02Q1940772_2026-09-04T21:07:00+09:00,37.503635193,127.103503284,51.0,2026-09-04T21:07:00+09:00,environment
V02Q1940775_2026-09-04T21:07:00+09:00,37.505801455,127.109663753,50.0,2026-09-04T21:07:00+09:00,environment
V02Q1940781_2026-09-04T21:07:00+09:00,37.506173683,127.084756221,39.0,2026-09-04T21:07:00+09:00,environment
V02Q1940784_2026-09-04T21:07:00+09:00,37.498247757,127.126296648,41.0,2026-09-04T21:07:00+09:00,environment
V02Q1940787_2026-09-04T21:07:00+09:00,37.512955044,127.094661921,40.0,2026-09-04T21:07:00+09:00,environment
V02Q1940788_2026-09-04T21:07:00+09:00,37.509617855,127.0741524,48.0,2026-09-04T21:07:00+09:00,environment
V02Q1940790_2026-09-04T21:07:00+09:00,37.514278277,127.112258966,41.0,2026-09-04T21:07:00+09:00,environment
V02Q1940800_2026-09-04T21:07:00+09:00,37.519952859,127.1123122,49.0,2026-09-04T21:07:00+09:00,environment
V02Q1940811_2026-09-04T21:07:00+09:00,37.52727312,127.116249051,50.0,2026-09-04T21:07:00+09:00,environment
V02Q1940819_2026-09-04T21:07:00+09:00,37.507344263,127.104688643,42.0,2026-09-04T21:07:00+09:00,environment
V02Q1940820_2026-09-04T21:07:00+09:00,37.511104225,127.102321793,53.0,2026-09-04T21:07:00+09:00,environment
V02Q1940821_2026-09-04T21:07:00+09:00,37.502832774,127.108694904,50.0,2026-09-04T21:07:00+09:00,environment
V02Q1940832_2026-09-04T21:07:00+09:00,37.511768309,127.124209484,40.0,2026-09-04T21:07:00+09:00,environment
V02Q1940838_2026-09-04T21:07:00+09:00,37.51767925,127.08881891,44.0,2026-09-04T21:07:00+09:00,environment
V02Q1940847_2026-09-04T21:07:00+09:00,37.489683491,127.111908205,35.0,2026-09-04T21:07:00+09:00,environment
V02Q1940873_2026-09-04T21:07:00+09:00,37.53247211,127.114301129,46.0,2026-09-04T21:07:00+09:00,environment
V02Q1940941_2026-09-04T21:07:00+09:00,37.509088133,127.084056858,45.0,2026-09-04T21:07:00+09:00,environment
OC3CL200017_2026-09-04T22:07:00+09:00,37.52406575,127.1285088,65.0,2026-09-04T22:07:00+09:00,environment
OC3CL200135_2026-09-04T22:07:00+09:00,37.50215692,127.07044791,63.0,2026-09-04T22:07:00+09:00,environment
OC3CL200141_2026-09-04T22:07:00+09:00,37.48877157,127.1067039,61.0,2026-09-04T22:07:00+09:00,environment
OC3CL200157_2026-09-04T22:07:00+09:00,37.492381245,127.094589306,70.0,2026-09-04T22:07:00+09:00,environment
OC3CL200207_2026-09-04T22:07:00+09:00,37.494957877,127.124194746,43.0,2026-09-04T22:07:00+09:00,environment
OC3CL210115_2026-09-04T22:07:00+09:00,37.525641,127.129665,62.0,2026-09-04T22:07:00+09:00,environment
V02Q1940079_2026-09-04T22:07:00+09:00,37.494102447,127.082209375,35.0,2026-09-04T22:07:00+09:00,environment
V02Q1940082_2026-09-04T22:07:00+09:00,37.495507594,127.085748474,52.0,2026-09-04T22:07:00+09:00,environment
V02Q1940098_2026-09-04T22:07:00+09:00,37.48670146,127.1000197,60.0,2026-09-04T22:07:00+09:00,environment
V02Q1940100_2026-09-04T22:07:00+09:00,37.494978959,127.093144214,61.0,2026-09-04T22:07:00+09:00,environment
V02Q1940246_2026-09-04T22:07:00+09:00,37.49920086,127.072395308,48.0,2026-09-04T22:07:00+09:00,environment
V02Q1940391_2026-09-04T22:07:00+09:00,37.528616803,127.085121222,44.0,2026-09-04T22:07:00+09:00,environment
V02Q1940392_2026-09-04T22:07:00+09:00,37.538286643,127.09239683,41.0,2026-09-04T22:07:00+09:00,environment
V02Q1940403_2026-09-04T22:07:00+09:00,37.534309074,127.081985567,48.0,2026-09-04T22:07:00+09:00,environment
V02Q1940411_2026-09-04T22:07:00+09:00,37.533878243,127.091521,39.0,2026-09-04T22:07:00+09:00,environment
V02Q1940506_2026-09-04T22:07:00+09:00,37.535029673,127.093240689,54.0,2026-09-04T22:07:00+09:00,environment
V02Q1940507_2026-09-04T22:07:00+09:00,37.531277474,127.123271252,40.0,2026-09-04T22:07:00+09:00,environment
V02Q1940679_2026-09-04T22:07:00+09:00,37.495212727,127.121438826,50.0,2026-09-04T22:07:00+09:00,environment
V02Q1940706_2026-09-04T22:07:00+09:00,37.502049127,127.117110751,48.0,2026-09-04T22:07:00+09:00,environment
V02Q1940708_2026-09-04T22:07:00+09:00,37.514300619,127.091447797,51.0,2026-09-04T22:07:00+09:00,environment
V02Q1940713_2026-09-04T22:07:00+09:00,37.516185359,127.114540561,45.0,2026-09-04T22:07:00+09:00,environment
V02Q1940714_2026-09-04T22:07:00+09:00,37.513385412,127.10686824,54.0,2026-09-04T22:07:00+09:00,environment
V02Q1940734_2026-09-04T22:07:00+09:00,37.518407904,127.100366298,38.0,2026-09-04T22:07:00+09:00,environment
V02Q1940736_2026-09-04T22:07:00+09:00,37.504194933,127.128187719,39.0,2026-09-04T22:07:00+09:00,environment
V02Q1940767_2026-09-04T22:07:00+09:00,37.502603852,127.092310875,48.0,2026-09-04T22:07:00+09:00,environment
V02Q1940772_2026-09-04T22:07:00+09:00,37.503635193,127.103503284,51.0,2026-09-04T22:07:00+09:00,environment
V02Q1940775_2026-09-04T22:07:00+09:00,37.505801455,127.109663753,50.0,2026-09-04T22:07:00+09:00,environment
V02Q1940781_2026-09-04T22:07:00+09:00,37.506173683,127.084756221,38.0,2026-09-04T22:07:00+09:00,environment
V02Q1940784_2026-09-04T22:07:00+09:00,37.498247757,127.126296648,40.0,2026-09-04T22:07:00+09:00,environment
V02Q1940787_2026-09-04T22:07:00+09:00,37.512955044,127.094661921,38.0,2026-09-04T22:07:00+09:00,environment
V02Q1940788_2026-09-04T22:07:00+09:00,37.509617855,127.0741524,48.0,2026-09-04T22:07:00+09:00,environment
V02Q1940790_2026-09-04T22:07:00+09:00,37.514278277,127.112258966,40.0,2026-09-04T22:07:00+09:00,environment
V02Q1940800_2026-09-04T22:07:00+09:00,37.519952859,127.1123122,49.0,2026-09-04T22:07:00+09:00,environment
V02Q1940811_2026-09-04T22:07:00+09:00,37.52727312,127.116249051,50.0,2026-09-04T22:07:00+09:00,environment
V02Q1940819_2026-09-04T22:07:00+09:00,37.507344263,127.104688643,41.0,2026-09-04T22:07:00+09:00,environment
V02Q1940820_2026-09-04T22:07:00+09:00,37.511104225,127.102321793,54.0,2026-09-04T22:07:00+09:00,environment
V02Q1940821_2026-09-04T22:07:00+09:00,37.502832774,127.108694904,49.0,2026-09-04T22:07:00+09:00,environment
V02Q1940832_2026-09-04T22:07:00+09:00,37.511768309,127.124209484,41.0,2026-09-04T22:07:00+09:00,environment
V02Q1940838_2026-09-04T22:07:00+09:00,37.51767925,127.08881891,44.0,2026-09-04T22:07:00+09:00,environment
V02Q1940847_2026-09-04T22:07:00+09:00,37.489683491,127.111908205,35.0,2026-09-04T22:07:00+09:00,environment
V02Q1940873_2026-09-04T22:07:00+09:00,37.53247211,127.114301129,47.0,2026-09-04T22:07:00+09:00,environment
V02Q1940941_2026-09-04T22:07:00+09:00,37.509088133,127.084056858,45.0,2026-09-04T22:07:00+09:00,environment
OC3CL200017_2026-09-04T23:07:00+09:00,37.52406575,127.1285088,63.0,2026-09-04T23:07:00+09:00,environment
OC3CL200135_2026-09-04T23:07:00+09:00,37.50215692,127.07044791,62.0,2026-09-04T23:07:00+09:00,environment
OC3CL200141_2026-09-04T23:07:00+09:00,37.48877157,127.1067039,60.0,2026-09-04T23:07:00+09:00,environment
OC3CL200157_2026-09-04T23:07:00+09:00,37.492381245,127.094589306,69.0,2026-09-04T23:07:00+09:00,environment
OC3CL200207_2026-09-04T23:07:00+09:00,37.494957877,127.124194746,42.0,2026-09-04T23:07:00+09:00,environment
OC3CL210115_2026-09-04T23:07:00+09:00,37.525641,127.129665,61.0,2026-09-04T23:07:00+09:00,environment
V02Q1940079_2026-09-04T23:07:00+09:00,37.494102447,127.082209375,35.0,2026-09-04T23:07:00+09:00,environment
V02Q1940082_2026-09-04T23:07:00+09:00,37.495507594,127.085748474,50.0,2026-09-04T23:07:00+09:00,environment
V02Q1940098_2026-09-04T23:07:00+09:00,37.48670146,127.1000197,56.0,2026-09-04T23:07:00+09:00,environment
V02Q1940100_2026-09-04T23:07:00+09:00,37.494978959,127.093144214,61.0,2026-09-04T23:07:00+09:00,environment
V02Q1940246_2026-09-04T23:07:00+09:00,37.49920086,127.072395308,46.0,2026-09-04T23:07:00+09:00,environment
V02Q1940391_2026-09-04T23:07:00+09:00,37.528616803,127.085121222,44.0,2026-09-04T23:07:00+09:00,environment
V02Q1940392_2026-09-04T23:07:00+09:00,37.538286643,127.09239683,40.0,2026-09-04T23:07:00+09:00,environment
V02Q1940403_2026-09-04T23:07:00+09:00,37.534309074,127.081985567,46.0,2026-09-04T23:07:00+09:00,environment
V02Q1940411_2026-09-04T23:07:00+09:00,37.533878243,127.091521,39.0,2026-09-04T23:07:00+09:00,environment
V02Q1940506_2026-09-04T23:07:00+09:00,37.535029673,127.093240689,53.0,2026-09-04T23:07:00+09:00,environment
V02Q1940507_2026-09-04T23:07:00+09:00,37.531277474,127.123271252,41.0,2026-09-04T23:07:00+09:00,environment
V02Q1940679_2026-09-04T23:07:00+09:00,37.495212727,127.121438826,49.0,2026-09-04T23:07:00+09:00,environment
V02Q1940706_2026-09-04T23:07:00+09:00,37.502049127,127.117110751,47.0,2026-09-04T23:07:00+09:00,environment
V02Q1940708_2026-09-04T23:07:00+09:00,37.514300619,127.091447797,50.0,2026-09-04T23:07:00+09:00,environment
V02Q1940713_2026-09-04T23:07:00+09:00,37.516185359,127.114540561,44.0,2026-09-04T23:07:00+09:00,environment
V02Q1940714_2026-09-04T23:07:00+09:00,37.513385412,127.10686824,53.0,2026-09-04T23:07:00+09:00,environment
V02Q1940734_2026-09-04T23:07:00+09:00,37.518407904,127.100366298,37.0,2026-09-04T23:07:00+09:00,environment
V02Q1940736_2026-09-04T23:07:00+09:00,37.504194933,127.128187719,38.0,2026-09-04T23:07:00+09:00,environment
V02Q1940767_2026-09-04T23:07:00+09:00,37.502603852,127.092310875,47.0,2026-09-04T23:07:00+09:00,environment
V02Q1940772_2026-09-04T23:07:00+09:00,37.503635193,127.103503284,50.0,2026-09-04T23:07:00+09:00,environment
V02Q1940775_2026-09-04T23:07:00+09:00,37.505801455,127.109663753,49.0,2026-09-04T23:07:00+09:00,environment
V02Q1940781_2026-09-04T23:07:00+09:00,37.506173683,127.084756221,38.0,2026-09-04T23:07:00+09:00,environment
V02Q1940784_2026-09-04T23:07:00+09:00,37.498247757,127.126296648,41.0,2026-09-04T23:07:00+09:00,environment
V02Q1940787_2026-09-04T23:07:00+09:00,37.512955044,127.094661921,39.0,2026-09-04T23:07:00+09:00,environment
V02Q1940788_2026-09-04T23:07:00+09:00,37.509617855,127.0741524,47.0,2026-09-04T23:07:00+09:00,environment
V02Q1940790_2026-09-04T23:07:00+09:00,37.514278277,127.112258966,41.0,2026-09-04T23:07:00+09:00,environment
V02Q1940800_2026-09-04T23:07:00+09:00,37.519952859,127.1123122,48.0,2026-09-04T23:07:00+09:00,environment
V02Q1940811_2026-09-04T23:07:00+09:00,37.52727312,127.116249051,50.0,2026-09-04T23:07:00+09:00,environment
V02Q1940819_2026-09-04T23:07:00+09:00,37.507344263,127.104688643,42.0,2026-09-04T23:07:00+09:00,environment
V02Q1940820_2026-09-04T23:07:00+09:00,37.511104225,127.102321793,53.0,2026-09-04T23:07:00+09:00,environment
V02Q1940821_2026-09-04T23:07:00+09:00,37.502832774,127.108694904,48.0,2026-09-04T23:07:00+09:00,environment
V02Q1940832_2026-09-04T23:07:00+09:00,37.511768309,127.124209484,40.0,2026-09-04T23:07:00+09:00,environment
V02Q1940838_2026-09-04T23:07:00+09:00,37.51767925,127.08881891,44.0,2026-09-04T23:07:00+09:00,environment
V02Q1940847_2026-09-04T23:07:00+09:00,37.489683491,127.111908205,35.0,2026-09-04T23:07:00+09:00,environment
V02Q1940873_2026-09-04T23:07:00+09:00,37.53247211,127.114301129,46.0,2026-09-04T23:07:00+09:00,environment
V02Q1940941_2026-09-04T23:07:00+09:00,37.509088133,127.084056858,45.0,2026-09-04T23:07:00+09:00,environment
OC3CL200017_2026-09-05T00:07:00+09:00,37.52406575,127.1285088,62.0,2026-09-05T00:07:00+09:00,environment
OC3CL200135_2026-09-05T00:07:00+09:00,37.50215692,127.07044791,62.0,2026-09-05T00:07:00+09:00,environment
OC3CL200141_2026-09-05T00:07:00+09:00,37.48877157,127.1067039,60.0,2026-09-05T00:07:00+09:00,environment
OC3CL200157_2026-09-05T00:07:00+09:00,37.492381245,127.094589306,68.0,2026-09-05T00:07:00+09:00,environment
OC3CL200207_2026-09-05T00:07:00+09:00,37.494957877,127.124194746,39.0,2026-09-05T00:07:00+09:00,environment
OC3CL210115_2026-09-05T00:07:00+09:00,37.525641,127.129665,59.0,2026-09-05T00:07:00+09:00,environment
V02Q1940079_2026-09-05T00:07:00+09:00,37.494102447,127.082209375,35.0,2026-09-05T00:07:00+09:00,environment
V02Q1940082_2026-09-05T00:07:00+09:00,37.495507594,127.085748474,50.0,2026-09-05T00:07:00+09:00,environment
V02Q1940098_2026-09-05T00:07:00+09:00,37.48670146,127.1000197,54.0,2026-09-05T00:07:00+09:00,environment
V02Q1940100_2026-09-05T00:07:00+09:00,37.494978959,127.093144214,60.0,2026-09-05T00:07:00+09:00,environment
V02Q1940246_2026-09-05T00:07:00+09:00,37.49920086,127.072395308,44.0,2026-09-05T00:07:00+09:00,environment
V02Q1940391_2026-09-05T00:07:00+09:00,37.528616803,127.085121222,41.0,2026-09-05T00:07:00+09:00,environment
V02Q1940392_2026-09-05T00:07:00+09:00,37.538286643,127.09239683,42.0,2026-09-05T00:07:00+09:00,environment
V02Q1940403_2026-09-05T00:07:00+09:00,37.534309074,127.081985567,45.0,2026-09-05T00:07:00+09:00,environment
V02Q1940411_2026-09-05T00:07:00+09:00,37.533878243,127.091521,39.0,2026-09-05T00:07:00+09:00,environment
V02Q1940506_2026-09-05T00:07:00+09:00,37.535029673,127.093240689,50.0,2026-09-05T00:07:00+09:00,environment
V02Q1940507_2026-09-05T00:07:00+09:00,37.531277474,127.123271252,38.0,2026-09-05T00:07:00+09:00,environment
V02Q1940679_2026-09-05T00:07:00+09:00,37.495212727,127.121438826,48.0,2026-09-05T00:07:00+09:00,environment
V02Q1940706_2026-09-05T00:07:00+09:00,37.502049127,127.117110751,44.0,2026-09-05T00:07:00+09:00,environment
V02Q1940708_2026-09-05T00:07:00+09:00,37.514300619,127.091447797,49.0,2026-09-05T00:07:00+09:00,environment
V02Q1940713_2026-09-05T00:07:00+09:00,37.516185359,127.114540561,44.0,2026-09-05T00:07:00+09:00,environment
V02Q1940714_2026-09-05T00:07:00+09:00,37.513385412,127.10686824,52.0,2026-09-05T00:07:00+09:00,environment
V02Q1940734_2026-09-05T00:07:00+09:00,37.518407904,127.100366298,37.0,2026-09-05T00:07:00+09:00,environment
V02Q1940736_2026-09-05T00:07:00+09:00,37.504194933,127.128187719,39.0,2026-09-05T00:07:00+09:00,environment
V02Q1940767_2026-09-05T00:07:00+09:00,37.502603852,127.092310875,45.0,2026-09-05T00:07:00+09:00,environment
V02Q1940772_2026-09-05T00:07:00+09:00,37.503635193,127.103503284,49.0,2026-09-05T00:07:00+09:00,environment
V02Q1940775_2026-09-05T00:07:00+09:00,37.505801455,127.109663753,47.0,2026-09-05T00:07:00+09:00,environment
V02Q1940781_2026-09-05T00:07:00+09:00,37.506173683,127.084756221,38.0,2026-09-05T00:07:00+09:00,environment
V02Q1940784_2026-09-05T00:07:00+09:00,37.498247757,127.126296648,41.0,2026-09-05T00:07:00+09:00,environment
V02Q1940787_2026-09-05T00:07:00+09:00,37.512955044,127.094661921,37.0,2026-09-05T00:07:00+09:00,environment
V02Q1940788_2026-09-05T00:07:00+09:00,37.509617855,127.0741524,45.0,2026-09-05T00:07:00+09:00,environment
V02Q1940790_2026-09-05T00:07:00+09:00,37.514278277,127.112258966,39.0,2026-09-05T00:07:00+09:00,environment
V02Q1940800_2026-09-05T00:07:00+09:00,37.519952859,127.1123122,47.0,2026-09-05T00:07:00+09:00,environment
V02Q1940811_2026-09-05T00:07:00+09:00,37.52727312,127.116249051,49.0,2026-09-05T00:07:00+09:00,environment
V02Q1940819_2026-09-05T00:07:00+09:00,37.507344263,127.104688643,41.0,2026-09-05T00:07:00+09:00,environment
V02Q1940820_2026-09-05T00:07:00+09:00,37.511104225,127.102321793,53.0,2026-09-05T00:07:00+09:00,environment
V02Q1940821_2026-09-05T00:07:00+09:00,37.502832774,127.108694904,49.0,2026-09-05T00:07:00+09:00,environment
V02Q1940832_2026-09-05T00:07:00+09:00,37.511768309,127.124209484,40.0,2026-09-05T00:07:00+09:00,environment
V02Q1940838_2026-09-05T00:07:00+09:00,37.51767925,127.08881891,43.0,2026-09-05T00:07:00+09:00,environment
V02Q1940847_2026-09-05T00:07:00+09:00,37.489683491,127.111908205,35.0,2026-09-05T00:07:00+09:00,environment
V02Q1940873_2026-09-05T00:07:00+09:00,37.53247211,127.114301129,46.0,2026-09-05T00:07:00+09:00,environment
V02Q1940941_2026-09-05T00:07:00+09:00,37.509088133,127.084056858,45.0,2026-09-05T00:07:00+09:00,environment
OC3CL200017_2026-09-04T12:07:13+09:00,37.52406575,127.1285088,59.0,2026-09-04T12:07:13+09:00,environment
OC3CL200017_2026-09-04T13:07:13+09:00,37.52406575,127.1285088,60.0,2026-09-04T13:07:13+09:00,environment
OC3CL200017_2026-09-04T04:07:13+09:00,37.52406575,127.1285088,50.0,2026-09-04T04:07:13+09:00,environment
OC3CL200017_2026-09-04T14:07:13+09:00,37.52406575,127.1285088,59.0,2026-09-04T14:07:13+09:00,environment
OC3CL200017_2026-09-04T15:07:13+09:00,37.52406575,127.1285088,60.0,2026-09-04T15:07:13+09:00,environment
OC3CL200017_2026-09-04T16:07:13+09:00,37.52406575,127.1285088,59.0,2026-09-04T16:07:13+09:00,environment
OC3CL200017_2026-09-04T05:07:13+09:00,37.52406575,127.1285088,51.0,2026-09-04T05:07:13+09:00,environment
OC3CL200017_2026-09-04T17:07:13+09:00,37.52406575,127.1285088,59.0,2026-09-04T17:07:13+09:00,environment
OC3CL200017_2026-09-04T18:07:13+09:00,37.52406575,127.1285088,59.0,2026-09-04T18:07:13+09:00,environment
OC3CL200017_2026-09-04T02:07:13+09:00,37.52406575,127.1285088,60.0,2026-09-04T02:07:13+09:00,environment
OC3CL200017_2026-09-04T07:07:13+09:00,37.52406575,127.1285088,65.0,2026-09-04T07:07:13+09:00,environment
OC3CL200017_2026-09-04T10:07:13+09:00,37.52406575,127.1285088,65.0,2026-09-04T10:07:13+09:00,environment
OC3CL200017_2026-09-04T19:07:13+09:00,37.52406575,127.1285088,65.0,2026-09-04T19:07:13+09:00,environment
OC3CL200017_2026-09-04T06:07:13+09:00,37.52406575,127.1285088,55.0,2026-09-04T06:07:13+09:00,environment
OC3CL200017_2026-09-04T03:07:13+09:00,37.52406575,127.1285088,51.0,2026-09-04T03:07:13+09:00,environment
OC3CL200017_2026-09-04T11:07:13+09:00,37.52406575,127.1285088,59.0,2026-09-04T11:07:13+09:00,environment
OC3CL200033_2026-09-04T09:07:51+09:00,37.51217275,127.1046954,53.0,2026-09-04T09:07:51+09:00,environment
OC3CL200033_2026-09-04T10:07:51+09:00,37.51217275,127.1046954,54.0,2026-09-04T10:07:51+09:00,environment
OC3CL200033_2026-09-04T11:07:51+09:00,37.51217275,127.1046954,53.0,2026-09-04T11:07:51+09:00,environment
OC3CL200033_2026-09-04T12:07:51+09:00,37.51217275,127.1046954,54.0,2026-09-04T12:07:51+09:00,environment
OC3CL200033_2026-09-04T14:07:51+09:00,37.51217275,127.1046954,53.0,2026-09-04T14:07:51+09:00,environment
OC3CL200033_2026-09-04T13:07:51+09:00,37.51217275,127.1046954,53.0,2026-09-04T13:07:51+09:00,environment
OC3CL200033_2026-09-04T00:07:51+09:00,37.51217275,127.1046954,61.0,2026-09-04T00:07:51+09:00,environment
OC3CL200033_2026-09-04T15:07:51+09:00,37.51217275,127.1046954,61.0,2026-09-04T15:07:51+09:00,environment
OC3CL200033_2026-09-04T22:07:51+09:00,37.51217275,127.1046954,62.0,2026-09-04T22:07:51+09:00,environment
OC3CL200033_2026-09-04T23:07:51+09:00,37.51217275,127.1046954,62.0,2026-09-04T23:07:51+09:00,environment
OC3CL200033_2026-09-04T01:07:51+09:00,37.51217275,127.1046954,53.0,2026-09-04T01:07:51+09:00,environment
OC3CL200033_2026-09-04T02:07:51+09:00,37.51217275,127.1046954,52.0,2026-09-04T02:07:51+09:00,environment
OC3CL200033_2026-09-04T03:07:51+09:00,37.51217275,127.1046954,52.0,2026-09-04T03:07:51+09:00,environment
OC3CL200033_2026-09-04T04:07:51+09:00,37.51217275,127.1046954,51.0,2026-09-04T04:07:51+09:00,environment
OC3CL200033_2026-09-04T05:07:51+09:00,37.51217275,127.1046954,53.0,2026-09-04T05:07:51+09:00,environment
OC3CL200033_2026-09-04T06:07:51+09:00,37.51217275,127.1046954,52.0,2026-09-04T06:07:51+09:00,environment
OC3CL200033_2026-09-04T07:07:51+09:00,37.51217275,127.1046954,53.0,2026-09-04T07:07:51+09:00,environment
OC3CL200033_2026-09-04T08:07:51+09:00,37.51217275,127.1046954,53.0,2026-09-04T08:07:51+09:00,environment
OC3CL200141_2026-09-04T10:07:16+09:00,37.48877157,127.1067039,45.0,2026-09-04T10:07:16+09:00,environment
OC3CL200141_2026-09-04T11:07:16+09:00,37.48877157,127.1067039,45.0,2026-09-04T11:07:16+09:00,environment
OC3CL200141_2026-09-04T12:07:16+09:00,37.48877157,127.1067039,45.0,2026-09-04T12:07:16+09:00,environment
OC3CL200141_2026-09-04T13:07:16+09:00,37.48877157,127.1067039,45.0,2026-09-04T13:07:16+09:00,environment
OC3CL200141_2026-09-04T14:07:16+09:00,37.48877157,127.1067039,45.0,2026-09-04T14:07:16+09:00,environment
OC3CL200141_2026-09-04T02:07:16+09:00,37.48877157,127.1067039,44.0,2026-09-04T02:07:16+09:00,environment
OC3CL200141_2026-09-04T01:07:16+09:00,37.48877157,127.1067039,42.0,2026-09-04T01:07:16+09:00,environment
OC3CL200141_2026-09-04T15:07:16+09:00,37.48877157,127.1067039,60.0,2026-09-04T15:07:16+09:00,environment
OC3CL200141_2026-09-04T09:07:16+09:00,37.48877157,127.1067039,60.0,2026-09-04T09:07:16+09:00,environment
OC3CL200141_2026-09-04T03:07:16+09:00,37.48877157,127.1067039,57.0,2026-09-04T03:07:16+09:00,environment
OC3CL200141_2026-09-04T00:07:16+09:00,37.48877157,127.1067039,57.0,2026-09-04T00:07:16+09:00,environment
OC3CL200207_2026-09-04T17:07:18+09:00,37.494957877,127.124194746,48.0,2026-09-04T17:07:18+09:00,environment
V02Q1940117_2026-09-04T17:07:26+09:00,37.508537127,127.087121735,45.0,2026-09-04T17:07:26+09:00,environment
V02Q1940117_2026-09-04T00:07:26+09:00,37.508537127,127.087121735,49.0,2026-09-04T00:07:26+09:00,environment
V02Q1940117_2026-09-04T03:07:26+09:00,37.508537127,127.087121735,50.0,2026-09-04T03:07:26+09:00,environment
V02Q1940117_2026-09-04T05:07:26+09:00,37.508537127,127.087121735,54.0,2026-09-04T05:07:26+09:00,environment
V02Q1940117_2026-09-04T23:07:26+09:00,37.508537127,127.087121735,54.0,2026-09-04T23:07:26+09:00,environment
V02Q1940117_2026-09-04T06:07:26+09:00,37.508537127,127.087121735,42.0,2026-09-04T06:07:26+09:00,environment
V02Q1940117_2026-09-04T07:07:26+09:00,37.508537127,127.087121735,41.0,2026-09-04T07:07:26+09:00,environment
V02Q1940117_2026-09-04T08:07:26+09:00,37.508537127,127.087121735,41.0,2026-09-04T08:07:26+09:00,environment
V02Q1940117_2026-09-04T09:07:26+09:00,37.508537127,127.087121735,44.0,2026-09-04T09:07:26+09:00,environment
V02Q1940117_2026-09-04T10:07:26+09:00,37.508537127,127.087121735,44.0,2026-09-04T10:07:26+09:00,environment
V02Q1940117_2026-09-04T11:07:26+09:00,37.508537127,127.087121735,44.0,2026-09-04T11:07:26+09:00,environment
V02Q1940117_2026-09-04T12:07:26+09:00,37.508537127,127.087121735,45.0,2026-09-04T12:07:26+09:00,environment
V02Q1940117_2026-09-04T13:07:26+09:00,37.508537127,127.087121735,44.0,2026-09-04T13:07:26+09:00,environment
V02Q1940117_2026-09-04T14:07:26+09:00,37.508537127,127.087121735,45.0,2026-09-04T14:07:26+09:00,environment
V02Q1940117_2026-09-04T15:07:26+09:00,37.508537127,127.087121735,45.0,2026-09-04T15:07:26+09:00,environment
V02Q1940117_2026-09-04T16:07:26+09:00,37.508537127,127.087121735,44.0,2026-09-04T16:07:26+09:00,environment
V02Q1940117_2026-09-04T18:07:26+09:00,37.508537127,127.087121735,44.0,2026-09-04T18:07:26+09:00,environment
V02Q1940117_2026-09-04T19:07:26+09:00,37.508537127,127.087121735,44.0,2026-09-04T19:07:26+09:00,environment
V02Q1940117_2026-09-04T20:07:26+09:00,37.508537127,127.087121735,44.0,2026-09-04T20:07:26+09:00,environment
V02Q1940117_2026-09-04T21:07:26+09:00,37.508537127,127.087121735,43.0,2026-09-04T21:07:26+09:00,environment
V02Q1940117_2026-09-04T22:07:26+09:00,37.508537127,127.087121735,43.0,2026-09-04T22:07:26+09:00,environment
V02Q1940129_2026-09-04T02:00:00+09:00,37.497655712,127.074468747,47.0,2026-09-04T02:00:00+09:00,environment
V02Q1940129_2026-09-04T11:00:00+09:00,37.497655712,127.074468747,47.0,2026-09-04T11:00:00+09:00,environment
V02Q1940129_2026-09-04T12:00:00+09:00,37.497655712,127.074468747,50.0,2026-09-04T12:00:00+09:00,environment
V02Q1940129_2026-09-04T13:00:00+09:00,37.497655712,127.074468747,50.0,2026-09-04T13:00:00+09:00,environment
V02Q1940129_2026-09-04T14:00:00+09:00,37.497655712,127.074468747,50.0,2026-09-04T14:00:00+09:00,environment
V02Q1940129_2026-09-04T15:00:00+09:00,37.497655712,127.074468747,49.0,2026-09-04T15:00:00+09:00,environment
V02Q1940129_2026-09-04T16:00:00+09:00,37.497655712,127.074468747,47.0,2026-09-04T16:00:00+09:00,environment
V02Q1940129_2026-09-04T17:00:00+09:00,37.497655712,127.074468747,47.0,2026-09-04T17:00:00+09:00,environment
V02Q1940129_2026-09-04T18:00:00+09:00,37.497655712,127.074468747,46.0,2026-09-04T18:00:00+09:00,environment
V02Q1940129_2026-09-04T19:00:00+09:00,37.497655712,127.074468747,46.0,2026-09-04T19:00:00+09:00,environment
V02Q1940129_2026-09-04T20:00:00+09:00,37.497655712,127.074468747,50.0,2026-09-04T20:00:00+09:00,environment
V02Q1940129_2026-09-04T21:00:00+09:00,37.497655712,127.074468747,51.0,2026-09-04T21:00:00+09:00,environment
V02Q1940129_2026-09-04T22:00:00+09:00,37.497655712,127.074468747,49.0,2026-09-04T22:00:00+09:00,environment
V02Q1940129_2026-09-04T23:00:00+09:00,37.497655712,127.074468747,47.0,2026-09-04T23:00:00+09:00,environment
V02Q1940129_2026-09-04T09:00:00+09:00,37.497655712,127.074468747,49.0,2026-09-04T09:00:00+09:00,environment
V02Q1940129_2026-09-04T08:00:00+09:00,37.497655712,127.074468747,48.0,2026-09-04T08:00:00+09:00,environment
V02Q1940129_2026-09-04T07:00:00+09:00,37.497655712,127.074468747,49.0,2026-09-04T07:00:00+09:00,environment
V02Q1940129_2026-09-04T06:00:00+09:00,37.497655712,127.074468747,51.0,2026-09-04T06:00:00+09:00,environment
V02Q1940129_2026-09-04T05:00:00+09:00,37.497655712,127.074468747,49.0,2026-09-04T05:00:00+09:00,environment
V02Q1940129_2026-09-04T04:00:00+09:00,37.497655712,127.074468747,48.0,2026-09-04T04:00:00+09:00,environment
V02Q1940129_2026-09-04T03:00:00+09:00,37.497655712,127.074468747,48.0,2026-09-04T03:00:00+09:00,environment
V02Q1940129_2026-09-04T10:00:00+09:00,37.497655712,127.074468747,47.0,2026-09-04T10:00:00+09:00,environment
V02Q1940129_2026-09-04T01:00:00+09:00,37.497655712,127.074468747,46.0,2026-09-04T01:00:00+09:00,environment
V02Q1940129_2026-09-04T00:00:00+09:00,37.497655712,127.074468747,48.0,2026-09-04T00:00:00+09:00,environment
V02Q1940742_2026-09-04T21:00:00+09:00,37.501040267,127.109739451,49.0,2026-09-04T21:00:00+09:00,environment
V02Q1940742_2026-09-04T00:00:00+09:00,37.501040267,127.109739451,48.0,2026-09-04T00:00:00+09:00,environment
V02Q1940742_2026-09-04T01:00:00+09:00,37.501040267,127.109739451,46.0,2026-09-04T01:00:00+09:00,environment
V02Q1940742_2026-09-04T02:00:00+09:00,37.501040267,127.109739451,45.0,2026-09-04T02:00:00+09:00,environment
V02Q1940742_2026-09-04T03:00:00+09:00,37.501040267,127.109739451,43.0,2026-09-04T03:00:00+09:00,environment
V02Q1940742_2026-09-04T04:00:00+09:00,37.501040267,127.109739451,44.0,2026-09-04T04:00:00+09:00,environment
V02Q1940742_2026-09-04T05:00:00+09:00,37.501040267,127.109739451,44.0,2026-09-04T05:00:00+09:00,environment
V02Q1940742_2026-09-04T06:00:00+09:00,37.501040267,127.109739451,45.0,2026-09-04T06:00:00+09:00,environment
V02Q1940742_2026-09-04T07:00:00+09:00,37.501040267,127.109739451,47.0,2026-09-04T07:00:00+09:00,environment
V02Q1940742_2026-09-04T08:00:00+09:00,37.501040267,127.109739451,49.0,2026-09-04T08:00:00+09:00,environment
V02Q1940742_2026-09-04T09:00:00+09:00,37.501040267,127.109739451,50.0,2026-09-04T09:00:00+09:00,environment
V02Q1940742_2026-09-04T10:00:00+09:00,37.501040267,127.109739451,51.0,2026-09-04T10:00:00+09:00,environment
V02Q1940742_2026-09-04T23:00:00+09:00,37.501040267,127.109739451,48.0,2026-09-04T23:00:00+09:00,environment
V02Q1940742_2026-09-04T11:00:00+09:00,37.501040267,127.109739451,51.0,2026-09-04T11:00:00+09:00,environment
V02Q1940742_2026-09-04T12:00:00+09:00,37.501040267,127.109739451,52.0,2026-09-04T12:00:00+09:00,environment
V02Q1940742_2026-09-04T13:00:00+09:00,37.501040267,127.109739451,51.0,2026-09-04T13:00:00+09:00,environment
V02Q1940742_2026-09-04T14:00:00+09:00,37.501040267,127.109739451,52.0,2026-09-04T14:00:00+09:00,environment
V02Q1940742_2026-09-04T15:00:00+09:00,37.501040267,127.109739451,50.0,2026-09-04T15:00:00+09:00,environment
V02Q1940742_2026-09-04T16:00:00+09:00,37.501040267,127.109739451,50.0,2026-09-04T16:00:00+09:00,environment
V02Q1940742_2026-09-04T17:00:00+09:00,37.501040267,127.109739451,50.0,2026-09-04T17:00:00+09:00,environment
V02Q1940742_2026-09-04T18:00:00+09:00,37.501040267,127.109739451,49.0,2026-09-04T18:00:00+09:00,environment
V02Q1940742_2026-09-04T22:00:00+09:00,37.501040267,127.109739451,49.0,2026-09-04T22:00:00+09:00,environment
V02Q1940742_2026-09-04T19:00:00+09:00,37.501040267,127.109739451,49.0,2026-09-04T19:00:00+09:00,environment
V02Q1940742_2026-09-04T20:00:00+09:00,37.501040267,127.109739451,49.0,2026-09-04T20:00:00+09:00,environment
OC3CL200017_2026-09-05T01:07:00+09:00,37.52406575,127.1285088,61.0,2026-09-05T01:07:00+09:00,environment
OC3CL200135_2026-09-05T01:07:00+09:00,37.50215692,127.07044791,61.0,2026-09-05T01:07:00+09:00,environment
OC3CL200141_2026-09-05T01:07:00+09:00,37.48877157,127.1067039,59.0,2026-09-05T01:07:00+09:00,environment
OC3CL200157_2026-09-05T01:07:00+09:00,37.492381245,127.094589306,66.0,2026-09-05T01:07:00+09:00,environment
OC3CL200207_2026-09-05T01:07:00+09:00,37.494957877,127.124194746,38.0,2026-09-05T01:07:00+09:00,environment
OC3CL210115_2026-09-05T01:07:00+09:00,37.525641,127.129665,56.0,2026-09-05T01:07:00+09:00,environment
V02Q1940079_2026-09-05T01:07:00+09:00,37.494102447,127.082209375,35.0,2026-09-05T01:07:00+09:00,environment
V02Q1940082_2026-09-05T01:07:00+09:00,37.495507594,127.085748474,48.0,2026-09-05T01:07:00+09:00,environment
V02Q1940098_2026-09-05T01:07:00+09:00,37.48670146,127.1000197,54.0,2026-09-05T01:07:00+09:00,environment
V02Q1940100_2026-09-05T01:07:00+09:00,37.494978959,127.093144214,60.0,2026-09-05T01:07:00+09:00,environment
V02Q1940246_2026-09-05T01:07:00+09:00,37.49920086,127.072395308,44.0,2026-09-05T01:07:00+09:00,environment
V02Q1940391_2026-09-05T01:07:00+09:00,37.528616803,127.085121222,40.0,2026-09-05T01:07:00+09:00,environment
V02Q1940392_2026-09-05T01:07:00+09:00,37.538286643,127.09239683,45.0,2026-09-05T01:07:00+09:00,environment
V02Q1940403_2026-09-05T01:07:00+09:00,37.534309074,127.081985567,44.0,2026-09-05T01:07:00+09:00,environment
V02Q1940411_2026-09-05T01:07:00+09:00,37.533878243,127.091521,38.0,2026-09-05T01:07:00+09:00,environment
V02Q1940506_2026-09-05T01:07:00+09:00,37.535029673,127.093240689,47.0,2026-09-05T01:07:00+09:00,environment
V02Q1940507_2026-09-05T01:07:00+09:00,37.531277474,127.123271252,38.0,2026-09-05T01:07:00+09:00,environment
V02Q1940679_2026-09-05T01:07:00+09:00,37.495212727,127.121438826,48.0,2026-09-05T01:07:00+09:00,environment
V02Q1940706_2026-09-05T01:07:00+09:00,37.502049127,127.117110751,43.0,2026-09-05T01:07:00+09:00,environment
V02Q1940708_2026-09-05T01:07:00+09:00,37.514300619,127.091447797,48.0,2026-09-05T01:07:00+09:00,environment
V02Q1940713_2026-09-05T01:07:00+09:00,37.516185359,127.114540561,43.0,2026-09-05T01:07:00+09:00,environment
V02Q1940714_2026-09-05T01:07:00+09:00,37.513385412,127.10686824,50.0,2026-09-05T01:07:00+09:00,environment
V02Q1940734_2026-09-05T01:07:00+09:00,37.518407904,127.100366298,37.0,2026-09-05T01:07:00+09:00,environment
V02Q1940736_2026-09-05T01:07:00+09:00,37.504194933,127.128187719,41.0,2026-09-05T01:07:00+09:00,environment
V02Q1940767_2026-09-05T01:07:00+09:00,37.502603852,127.092310875,44.0,2026-09-05T01:07:00+09:00,environment
V02Q1940772_2026-09-05T01:07:00+09:00,37.503635193,127.103503284,48.0,2026-09-05T01:07:00+09:00,environment
V02Q1940775_2026-09-05T01:07:00+09:00,37.505801455,127.109663753,47.0,2026-09-05T01:07:00+09:00,environment
V02Q1940781_2026-09-05T01:07:00+09:00,37.506173683,127.084756221,38.0,2026-09-05T01:07:00+09:00,environment
V02Q1940784_2026-09-05T01:07:00+09:00,37.498247757,127.126296648,41.0,2026-09-05T01:07:00+09:00,environment
V02Q1940787_2026-09-05T01:07:00+09:00,37.512955044,127.094661921,36.0,2026-09-05T01:07:00+09:00,environment
V02Q1940788_2026-09-05T01:07:00+09:00,37.509617855,127.0741524,45.0,2026-09-05T01:07:00+09:00,environment
V02Q1940790_2026-09-05T01:07:00+09:00,37.514278277,127.112258966,38.0,2026-09-05T01:07:00+09:00,environment
V02Q1940800_2026-09-05T01:07:00+09:00,37.519952859,127.1123122,44.0,2026-09-05T01:07:00+09:00,environment
V02Q1940811_2026-09-05T01:07:00+09:00,37.52727312,127.116249051,49.0,2026-09-05T01:07:00+09:00,environment
V02Q1940819_2026-09-05T01:07:00+09:00,37.507344263,127.104688643,42.0,2026-09-05T01:07:00+09:00,environment
V02Q1940820_2026-09-05T01:07:00+09:00,37.511104225,127.102321793,52.0,2026-09-05T01:07:00+09:00,environment
V02Q1940821_2026-09-05T01:07:00+09:00,37.502832774,127.108694904,48.0,2026-09-05T01:07:00+09:00,environment
V02Q1940832_2026-09-05T01:07:00+09:00,37.511768309,127.124209484,40.0,2026-09-05T01:07:00+09:00,environment
V02Q1940838_2026-09-05T01:07:00+09:00,37.51767925,127.08881891,43.0,2026-09-05T01:07:00+09:00,environment
V02Q1940847_2026-09-05T01:07:00+09:00,37.489683491,127.111908205,35.0,2026-09-05T01:07:00+09:00,environment
V02Q1940873_2026-09-05T01:07:00+09:00,37.53247211,127.114301129,47.0,2026-09-05T01:07:00+09:00,environment
V02Q1940941_2026-09-05T01:07:00+09:00,37.509088133,127.084056858,39.0,2026-09-05T01:07:00+09:00,environment
V02Q1940391_2026-09-05T02:07:00+09:00,37.528616803,127.085121222,40.0,2026-09-05T02:07:00+09:00,environment
V02Q1940392_2026-09-05T02:07:00+09:00,37.538286643,127.09239683,45.0,2026-09-05T02:07:00+09:00,environment
V02Q1940403_2026-09-05T02:07:00+09:00,37.534309074,127.081985567,46.0,2026-09-05T02:07:00+09:00,environment
V02Q1940411_2026-09-05T02:07:00+09:00,37.533878243,127.091521,38.0,2026-09-05T02:07:00+09:00,environment
V02Q1940506_2026-09-05T02:07:00+09:00,37.535029673,127.093240689,45.0,2026-09-05T02:07:00+09:00,environment
V02Q1940679_2026-09-05T02:07:00+09:00,37.495212727,127.121438826,47.0,2026-09-05T02:07:00+09:00,environment
V02Q1940734_2026-09-05T02:07:00+09:00,37.518407904,127.100366298,38.0,2026-09-05T02:07:00+09:00,environment
V02Q1940767_2026-09-05T02:07:00+09:00,37.502603852,127.092310875,45.0,2026-09-05T02:07:00+09:00,environment
V02Q1940784_2026-09-05T02:07:00+09:00,37.498247757,127.126296648,42.0,2026-09-05T02:07:00+09:00,environment
V02Q1940790_2026-09-05T02:07:00+09:00,37.514278277,127.112258966,37.0,2026-09-05T02:07:00+09:00,environment
V02Q1940706_2026-09-05T02:07:00+09:00,37.502049127,127.117110751,43.0,2026-09-05T02:07:00+09:00,environment
V02Q1940708_2026-09-05T02:07:00+09:00,37.514300619,127.091447797,47.0,2026-09-05T02:07:00+09:00,environment
V02Q1940713_2026-09-05T02:07:00+09:00,37.516185359,127.114540561,41.0,2026-09-05T02:07:00+09:00,environment
V02Q1940714_2026-09-05T02:07:00+09:00,37.513385412,127.10686824,49.0,2026-09-05T02:07:00+09:00,environment
V02Q1940736_2026-09-05T02:07:00+09:00,37.504194933,127.128187719,44.0,2026-09-05T02:07:00+09:00,environment
V02Q1940772_2026-09-05T02:07:00+09:00,37.503635193,127.103503284,47.0,2026-09-05T02:07:00+09:00,environment
V02Q1940775_2026-09-05T02:07:00+09:00,37.505801455,127.109663753,44.0,2026-09-05T02:07:00+09:00,environment
V02Q1940781_2026-09-05T02:07:00+09:00,37.506173683,127.084756221,38.0,2026-09-05T02:07:00+09:00,environment
V02Q1940787_2026-09-05T02:07:00+09:00,37.512955044,127.094661921,39.0,2026-09-05T02:07:00+09:00,environment
V02Q1940788_2026-09-05T02:07:00+09:00,37.509617855,127.0741524,47.0,2026-09-05T02:07:00+09:00,environment
V02Q1940800_2026-09-05T02:07:00+09:00,37.519952859,127.1123122,41.0,2026-09-05T02:07:00+09:00,environment
V02Q1940811_2026-09-05T02:07:00+09:00,37.52727312,127.116249051,49.0,2026-09-05T02:07:00+09:00,environment
V02Q1940832_2026-09-05T02:07:00+09:00,37.511768309,127.124209484,40.0,2026-09-05T02:07:00+09:00,environment
V02Q1940847_2026-09-05T02:07:00+09:00,37.489683491,127.111908205,35.0,2026-09-05T02:07:00+09:00,environment
V02Q1940873_2026-09-05T02:07:00+09:00,37.53247211,127.114301129,48.0,2026-09-05T02:07:00+09:00,environment
V02Q1940941_2026-09-05T02:07:00+09:00,37.509088133,127.084056858,39.0,2026-09-05T02:07:00+09:00,environment
V02Q1940507_2026-09-05T02:07:00+09:00,37.531277474,127.123271252,39.0,2026-09-05T02:07:00+09:00,environment
V02Q1940819_2026-09-05T02:07:00+09:00,37.507344263,127.104688643,41.0,2026-09-05T02:07:00+09:00,environment
V02Q1940820_2026-09-05T02:07:00+09:00,37.511104225,127.102321793,51.0,2026-09-05T02:07:00+09:00,environment
V02Q1940821_2026-09-05T02:07:00+09:00,37.502832774,127.108694904,46.0,2026-09-05T02:07:00+09:00,environment
V02Q1940838_2026-09-05T02:07:00+09:00,37.51767925,127.08881891,43.0,2026-09-05T02:07:00+09:00,environment
V02Q1940079_2026-09-05T02:07:00+09:00,37.494102447,127.082209375,35.0,2026-09-05T02:07:00+09:00,environment
V02Q1940246_2026-09-05T02:07:00+09:00,37.49920086,127.072395308,45.0,2026-09-05T02:07:00+09:00,environment
V02Q1940082_2026-09-05T02:07:00+09:00,37.495507594,127.085748474,47.0,2026-09-05T02:07:00+09:00,environment
V02Q1940098_2026-09-05T02:07:00+09:00,37.48670146,127.1000197,51.0,2026-09-05T02:07:00+09:00,environment
V02Q1940100_2026-09-05T02:07:00+09:00,37.494978959,127.093144214,59.0,2026-09-05T02:07:00+09:00,environment
OC3CL200135_2026-09-05T02:07:00+09:00,37.50215692,127.07044791,60.0,2026-09-05T02:07:00+09:00,environment
OC3CL200141_2026-09-05T02:07:00+09:00,37.48877157,127.1067039,58.0,2026-09-05T02:07:00+09:00,environment
OC3CL200157_2026-09-05T02:07:00+09:00,37.492381245,127.094589306,65.0,2026-09-05T02:07:00+09:00,environment
OC3CL200207_2026-09-05T02:07:00+09:00,37.494957877,127.124194746,36.0,2026-09-05T02:07:00+09:00,environment
OC3CL200017_2026-09-05T02:07:00+09:00,37.52406575,127.1285088,59.0,2026-09-05T02:07:00+09:00,environment
OC3CL210115_2026-09-05T02:07:00+09:00,37.525641,127.129665,55.0,2026-09-05T02:07:00+09:00,environment
V02Q1940391_2026-09-05T03:07:00+09:00,37.528616803,127.085121222,42.0,2026-09-05T03:07:00+09:00,environment
V02Q1940392_2026-09-05T03:07:00+09:00,37.538286643,127.09239683,49.0,2026-09-05T03:07:00+09:00,environment
V02Q1940403_2026-09-05T03:07:00+09:00,37.534309074,127.081985567,44.0,2026-09-05T03:07:00+09:00,environment
V02Q1940411_2026-09-05T03:07:00+09:00,37.533878243,127.091521,37.0,2026-09-05T03:07:00+09:00,environment
V02Q1940506_2026-09-05T03:07:00+09:00,37.535029673,127.093240689,45.0,2026-09-05T03:07:00+09:00,environment
V02Q1940679_2026-09-05T03:07:00+09:00,37.495212727,127.121438826,46.0,2026-09-05T03:07:00+09:00,environment
V02Q1940734_2026-09-05T03:07:00+09:00,37.518407904,127.100366298,40.0,2026-09-05T03:07:00+09:00,environment
V02Q1940767_2026-09-05T03:07:00+09:00,37.502603852,127.092310875,45.0,2026-09-05T03:07:00+09:00,environment
V02Q1940772_2026-09-05T03:07:00+09:00,37.503635193,127.103503284,46.0,2026-09-05T03:07:00+09:00,environment
V02Q1940775_2026-09-05T03:07:00+09:00,37.505801455,127.109663753,45.0,2026-09-05T03:07:00+09:00,environment
V02Q1940784_2026-09-05T03:07:00+09:00,37.498247757,127.126296648,47.0,2026-09-05T03:07:00+09:00,environment
V02Q1940790_2026-09-05T03:07:00+09:00,37.514278277,127.112258966,39.0,2026-09-05T03:07:00+09:00,environment
V02Q1940706_2026-09-05T03:07:00+09:00,37.502049127,127.117110751,43.0,2026-09-05T03:07:00+09:00,environment
V02Q1940708_2026-09-05T03:07:00+09:00,37.514300619,127.091447797,48.0,2026-09-05T03:07:00+09:00,environment
V02Q1940713_2026-09-05T03:07:00+09:00,37.516185359,127.114540561,44.0,2026-09-05T03:07:00+09:00,environment
V02Q1940714_2026-09-05T03:07:00+09:00,37.513385412,127.10686824,48.0,2026-09-05T03:07:00+09:00,environment
V02Q1940736_2026-09-05T03:07:00+09:00,37.504194933,127.128187719,45.0,2026-09-05T03:07:00+09:00,environment
V02Q1940781_2026-09-05T03:07:00+09:00,37.506173683,127.084756221,38.0,2026-09-05T03:07:00+09:00,environment
V02Q1940787_2026-09-05T03:07:00+09:00,37.512955044,127.094661921,39.0,2026-09-05T03:07:00+09:00,environment
V02Q1940788_2026-09-05T03:07:00+09:00,37.509617855,127.0741524,48.0,2026-09-05T03:07:00+09:00,environment
V02Q1940800_2026-09-05T03:07:00+09:00,37.519952859,127.1123122,40.0,2026-09-05T03:07:00+09:00,environment
V02Q1940811_2026-09-05T03:07:00+09:00,37.52727312,127.116249051,50.0,2026-09-05T03:07:00+09:00,environment
V02Q1940819_2026-09-05T03:07:00+09:00,37.507344263,127.104688643,39.0,2026-09-05T03:07:00+09:00,environment
V02Q1940821_2026-09-05T03:07:00+09:00,37.502832774,127.108694904,44.0,2026-09-05T03:07:00+09:00,environment
V02Q1940832_2026-09-05T03:07:00+09:00,37.511768309,127.124209484,40.0,2026-09-05T03:07:00+09:00,environment
V02Q1940847_2026-09-05T03:07:00+09:00,37.489683491,127.111908205,35.0,2026-09-05T03:07:00+09:00,environment
V02Q1940873_2026-09-05T03:07:00+09:00,37.53247211,127.114301129,52.0,2026-09-05T03:07:00+09:00,environment
V02Q1940941_2026-09-05T03:07:00+09:00,37.509088133,127.084056858,39.0,2026-09-05T03:07:00+09:00,environment
V02Q1940507_2026-09-05T03:07:00+09:00,37.531277474,127.123271252,39.0,2026-09-05T03:07:00+09:00,environment
V02Q1940820_2026-09-05T03:07:00+09:00,37.511104225,127.102321793,51.0,2026-09-05T03:07:00+09:00,environment
V02Q1940838_2026-09-05T03:07:00+09:00,37.51767925,127.08881891,43.0,2026-09-05T03:07:00+09:00,environment
V02Q1940887_2026-09-05T03:07:00+09:00,37.502749128,127.09252424,52.0,2026-09-05T03:07:00+09:00,environment
V02Q1940079_2026-09-05T03:07:00+09:00,37.494102447,127.082209375,35.0,2026-09-05T03:07:00+09:00,environment
V02Q1940246_2026-09-05T03:07:00+09:00,37.49920086,127.072395308,46.0,2026-09-05T03:07:00+09:00,environment
V02Q1940082_2026-09-05T03:07:00+09:00,37.495507594,127.085748474,48.0,2026-09-05T03:07:00+09:00,environment
V02Q1940098_2026-09-05T03:07:00+09:00,37.48670146,127.1000197,49.0,2026-09-05T03:07:00+09:00,environment
V02Q1940100_2026-09-05T03:07:00+09:00,37.494978959,127.093144214,58.0,2026-09-05T03:07:00+09:00,environment
OC3CL200135_2026-09-05T03:07:00+09:00,37.50215692,127.07044791,60.0,2026-09-05T03:07:00+09:00,environment
OC3CL200141_2026-09-05T03:07:00+09:00,37.48877157,127.1067039,57.0,2026-09-05T03:07:00+09:00,environment
OC3CL200157_2026-09-05T03:07:00+09:00,37.492381245,127.094589306,63.0,2026-09-05T03:07:00+09:00,environment
OC3CL200207_2026-09-05T03:07:00+09:00,37.494957877,127.124194746,35.0,2026-09-05T03:07:00+09:00,environment
OC3CL200017_2026-09-05T03:07:00+09:00,37.52406575,127.1285088,57.0,2026-09-05T03:07:00+09:00,environment
OC3CL210115_2026-09-05T03:07:00+09:00,37.525641,127.129665,54.0,2026-09-05T03:07:00+09:00,environment
OC3CL200017_2026-09-05T04:07:00+09:00,37.52406575,127.1285088,57.0,2026-09-05T04:07:00+09:00,environment
OC3CL200135_2026-09-05T04:07:00+09:00,37.50215692,127.07044791,60.0,2026-09-05T04:07:00+09:00,environment
OC3CL200141_2026-09-05T04:07:00+09:00,37.48877157,127.1067039,57.0,2026-09-05T04:07:00+09:00,environment
OC3CL200157_2026-09-05T04:07:00+09:00,37.492381245,127.094589306,63.0,2026-09-05T04:07:00+09:00,environment
OC3CL200207_2026-09-05T04:07:00+09:00,37.494957877,127.124194746,35.0,2026-09-05T04:07:00+09:00,environment
OC3CL210115_2026-09-05T04:07:00+09:00,37.525641,127.129665,54.0,2026-09-05T04:07:00+09:00,environment
V02Q1940079_2026-09-05T04:07:00+09:00,37.494102447,127.082209375,35.0,2026-09-05T04:07:00+09:00,environment
V02Q1940082_2026-09-05T04:07:00+09:00,37.495507594,127.085748474,46.0,2026-09-05T04:07:00+09:00,environment
V02Q1940098_2026-09-05T04:07:00+09:00,37.48670146,127.1000197,50.0,2026-09-05T04:07:00+09:00,environment
V02Q1940100_2026-09-05T04:07:00+09:00,37.494978959,127.093144214,57.0,2026-09-05T04:07:00+09:00,environment
V02Q1940246_2026-09-05T04:07:00+09:00,37.49920086,127.072395308,46.0,2026-09-05T04:07:00+09:00,environment
V02Q1940391_2026-09-05T04:07:00+09:00,37.528616803,127.085121222,42.0,2026-09-05T04:07:00+09:00,environment
V02Q1940392_2026-09-05T04:07:00+09:00,37.538286643,127.09239683,52.0,2026-09-05T04:07:00+09:00,environment
V02Q1940403_2026-09-05T04:07:00+09:00,37.534309074,127.081985567,43.0,2026-09-05T04:07:00+09:00,environment
V02Q1940411_2026-09-05T04:07:00+09:00,37.533878243,127.091521,38.0,2026-09-05T04:07:00+09:00,environment
V02Q1940506_2026-09-05T04:07:00+09:00,37.535029673,127.093240689,50.0,2026-09-05T04:07:00+09:00,environment
V02Q1940507_2026-09-05T04:07:00+09:00,37.531277474,127.123271252,40.0,2026-09-05T04:07:00+09:00,environment
V02Q1940679_2026-09-05T04:07:00+09:00,37.495212727,127.121438826,46.0,2026-09-05T04:07:00+09:00,environment
V02Q1940706_2026-09-05T04:07:00+09:00,37.502049127,127.117110751,45.0,2026-09-05T04:07:00+09:00,environment
V02Q1940708_2026-09-05T04:07:00+09:00,37.514300619,127.091447797,48.0,2026-09-05T04:07:00+09:00,environment
V02Q1940713_2026-09-05T04:07:00+09:00,37.516185359,127.114540561,41.0,2026-09-05T04:07:00+09:00,environment
V02Q1940714_2026-09-05T04:07:00+09:00,37.513385412,127.10686824,48.0,2026-09-05T04:07:00+09:00,environment
V02Q1940734_2026-09-05T04:07:00+09:00,37.518407904,127.100366298,41.0,2026-09-05T04:07:00+09:00,environment
V02Q1940736_2026-09-05T04:07:00+09:00,37.504194933,127.128187719,46.0,2026-09-05T04:07:00+09:00,environment
V02Q1940767_2026-09-05T04:07:00+09:00,37.502603852,127.092310875,48.0,2026-09-05T04:07:00+09:00,environment
V02Q1940772_2026-09-05T04:07:00+09:00,37.503635193,127.103503284,45.0,2026-09-05T04:07:00+09:00,environment
V02Q1940775_2026-09-05T04:07:00+09:00,37.505801455,127.109663753,43.0,2026-09-05T04:07:00+09:00,environment
V02Q1940781_2026-09-05T04:07:00+09:00,37.506173683,127.084756221,42.0,2026-09-05T04:07:00+09:00,environment
V02Q1940784_2026-09-05T04:07:00+09:00,37.498247757,127.126296648,50.0,2026-09-05T04:07:00+09:00,environment
V02Q1940787_2026-09-05T04:07:00+09:00,37.512955044,127.094661921,40.0,2026-09-05T04:07:00+09:00,environment
V02Q1940788_2026-09-05T04:07:00+09:00,37.509617855,127.0741524,50.0,2026-09-05T04:07:00+09:00,environment
V02Q1940790_2026-09-05T04:07:00+09:00,37.514278277,127.112258966,41.0,2026-09-05T04:07:00+09:00,environment
V02Q1940800_2026-09-05T04:07:00+09:00,37.519952859,127.1123122,40.0,2026-09-05T04:07:00+09:00,environment
V02Q1940811_2026-09-05T04:07:00+09:00,37.52727312,127.116249051,50.0,2026-09-05T04:07:00+09:00,environment
V02Q1940819_2026-09-05T04:07:00+09:00,37.507344263,127.104688643,39.0,2026-09-05T04:07:00+09:00,environment
V02Q1940820_2026-09-05T04:07:00+09:00,37.511104225,127.102321793,51.0,2026-09-05T04:07:00+09:00,environment
V02Q1940821_2026-09-05T04:07:00+09:00,37.502832774,127.108694904,43.0,2026-09-05T04:07:00+09:00,environment
V02Q1940832_2026-09-05T04:07:00+09:00,37.511768309,127.124209484,42.0,2026-09-05T04:07:00+09:00,environment
V02Q1940838_2026-09-05T04:07:00+09:00,37.51767925,127.08881891,43.0,2026-09-05T04:07:00+09:00,environment
V02Q1940847_2026-09-05T04:07:00+09:00,37.489683491,127.111908205,35.0,2026-09-05T04:07:00+09:00,environment
V02Q1940873_2026-09-05T04:07:00+09:00,37.53247211,127.114301129,52.0,2026-09-05T04:07:00+09:00,environment
V02Q1940887_2026-09-05T04:07:00+09:00,37.502749128,127.09252424,52.0,2026-09-05T04:07:00+09:00,environment
V02Q1940941_2026-09-05T04:07:00+09:00,37.509088133,127.084056858,40.0,2026-09-05T04:07:00+09:00,environment
OC3CL200017_2026-09-05T05:07:00+09:00,37.52406575,127.1285088,58.0,2026-09-05T05:07:00+09:00,environment
OC3CL200135_2026-09-05T05:07:00+09:00,37.50215692,127.07044791,61.0,2026-09-05T05:07:00+09:00,environment
OC3CL200141_2026-09-05T05:07:00+09:00,37.48877157,127.1067039,58.0,2026-09-05T05:07:00+09:00,environment
OC3CL200157_2026-09-05T05:07:00+09:00,37.492381245,127.094589306,64.0,2026-09-05T05:07:00+09:00,environment
OC3CL200207_2026-09-05T05:07:00+09:00,37.494957877,127.124194746,35.0,2026-09-05T05:07:00+09:00,environment
OC3CL210115_2026-09-05T05:07:00+09:00,37.525641,127.129665,55.0,2026-09-05T05:07:00+09:00,environment
V02Q1940079_2026-09-05T05:07:00+09:00,37.494102447,127.082209375,35.0,2026-09-05T05:07:00+09:00,environment
V02Q1940082_2026-09-05T05:07:00+09:00,37.495507594,127.085748474,47.0,2026-09-05T05:07:00+09:00,environment
V02Q1940098_2026-09-05T05:07:00+09:00,37.48670146,127.1000197,51.0,2026-09-05T05:07:00+09:00,environment
V02Q1940100_2026-09-05T05:07:00+09:00,37.494978959,127.093144214,59.0,2026-09-05T05:07:00+09:00,environment
V02Q1940246_2026-09-05T05:07:00+09:00,37.49920086,127.072395308,48.0,2026-09-05T05:07:00+09:00,environment
V02Q1940391_2026-09-05T05:07:00+09:00,37.528616803,127.085121222,44.0,2026-09-05T05:07:00+09:00,environment
V02Q1940392_2026-09-05T05:07:00+09:00,37.538286643,127.09239683,52.0,2026-09-05T05:07:00+09:00,environment
V02Q1940403_2026-09-05T05:07:00+09:00,37.534309074,127.081985567,45.0,2026-09-05T05:07:00+09:00,environment
V02Q1940411_2026-09-05T05:07:00+09:00,37.533878243,127.091521,38.0,2026-09-05T05:07:00+09:00,environment
V02Q1940506_2026-09-05T05:07:00+09:00,37.535029673,127.093240689,52.0,2026-09-05T05:07:00+09:00,environment
V02Q1940507_2026-09-05T05:07:00+09:00,37.531277474,127.123271252,40.0,2026-09-05T05:07:00+09:00,environment
V02Q1940679_2026-09-05T05:07:00+09:00,37.495212727,127.121438826,46.0,2026-09-05T05:07:00+09:00,environment
V02Q1940706_2026-09-05T05:07:00+09:00,37.502049127,127.117110751,46.0,2026-09-05T05:07:00+09:00,environment
V02Q1940708_2026-09-05T05:07:00+09:00,37.514300619,127.091447797,48.0,2026-09-05T05:07:00+09:00,environment
V02Q1940713_2026-09-05T05:07:00+09:00,37.516185359,127.114540561,42.0,2026-09-05T05:07:00+09:00,environment
V02Q1940714_2026-09-05T05:07:00+09:00,37.513385412,127.10686824,48.0,2026-09-05T05:07:00+09:00,environment
V02Q1940734_2026-09-05T05:07:00+09:00,37.518407904,127.100366298,42.0,2026-09-05T05:07:00+09:00,environment
V02Q1940736_2026-09-05T05:07:00+09:00,37.504194933,127.128187719,46.0,2026-09-05T05:07:00+09:00,environment
V02Q1940767_2026-09-05T05:07:00+09:00,37.502603852,127.092310875,48.0,2026-09-05T05:07:00+09:00,environment
V02Q1940772_2026-09-05T05:07:00+09:00,37.503635193,127.103503284,45.0,2026-09-05T05:07:00+09:00,environment
V02Q1940775_2026-09-05T05:07:00+09:00,37.505801455,127.109663753,44.0,2026-09-05T05:07:00+09:00,environment
V02Q1940781_2026-09-05T05:07:00+09:00,37.506173683,127.084756221,42.0,2026-09-05T05:07:00+09:00,environment
V02Q1940784_2026-09-05T05:07:00+09:00,37.498247757,127.126296648,51.0,2026-09-05T05:07:00+09:00,environment
V02Q1940787_2026-09-05T05:07:00+09:00,37.512955044,127.094661921,41.0,2026-09-05T05:07:00+09:00,environment
V02Q1940788_2026-09-05T05:07:00+09:00,37.509617855,127.0741524,50.0,2026-09-05T05:07:00+09:00,environment
V02Q1940790_2026-09-05T05:07:00+09:00,37.514278277,127.112258966,40.0,2026-09-05T05:07:00+09:00,environment
V02Q1940800_2026-09-05T05:07:00+09:00,37.519952859,127.1123122,43.0,2026-09-05T05:07:00+09:00,environment
V02Q1940811_2026-09-05T05:07:00+09:00,37.52727312,127.116249051,50.0,2026-09-05T05:07:00+09:00,environment
V02Q1940819_2026-09-05T05:07:00+09:00,37.507344263,127.104688643,39.0,2026-09-05T05:07:00+09:00,environment
V02Q1940820_2026-09-05T05:07:00+09:00,37.511104225,127.102321793,52.0,2026-09-05T05:07:00+09:00,environment
V02Q1940821_2026-09-05T05:07:00+09:00,37.502832774,127.108694904,45.0,2026-09-05T05:07:00+09:00,environment
V02Q1940832_2026-09-05T05:07:00+09:00,37.511768309,127.124209484,42.0,2026-09-05T05:07:00+09:00,environment
V02Q1940838_2026-09-05T05:07:00+09:00,37.51767925,127.08881891,43.0,2026-09-05T05:07:00+09:00,environment
V02Q1940847_2026-09-05T05:07:00+09:00,37.489683491,127.111908205,35.0,2026-09-05T05:07:00+09:00,environment
V02Q1940873_2026-09-05T05:07:00+09:00,37.53247211,127.114301129,54.0,2026-09-05T05:07:00+09:00,environment
V02Q1940887_2026-09-05T05:07:00+09:00,37.502749128,127.09252424,52.0,2026-09-05T05:07:00+09:00,environment
V02Q1940941_2026-09-05T05:07:00+09:00,37.509088133,127.084056858,40.0,2026-09-05T05:07:00+09:00,environment
OC3CL200017_2026-09-05T06:07:00+09:00,37.52406575,127.1285088,62.0,2026-09-05T06:07:00+09:00,environment
OC3CL200135_2026-09-05T06:07:00+09:00,37.50215692,127.07044791,62.0,2026-09-05T06:07:00+09:00,environment
OC3CL200141_2026-09-05T06:07:00+09:00,37.48877157,127.1067039,61.0,2026-09-05T06:07:00+09:00,environment
OC3CL200157_2026-09-05T06:07:00+09:00,37.492381245,127.094589306,67.0,2026-09-05T06:07:00+09:00,environment
OC3CL200207_2026-09-05T06:07:00+09:00,37.494957877,127.124194746,35.0,2026-09-05T06:07:00+09:00,environment
OC3CL210115_2026-09-05T06:07:00+09:00,37.525641,127.129665,57.0,2026-09-05T06:07:00+09:00,environment
V02Q1940079_2026-09-05T06:07:00+09:00,37.494102447,127.082209375,35.0,2026-09-05T06:07:00+09:00,environment
V02Q1940082_2026-09-05T06:07:00+09:00,37.495507594,127.085748474,49.0,2026-09-05T06:07:00+09:00,environment
V02Q1940098_2026-09-05T06:07:00+09:00,37.48670146,127.1000197,52.0,2026-09-05T06:07:00+09:00,environment
V02Q1940100_2026-09-05T06:07:00+09:00,37.494978959,127.093144214,60.0,2026-09-05T06:07:00+09:00,environment
V02Q1940246_2026-09-05T06:07:00+09:00,37.49920086,127.072395308,48.0,2026-09-05T06:07:00+09:00,environment
V02Q1940391_2026-09-05T06:07:00+09:00,37.528616803,127.085121222,45.0,2026-09-05T06:07:00+09:00,environment
V02Q1940392_2026-09-05T06:07:00+09:00,37.538286643,127.09239683,49.0,2026-09-05T06:07:00+09:00,environment
V02Q1940403_2026-09-05T06:07:00+09:00,37.534309074,127.081985567,44.0,2026-09-05T06:07:00+09:00,environment
V02Q1940411_2026-09-05T06:07:00+09:00,37.533878243,127.091521,37.0,2026-09-05T06:07:00+09:00,environment
V02Q1940506_2026-09-05T06:07:00+09:00,37.535029673,127.093240689,47.0,2026-09-05T06:07:00+09:00,environment
V02Q1940507_2026-09-05T06:07:00+09:00,37.531277474,127.123271252,42.0,2026-09-05T06:07:00+09:00,environment
V02Q1940679_2026-09-05T06:07:00+09:00,37.495212727,127.121438826,47.0,2026-09-05T06:07:00+09:00,environment
V02Q1940706_2026-09-05T06:07:00+09:00,37.502049127,127.117110751,47.0,2026-09-05T06:07:00+09:00,environment
V02Q1940708_2026-09-05T06:07:00+09:00,37.514300619,127.091447797,49.0,2026-09-05T06:07:00+09:00,environment
V02Q1940713_2026-09-05T06:07:00+09:00,37.516185359,127.114540561,42.0,2026-09-05T06:07:00+09:00,environment
V02Q1940714_2026-09-05T06:07:00+09:00,37.513385412,127.10686824,49.0,2026-09-05T06:07:00+09:00,environment
V02Q1940734_2026-09-05T06:07:00+09:00,37.518407904,127.100366298,42.0,2026-09-05T06:07:00+09:00,environment
V02Q1940736_2026-09-05T06:07:00+09:00,37.504194933,127.128187719,45.0,2026-09-05T06:07:00+09:00,environment
V02Q1940767_2026-09-05T06:07:00+09:00,37.502603852,127.092310875,48.0,2026-09-05T06:07:00+09:00,environment
V02Q1940772_2026-09-05T06:07:00+09:00,37.503635193,127.103503284,46.0,2026-09-05T06:07:00+09:00,environment
V02Q1940775_2026-09-05T06:07:00+09:00,37.505801455,127.109663753,44.0,2026-09-05T06:07:00+09:00,environment
V02Q1940781_2026-09-05T06:07:00+09:00,37.506173683,127.084756221,41.0,2026-09-05T06:07:00+09:00,environment
V02Q1940784_2026-09-05T06:07:00+09:00,37.498247757,127.126296648,51.0,2026-09-05T06:07:00+09:00,environment
V02Q1940787_2026-09-05T06:07:00+09:00,37.512955044,127.094661921,42.0,2026-09-05T06:07:00+09:00,environment
V02Q1940788_2026-09-05T06:07:00+09:00,37.509617855,127.0741524,48.0,2026-09-05T06:07:00+09:00,environment
V02Q1940790_2026-09-05T06:07:00+09:00,37.514278277,127.112258966,39.0,2026-09-05T06:07:00+09:00,environment
V02Q1940800_2026-09-05T06:07:00+09:00,37.519952859,127.1123122,44.0,2026-09-05T06:07:00+09:00,environment
V02Q1940811_2026-09-05T06:07:00+09:00,37.52727312,127.116249051,50.0,2026-09-05T06:07:00+09:00,environment
V02Q1940819_2026-09-05T06:07:00+09:00,37.507344263,127.104688643,40.0,2026-09-05T06:07:00+09:00,environment
V02Q1940820_2026-09-05T06:07:00+09:00,37.511104225,127.102321793,53.0,2026-09-05T06:07:00+09:00,environment
V02Q1940821_2026-09-05T06:07:00+09:00,37.502832774,127.108694904,44.0,2026-09-05T06:07:00+09:00,environment
V02Q1940832_2026-09-05T06:07:00+09:00,37.511768309,127.124209484,42.0,2026-09-05T06:07:00+09:00,environment
V02Q1940838_2026-09-05T06:07:00+09:00,37.51767925,127.08881891,43.0,2026-09-05T06:07:00+09:00,environment
V02Q1940847_2026-09-05T06:07:00+09:00,37.489683491,127.111908205,35.0,2026-09-05T06:07:00+09:00,environment
V02Q1940873_2026-09-05T06:07:00+09:00,37.53247211,127.114301129,54.0,2026-09-05T06:07:00+09:00,environment
V02Q1940887_2026-09-05T06:07:00+09:00,37.502749128,127.09252424,52.0,2026-09-05T06:07:00+09:00,environment
V02Q1940941_2026-09-05T06:07:00+09:00,37.509088133,127.084056858,40.0,2026-09-05T06:07:00+09:00,environment
V02Q1940391_2026-09-05T07:07:00+09:00,37.528616803,127.085121222,45.0,2026-09-05T07:07:00+09:00,environment
V02Q1940392_2026-09-05T07:07:00+09:00,37.538286643,127.09239683,48.0,2026-09-05T07:07:00+09:00,environment
V02Q1940403_2026-09-05T07:07:00+09:00,37.534309074,127.081985567,44.0,2026-09-05T07:07:00+09:00,environment
V02Q1940411_2026-09-05T07:07:00+09:00,37.533878243,127.091521,36.0,2026-09-05T07:07:00+09:00,environment
V02Q1940506_2026-09-05T07:07:00+09:00,37.535029673,127.093240689,50.0,2026-09-05T07:07:00+09:00,environment
V02Q1940679_2026-09-05T07:07:00+09:00,37.495212727,127.121438826,47.0,2026-09-05T07:07:00+09:00,environment
V02Q1940734_2026-09-05T07:07:00+09:00,37.518407904,127.100366298,42.0,2026-09-05T07:07:00+09:00,environment
V02Q1940784_2026-09-05T07:07:00+09:00,37.498247757,127.126296648,51.0,2026-09-05T07:07:00+09:00,environment
V02Q1940790_2026-09-05T07:07:00+09:00,37.514278277,127.112258966,39.0,2026-09-05T07:07:00+09:00,environment
V02Q1940706_2026-09-05T07:07:00+09:00,37.502049127,127.117110751,46.0,2026-09-05T07:07:00+09:00,environment
V02Q1940708_2026-09-05T07:07:00+09:00,37.514300619,127.091447797,49.0,2026-09-05T07:07:00+09:00,environment
V02Q1940713_2026-09-05T07:07:00+09:00,37.516185359,127.114540561,42.0,2026-09-05T07:07:00+09:00,environment
V02Q1940714_2026-09-05T07:07:00+09:00,37.513385412,127.10686824,49.0,2026-09-05T07:07:00+09:00,environment
V02Q1940736_2026-09-05T07:07:00+09:00,37.504194933,127.128187719,44.0,2026-09-05T07:07:00+09:00,environment
V02Q1940767_2026-09-05T07:07:00+09:00,37.502603852,127.092310875,48.0,2026-09-05T07:07:00+09:00,environment
V02Q1940772_2026-09-05T07:07:00+09:00,37.503635193,127.103503284,48.0,2026-09-05T07:07:00+09:00,environment
V02Q1940775_2026-09-05T07:07:00+09:00,37.505801455,127.109663753,45.0,2026-09-05T07:07:00+09:00,environment
V02Q1940781_2026-09-05T07:07:00+09:00,37.506173683,127.084756221,38.0,2026-09-05T07:07:00+09:00,environment
V02Q1940787_2026-09-05T07:07:00+09:00,37.512955044,127.094661921,41.0,2026-09-05T07:07:00+09:00,environment
V02Q1940788_2026-09-05T07:07:00+09:00,37.509617855,127.0741524,48.0,2026-09-05T07:07:00+09:00,environment
V02Q1940800_2026-09-05T07:07:00+09:00,37.519952859,127.1123122,45.0,2026-09-05T07:07:00+09:00,environment
V02Q1940832_2026-09-05T07:07:00+09:00,37.511768309,127.124209484,41.0,2026-09-05T07:07:00+09:00,environment
V02Q1940847_2026-09-05T07:07:00+09:00,37.489683491,127.111908205,35.0,2026-09-05T07:07:00+09:00,environment
V02Q1940873_2026-09-05T07:07:00+09:00,37.53247211,127.114301129,52.0,2026-09-05T07:07:00+09:00,environment
V02Q1940941_2026-09-05T07:07:00+09:00,37.509088133,127.084056858,40.0,2026-09-05T07:07:00+09:00,environment
V02Q1940507_2026-09-05T07:07:00+09:00,37.531277474,127.123271252,42.0,2026-09-05T07:07:00+09:00,environment
V02Q1940811_2026-09-05T07:07:00+09:00,37.52727312,127.116249051,50.0,2026-09-05T07:07:00+09:00,environment
V02Q1940819_2026-09-05T07:07:00+09:00,37.507344263,127.104688643,41.0,2026-09-05T07:07:00+09:00,environment
V02Q1940820_2026-09-05T07:07:00+09:00,37.511104225,127.102321793,54.0,2026-09-05T07:07:00+09:00,environment
V02Q1940821_2026-09-05T07:07:00+09:00,37.502832774,127.108694904,47.0,2026-09-05T07:07:00+09:00,environment
V02Q1940838_2026-09-05T07:07:00+09:00,37.51767925,127.08881891,43.0,2026-09-05T07:07:00+09:00,environment
V02Q1940887_2026-09-05T07:07:00+09:00,37.502749128,127.09252424,53.0,2026-09-05T07:07:00+09:00,environment
V02Q1940079_2026-09-05T07:07:00+09:00,37.494102447,127.082209375,35.0,2026-09-05T07:07:00+09:00,environment
V02Q1940246_2026-09-05T07:07:00+09:00,37.49920086,127.072395308,48.0,2026-09-05T07:07:00+09:00,environment
V02Q1940098_2026-09-05T07:07:00+09:00,37.48670146,127.1000197,54.0,2026-09-05T07:07:00+09:00,environment
V02Q1940100_2026-09-05T07:07:00+09:00,37.494978959,127.093144214,61.0,2026-09-05T07:07:00+09:00,environment
V02Q1940082_2026-09-05T07:07:00+09:00,37.495507594,127.085748474,50.0,2026-09-05T07:07:00+09:00,environment
OC3CL200135_2026-09-05T07:07:00+09:00,37.50215692,127.07044791,63.0,2026-09-05T07:07:00+09:00,environment
OC3CL200141_2026-09-05T07:07:00+09:00,37.48877157,127.1067039,61.0,2026-09-05T07:07:00+09:00,environment
OC3CL200157_2026-09-05T07:07:00+09:00,37.492381245,127.094589306,69.0,2026-09-05T07:07:00+09:00,environment
OC3CL200207_2026-09-05T07:07:00+09:00,37.494957877,127.124194746,37.0,2026-09-05T07:07:00+09:00,environment
OC3CL200017_2026-09-05T07:07:00+09:00,37.52406575,127.1285088,61.0,2026-09-05T07:07:00+09:00,environment
OC3CL210115_2026-09-05T07:07:00+09:00,37.525641,127.129665,59.0,2026-09-05T07:07:00+09:00,environment
V02Q1940391_2026-09-05T08:07:00+09:00,37.528616803,127.085121222,45.0,2026-09-05T08:07:00+09:00,environment
V02Q1940392_2026-09-05T08:07:00+09:00,37.538286643,127.09239683,45.0,2026-09-05T08:07:00+09:00,environment
V02Q1940403_2026-09-05T08:07:00+09:00,37.534309074,127.081985567,45.0,2026-09-05T08:07:00+09:00,environment
V02Q1940411_2026-09-05T08:07:00+09:00,37.533878243,127.091521,39.0,2026-09-05T08:07:00+09:00,environment
V02Q1940506_2026-09-05T08:07:00+09:00,37.535029673,127.093240689,52.0,2026-09-05T08:07:00+09:00,environment
V02Q1940679_2026-09-05T08:07:00+09:00,37.495212727,127.121438826,46.0,2026-09-05T08:07:00+09:00,environment
V02Q1940734_2026-09-05T08:07:00+09:00,37.518407904,127.100366298,42.0,2026-09-05T08:07:00+09:00,environment
V02Q1940784_2026-09-05T08:07:00+09:00,37.498247757,127.126296648,47.0,2026-09-05T08:07:00+09:00,environment
V02Q1940790_2026-09-05T08:07:00+09:00,37.514278277,127.112258966,41.0,2026-09-05T08:07:00+09:00,environment
V02Q1940706_2026-09-05T08:07:00+09:00,37.502049127,127.117110751,45.0,2026-09-05T08:07:00+09:00,environment
V02Q1940708_2026-09-05T08:07:00+09:00,37.514300619,127.091447797,49.0,2026-09-05T08:07:00+09:00,environment
V02Q1940713_2026-09-05T08:07:00+09:00,37.516185359,127.114540561,43.0,2026-09-05T08:07:00+09:00,environment
V02Q1940714_2026-09-05T08:07:00+09:00,37.513385412,127.10686824,51.0,2026-09-05T08:07:00+09:00,environment
V02Q1940736_2026-09-05T08:07:00+09:00,37.504194933,127.128187719,43.0,2026-09-05T08:07:00+09:00,environment
V02Q1940767_2026-09-05T08:07:00+09:00,37.502603852,127.092310875,47.0,2026-09-05T08:07:00+09:00,environment
V02Q1940772_2026-09-05T08:07:00+09:00,37.503635193,127.103503284,49.0,2026-09-05T08:07:00+09:00,environment
V02Q1940775_2026-09-05T08:07:00+09:00,37.505801455,127.109663753,45.0,2026-09-05T08:07:00+09:00,environment
V02Q1940781_2026-09-05T08:07:00+09:00,37.506173683,127.084756221,38.0,2026-09-05T08:07:00+09:00,environment
V02Q1940787_2026-09-05T08:07:00+09:00,37.512955044,127.094661921,42.0,2026-09-05T08:07:00+09:00,environment
V02Q1940788_2026-09-05T08:07:00+09:00,37.509617855,127.0741524,48.0,2026-09-05T08:07:00+09:00,environment
V02Q1940800_2026-09-05T08:07:00+09:00,37.519952859,127.1123122,47.0,2026-09-05T08:07:00+09:00,environment
V02Q1940832_2026-09-05T08:07:00+09:00,37.511768309,127.124209484,41.0,2026-09-05T08:07:00+09:00,environment
V02Q1940847_2026-09-05T08:07:00+09:00,37.489683491,127.111908205,35.0,2026-09-05T08:07:00+09:00,environment
V02Q1940873_2026-09-05T08:07:00+09:00,37.53247211,127.114301129,51.0,2026-09-05T08:07:00+09:00,environment
V02Q1940941_2026-09-05T08:07:00+09:00,37.509088133,127.084056858,40.0,2026-09-05T08:07:00+09:00,environment
V02Q1940507_2026-09-05T08:07:00+09:00,37.531277474,127.123271252,40.0,2026-09-05T08:07:00+09:00,environment
V02Q1940811_2026-09-05T08:07:00+09:00,37.52727312,127.116249051,50.0,2026-09-05T08:07:00+09:00,environment
V02Q1940819_2026-09-05T08:07:00+09:00,37.507344263,127.104688643,43.0,2026-09-05T08:07:00+09:00,environment
V02Q1940820_2026-09-05T08:07:00+09:00,37.511104225,127.102321793,55.0,2026-09-05T08:07:00+09:00,environment
V02Q1940821_2026-09-05T08:07:00+09:00,37.502832774,127.108694904,47.0,2026-09-05T08:07:00+09:00,environment
V02Q1940838_2026-09-05T08:07:00+09:00,37.51767925,127.08881891,43.0,2026-09-05T08:07:00+09:00,environment
V02Q1940887_2026-09-05T08:07:00+09:00,37.502749128,127.09252424,53.0,2026-09-05T08:07:00+09:00,environment
V02Q1940079_2026-09-05T08:07:00+09:00,37.494102447,127.082209375,35.0,2026-09-05T08:07:00+09:00,environment
V02Q1940098_2026-09-05T08:07:00+09:00,37.48670146,127.1000197,55.0,2026-09-05T08:07:00+09:00,environment
V02Q1940246_2026-09-05T08:07:00+09:00,37.49920086,127.072395308,47.0,2026-09-05T08:07:00+09:00,environment
V02Q1940082_2026-09-05T08:07:00+09:00,37.495507594,127.085748474,50.0,2026-09-05T08:07:00+09:00,environment
V02Q1940100_2026-09-05T08:07:00+09:00,37.494978959,127.093144214,61.0,2026-09-05T08:07:00+09:00,environment
OC3CL200135_2026-09-05T08:07:00+09:00,37.50215692,127.07044791,63.0,2026-09-05T08:07:00+09:00,environment
OC3CL200141_2026-09-05T08:07:00+09:00,37.48877157,127.1067039,61.0,2026-09-05T08:07:00+09:00,environment
OC3CL200157_2026-09-05T08:07:00+09:00,37.492381245,127.094589306,70.0,2026-09-05T08:07:00+09:00,environment
OC3CL200207_2026-09-05T08:07:00+09:00,37.494957877,127.124194746,39.0,2026-09-05T08:07:00+09:00,environment
OC3CL200017_2026-09-05T08:07:00+09:00,37.52406575,127.1285088,64.0,2026-09-05T08:07:00+09:00,environment
OC3CL210115_2026-09-05T08:07:00+09:00,37.525641,127.129665,60.0,2026-09-05T08:07:00+09:00,environment
OC3CL200135_2026-09-05T09:07:00+09:00,37.50215692,127.07044791,63.0,2026-09-05T09:07:00+09:00,environment
OC3CL200157_2026-09-05T09:07:00+09:00,37.492381245,127.094589306,71.0,2026-09-05T09:07:00+09:00,environment
OC3CL200207_2026-09-05T09:07:00+09:00,37.494957877,127.124194746,43.0,2026-09-05T09:07:00+09:00,environment
OC3CL210115_2026-09-05T09:07:00+09:00,37.525641,127.129665,61.0,2026-09-05T09:07:00+09:00,environment
V02Q1940079_2026-09-05T09:07:00+09:00,37.494102447,127.082209375,35.0,2026-09-05T09:07:00+09:00,environment
V02Q1940082_2026-09-05T09:07:00+09:00,37.495507594,127.085748474,51.0,2026-09-05T09:07:00+09:00,environment
V02Q1940098_2026-09-05T09:07:00+09:00,37.48670146,127.1000197,56.0,2026-09-05T09:07:00+09:00,environment
V02Q1940100_2026-09-05T09:07:00+09:00,37.494978959,127.093144214,61.0,2026-09-05T09:07:00+09:00,environment
V02Q1940246_2026-09-05T09:07:00+09:00,37.49920086,127.072395308,45.0,2026-09-05T09:07:00+09:00,environment
V02Q1940391_2026-09-05T09:07:00+09:00,37.528616803,127.085121222,44.0,2026-09-05T09:07:00+09:00,environment
V02Q1940392_2026-09-05T09:07:00+09:00,37.538286643,127.09239683,44.0,2026-09-05T09:07:00+09:00,environment
V02Q1940403_2026-09-05T09:07:00+09:00,37.534309074,127.081985567,47.0,2026-09-05T09:07:00+09:00,environment
V02Q1940411_2026-09-05T09:07:00+09:00,37.533878243,127.091521,40.0,2026-09-05T09:07:00+09:00,environment
V02Q1940506_2026-09-05T09:07:00+09:00,37.535029673,127.093240689,53.0,2026-09-05T09:07:00+09:00,environment
V02Q1940507_2026-09-05T09:07:00+09:00,37.531277474,127.123271252,41.0,2026-09-05T09:07:00+09:00,environment
V02Q1940679_2026-09-05T09:07:00+09:00,37.495212727,127.121438826,47.0,2026-09-05T09:07:00+09:00,environment
V02Q1940706_2026-09-05T09:07:00+09:00,37.502049127,127.117110751,47.0,2026-09-05T09:07:00+09:00,environment
V02Q1940708_2026-09-05T09:07:00+09:00,37.514300619,127.091447797,50.0,2026-09-05T09:07:00+09:00,environment
V02Q1940713_2026-09-05T09:07:00+09:00,37.516185359,127.114540561,46.0,2026-09-05T09:07:00+09:00,environment
V02Q1940714_2026-09-05T09:07:00+09:00,37.513385412,127.10686824,53.0,2026-09-05T09:07:00+09:00,environment
V02Q1940734_2026-09-05T09:07:00+09:00,37.518407904,127.100366298,42.0,2026-09-05T09:07:00+09:00,environment
V02Q1940736_2026-09-05T09:07:00+09:00,37.504194933,127.128187719,42.0,2026-09-05T09:07:00+09:00,environment
V02Q1940767_2026-09-05T09:07:00+09:00,37.502603852,127.092310875,47.0,2026-09-05T09:07:00+09:00,environment
V02Q1940772_2026-09-05T09:07:00+09:00,37.503635193,127.103503284,50.0,2026-09-05T09:07:00+09:00,environment
V02Q1940775_2026-09-05T09:07:00+09:00,37.505801455,127.109663753,48.0,2026-09-05T09:07:00+09:00,environment
V02Q1940781_2026-09-05T09:07:00+09:00,37.506173683,127.084756221,41.0,2026-09-05T09:07:00+09:00,environment
V02Q1940784_2026-09-05T09:07:00+09:00,37.498247757,127.126296648,46.0,2026-09-05T09:07:00+09:00,environment
V02Q1940787_2026-09-05T09:07:00+09:00,37.512955044,127.094661921,40.0,2026-09-05T09:07:00+09:00,environment
V02Q1940788_2026-09-05T09:07:00+09:00,37.509617855,127.0741524,47.0,2026-09-05T09:07:00+09:00,environment
V02Q1940790_2026-09-05T09:07:00+09:00,37.514278277,127.112258966,41.0,2026-09-05T09:07:00+09:00,environment
V02Q1940800_2026-09-05T09:07:00+09:00,37.519952859,127.1123122,49.0,2026-09-05T09:07:00+09:00,environment
V02Q1940811_2026-09-05T09:07:00+09:00,37.52727312,127.116249051,50.0,2026-09-05T09:07:00+09:00,environment
V02Q1940819_2026-09-05T09:07:00+09:00,37.507344263,127.104688643,46.0,2026-09-05T09:07:00+09:00,environment
V02Q1940820_2026-09-05T09:07:00+09:00,37.511104225,127.102321793,54.0,2026-09-05T09:07:00+09:00,environment
V02Q1940821_2026-09-05T09:07:00+09:00,37.502832774,127.108694904,47.0,2026-09-05T09:07:00+09:00,environment
V02Q1940832_2026-09-05T09:07:00+09:00,37.511768309,127.124209484,40.0,2026-09-05T09:07:00+09:00,environment
V02Q1940838_2026-09-05T09:07:00+09:00,37.51767925,127.08881891,43.0,2026-09-05T09:07:00+09:00,environment
V02Q1940847_2026-09-05T09:07:00+09:00,37.489683491,127.111908205,35.0,2026-09-05T09:07:00+09:00,environment
V02Q1940873_2026-09-05T09:07:00+09:00,37.53247211,127.114301129,50.0,2026-09-05T09:07:00+09:00,environment
V02Q1940941_2026-09-05T09:07:00+09:00,37.509088133,127.084056858,42.0,2026-09-05T09:07:00+09:00,environment
V02Q1940391_2026-09-05T10:07:00+09:00,37.528616803,127.085121222,43.0,2026-09-05T10:07:00+09:00,environment
V02Q1940392_2026-09-05T10:07:00+09:00,37.538286643,127.09239683,45.0,2026-09-05T10:07:00+09:00,environment
V02Q1940403_2026-09-05T10:07:00+09:00,37.534309074,127.081985567,47.0,2026-09-05T10:07:00+09:00,environment
V02Q1940411_2026-09-05T10:07:00+09:00,37.533878243,127.091521,38.0,2026-09-05T10:07:00+09:00,environment
V02Q1940506_2026-09-05T10:07:00+09:00,37.535029673,127.093240689,53.0,2026-09-05T10:07:00+09:00,environment
V02Q1940679_2026-09-05T10:07:00+09:00,37.495212727,127.121438826,48.0,2026-09-05T10:07:00+09:00,environment
V02Q1940734_2026-09-05T10:07:00+09:00,37.518407904,127.100366298,43.0,2026-09-05T10:07:00+09:00,environment
V02Q1940784_2026-09-05T10:07:00+09:00,37.498247757,127.126296648,47.0,2026-09-05T10:07:00+09:00,environment
V02Q1940706_2026-09-05T10:07:00+09:00,37.502049127,127.117110751,48.0,2026-09-05T10:07:00+09:00,environment
V02Q1940708_2026-09-05T10:07:00+09:00,37.514300619,127.091447797,51.0,2026-09-05T10:07:00+09:00,environment
V02Q1940713_2026-09-05T10:07:00+09:00,37.516185359,127.114540561,49.0,2026-09-05T10:07:00+09:00,environment
V02Q1940714_2026-09-05T10:07:00+09:00,37.513385412,127.10686824,53.0,2026-09-05T10:07:00+09:00,environment
V02Q1940736_2026-09-05T10:07:00+09:00,37.504194933,127.128187719,41.0,2026-09-05T10:07:00+09:00,environment
V02Q1940767_2026-09-05T10:07:00+09:00,37.502603852,127.092310875,47.0,2026-09-05T10:07:00+09:00,environment
V02Q1940772_2026-09-05T10:07:00+09:00,37.503635193,127.103503284,51.0,2026-09-05T10:07:00+09:00,environment
V02Q1940775_2026-09-05T10:07:00+09:00,37.505801455,127.109663753,48.0,2026-09-05T10:07:00+09:00,environment
V02Q1940781_2026-09-05T10:07:00+09:00,37.506173683,127.084756221,40.0,2026-09-05T10:07:00+09:00,environment
V02Q1940787_2026-09-05T10:07:00+09:00,37.512955044,127.094661921,40.0,2026-09-05T10:07:00+09:00,environment
V02Q1940788_2026-09-05T10:07:00+09:00,37.509617855,127.0741524,49.0,2026-09-05T10:07:00+09:00,environment
V02Q1940790_2026-09-05T10:07:00+09:00,37.514278277,127.112258966,41.0,2026-09-05T10:07:00+09:00,environment
V02Q1940800_2026-09-05T10:07:00+09:00,37.519952859,127.1123122,50.0,2026-09-05T10:07:00+09:00,environment
V02Q1940832_2026-09-05T10:07:00+09:00,37.511768309,127.124209484,41.0,2026-09-05T10:07:00+09:00,environment
V02Q1940847_2026-09-05T10:07:00+09:00,37.489683491,127.111908205,35.0,2026-09-05T10:07:00+09:00,environment
V02Q1940873_2026-09-05T10:07:00+09:00,37.53247211,127.114301129,49.0,2026-09-05T10:07:00+09:00,environment
V02Q1940507_2026-09-05T10:07:00+09:00,37.531277474,127.123271252,40.0,2026-09-05T10:07:00+09:00,environment
V02Q1940811_2026-09-05T10:07:00+09:00,37.52727312,127.116249051,50.0,2026-09-05T10:07:00+09:00,environment
V02Q1940819_2026-09-05T10:07:00+09:00,37.507344263,127.104688643,43.0,2026-09-05T10:07:00+09:00,environment
V02Q1940820_2026-09-05T10:07:00+09:00,37.511104225,127.102321793,54.0,2026-09-05T10:07:00+09:00,environment
V02Q1940821_2026-09-05T10:07:00+09:00,37.502832774,127.108694904,48.0,2026-09-05T10:07:00+09:00,environment
V02Q1940838_2026-09-05T10:07:00+09:00,37.51767925,127.08881891,43.0,2026-09-05T10:07:00+09:00,environment
V02Q1940887_2026-09-05T10:07:00+09:00,37.502749128,127.09252424,52.0,2026-09-05T10:07:00+09:00,environment
V02Q1940941_2026-09-05T10:07:00+09:00,37.509088133,127.084056858,42.0,2026-09-05T10:07:00+09:00,environment
V02Q1940079_2026-09-05T10:07:00+09:00,37.494102447,127.082209375,35.0,2026-09-05T10:07:00+09:00,environment
V02Q1940246_2026-09-05T10:07:00+09:00,37.49920086,127.072395308,44.0,2026-09-05T10:07:00+09:00,environment
V02Q1940082_2026-09-05T10:07:00+09:00,37.495507594,127.085748474,51.0,2026-09-05T10:07:00+09:00,environment
V02Q1940098_2026-09-05T10:07:00+09:00,37.48670146,127.1000197,56.0,2026-09-05T10:07:00+09:00,environment
V02Q1940100_2026-09-05T10:07:00+09:00,37.494978959,127.093144214,61.0,2026-09-05T10:07:00+09:00,environment
OC3CL200135_2026-09-05T10:07:00+09:00,37.50215692,127.07044791,63.0,2026-09-05T10:07:00+09:00,environment
OC3CL200157_2026-09-05T10:07:00+09:00,37.492381245,127.094589306,71.0,2026-09-05T10:07:00+09:00,environment
OC3CL200207_2026-09-05T10:07:00+09:00,37.494957877,127.124194746,45.0,2026-09-05T10:07:00+09:00,environment
OC3CL210115_2026-09-05T10:07:00+09:00,37.525641,127.129665,63.0,2026-09-05T10:07:00+09:00,environment
V02Q1940391_2026-09-05T11:07:00+09:00,37.528616803,127.085121222,43.0,2026-09-05T11:07:00+09:00,environment
V02Q1940392_2026-09-05T11:07:00+09:00,37.538286643,127.09239683,44.0,2026-09-05T11:07:00+09:00,environment
V02Q1940403_2026-09-05T11:07:00+09:00,37.534309074,127.081985567,48.0,2026-09-05T11:07:00+09:00,environment
V02Q1940411_2026-09-05T11:07:00+09:00,37.533878243,127.091521,38.0,2026-09-05T11:07:00+09:00,environment
V02Q1940506_2026-09-05T11:07:00+09:00,37.535029673,127.093240689,54.0,2026-09-05T11:07:00+09:00,environment
V02Q1940679_2026-09-05T11:07:00+09:00,37.495212727,127.121438826,50.0,2026-09-05T11:07:00+09:00,environment
V02Q1940734_2026-09-05T11:07:00+09:00,37.518407904,127.100366298,40.0,2026-09-05T11:07:00+09:00,environment
V02Q1940784_2026-09-05T11:07:00+09:00,37.498247757,127.126296648,46.0,2026-09-05T11:07:00+09:00,environment
V02Q1940790_2026-09-05T11:07:00+09:00,37.514278277,127.112258966,40.0,2026-09-05T11:07:00+09:00,environment
V02Q1940706_2026-09-05T11:07:00+09:00,37.502049127,127.117110751,49.0,2026-09-05T11:07:00+09:00,environment
V02Q1940708_2026-09-05T11:07:00+09:00,37.514300619,127.091447797,51.0,2026-09-05T11:07:00+09:00,environment
V02Q1940713_2026-09-05T11:07:00+09:00,37.516185359,127.114540561,49.0,2026-09-05T11:07:00+09:00,environment
V02Q1940714_2026-09-05T11:07:00+09:00,37.513385412,127.10686824,53.0,2026-09-05T11:07:00+09:00,environment
V02Q1940736_2026-09-05T11:07:00+09:00,37.504194933,127.128187719,42.0,2026-09-05T11:07:00+09:00,environment
V02Q1940767_2026-09-05T11:07:00+09:00,37.502603852,127.092310875,47.0,2026-09-05T11:07:00+09:00,environment
V02Q1940772_2026-09-05T11:07:00+09:00,37.503635193,127.103503284,51.0,2026-09-05T11:07:00+09:00,environment
V02Q1940775_2026-09-05T11:07:00+09:00,37.505801455,127.109663753,49.0,2026-09-05T11:07:00+09:00,environment
V02Q1940781_2026-09-05T11:07:00+09:00,37.506173683,127.084756221,42.0,2026-09-05T11:07:00+09:00,environment
V02Q1940787_2026-09-05T11:07:00+09:00,37.512955044,127.094661921,41.0,2026-09-05T11:07:00+09:00,environment
V02Q1940788_2026-09-05T11:07:00+09:00,37.509617855,127.0741524,49.0,2026-09-05T11:07:00+09:00,environment
V02Q1940800_2026-09-05T11:07:00+09:00,37.519952859,127.1123122,50.0,2026-09-05T11:07:00+09:00,environment
V02Q1940832_2026-09-05T11:07:00+09:00,37.511768309,127.124209484,41.0,2026-09-05T11:07:00+09:00,environment
V02Q1940847_2026-09-05T11:07:00+09:00,37.489683491,127.111908205,35.0,2026-09-05T11:07:00+09:00,environment
V02Q1940873_2026-09-05T11:07:00+09:00,37.53247211,127.114301129,48.0,2026-09-05T11:07:00+09:00,environment
V02Q1940941_2026-09-05T11:07:00+09:00,37.509088133,127.084056858,43.0,2026-09-05T11:07:00+09:00,environment
V02Q1940507_2026-09-05T11:07:00+09:00,37.531277474,127.123271252,41.0,2026-09-05T11:07:00+09:00,environment
V02Q1940811_2026-09-05T11:07:00+09:00,37.52727312,127.116249051,49.0,2026-09-05T11:07:00+09:00,environment
V02Q1940819_2026-09-05T11:07:00+09:00,37.507344263,127.104688643,44.0,2026-09-05T11:07:00+09:00,environment
V02Q1940820_2026-09-05T11:07:00+09:00,37.511104225,127.102321793,53.0,2026-09-05T11:07:00+09:00,environment
V02Q1940821_2026-09-05T11:07:00+09:00,37.502832774,127.108694904,49.0,2026-09-05T11:07:00+09:00,environment
V02Q1940838_2026-09-05T11:07:00+09:00,37.51767925,127.08881891,43.0,2026-09-05T11:07:00+09:00,environment
V02Q1940887_2026-09-05T11:07:00+09:00,37.502749128,127.09252424,53.0,2026-09-05T11:07:00+09:00,environment
V02Q1940079_2026-09-05T11:07:00+09:00,37.494102447,127.082209375,35.0,2026-09-05T11:07:00+09:00,environment
V02Q1940246_2026-09-05T11:07:00+09:00,37.49920086,127.072395308,46.0,2026-09-05T11:07:00+09:00,environment
V02Q1940098_2026-09-05T11:07:00+09:00,37.48670146,127.1000197,57.0,2026-09-05T11:07:00+09:00,environment
V02Q1940100_2026-09-05T11:07:00+09:00,37.494978959,127.093144214,61.0,2026-09-05T11:07:00+09:00,environment
V02Q1940082_2026-09-05T11:07:00+09:00,37.495507594,127.085748474,51.0,2026-09-05T11:07:00+09:00,environment
OC3CL200135_2026-09-05T11:07:00+09:00,37.50215692,127.07044791,63.0,2026-09-05T11:07:00+09:00,environment
OC3CL200157_2026-09-05T11:07:00+09:00,37.492381245,127.094589306,70.0,2026-09-05T11:07:00+09:00,environment
OC3CL200207_2026-09-05T11:07:00+09:00,37.494957877,127.124194746,46.0,2026-09-05T11:07:00+09:00,environment
OC3CL210115_2026-09-05T11:07:00+09:00,37.525641,127.129665,63.0,2026-09-05T11:07:00+09:00,environment
OC3CL200135_2026-09-05T12:07:00+09:00,37.50215692,127.07044791,63.0,2026-09-05T12:07:00+09:00,environment
OC3CL200157_2026-09-05T12:07:00+09:00,37.492381245,127.094589306,70.0,2026-09-05T12:07:00+09:00,environment
OC3CL200207_2026-09-05T12:07:00+09:00,37.494957877,127.124194746,47.0,2026-09-05T12:07:00+09:00,environment
OC3CL210115_2026-09-05T12:07:00+09:00,37.525641,127.129665,64.0,2026-09-05T12:07:00+09:00,environment
V02Q1940079_2026-09-05T12:07:00+09:00,37.494102447,127.082209375,35.0,2026-09-05T12:07:00+09:00,environment
V02Q1940082_2026-09-05T12:07:00+09:00,37.495507594,127.085748474,52.0,2026-09-05T12:07:00+09:00,environment
V02Q1940098_2026-09-05T12:07:00+09:00,37.48670146,127.1000197,57.0,2026-09-05T12:07:00+09:00,environment
V02Q1940100_2026-09-05T12:07:00+09:00,37.494978959,127.093144214,61.0,2026-09-05T12:07:00+09:00,environment
V02Q1940246_2026-09-05T12:07:00+09:00,37.49920086,127.072395308,48.0,2026-09-05T12:07:00+09:00,environment
V02Q1940391_2026-09-05T12:07:00+09:00,37.528616803,127.085121222,43.0,2026-09-05T12:07:00+09:00,environment
V02Q1940392_2026-09-05T12:07:00+09:00,37.538286643,127.09239683,43.0,2026-09-05T12:07:00+09:00,environment
V02Q1940403_2026-09-05T12:07:00+09:00,37.534309074,127.081985567,51.0,2026-09-05T12:07:00+09:00,environment
V02Q1940411_2026-09-05T12:07:00+09:00,37.533878243,127.091521,38.0,2026-09-05T12:07:00+09:00,environment
V02Q1940506_2026-09-05T12:07:00+09:00,37.535029673,127.093240689,53.0,2026-09-05T12:07:00+09:00,environment
V02Q1940507_2026-09-05T12:07:00+09:00,37.531277474,127.123271252,41.0,2026-09-05T12:07:00+09:00,environment
V02Q1940679_2026-09-05T12:07:00+09:00,37.495212727,127.121438826,51.0,2026-09-05T12:07:00+09:00,environment
V02Q1940706_2026-09-05T12:07:00+09:00,37.502049127,127.117110751,49.0,2026-09-05T12:07:00+09:00,environment
V02Q1940708_2026-09-05T12:07:00+09:00,37.514300619,127.091447797,52.0,2026-09-05T12:07:00+09:00,environment
V02Q1940713_2026-09-05T12:07:00+09:00,37.516185359,127.114540561,49.0,2026-09-05T12:07:00+09:00,environment
V02Q1940714_2026-09-05T12:07:00+09:00,37.513385412,127.10686824,54.0,2026-09-05T12:07:00+09:00,environment
V02Q1940734_2026-09-05T12:07:00+09:00,37.518407904,127.100366298,41.0,2026-09-05T12:07:00+09:00,environment
V02Q1940736_2026-09-05T12:07:00+09:00,37.504194933,127.128187719,42.0,2026-09-05T12:07:00+09:00,environment
V02Q1940767_2026-09-05T12:07:00+09:00,37.502603852,127.092310875,47.0,2026-09-05T12:07:00+09:00,environment
V02Q1940772_2026-09-05T12:07:00+09:00,37.503635193,127.103503284,51.0,2026-09-05T12:07:00+09:00,environment
V02Q1940775_2026-09-05T12:07:00+09:00,37.505801455,127.109663753,50.0,2026-09-05T12:07:00+09:00,environment
V02Q1940781_2026-09-05T12:07:00+09:00,37.506173683,127.084756221,40.0,2026-09-05T12:07:00+09:00,environment
V02Q1940784_2026-09-05T12:07:00+09:00,37.498247757,127.126296648,45.0,2026-09-05T12:07:00+09:00,environment
V02Q1940787_2026-09-05T12:07:00+09:00,37.512955044,127.094661921,41.0,2026-09-05T12:07:00+09:00,environment
V02Q1940788_2026-09-05T12:07:00+09:00,37.509617855,127.0741524,49.0,2026-09-05T12:07:00+09:00,environment
V02Q1940790_2026-09-05T12:07:00+09:00,37.514278277,127.112258966,44.0,2026-09-05T12:07:00+09:00,environment
V02Q1940800_2026-09-05T12:07:00+09:00,37.519952859,127.1123122,51.0,2026-09-05T12:07:00+09:00,environment
V02Q1940811_2026-09-05T12:07:00+09:00,37.52727312,127.116249051,50.0,2026-09-05T12:07:00+09:00,environment
V02Q1940819_2026-09-05T12:07:00+09:00,37.507344263,127.104688643,44.0,2026-09-05T12:07:00+09:00,environment
V02Q1940820_2026-09-05T12:07:00+09:00,37.511104225,127.102321793,53.0,2026-09-05T12:07:00+09:00,environment
V02Q1940821_2026-09-05T12:07:00+09:00,37.502832774,127.108694904,49.0,2026-09-05T12:07:00+09:00,environment
V02Q1940832_2026-09-05T12:07:00+09:00,37.511768309,127.124209484,41.0,2026-09-05T12:07:00+09:00,environment
V02Q1940838_2026-09-05T12:07:00+09:00,37.51767925,127.08881891,43.0,2026-09-05T12:07:00+09:00,environment
V02Q1940847_2026-09-05T12:07:00+09:00,37.489683491,127.111908205,35.0,2026-09-05T12:07:00+09:00,environment
V02Q1940873_2026-09-05T12:07:00+09:00,37.53247211,127.114301129,48.0,2026-09-05T12:07:00+09:00,environment
V02Q1940887_2026-09-05T12:07:00+09:00,37.502749128,127.09252424,52.0,2026-09-05T12:07:00+09:00,environment
V02Q1940941_2026-09-05T12:07:00+09:00,37.509088133,127.084056858,44.0,2026-09-05T12:07:00+09:00,environment
V02Q1940391_2026-09-05T13:07:00+09:00,37.528616803,127.085121222,43.0,2026-09-05T13:07:00+09:00,environment
V02Q1940392_2026-09-05T13:07:00+09:00,37.538286643,127.09239683,43.0,2026-09-05T13:07:00+09:00,environment
V02Q1940403_2026-09-05T13:07:00+09:00,37.534309074,127.081985567,49.0,2026-09-05T13:07:00+09:00,environment
V02Q1940411_2026-09-05T13:07:00+09:00,37.533878243,127.091521,38.0,2026-09-05T13:07:00+09:00,environment
V02Q1940506_2026-09-05T13:07:00+09:00,37.535029673,127.093240689,54.0,2026-09-05T13:07:00+09:00,environment
V02Q1940679_2026-09-05T13:07:00+09:00,37.495212727,127.121438826,50.0,2026-09-05T13:07:00+09:00,environment
V02Q1940734_2026-09-05T13:07:00+09:00,37.518407904,127.100366298,39.0,2026-09-05T13:07:00+09:00,environment
V02Q1940784_2026-09-05T13:07:00+09:00,37.498247757,127.126296648,44.0,2026-09-05T13:07:00+09:00,environment
V02Q1940790_2026-09-05T13:07:00+09:00,37.514278277,127.112258966,41.0,2026-09-05T13:07:00+09:00,environment
V02Q1940706_2026-09-05T13:07:00+09:00,37.502049127,127.117110751,50.0,2026-09-05T13:07:00+09:00,environment
V02Q1940708_2026-09-05T13:07:00+09:00,37.514300619,127.091447797,53.0,2026-09-05T13:07:00+09:00,environment
V02Q1940713_2026-09-05T13:07:00+09:00,37.516185359,127.114540561,49.0,2026-09-05T13:07:00+09:00,environment
V02Q1940714_2026-09-05T13:07:00+09:00,37.513385412,127.10686824,54.0,2026-09-05T13:07:00+09:00,environment
V02Q1940736_2026-09-05T13:07:00+09:00,37.504194933,127.128187719,43.0,2026-09-05T13:07:00+09:00,environment
V02Q1940767_2026-09-05T13:07:00+09:00,37.502603852,127.092310875,48.0,2026-09-05T13:07:00+09:00,environment
V02Q1940772_2026-09-05T13:07:00+09:00,37.503635193,127.103503284,52.0,2026-09-05T13:07:00+09:00,environment
V02Q1940775_2026-09-05T13:07:00+09:00,37.505801455,127.109663753,50.0,2026-09-05T13:07:00+09:00,environment
V02Q1940781_2026-09-05T13:07:00+09:00,37.506173683,127.084756221,41.0,2026-09-05T13:07:00+09:00,environment
V02Q1940787_2026-09-05T13:07:00+09:00,37.512955044,127.094661921,42.0,2026-09-05T13:07:00+09:00,environment
V02Q1940788_2026-09-05T13:07:00+09:00,37.509617855,127.0741524,49.0,2026-09-05T13:07:00+09:00,environment
V02Q1940800_2026-09-05T13:07:00+09:00,37.519952859,127.1123122,51.0,2026-09-05T13:07:00+09:00,environment
V02Q1940832_2026-09-05T13:07:00+09:00,37.511768309,127.124209484,41.0,2026-09-05T13:07:00+09:00,environment
V02Q1940847_2026-09-05T13:07:00+09:00,37.489683491,127.111908205,35.0,2026-09-05T13:07:00+09:00,environment
V02Q1940873_2026-09-05T13:07:00+09:00,37.53247211,127.114301129,46.0,2026-09-05T13:07:00+09:00,environment
V02Q1940941_2026-09-05T13:07:00+09:00,37.509088133,127.084056858,46.0,2026-09-05T13:07:00+09:00,environment
V02Q1940507_2026-09-05T13:07:00+09:00,37.531277474,127.123271252,43.0,2026-09-05T13:07:00+09:00,environment
V02Q1940811_2026-09-05T13:07:00+09:00,37.52727312,127.116249051,49.0,2026-09-05T13:07:00+09:00,environment
V02Q1940819_2026-09-05T13:07:00+09:00,37.507344263,127.104688643,44.0,2026-09-05T13:07:00+09:00,environment
V02Q1940820_2026-09-05T13:07:00+09:00,37.511104225,127.102321793,53.0,2026-09-05T13:07:00+09:00,environment
V02Q1940821_2026-09-05T13:07:00+09:00,37.502832774,127.108694904,49.0,2026-09-05T13:07:00+09:00,environment
V02Q1940838_2026-09-05T13:07:00+09:00,37.51767925,127.08881891,44.0,2026-09-05T13:07:00+09:00,environment
V02Q1940887_2026-09-05T13:07:00+09:00,37.502749128,127.09252424,52.0,2026-09-05T13:07:00+09:00,environment
V02Q1940079_2026-09-05T13:07:00+09:00,37.494102447,127.082209375,35.0,2026-09-05T13:07:00+09:00,environment
V02Q1940246_2026-09-05T13:07:00+09:00,37.49920086,127.072395308,48.0,2026-09-05T13:07:00+09:00,environment
V02Q1940082_2026-09-05T13:07:00+09:00,37.495507594,127.085748474,53.0,2026-09-05T13:07:00+09:00,environment
V02Q1940098_2026-09-05T13:07:00+09:00,37.48670146,127.1000197,57.0,2026-09-05T13:07:00+09:00,environment
V02Q1940100_2026-09-05T13:07:00+09:00,37.494978959,127.093144214,61.0,2026-09-05T13:07:00+09:00,environment
OC3CL200135_2026-09-05T13:07:00+09:00,37.50215692,127.07044791,64.0,2026-09-05T13:07:00+09:00,environment
OC3CL200157_2026-09-05T13:07:00+09:00,37.492381245,127.094589306,70.0,2026-09-05T13:07:00+09:00,environment
OC3CL200207_2026-09-05T13:07:00+09:00,37.494957877,127.124194746,47.0,2026-09-05T13:07:00+09:00,environment
OC3CL210115_2026-09-05T13:07:00+09:00,37.525641,127.129665,65.0,2026-09-05T13:07:00+09:00,environment
V02Q1940391_2026-09-05T14:07:00+09:00,37.528616803,127.085121222,44.0,2026-09-05T14:07:00+09:00,environment
V02Q1940392_2026-09-05T14:07:00+09:00,37.538286643,127.09239683,42.0,2026-09-05T14:07:00+09:00,environment
V02Q1940403_2026-09-05T14:07:00+09:00,37.534309074,127.081985567,50.0,2026-09-05T14:07:00+09:00,environment
V02Q1940411_2026-09-05T14:07:00+09:00,37.533878243,127.091521,38.0,2026-09-05T14:07:00+09:00,environment
V02Q1940506_2026-09-05T14:07:00+09:00,37.535029673,127.093240689,53.0,2026-09-05T14:07:00+09:00,environment
V02Q1940679_2026-09-05T14:07:00+09:00,37.495212727,127.121438826,50.0,2026-09-05T14:07:00+09:00,environment
V02Q1940734_2026-09-05T14:07:00+09:00,37.518407904,127.100366298,39.0,2026-09-05T14:07:00+09:00,environment
V02Q1940784_2026-09-05T14:07:00+09:00,37.498247757,127.126296648,43.0,2026-09-05T14:07:00+09:00,environment
V02Q1940790_2026-09-05T14:07:00+09:00,37.514278277,127.112258966,49.0,2026-09-05T14:07:00+09:00,environment
V02Q1940706_2026-09-05T14:07:00+09:00,37.502049127,127.117110751,49.0,2026-09-05T14:07:00+09:00,environment
V02Q1940708_2026-09-05T14:07:00+09:00,37.514300619,127.091447797,53.0,2026-09-05T14:07:00+09:00,environment
V02Q1940713_2026-09-05T14:07:00+09:00,37.516185359,127.114540561,51.0,2026-09-05T14:07:00+09:00,environment
V02Q1940714_2026-09-05T14:07:00+09:00,37.513385412,127.10686824,54.0,2026-09-05T14:07:00+09:00,environment
V02Q1940736_2026-09-05T14:07:00+09:00,37.504194933,127.128187719,41.0,2026-09-05T14:07:00+09:00,environment
V02Q1940767_2026-09-05T14:07:00+09:00,37.502603852,127.092310875,47.0,2026-09-05T14:07:00+09:00,environment
V02Q1940772_2026-09-05T14:07:00+09:00,37.503635193,127.103503284,51.0,2026-09-05T14:07:00+09:00,environment
V02Q1940775_2026-09-05T14:07:00+09:00,37.505801455,127.109663753,50.0,2026-09-05T14:07:00+09:00,environment
V02Q1940781_2026-09-05T14:07:00+09:00,37.506173683,127.084756221,40.0,2026-09-05T14:07:00+09:00,environment
V02Q1940787_2026-09-05T14:07:00+09:00,37.512955044,127.094661921,42.0,2026-09-05T14:07:00+09:00,environment
V02Q1940788_2026-09-05T14:07:00+09:00,37.509617855,127.0741524,49.0,2026-09-05T14:07:00+09:00,environment
V02Q1940800_2026-09-05T14:07:00+09:00,37.519952859,127.1123122,51.0,2026-09-05T14:07:00+09:00,environment
V02Q1940832_2026-09-05T14:07:00+09:00,37.511768309,127.124209484,41.0,2026-09-05T14:07:00+09:00,environment
V02Q1940847_2026-09-05T14:07:00+09:00,37.489683491,127.111908205,35.0,2026-09-05T14:07:00+09:00,environment
V02Q1940873_2026-09-05T14:07:00+09:00,37.53247211,127.114301129,45.0,2026-09-05T14:07:00+09:00,environment
V02Q1940941_2026-09-05T14:07:00+09:00,37.509088133,127.084056858,45.0,2026-09-05T14:07:00+09:00,environment
V02Q1940507_2026-09-05T14:07:00+09:00,37.531277474,127.123271252,41.0,2026-09-05T14:07:00+09:00,environment
V02Q1940811_2026-09-05T14:07:00+09:00,37.52727312,127.116249051,50.0,2026-09-05T14:07:00+09:00,environment
V02Q1940819_2026-09-05T14:07:00+09:00,37.507344263,127.104688643,44.0,2026-09-05T14:07:00+09:00,environment
V02Q1940820_2026-09-05T14:07:00+09:00,37.511104225,127.102321793,53.0,2026-09-05T14:07:00+09:00,environment
V02Q1940821_2026-09-05T14:07:00+09:00,37.502832774,127.108694904,48.0,2026-09-05T14:07:00+09:00,environment
V02Q1940838_2026-09-05T14:07:00+09:00,37.51767925,127.08881891,44.0,2026-09-05T14:07:00+09:00,environment
V02Q1940887_2026-09-05T14:07:00+09:00,37.502749128,127.09252424,52.0,2026-09-05T14:07:00+09:00,environment
V02Q1940079_2026-09-05T14:07:00+09:00,37.494102447,127.082209375,35.0,2026-09-05T14:07:00+09:00,environment
V02Q1940246_2026-09-05T14:07:00+09:00,37.49920086,127.072395308,46.0,2026-09-05T14:07:00+09:00,environment
V02Q1940098_2026-09-05T14:07:00+09:00,37.48670146,127.1000197,56.0,2026-09-05T14:07:00+09:00,environment
V02Q1940100_2026-09-05T14:07:00+09:00,37.494978959,127.093144214,60.0,2026-09-05T14:07:00+09:00,environment
V02Q1940082_2026-09-05T14:07:00+09:00,37.495507594,127.085748474,51.0,2026-09-05T14:07:00+09:00,environment
OC3CL200135_2026-09-05T14:07:00+09:00,37.50215692,127.07044791,64.0,2026-09-05T14:07:00+09:00,environment
OC3CL200157_2026-09-05T14:07:00+09:00,37.492381245,127.094589306,70.0,2026-09-05T14:07:00+09:00,environment
OC3CL200207_2026-09-05T14:07:00+09:00,37.494957877,127.124194746,46.0,2026-09-05T14:07:00+09:00,environment
OC3CL210115_2026-09-05T14:07:00+09:00,37.525641,127.129665,64.0,2026-09-05T14:07:00+09:00,environment
V02Q1940391_2026-09-05T15:07:00+09:00,37.528616803,127.085121222,43.0,2026-09-05T15:07:00+09:00,environment
V02Q1940392_2026-09-05T15:07:00+09:00,37.538286643,127.09239683,44.0,2026-09-05T15:07:00+09:00,environment
V02Q1940403_2026-09-05T15:07:00+09:00,37.534309074,127.081985567,48.0,2026-09-05T15:07:00+09:00,environment
V02Q1940411_2026-09-05T15:07:00+09:00,37.533878243,127.091521,38.0,2026-09-05T15:07:00+09:00,environment
V02Q1940506_2026-09-05T15:07:00+09:00,37.535029673,127.093240689,53.0,2026-09-05T15:07:00+09:00,environment
V02Q1940679_2026-09-05T15:07:00+09:00,37.495212727,127.121438826,48.0,2026-09-05T15:07:00+09:00,environment
V02Q1940734_2026-09-05T15:07:00+09:00,37.518407904,127.100366298,38.0,2026-09-05T15:07:00+09:00,environment
V02Q1940784_2026-09-05T15:07:00+09:00,37.498247757,127.126296648,44.0,2026-09-05T15:07:00+09:00,environment
V02Q1940706_2026-09-05T15:07:00+09:00,37.502049127,127.117110751,49.0,2026-09-05T15:07:00+09:00,environment
V02Q1940708_2026-09-05T15:07:00+09:00,37.514300619,127.091447797,52.0,2026-09-05T15:07:00+09:00,environment
V02Q1940714_2026-09-05T15:07:00+09:00,37.513385412,127.10686824,54.0,2026-09-05T15:07:00+09:00,environment
V02Q1940736_2026-09-05T15:07:00+09:00,37.504194933,127.128187719,44.0,2026-09-05T15:07:00+09:00,environment
V02Q1940767_2026-09-05T15:07:00+09:00,37.502603852,127.092310875,47.0,2026-09-05T15:07:00+09:00,environment
V02Q1940772_2026-09-05T15:07:00+09:00,37.503635193,127.103503284,51.0,2026-09-05T15:07:00+09:00,environment
V02Q1940775_2026-09-05T15:07:00+09:00,37.505801455,127.109663753,50.0,2026-09-05T15:07:00+09:00,environment
V02Q1940781_2026-09-05T15:07:00+09:00,37.506173683,127.084756221,41.0,2026-09-05T15:07:00+09:00,environment
V02Q1940787_2026-09-05T15:07:00+09:00,37.512955044,127.094661921,41.0,2026-09-05T15:07:00+09:00,environment
V02Q1940788_2026-09-05T15:07:00+09:00,37.509617855,127.0741524,49.0,2026-09-05T15:07:00+09:00,environment
V02Q1940790_2026-09-05T15:07:00+09:00,37.514278277,127.112258966,42.0,2026-09-05T15:07:00+09:00,environment
V02Q1940800_2026-09-05T15:07:00+09:00,37.519952859,127.1123122,51.0,2026-09-05T15:07:00+09:00,environment
V02Q1940832_2026-09-05T15:07:00+09:00,37.511768309,127.124209484,41.0,2026-09-05T15:07:00+09:00,environment
V02Q1940847_2026-09-05T15:07:00+09:00,37.489683491,127.111908205,35.0,2026-09-05T15:07:00+09:00,environment
V02Q1940873_2026-09-05T15:07:00+09:00,37.53247211,127.114301129,45.0,2026-09-05T15:07:00+09:00,environment
V02Q1940507_2026-09-05T15:07:00+09:00,37.531277474,127.123271252,42.0,2026-09-05T15:07:00+09:00,environment
V02Q1940713_2026-09-05T15:07:00+09:00,37.516185359,127.114540561,51.0,2026-09-05T15:07:00+09:00,environment
V02Q1940811_2026-09-05T15:07:00+09:00,37.52727312,127.116249051,49.0,2026-09-05T15:07:00+09:00,environment
V02Q1940819_2026-09-05T15:07:00+09:00,37.507344263,127.104688643,44.0,2026-09-05T15:07:00+09:00,environment
V02Q1940820_2026-09-05T15:07:00+09:00,37.511104225,127.102321793,53.0,2026-09-05T15:07:00+09:00,environment
V02Q1940821_2026-09-05T15:07:00+09:00,37.502832774,127.108694904,48.0,2026-09-05T15:07:00+09:00,environment
V02Q1940838_2026-09-05T15:07:00+09:00,37.51767925,127.08881891,44.0,2026-09-05T15:07:00+09:00,environment
V02Q1940887_2026-09-05T15:07:00+09:00,37.502749128,127.09252424,52.0,2026-09-05T15:07:00+09:00,environment
V02Q1940941_2026-09-05T15:07:00+09:00,37.509088133,127.084056858,46.0,2026-09-05T15:07:00+09:00,environment
V02Q1940079_2026-09-05T15:07:00+09:00,37.494102447,127.082209375,35.0,2026-09-05T15:07:00+09:00,environment
V02Q1940098_2026-09-05T15:07:00+09:00,37.48670146,127.1000197,57.0,2026-09-05T15:07:00+09:00,environment
V02Q1940246_2026-09-05T15:07:00+09:00,37.49920086,127.072395308,46.0,2026-09-05T15:07:00+09:00,environment
V02Q1940082_2026-09-05T15:07:00+09:00,37.495507594,127.085748474,52.0,2026-09-05T15:07:00+09:00,environment
V02Q1940100_2026-09-05T15:07:00+09:00,37.494978959,127.093144214,60.0,2026-09-05T15:07:00+09:00,environment
OC3CL200135_2026-09-05T15:07:00+09:00,37.50215692,127.07044791,65.0,2026-09-05T15:07:00+09:00,environment
OC3CL200157_2026-09-05T15:07:00+09:00,37.492381245,127.094589306,68.0,2026-09-05T15:07:00+09:00,environment
OC3CL200207_2026-09-05T15:07:00+09:00,37.494957877,127.124194746,48.0,2026-09-05T15:07:00+09:00,environment
OC3CL210115_2026-09-05T15:07:00+09:00,37.525641,127.129665,63.0,2026-09-05T15:07:00+09:00,environment
V02Q1940391_2026-09-05T16:07:00+09:00,37.528616803,127.085121222,43.0,2026-09-05T16:07:00+09:00,environment
V02Q1940392_2026-09-05T16:07:00+09:00,37.538286643,127.09239683,47.0,2026-09-05T16:07:00+09:00,environment
V02Q1940403_2026-09-05T16:07:00+09:00,37.534309074,127.081985567,48.0,2026-09-05T16:07:00+09:00,environment
V02Q1940411_2026-09-05T16:07:00+09:00,37.533878243,127.091521,38.0,2026-09-05T16:07:00+09:00,environment
V02Q1940506_2026-09-05T16:07:00+09:00,37.535029673,127.093240689,53.0,2026-09-05T16:07:00+09:00,environment
V02Q1940679_2026-09-05T16:07:00+09:00,37.495212727,127.121438826,50.0,2026-09-05T16:07:00+09:00,environment
V02Q1940734_2026-09-05T16:07:00+09:00,37.518407904,127.100366298,39.0,2026-09-05T16:07:00+09:00,environment
V02Q1940784_2026-09-05T16:07:00+09:00,37.498247757,127.126296648,44.0,2026-09-05T16:07:00+09:00,environment
V02Q1940706_2026-09-05T16:07:00+09:00,37.502049127,127.117110751,48.0,2026-09-05T16:07:00+09:00,environment
V02Q1940708_2026-09-05T16:07:00+09:00,37.514300619,127.091447797,51.0,2026-09-05T16:07:00+09:00,environment
V02Q1940714_2026-09-05T16:07:00+09:00,37.513385412,127.10686824,54.0,2026-09-05T16:07:00+09:00,environment
V02Q1940736_2026-09-05T16:07:00+09:00,37.504194933,127.128187719,43.0,2026-09-05T16:07:00+09:00,environment
V02Q1940767_2026-09-05T16:07:00+09:00,37.502603852,127.092310875,47.0,2026-09-05T16:07:00+09:00,environment
V02Q1940772_2026-09-05T16:07:00+09:00,37.503635193,127.103503284,51.0,2026-09-05T16:07:00+09:00,environment
V02Q1940775_2026-09-05T16:07:00+09:00,37.505801455,127.109663753,50.0,2026-09-05T16:07:00+09:00,environment
V02Q1940781_2026-09-05T16:07:00+09:00,37.506173683,127.084756221,39.0,2026-09-05T16:07:00+09:00,environment
V02Q1940787_2026-09-05T16:07:00+09:00,37.512955044,127.094661921,41.0,2026-09-05T16:07:00+09:00,environment
V02Q1940788_2026-09-05T16:07:00+09:00,37.509617855,127.0741524,48.0,2026-09-05T16:07:00+09:00,environment
V02Q1940790_2026-09-05T16:07:00+09:00,37.514278277,127.112258966,40.0,2026-09-05T16:07:00+09:00,environment
V02Q1940800_2026-09-05T16:07:00+09:00,37.519952859,127.1123122,50.0,2026-09-05T16:07:00+09:00,environment
V02Q1940832_2026-09-05T16:07:00+09:00,37.511768309,127.124209484,41.0,2026-09-05T16:07:00+09:00,environment
V02Q1940847_2026-09-05T16:07:00+09:00,37.489683491,127.111908205,35.0,2026-09-05T16:07:00+09:00,environment
V02Q1940873_2026-09-05T16:07:00+09:00,37.53247211,127.114301129,45.0,2026-09-05T16:07:00+09:00,environment
V02Q1940507_2026-09-05T16:07:00+09:00,37.531277474,127.123271252,41.0,2026-09-05T16:07:00+09:00,environment
V02Q1940713_2026-09-05T16:07:00+09:00,37.516185359,127.114540561,49.0,2026-09-05T16:07:00+09:00,environment
V02Q1940811_2026-09-05T16:07:00+09:00,37.52727312,127.116249051,49.0,2026-09-05T16:07:00+09:00,environment
V02Q1940819_2026-09-05T16:07:00+09:00,37.507344263,127.104688643,45.0,2026-09-05T16:07:00+09:00,environment
V02Q1940820_2026-09-05T16:07:00+09:00,37.511104225,127.102321793,53.0,2026-09-05T16:07:00+09:00,environment
V02Q1940821_2026-09-05T16:07:00+09:00,37.502832774,127.108694904,48.0,2026-09-05T16:07:00+09:00,environment
V02Q1940838_2026-09-05T16:07:00+09:00,37.51767925,127.08881891,44.0,2026-09-05T16:07:00+09:00,environment
V02Q1940887_2026-09-05T16:07:00+09:00,37.502749128,127.09252424,52.0,2026-09-05T16:07:00+09:00,environment
V02Q1940941_2026-09-05T16:07:00+09:00,37.509088133,127.084056858,45.0,2026-09-05T16:07:00+09:00,environment
V02Q1940079_2026-09-05T16:07:00+09:00,37.494102447,127.082209375,35.0,2026-09-05T16:07:00+09:00,environment
V02Q1940098_2026-09-05T16:07:00+09:00,37.48670146,127.1000197,56.0,2026-09-05T16:07:00+09:00,environment
V02Q1940246_2026-09-05T16:07:00+09:00,37.49920086,127.072395308,44.0,2026-09-05T16:07:00+09:00,environment
V02Q1940082_2026-09-05T16:07:00+09:00,37.495507594,127.085748474,51.0,2026-09-05T16:07:00+09:00,environment
V02Q1940100_2026-09-05T16:07:00+09:00,37.494978959,127.093144214,60.0,2026-09-05T16:07:00+09:00,environment
OC3CL200033_2026-09-05T16:07:00+09:00,37.51217275,127.1046954,61.0,2026-09-05T16:07:00+09:00,environment
OC3CL200135_2026-09-05T16:07:00+09:00,37.50215692,127.07044791,64.0,2026-09-05T16:07:00+09:00,environment
OC3CL200141_2026-09-05T16:07:00+09:00,37.48877157,127.1067039,59.0,2026-09-05T16:07:00+09:00,environment
OC3CL200157_2026-09-05T16:07:00+09:00,37.492381245,127.094589306,69.0,2026-09-05T16:07:00+09:00,environment
OC3CL200207_2026-09-05T16:07:00+09:00,37.494957877,127.124194746,45.0,2026-09-05T16:07:00+09:00,environment
OC3CL210115_2026-09-05T16:07:00+09:00,37.525641,127.129665,63.0,2026-09-05T16:07:00+09:00,environment
V02Q1940391_2026-09-05T17:07:00+09:00,37.528616803,127.085121222,43.0,2026-09-05T17:07:00+09:00,environment
V02Q1940392_2026-09-05T17:07:00+09:00,37.538286643,127.09239683,47.0,2026-09-05T17:07:00+09:00,environment
V02Q1940403_2026-09-05T17:07:00+09:00,37.534309074,127.081985567,48.0,2026-09-05T17:07:00+09:00,environment
V02Q1940411_2026-09-05T17:07:00+09:00,37.533878243,127.091521,38.0,2026-09-05T17:07:00+09:00,environment
V02Q1940506_2026-09-05T17:07:00+09:00,37.535029673,127.093240689,53.0,2026-09-05T17:07:00+09:00,environment
V02Q1940679_2026-09-05T17:07:00+09:00,37.495212727,127.121438826,49.0,2026-09-05T17:07:00+09:00,environment
V02Q1940734_2026-09-05T17:07:00+09:00,37.518407904,127.100366298,40.0,2026-09-05T17:07:00+09:00,environment
V02Q1940784_2026-09-05T17:07:00+09:00,37.498247757,127.126296648,44.0,2026-09-05T17:07:00+09:00,environment
V02Q1940706_2026-09-05T17:07:00+09:00,37.502049127,127.117110751,48.0,2026-09-05T17:07:00+09:00,environment
V02Q1940708_2026-09-05T17:07:00+09:00,37.514300619,127.091447797,51.0,2026-09-05T17:07:00+09:00,environment
V02Q1940714_2026-09-05T17:07:00+09:00,37.513385412,127.10686824,55.0,2026-09-05T17:07:00+09:00,environment
V02Q1940736_2026-09-05T17:07:00+09:00,37.504194933,127.128187719,42.0,2026-09-05T17:07:00+09:00,environment
V02Q1940767_2026-09-05T17:07:00+09:00,37.502603852,127.092310875,48.0,2026-09-05T17:07:00+09:00,environment
V02Q1940772_2026-09-05T17:07:00+09:00,37.503635193,127.103503284,51.0,2026-09-05T17:07:00+09:00,environment
V02Q1940775_2026-09-05T17:07:00+09:00,37.505801455,127.109663753,50.0,2026-09-05T17:07:00+09:00,environment
V02Q1940781_2026-09-05T17:07:00+09:00,37.506173683,127.084756221,41.0,2026-09-05T17:07:00+09:00,environment
V02Q1940787_2026-09-05T17:07:00+09:00,37.512955044,127.094661921,41.0,2026-09-05T17:07:00+09:00,environment
V02Q1940788_2026-09-05T17:07:00+09:00,37.509617855,127.0741524,47.0,2026-09-05T17:07:00+09:00,environment
V02Q1940790_2026-09-05T17:07:00+09:00,37.514278277,127.112258966,41.0,2026-09-05T17:07:00+09:00,environment
V02Q1940800_2026-09-05T17:07:00+09:00,37.519952859,127.1123122,50.0,2026-09-05T17:07:00+09:00,environment
V02Q1940832_2026-09-05T17:07:00+09:00,37.511768309,127.124209484,40.0,2026-09-05T17:07:00+09:00,environment
V02Q1940847_2026-09-05T17:07:00+09:00,37.489683491,127.111908205,35.0,2026-09-05T17:07:00+09:00,environment
V02Q1940873_2026-09-05T17:07:00+09:00,37.53247211,127.114301129,45.0,2026-09-05T17:07:00+09:00,environment
V02Q1940507_2026-09-05T17:07:00+09:00,37.531277474,127.123271252,43.0,2026-09-05T17:07:00+09:00,environment
V02Q1940713_2026-09-05T17:07:00+09:00,37.516185359,127.114540561,49.0,2026-09-05T17:07:00+09:00,environment
V02Q1940811_2026-09-05T17:07:00+09:00,37.52727312,127.116249051,50.0,2026-09-05T17:07:00+09:00,environment
V02Q1940819_2026-09-05T17:07:00+09:00,37.507344263,127.104688643,44.0,2026-09-05T17:07:00+09:00,environment
V02Q1940820_2026-09-05T17:07:00+09:00,37.511104225,127.102321793,53.0,2026-09-05T17:07:00+09:00,environment
V02Q1940821_2026-09-05T17:07:00+09:00,37.502832774,127.108694904,49.0,2026-09-05T17:07:00+09:00,environment
V02Q1940838_2026-09-05T17:07:00+09:00,37.51767925,127.08881891,44.0,2026-09-05T17:07:00+09:00,environment
V02Q1940887_2026-09-05T17:07:00+09:00,37.502749128,127.09252424,53.0,2026-09-05T17:07:00+09:00,environment
V02Q1940941_2026-09-05T17:07:00+09:00,37.509088133,127.084056858,45.0,2026-09-05T17:07:00+09:00,environment
V02Q1940079_2026-09-05T17:07:00+09:00,37.494102447,127.082209375,35.0,2026-09-05T17:07:00+09:00,environment
V02Q1940246_2026-09-05T17:07:00+09:00,37.49920086,127.072395308,44.0,2026-09-05T17:07:00+09:00,environment
V02Q1940098_2026-09-05T17:07:00+09:00,37.48670146,127.1000197,56.0,2026-09-05T17:07:00+09:00,environment
V02Q1940100_2026-09-05T17:07:00+09:00,37.494978959,127.093144214,60.0,2026-09-05T17:07:00+09:00,environment
V02Q1940082_2026-09-05T17:07:00+09:00,37.495507594,127.085748474,51.0,2026-09-05T17:07:00+09:00,environment
OC3CL200033_2026-09-05T17:07:00+09:00,37.51217275,127.1046954,60.0,2026-09-05T17:07:00+09:00,environment
OC3CL200135_2026-09-05T17:07:00+09:00,37.50215692,127.07044791,64.0,2026-09-05T17:07:00+09:00,environment
OC3CL200141_2026-09-05T17:07:00+09:00,37.48877157,127.1067039,59.0,2026-09-05T17:07:00+09:00,environment
OC3CL200157_2026-09-05T17:07:00+09:00,37.492381245,127.094589306,69.0,2026-09-05T17:07:00+09:00,environment
OC3CL200207_2026-09-05T17:07:00+09:00,37.494957877,127.124194746,44.0,2026-09-05T17:07:00+09:00,environment
OC3CL210115_2026-09-05T17:07:00+09:00,37.525641,127.129665,63.0,2026-09-05T17:07:00+09:00,environment
V02Q1940391_2026-09-05T18:07:00+09:00,37.528616803,127.085121222,43.0,2026-09-05T18:07:00+09:00,environment
V02Q1940392_2026-09-05T18:07:00+09:00,37.538286643,127.09239683,48.0,2026-09-05T18:07:00+09:00,environment
V02Q1940403_2026-09-05T18:07:00+09:00,37.534309074,127.081985567,49.0,2026-09-05T18:07:00+09:00,environment
V02Q1940411_2026-09-05T18:07:00+09:00,37.533878243,127.091521,38.0,2026-09-05T18:07:00+09:00,environment
V02Q1940506_2026-09-05T18:07:00+09:00,37.535029673,127.093240689,53.0,2026-09-05T18:07:00+09:00,environment
V02Q1940679_2026-09-05T18:07:00+09:00,37.495212727,127.121438826,50.0,2026-09-05T18:07:00+09:00,environment
V02Q1940734_2026-09-05T18:07:00+09:00,37.518407904,127.100366298,39.0,2026-09-05T18:07:00+09:00,environment
V02Q1940784_2026-09-05T18:07:00+09:00,37.498247757,127.126296648,41.0,2026-09-05T18:07:00+09:00,environment
V02Q1940790_2026-09-05T18:07:00+09:00,37.514278277,127.112258966,41.0,2026-09-05T18:07:00+09:00,environment
V02Q1940706_2026-09-05T18:07:00+09:00,37.502049127,127.117110751,48.0,2026-09-05T18:07:00+09:00,environment
V02Q1940708_2026-09-05T18:07:00+09:00,37.514300619,127.091447797,51.0,2026-09-05T18:07:00+09:00,environment
V02Q1940713_2026-09-05T18:07:00+09:00,37.516185359,127.114540561,47.0,2026-09-05T18:07:00+09:00,environment
V02Q1940714_2026-09-05T18:07:00+09:00,37.513385412,127.10686824,55.0,2026-09-05T18:07:00+09:00,environment
V02Q1940736_2026-09-05T18:07:00+09:00,37.504194933,127.128187719,40.0,2026-09-05T18:07:00+09:00,environment
V02Q1940767_2026-09-05T18:07:00+09:00,37.502603852,127.092310875,49.0,2026-09-05T18:07:00+09:00,environment
V02Q1940772_2026-09-05T18:07:00+09:00,37.503635193,127.103503284,51.0,2026-09-05T18:07:00+09:00,environment
V02Q1940775_2026-09-05T18:07:00+09:00,37.505801455,127.109663753,50.0,2026-09-05T18:07:00+09:00,environment
V02Q1940781_2026-09-05T18:07:00+09:00,37.506173683,127.084756221,39.0,2026-09-05T18:07:00+09:00,environment
V02Q1940787_2026-09-05T18:07:00+09:00,37.512955044,127.094661921,41.0,2026-09-05T18:07:00+09:00,environment
V02Q1940788_2026-09-05T18:07:00+09:00,37.509617855,127.0741524,48.0,2026-09-05T18:07:00+09:00,environment
V02Q1940800_2026-09-05T18:07:00+09:00,37.519952859,127.1123122,51.0,2026-09-05T18:07:00+09:00,environment
V02Q1940832_2026-09-05T18:07:00+09:00,37.511768309,127.124209484,40.0,2026-09-05T18:07:00+09:00,environment
V02Q1940847_2026-09-05T18:07:00+09:00,37.489683491,127.111908205,35.0,2026-09-05T18:07:00+09:00,environment
V02Q1940873_2026-09-05T18:07:00+09:00,37.53247211,127.114301129,45.0,2026-09-05T18:07:00+09:00,environment
V02Q1940941_2026-09-05T18:07:00+09:00,37.509088133,127.084056858,46.0,2026-09-05T18:07:00+09:00,environment
V02Q1940507_2026-09-05T18:07:00+09:00,37.531277474,127.123271252,41.0,2026-09-05T18:07:00+09:00,environment
V02Q1940811_2026-09-05T18:07:00+09:00,37.52727312,127.116249051,50.0,2026-09-05T18:07:00+09:00,environment
V02Q1940819_2026-09-05T18:07:00+09:00,37.507344263,127.104688643,43.0,2026-09-05T18:07:00+09:00,environment
V02Q1940820_2026-09-05T18:07:00+09:00,37.511104225,127.102321793,53.0,2026-09-05T18:07:00+09:00,environment
V02Q1940821_2026-09-05T18:07:00+09:00,37.502832774,127.108694904,49.0,2026-09-05T18:07:00+09:00,environment
V02Q1940838_2026-09-05T18:07:00+09:00,37.51767925,127.08881891,44.0,2026-09-05T18:07:00+09:00,environment
V02Q1940887_2026-09-05T18:07:00+09:00,37.502749128,127.09252424,52.0,2026-09-05T18:07:00+09:00,environment
V02Q1940079_2026-09-05T18:07:00+09:00,37.494102447,127.082209375,35.0,2026-09-05T18:07:00+09:00,environment
V02Q1940098_2026-09-05T18:07:00+09:00,37.48670146,127.1000197,56.0,2026-09-05T18:07:00+09:00,environment
V02Q1940246_2026-09-05T18:07:00+09:00,37.49920086,127.072395308,43.0,2026-09-05T18:07:00+09:00,environment
V02Q1940082_2026-09-05T18:07:00+09:00,37.495507594,127.085748474,51.0,2026-09-05T18:07:00+09:00,environment
V02Q1940100_2026-09-05T18:07:00+09:00,37.494978959,127.093144214,60.0,2026-09-05T18:07:00+09:00,environment
OC3CL200135_2026-09-05T18:07:00+09:00,37.50215692,127.07044791,64.0,2026-09-05T18:07:00+09:00,environment
OC3CL200157_2026-09-05T18:07:00+09:00,37.492381245,127.094589306,66.0,2026-09-05T18:07:00+09:00,environment
OC3CL200033_2026-09-05T18:07:00+09:00,37.51217275,127.1046954,63.0,2026-09-05T18:07:00+09:00,environment
OC3CL200141_2026-09-05T18:07:00+09:00,37.48877157,127.1067039,58.0,2026-09-05T18:07:00+09:00,environment
OC3CL200207_2026-09-05T18:07:00+09:00,37.494957877,127.124194746,44.0,2026-09-05T18:07:00+09:00,environment
OC3CL210115_2026-09-05T18:07:00+09:00,37.525641,127.129665,64.0,2026-09-05T18:07:00+09:00,environment
V02Q1940391_2026-09-05T19:07:00+09:00,37.528616803,127.085121222,44.0,2026-09-05T19:07:00+09:00,environment
V02Q1940392_2026-09-05T19:07:00+09:00,37.538286643,127.09239683,47.0,2026-09-05T19:07:00+09:00,environment
V02Q1940403_2026-09-05T19:07:00+09:00,37.534309074,127.081985567,50.0,2026-09-05T19:07:00+09:00,environment
V02Q1940411_2026-09-05T19:07:00+09:00,37.533878243,127.091521,38.0,2026-09-05T19:07:00+09:00,environment
V02Q1940506_2026-09-05T19:07:00+09:00,37.535029673,127.093240689,53.0,2026-09-05T19:07:00+09:00,environment
V02Q1940679_2026-09-05T19:07:00+09:00,37.495212727,127.121438826,50.0,2026-09-05T19:07:00+09:00,environment
V02Q1940734_2026-09-05T19:07:00+09:00,37.518407904,127.100366298,39.0,2026-09-05T19:07:00+09:00,environment
V02Q1940784_2026-09-05T19:07:00+09:00,37.498247757,127.126296648,41.0,2026-09-05T19:07:00+09:00,environment
V02Q1940706_2026-09-05T19:07:00+09:00,37.502049127,127.117110751,49.0,2026-09-05T19:07:00+09:00,environment
V02Q1940708_2026-09-05T19:07:00+09:00,37.514300619,127.091447797,51.0,2026-09-05T19:07:00+09:00,environment
V02Q1940714_2026-09-05T19:07:00+09:00,37.513385412,127.10686824,54.0,2026-09-05T19:07:00+09:00,environment
V02Q1940736_2026-09-05T19:07:00+09:00,37.504194933,127.128187719,41.0,2026-09-05T19:07:00+09:00,environment
V02Q1940767_2026-09-05T19:07:00+09:00,37.502603852,127.092310875,49.0,2026-09-05T19:07:00+09:00,environment
V02Q1940772_2026-09-05T19:07:00+09:00,37.503635193,127.103503284,51.0,2026-09-05T19:07:00+09:00,environment
V02Q1940775_2026-09-05T19:07:00+09:00,37.505801455,127.109663753,50.0,2026-09-05T19:07:00+09:00,environment
V02Q1940781_2026-09-05T19:07:00+09:00,37.506173683,127.084756221,39.0,2026-09-05T19:07:00+09:00,environment
V02Q1940787_2026-09-05T19:07:00+09:00,37.512955044,127.094661921,40.0,2026-09-05T19:07:00+09:00,environment
V02Q1940788_2026-09-05T19:07:00+09:00,37.509617855,127.0741524,47.0,2026-09-05T19:07:00+09:00,environment
V02Q1940790_2026-09-05T19:07:00+09:00,37.514278277,127.112258966,42.0,2026-09-05T19:07:00+09:00,environment
V02Q1940800_2026-09-05T19:07:00+09:00,37.519952859,127.1123122,50.0,2026-09-05T19:07:00+09:00,environment
V02Q1940832_2026-09-05T19:07:00+09:00,37.511768309,127.124209484,40.0,2026-09-05T19:07:00+09:00,environment
V02Q1940847_2026-09-05T19:07:00+09:00,37.489683491,127.111908205,35.0,2026-09-05T19:07:00+09:00,environment
V02Q1940873_2026-09-05T19:07:00+09:00,37.53247211,127.114301129,46.0,2026-09-05T19:07:00+09:00,environment
V02Q1940507_2026-09-05T19:07:00+09:00,37.531277474,127.123271252,41.0,2026-09-05T19:07:00+09:00,environment
V02Q1940713_2026-09-05T19:07:00+09:00,37.516185359,127.114540561,45.0,2026-09-05T19:07:00+09:00,environment
V02Q1940811_2026-09-05T19:07:00+09:00,37.52727312,127.116249051,50.0,2026-09-05T19:07:00+09:00,environment
V02Q1940819_2026-09-05T19:07:00+09:00,37.507344263,127.104688643,42.0,2026-09-05T19:07:00+09:00,environment
V02Q1940820_2026-09-05T19:07:00+09:00,37.511104225,127.102321793,54.0,2026-09-05T19:07:00+09:00,environment
V02Q1940821_2026-09-05T19:07:00+09:00,37.502832774,127.108694904,49.0,2026-09-05T19:07:00+09:00,environment
V02Q1940838_2026-09-05T19:07:00+09:00,37.51767925,127.08881891,43.0,2026-09-05T19:07:00+09:00,environment
V02Q1940887_2026-09-05T19:07:00+09:00,37.502749128,127.09252424,52.0,2026-09-05T19:07:00+09:00,environment
V02Q1940941_2026-09-05T19:07:00+09:00,37.509088133,127.084056858,45.0,2026-09-05T19:07:00+09:00,environment
V02Q1940079_2026-09-05T19:07:00+09:00,37.494102447,127.082209375,35.0,2026-09-05T19:07:00+09:00,environment
V02Q1940246_2026-09-05T19:07:00+09:00,37.49920086,127.072395308,44.0,2026-09-05T19:07:00+09:00,environment
V02Q1940082_2026-09-05T19:07:00+09:00,37.495507594,127.085748474,51.0,2026-09-05T19:07:00+09:00,environment
V02Q1940098_2026-09-05T19:07:00+09:00,37.48670146,127.1000197,56.0,2026-09-05T19:07:00+09:00,environment
V02Q1940100_2026-09-05T19:07:00+09:00,37.494978959,127.093144214,60.0,2026-09-05T19:07:00+09:00,environment
OC3CL200033_2026-09-05T19:07:00+09:00,37.51217275,127.1046954,64.0,2026-09-05T19:07:00+09:00,environment
OC3CL200135_2026-09-05T19:07:00+09:00,37.50215692,127.07044791,63.0,2026-09-05T19:07:00+09:00,environment
OC3CL200141_2026-09-05T19:07:00+09:00,37.48877157,127.1067039,59.0,2026-09-05T19:07:00+09:00,environment
OC3CL200157_2026-09-05T19:07:00+09:00,37.492381245,127.094589306,69.0,2026-09-05T19:07:00+09:00,environment
OC3CL200207_2026-09-05T19:07:00+09:00,37.494957877,127.124194746,45.0,2026-09-05T19:07:00+09:00,environment
OC3CL210115_2026-09-05T19:07:00+09:00,37.525641,127.129665,64.0,2026-09-05T19:07:00+09:00,environment
V02Q1940391_2026-09-05T20:07:00+09:00,37.528616803,127.085121222,43.0,2026-09-05T20:07:00+09:00,environment
V02Q1940392_2026-09-05T20:07:00+09:00,37.538286643,127.09239683,46.0,2026-09-05T20:07:00+09:00,environment
V02Q1940403_2026-09-05T20:07:00+09:00,37.534309074,127.081985567,49.0,2026-09-05T20:07:00+09:00,environment
V02Q1940411_2026-09-05T20:07:00+09:00,37.533878243,127.091521,38.0,2026-09-05T20:07:00+09:00,environment
V02Q1940506_2026-09-05T20:07:00+09:00,37.535029673,127.093240689,53.0,2026-09-05T20:07:00+09:00,environment
V02Q1940679_2026-09-05T20:07:00+09:00,37.495212727,127.121438826,51.0,2026-09-05T20:07:00+09:00,environment
V02Q1940734_2026-09-05T20:07:00+09:00,37.518407904,127.100366298,38.0,2026-09-05T20:07:00+09:00,environment
V02Q1940784_2026-09-05T20:07:00+09:00,37.498247757,127.126296648,40.0,2026-09-05T20:07:00+09:00,environment
V02Q1940706_2026-09-05T20:07:00+09:00,37.502049127,127.117110751,49.0,2026-09-05T20:07:00+09:00,environment
V02Q1940708_2026-09-05T20:07:00+09:00,37.514300619,127.091447797,51.0,2026-09-05T20:07:00+09:00,environment
V02Q1940714_2026-09-05T20:07:00+09:00,37.513385412,127.10686824,54.0,2026-09-05T20:07:00+09:00,environment
V02Q1940736_2026-09-05T20:07:00+09:00,37.504194933,127.128187719,39.0,2026-09-05T20:07:00+09:00,environment
V02Q1940767_2026-09-05T20:07:00+09:00,37.502603852,127.092310875,49.0,2026-09-05T20:07:00+09:00,environment
V02Q1940772_2026-09-05T20:07:00+09:00,37.503635193,127.103503284,51.0,2026-09-05T20:07:00+09:00,environment
V02Q1940775_2026-09-05T20:07:00+09:00,37.505801455,127.109663753,50.0,2026-09-05T20:07:00+09:00,environment
V02Q1940781_2026-09-05T20:07:00+09:00,37.506173683,127.084756221,39.0,2026-09-05T20:07:00+09:00,environment
V02Q1940787_2026-09-05T20:07:00+09:00,37.512955044,127.094661921,42.0,2026-09-05T20:07:00+09:00,environment
V02Q1940788_2026-09-05T20:07:00+09:00,37.509617855,127.0741524,48.0,2026-09-05T20:07:00+09:00,environment
V02Q1940790_2026-09-05T20:07:00+09:00,37.514278277,127.112258966,42.0,2026-09-05T20:07:00+09:00,environment
V02Q1940800_2026-09-05T20:07:00+09:00,37.519952859,127.1123122,50.0,2026-09-05T20:07:00+09:00,environment
V02Q1940832_2026-09-05T20:07:00+09:00,37.511768309,127.124209484,40.0,2026-09-05T20:07:00+09:00,environment
V02Q1940847_2026-09-05T20:07:00+09:00,37.489683491,127.111908205,35.0,2026-09-05T20:07:00+09:00,environment
V02Q1940873_2026-09-05T20:07:00+09:00,37.53247211,127.114301129,45.0,2026-09-05T20:07:00+09:00,environment
V02Q1940507_2026-09-05T20:07:00+09:00,37.531277474,127.123271252,40.0,2026-09-05T20:07:00+09:00,environment
V02Q1940713_2026-09-05T20:07:00+09:00,37.516185359,127.114540561,46.0,2026-09-05T20:07:00+09:00,environment
V02Q1940811_2026-09-05T20:07:00+09:00,37.52727312,127.116249051,50.0,2026-09-05T20:07:00+09:00,environment
V02Q1940819_2026-09-05T20:07:00+09:00,37.507344263,127.104688643,41.0,2026-09-05T20:07:00+09:00,environment
V02Q1940820_2026-09-05T20:07:00+09:00,37.511104225,127.102321793,54.0,2026-09-05T20:07:00+09:00,environment
V02Q1940821_2026-09-05T20:07:00+09:00,37.502832774,127.108694904,49.0,2026-09-05T20:07:00+09:00,environment
V02Q1940838_2026-09-05T20:07:00+09:00,37.51767925,127.08881891,43.0,2026-09-05T20:07:00+09:00,environment
V02Q1940887_2026-09-05T20:07:00+09:00,37.502749128,127.09252424,52.0,2026-09-05T20:07:00+09:00,environment
V02Q1940941_2026-09-05T20:07:00+09:00,37.509088133,127.084056858,46.0,2026-09-05T20:07:00+09:00,environment
V02Q1940079_2026-09-05T20:07:00+09:00,37.494102447,127.082209375,35.0,2026-09-05T20:07:00+09:00,environment
V02Q1940246_2026-09-05T20:07:00+09:00,37.49920086,127.072395308,49.0,2026-09-05T20:07:00+09:00,environment
V02Q1940082_2026-09-05T20:07:00+09:00,37.495507594,127.085748474,52.0,2026-09-05T20:07:00+09:00,environment
V02Q1940098_2026-09-05T20:07:00+09:00,37.48670146,127.1000197,62.0,2026-09-05T20:07:00+09:00,environment
V02Q1940100_2026-09-05T20:07:00+09:00,37.494978959,127.093144214,60.0,2026-09-05T20:07:00+09:00,environment
OC3CL200135_2026-09-05T20:07:00+09:00,37.50215692,127.07044791,63.0,2026-09-05T20:07:00+09:00,environment
OC3CL200141_2026-09-05T20:07:00+09:00,37.48877157,127.1067039,60.0,2026-09-05T20:07:00+09:00,environment
OC3CL200157_2026-09-05T20:07:00+09:00,37.492381245,127.094589306,69.0,2026-09-05T20:07:00+09:00,environment
OC3CL200207_2026-09-05T20:07:00+09:00,37.494957877,127.124194746,44.0,2026-09-05T20:07:00+09:00,environment
OC3CL200017_2026-09-05T20:07:00+09:00,37.52406575,127.1285088,65.0,2026-09-05T20:07:00+09:00,environment
OC3CL210115_2026-09-05T20:07:00+09:00,37.525641,127.129665,63.0,2026-09-05T20:07:00+09:00,environment
OC3CL200017_2026-09-05T21:07:00+09:00,37.52406575,127.1285088,65.0,2026-09-05T21:07:00+09:00,environment
OC3CL200135_2026-09-05T21:07:00+09:00,37.50215692,127.07044791,62.0,2026-09-05T21:07:00+09:00,environment
OC3CL200141_2026-09-05T21:07:00+09:00,37.48877157,127.1067039,60.0,2026-09-05T21:07:00+09:00,environment
OC3CL200157_2026-09-05T21:07:00+09:00,37.492381245,127.094589306,70.0,2026-09-05T21:07:00+09:00,environment
OC3CL200207_2026-09-05T21:07:00+09:00,37.494957877,127.124194746,42.0,2026-09-05T21:07:00+09:00,environment
OC3CL210115_2026-09-05T21:07:00+09:00,37.525641,127.129665,61.0,2026-09-05T21:07:00+09:00,environment
V02Q1940079_2026-09-05T21:07:00+09:00,37.494102447,127.082209375,35.0,2026-09-05T21:07:00+09:00,environment
V02Q1940082_2026-09-05T21:07:00+09:00,37.495507594,127.085748474,53.0,2026-09-05T21:07:00+09:00,environment
V02Q1940098_2026-09-05T21:07:00+09:00,37.48670146,127.1000197,62.0,2026-09-05T21:07:00+09:00,environment
V02Q1940100_2026-09-05T21:07:00+09:00,37.494978959,127.093144214,60.0,2026-09-05T21:07:00+09:00,environment
V02Q1940246_2026-09-05T21:07:00+09:00,37.49920086,127.072395308,51.0,2026-09-05T21:07:00+09:00,environment
V02Q1940391_2026-09-05T21:07:00+09:00,37.528616803,127.085121222,42.0,2026-09-05T21:07:00+09:00,environment
V02Q1940392_2026-09-05T21:07:00+09:00,37.538286643,127.09239683,46.0,2026-09-05T21:07:00+09:00,environment
V02Q1940403_2026-09-05T21:07:00+09:00,37.534309074,127.081985567,48.0,2026-09-05T21:07:00+09:00,environment
V02Q1940411_2026-09-05T21:07:00+09:00,37.533878243,127.091521,38.0,2026-09-05T21:07:00+09:00,environment
V02Q1940506_2026-09-05T21:07:00+09:00,37.535029673,127.093240689,53.0,2026-09-05T21:07:00+09:00,environment
V02Q1940507_2026-09-05T21:07:00+09:00,37.531277474,127.123271252,39.0,2026-09-05T21:07:00+09:00,environment
V02Q1940679_2026-09-05T21:07:00+09:00,37.495212727,127.121438826,50.0,2026-09-05T21:07:00+09:00,environment
V02Q1940706_2026-09-05T21:07:00+09:00,37.502049127,127.117110751,48.0,2026-09-05T21:07:00+09:00,environment
V02Q1940708_2026-09-05T21:07:00+09:00,37.514300619,127.091447797,51.0,2026-09-05T21:07:00+09:00,environment
V02Q1940713_2026-09-05T21:07:00+09:00,37.516185359,127.114540561,45.0,2026-09-05T21:07:00+09:00,environment
V02Q1940714_2026-09-05T21:07:00+09:00,37.513385412,127.10686824,54.0,2026-09-05T21:07:00+09:00,environment
V02Q1940734_2026-09-05T21:07:00+09:00,37.518407904,127.100366298,38.0,2026-09-05T21:07:00+09:00,environment
V02Q1940736_2026-09-05T21:07:00+09:00,37.504194933,127.128187719,40.0,2026-09-05T21:07:00+09:00,environment
V02Q1940767_2026-09-05T21:07:00+09:00,37.502603852,127.092310875,49.0,2026-09-05T21:07:00+09:00,environment
V02Q1940772_2026-09-05T21:07:00+09:00,37.503635193,127.103503284,50.0,2026-09-05T21:07:00+09:00,environment
V02Q1940775_2026-09-05T21:07:00+09:00,37.505801455,127.109663753,50.0,2026-09-05T21:07:00+09:00,environment
V02Q1940781_2026-09-05T21:07:00+09:00,37.506173683,127.084756221,38.0,2026-09-05T21:07:00+09:00,environment
V02Q1940784_2026-09-05T21:07:00+09:00,37.498247757,127.126296648,40.0,2026-09-05T21:07:00+09:00,environment
V02Q1940787_2026-09-05T21:07:00+09:00,37.512955044,127.094661921,40.0,2026-09-05T21:07:00+09:00,environment
V02Q1940788_2026-09-05T21:07:00+09:00,37.509617855,127.0741524,48.0,2026-09-05T21:07:00+09:00,environment
V02Q1940790_2026-09-05T21:07:00+09:00,37.514278277,127.112258966,42.0,2026-09-05T21:07:00+09:00,environment
V02Q1940800_2026-09-05T21:07:00+09:00,37.519952859,127.1123122,49.0,2026-09-05T21:07:00+09:00,environment
V02Q1940811_2026-09-05T21:07:00+09:00,37.52727312,127.116249051,50.0,2026-09-05T21:07:00+09:00,environment
V02Q1940819_2026-09-05T21:07:00+09:00,37.507344263,127.104688643,41.0,2026-09-05T21:07:00+09:00,environment
V02Q1940820_2026-09-05T21:07:00+09:00,37.511104225,127.102321793,53.0,2026-09-05T21:07:00+09:00,environment
V02Q1940821_2026-09-05T21:07:00+09:00,37.502832774,127.108694904,48.0,2026-09-05T21:07:00+09:00,environment
V02Q1940832_2026-09-05T21:07:00+09:00,37.511768309,127.124209484,41.0,2026-09-05T21:07:00+09:00,environment
V02Q1940838_2026-09-05T21:07:00+09:00,37.51767925,127.08881891,43.0,2026-09-05T21:07:00+09:00,environment
V02Q1940847_2026-09-05T21:07:00+09:00,37.489683491,127.111908205,35.0,2026-09-05T21:07:00+09:00,environment
V02Q1940873_2026-09-05T21:07:00+09:00,37.53247211,127.114301129,47.0,2026-09-05T21:07:00+09:00,environment
V02Q1940887_2026-09-05T21:07:00+09:00,37.502749128,127.09252424,53.0,2026-09-05T21:07:00+09:00,environment
V02Q1940941_2026-09-05T21:07:00+09:00,37.509088133,127.084056858,46.0,2026-09-05T21:07:00+09:00,environment
OC3CL200017_2026-09-05T22:07:00+09:00,37.52406575,127.1285088,64.0,2026-09-05T22:07:00+09:00,environment
OC3CL200135_2026-09-05T22:07:00+09:00,37.50215692,127.07044791,62.0,2026-09-05T22:07:00+09:00,environment
OC3CL200141_2026-09-05T22:07:00+09:00,37.48877157,127.1067039,61.0,2026-09-05T22:07:00+09:00,environment
OC3CL200157_2026-09-05T22:07:00+09:00,37.492381245,127.094589306,70.0,2026-09-05T22:07:00+09:00,environment
OC3CL200207_2026-09-05T22:07:00+09:00,37.494957877,127.124194746,42.0,2026-09-05T22:07:00+09:00,environment
OC3CL210115_2026-09-05T22:07:00+09:00,37.525641,127.129665,61.0,2026-09-05T22:07:00+09:00,environment
V02Q1940079_2026-09-05T22:07:00+09:00,37.494102447,127.082209375,35.0,2026-09-05T22:07:00+09:00,environment
V02Q1940082_2026-09-05T22:07:00+09:00,37.495507594,127.085748474,51.0,2026-09-05T22:07:00+09:00,environment
V02Q1940098_2026-09-05T22:07:00+09:00,37.48670146,127.1000197,57.0,2026-09-05T22:07:00+09:00,environment
V02Q1940100_2026-09-05T22:07:00+09:00,37.494978959,127.093144214,60.0,2026-09-05T22:07:00+09:00,environment
V02Q1940246_2026-09-05T22:07:00+09:00,37.49920086,127.072395308,47.0,2026-09-05T22:07:00+09:00,environment
V02Q1940391_2026-09-05T22:07:00+09:00,37.528616803,127.085121222,43.0,2026-09-05T22:07:00+09:00,environment
V02Q1940392_2026-09-05T22:07:00+09:00,37.538286643,127.09239683,46.0,2026-09-05T22:07:00+09:00,environment
V02Q1940403_2026-09-05T22:07:00+09:00,37.534309074,127.081985567,46.0,2026-09-05T22:07:00+09:00,environment
V02Q1940411_2026-09-05T22:07:00+09:00,37.533878243,127.091521,37.0,2026-09-05T22:07:00+09:00,environment
V02Q1940506_2026-09-05T22:07:00+09:00,37.535029673,127.093240689,52.0,2026-09-05T22:07:00+09:00,environment
V02Q1940507_2026-09-05T22:07:00+09:00,37.531277474,127.123271252,39.0,2026-09-05T22:07:00+09:00,environment
V02Q1940679_2026-09-05T22:07:00+09:00,37.495212727,127.121438826,49.0,2026-09-05T22:07:00+09:00,environment
V02Q1940706_2026-09-05T22:07:00+09:00,37.502049127,127.117110751,47.0,2026-09-05T22:07:00+09:00,environment
V02Q1940708_2026-09-05T22:07:00+09:00,37.514300619,127.091447797,49.0,2026-09-05T22:07:00+09:00,environment
V02Q1940713_2026-09-05T22:07:00+09:00,37.516185359,127.114540561,44.0,2026-09-05T22:07:00+09:00,environment
V02Q1940714_2026-09-05T22:07:00+09:00,37.513385412,127.10686824,53.0,2026-09-05T22:07:00+09:00,environment
V02Q1940734_2026-09-05T22:07:00+09:00,37.518407904,127.100366298,37.0,2026-09-05T22:07:00+09:00,environment
V02Q1940736_2026-09-05T22:07:00+09:00,37.504194933,127.128187719,40.0,2026-09-05T22:07:00+09:00,environment
V02Q1940767_2026-09-05T22:07:00+09:00,37.502603852,127.092310875,48.0,2026-09-05T22:07:00+09:00,environment
V02Q1940772_2026-09-05T22:07:00+09:00,37.503635193,127.103503284,50.0,2026-09-05T22:07:00+09:00,environment
V02Q1940775_2026-09-05T22:07:00+09:00,37.505801455,127.109663753,50.0,2026-09-05T22:07:00+09:00,environment
V02Q1940781_2026-09-05T22:07:00+09:00,37.506173683,127.084756221,38.0,2026-09-05T22:07:00+09:00,environment
V02Q1940784_2026-09-05T22:07:00+09:00,37.498247757,127.126296648,40.0,2026-09-05T22:07:00+09:00,environment
V02Q1940787_2026-09-05T22:07:00+09:00,37.512955044,127.094661921,38.0,2026-09-05T22:07:00+09:00,environment
V02Q1940788_2026-09-05T22:07:00+09:00,37.509617855,127.0741524,47.0,2026-09-05T22:07:00+09:00,environment
V02Q1940790_2026-09-05T22:07:00+09:00,37.514278277,127.112258966,42.0,2026-09-05T22:07:00+09:00,environment
V02Q1940800_2026-09-05T22:07:00+09:00,37.519952859,127.1123122,48.0,2026-09-05T22:07:00+09:00,environment
V02Q1940811_2026-09-05T22:07:00+09:00,37.52727312,127.116249051,50.0,2026-09-05T22:07:00+09:00,environment
V02Q1940819_2026-09-05T22:07:00+09:00,37.507344263,127.104688643,41.0,2026-09-05T22:07:00+09:00,environment
V02Q1940820_2026-09-05T22:07:00+09:00,37.511104225,127.102321793,53.0,2026-09-05T22:07:00+09:00,environment
V02Q1940821_2026-09-05T22:07:00+09:00,37.502832774,127.108694904,49.0,2026-09-05T22:07:00+09:00,environment
V02Q1940832_2026-09-05T22:07:00+09:00,37.511768309,127.124209484,41.0,2026-09-05T22:07:00+09:00,environment
V02Q1940838_2026-09-05T22:07:00+09:00,37.51767925,127.08881891,43.0,2026-09-05T22:07:00+09:00,environment
V02Q1940847_2026-09-05T22:07:00+09:00,37.489683491,127.111908205,35.0,2026-09-05T22:07:00+09:00,environment
V02Q1940873_2026-09-05T22:07:00+09:00,37.53247211,127.114301129,46.0,2026-09-05T22:07:00+09:00,environment
V02Q1940941_2026-09-05T22:07:00+09:00,37.509088133,127.084056858,45.0,2026-09-05T22:07:00+09:00,environment
OC3CL200017_2026-09-05T23:07:00+09:00,37.52406575,127.1285088,63.0,2026-09-05T23:07:00+09:00,environment
OC3CL200135_2026-09-05T23:07:00+09:00,37.50215692,127.07044791,62.0,2026-09-05T23:07:00+09:00,environment
OC3CL200141_2026-09-05T23:07:00+09:00,37.48877157,127.1067039,60.0,2026-09-05T23:07:00+09:00,environment
OC3CL200157_2026-09-05T23:07:00+09:00,37.492381245,127.094589306,68.0,2026-09-05T23:07:00+09:00,environment
OC3CL200207_2026-09-05T23:07:00+09:00,37.494957877,127.124194746,39.0,2026-09-05T23:07:00+09:00,environment
OC3CL210115_2026-09-05T23:07:00+09:00,37.525641,127.129665,59.0,2026-09-05T23:07:00+09:00,environment
V02Q1940079_2026-09-05T23:07:00+09:00,37.494102447,127.082209375,35.0,2026-09-05T23:07:00+09:00,environment
V02Q1940082_2026-09-05T23:07:00+09:00,37.495507594,127.085748474,49.0,2026-09-05T23:07:00+09:00,environment
V02Q1940098_2026-09-05T23:07:00+09:00,37.48670146,127.1000197,54.0,2026-09-05T23:07:00+09:00,environment
V02Q1940100_2026-09-05T23:07:00+09:00,37.494978959,127.093144214,60.0,2026-09-05T23:07:00+09:00,environment
V02Q1940246_2026-09-05T23:07:00+09:00,37.49920086,127.072395308,45.0,2026-09-05T23:07:00+09:00,environment
V02Q1940391_2026-09-05T23:07:00+09:00,37.528616803,127.085121222,41.0,2026-09-05T23:07:00+09:00,environment
V02Q1940392_2026-09-05T23:07:00+09:00,37.538286643,127.09239683,46.0,2026-09-05T23:07:00+09:00,environment
V02Q1940403_2026-09-05T23:07:00+09:00,37.534309074,127.081985567,46.0,2026-09-05T23:07:00+09:00,environment
V02Q1940411_2026-09-05T23:07:00+09:00,37.533878243,127.091521,37.0,2026-09-05T23:07:00+09:00,environment
V02Q1940506_2026-09-05T23:07:00+09:00,37.535029673,127.093240689,50.0,2026-09-05T23:07:00+09:00,environment
V02Q1940507_2026-09-05T23:07:00+09:00,37.531277474,127.123271252,39.0,2026-09-05T23:07:00+09:00,environment
V02Q1940679_2026-09-05T23:07:00+09:00,37.495212727,127.121438826,48.0,2026-09-05T23:07:00+09:00,environment
V02Q1940706_2026-09-05T23:07:00+09:00,37.502049127,127.117110751,45.0,2026-09-05T23:07:00+09:00,environment
V02Q1940708_2026-09-05T23:07:00+09:00,37.514300619,127.091447797,48.0,2026-09-05T23:07:00+09:00,environment
V02Q1940713_2026-09-05T23:07:00+09:00,37.516185359,127.114540561,44.0,2026-09-05T23:07:00+09:00,environment
V02Q1940714_2026-09-05T23:07:00+09:00,37.513385412,127.10686824,53.0,2026-09-05T23:07:00+09:00,environment
V02Q1940734_2026-09-05T23:07:00+09:00,37.518407904,127.100366298,37.0,2026-09-05T23:07:00+09:00,environment
V02Q1940736_2026-09-05T23:07:00+09:00,37.504194933,127.128187719,40.0,2026-09-05T23:07:00+09:00,environment
V02Q1940767_2026-09-05T23:07:00+09:00,37.502603852,127.092310875,48.0,2026-09-05T23:07:00+09:00,environment
V02Q1940772_2026-09-05T23:07:00+09:00,37.503635193,127.103503284,49.0,2026-09-05T23:07:00+09:00,environment
V02Q1940775_2026-09-05T23:07:00+09:00,37.505801455,127.109663753,49.0,2026-09-05T23:07:00+09:00,environment
V02Q1940781_2026-09-05T23:07:00+09:00,37.506173683,127.084756221,37.0,2026-09-05T23:07:00+09:00,environment
V02Q1940784_2026-09-05T23:07:00+09:00,37.498247757,127.126296648,39.0,2026-09-05T23:07:00+09:00,environment
V02Q1940787_2026-09-05T23:07:00+09:00,37.512955044,127.094661921,37.0,2026-09-05T23:07:00+09:00,environment
V02Q1940788_2026-09-05T23:07:00+09:00,37.509617855,127.0741524,46.0,2026-09-05T23:07:00+09:00,environment
V02Q1940790_2026-09-05T23:07:00+09:00,37.514278277,127.112258966,40.0,2026-09-05T23:07:00+09:00,environment
V02Q1940800_2026-09-05T23:07:00+09:00,37.519952859,127.1123122,47.0,2026-09-05T23:07:00+09:00,environment
V02Q1940811_2026-09-05T23:07:00+09:00,37.52727312,127.116249051,50.0,2026-09-05T23:07:00+09:00,environment
V02Q1940819_2026-09-05T23:07:00+09:00,37.507344263,127.104688643,41.0,2026-09-05T23:07:00+09:00,environment
V02Q1940820_2026-09-05T23:07:00+09:00,37.511104225,127.102321793,53.0,2026-09-05T23:07:00+09:00,environment
V02Q1940821_2026-09-05T23:07:00+09:00,37.502832774,127.108694904,48.0,2026-09-05T23:07:00+09:00,environment
V02Q1940832_2026-09-05T23:07:00+09:00,37.511768309,127.124209484,40.0,2026-09-05T23:07:00+09:00,environment
V02Q1940838_2026-09-05T23:07:00+09:00,37.51767925,127.08881891,43.0,2026-09-05T23:07:00+09:00,environment
V02Q1940847_2026-09-05T23:07:00+09:00,37.489683491,127.111908205,35.0,2026-09-05T23:07:00+09:00,environment
V02Q1940873_2026-09-05T23:07:00+09:00,37.53247211,127.114301129,46.0,2026-09-05T23:07:00+09:00,environment
V02Q1940941_2026-09-05T23:07:00+09:00,37.509088133,127.084056858,45.0,2026-09-05T23:07:00+09:00,environment
OC3CL200017_2026-09-06T00:07:00+09:00,37.52406575,127.1285088,62.0,2026-09-06T00:07:00+09:00,environment
OC3CL200135_2026-09-06T00:07:00+09:00,37.50215692,127.07044791,61.0,2026-09-06T00:07:00+09:00,environment
OC3CL200141_2026-09-06T00:07:00+09:00,37.48877157,127.1067039,59.0,2026-09-06T00:07:00+09:00,environment
OC3CL200157_2026-09-06T00:07:00+09:00,37.492381245,127.094589306,67.0,2026-09-06T00:07:00+09:00,environment
OC3CL200207_2026-09-06T00:07:00+09:00,37.494957877,127.124194746,38.0,2026-09-06T00:07:00+09:00,environment
OC3CL210115_2026-09-06T00:07:00+09:00,37.525641,127.129665,58.0,2026-09-06T00:07:00+09:00,environment
V02Q1940079_2026-09-06T00:07:00+09:00,37.494102447,127.082209375,35.0,2026-09-06T00:07:00+09:00,environment
V02Q1940082_2026-09-06T00:07:00+09:00,37.495507594,127.085748474,48.0,2026-09-06T00:07:00+09:00,environment
V02Q1940098_2026-09-06T00:07:00+09:00,37.48670146,127.1000197,52.0,2026-09-06T00:07:00+09:00,environment
V02Q1940100_2026-09-06T00:07:00+09:00,37.494978959,127.093144214,59.0,2026-09-06T00:07:00+09:00,environment
V02Q1940246_2026-09-06T00:07:00+09:00,37.49920086,127.072395308,44.0,2026-09-06T00:07:00+09:00,environment
V02Q1940391_2026-09-06T00:07:00+09:00,37.528616803,127.085121222,41.0,2026-09-06T00:07:00+09:00,environment
V02Q1940392_2026-09-06T00:07:00+09:00,37.538286643,127.09239683,44.0,2026-09-06T00:07:00+09:00,environment
V02Q1940403_2026-09-06T00:07:00+09:00,37.534309074,127.081985567,44.0,2026-09-06T00:07:00+09:00,environment
V02Q1940411_2026-09-06T00:07:00+09:00,37.533878243,127.091521,36.0,2026-09-06T00:07:00+09:00,environment
V02Q1940506_2026-09-06T00:07:00+09:00,37.535029673,127.093240689,48.0,2026-09-06T00:07:00+09:00,environment
V02Q1940507_2026-09-06T00:07:00+09:00,37.531277474,127.123271252,38.0,2026-09-06T00:07:00+09:00,environment
V02Q1940679_2026-09-06T00:07:00+09:00,37.495212727,127.121438826,47.0,2026-09-06T00:07:00+09:00,environment
V02Q1940706_2026-09-06T00:07:00+09:00,37.502049127,127.117110751,44.0,2026-09-06T00:07:00+09:00,environment
V02Q1940708_2026-09-06T00:07:00+09:00,37.514300619,127.091447797,48.0,2026-09-06T00:07:00+09:00,environment
V02Q1940713_2026-09-06T00:07:00+09:00,37.516185359,127.114540561,43.0,2026-09-06T00:07:00+09:00,environment
V02Q1940714_2026-09-06T00:07:00+09:00,37.513385412,127.10686824,52.0,2026-09-06T00:07:00+09:00,environment
V02Q1940734_2026-09-06T00:07:00+09:00,37.518407904,127.100366298,36.0,2026-09-06T00:07:00+09:00,environment
V02Q1940736_2026-09-06T00:07:00+09:00,37.504194933,127.128187719,42.0,2026-09-06T00:07:00+09:00,environment
V02Q1940767_2026-09-06T00:07:00+09:00,37.502603852,127.092310875,46.0,2026-09-06T00:07:00+09:00,environment
V02Q1940772_2026-09-06T00:07:00+09:00,37.503635193,127.103503284,48.0,2026-09-06T00:07:00+09:00,environment
V02Q1940775_2026-09-06T00:07:00+09:00,37.505801455,127.109663753,47.0,2026-09-06T00:07:00+09:00,environment
V02Q1940781_2026-09-06T00:07:00+09:00,37.506173683,127.084756221,37.0,2026-09-06T00:07:00+09:00,environment
V02Q1940784_2026-09-06T00:07:00+09:00,37.498247757,127.126296648,39.0,2026-09-06T00:07:00+09:00,environment
V02Q1940787_2026-09-06T00:07:00+09:00,37.512955044,127.094661921,37.0,2026-09-06T00:07:00+09:00,environment
V02Q1940788_2026-09-06T00:07:00+09:00,37.509617855,127.0741524,46.0,2026-09-06T00:07:00+09:00,environment
V02Q1940790_2026-09-06T00:07:00+09:00,37.514278277,127.112258966,40.0,2026-09-06T00:07:00+09:00,environment
V02Q1940800_2026-09-06T00:07:00+09:00,37.519952859,127.1123122,46.0,2026-09-06T00:07:00+09:00,environment
V02Q1940811_2026-09-06T00:07:00+09:00,37.52727312,127.116249051,50.0,2026-09-06T00:07:00+09:00,environment
V02Q1940819_2026-09-06T00:07:00+09:00,37.507344263,127.104688643,41.0,2026-09-06T00:07:00+09:00,environment
V02Q1940820_2026-09-06T00:07:00+09:00,37.511104225,127.102321793,52.0,2026-09-06T00:07:00+09:00,environment
V02Q1940821_2026-09-06T00:07:00+09:00,37.502832774,127.108694904,47.0,2026-09-06T00:07:00+09:00,environment
V02Q1940832_2026-09-06T00:07:00+09:00,37.511768309,127.124209484,40.0,2026-09-06T00:07:00+09:00,environment
V02Q1940838_2026-09-06T00:07:00+09:00,37.51767925,127.08881891,43.0,2026-09-06T00:07:00+09:00,environment
V02Q1940847_2026-09-06T00:07:00+09:00,37.489683491,127.111908205,35.0,2026-09-06T00:07:00+09:00,environment
V02Q1940873_2026-09-06T00:07:00+09:00,37.53247211,127.114301129,45.0,2026-09-06T00:07:00+09:00,environment
V02Q1940941_2026-09-06T00:07:00+09:00,37.509088133,127.084056858,43.0,2026-09-06T00:07:00+09:00,environment
OC3CL200017_2026-09-05T12:07:13+09:00,37.52406575,127.1285088,59.0,2026-09-05T12:07:13+09:00,environment
OC3CL200017_2026-09-05T09:07:13+09:00,37.52406575,127.1285088,64.0,2026-09-05T09:07:13+09:00,environment
OC3CL200017_2026-09-05T19:07:13+09:00,37.52406575,127.1285088,64.0,2026-09-05T19:07:13+09:00,environment
OC3CL200017_2026-09-05T10:07:13+09:00,37.52406575,127.1285088,58.0,2026-09-05T10:07:13+09:00,environment
OC3CL200017_2026-09-05T11:07:13+09:00,37.52406575,127.1285088,58.0,2026-09-05T11:07:13+09:00,environment
OC3CL200017_2026-09-05T13:07:13+09:00,37.52406575,127.1285088,60.0,2026-09-05T13:07:13+09:00,environment
OC3CL200017_2026-09-05T14:07:13+09:00,37.52406575,127.1285088,59.0,2026-09-05T14:07:13+09:00,environment
OC3CL200017_2026-09-05T15:07:13+09:00,37.52406575,127.1285088,59.0,2026-09-05T15:07:13+09:00,environment
OC3CL200017_2026-09-05T16:07:13+09:00,37.52406575,127.1285088,58.0,2026-09-05T16:07:13+09:00,environment
OC3CL200017_2026-09-05T17:07:13+09:00,37.52406575,127.1285088,59.0,2026-09-05T17:07:13+09:00,environment
OC3CL200017_2026-09-05T18:07:13+09:00,37.52406575,127.1285088,59.0,2026-09-05T18:07:13+09:00,environment
OC3CL200033_2026-09-05T11:07:51+09:00,37.51217275,127.1046954,52.0,2026-09-05T11:07:51+09:00,environment
OC3CL200033_2026-09-05T22:07:51+09:00,37.51217275,127.1046954,52.0,2026-09-05T22:07:51+09:00,environment
OC3CL200033_2026-09-05T21:07:51+09:00,37.51217275,127.1046954,53.0,2026-09-05T21:07:51+09:00,environment
OC3CL200033_2026-09-05T14:07:51+09:00,37.51217275,127.1046954,53.0,2026-09-05T14:07:51+09:00,environment
OC3CL200033_2026-09-05T13:07:51+09:00,37.51217275,127.1046954,53.0,2026-09-05T13:07:51+09:00,environment
OC3CL200033_2026-09-05T12:07:51+09:00,37.51217275,127.1046954,53.0,2026-09-05T12:07:51+09:00,environment
OC3CL200033_2026-09-05T10:07:51+09:00,37.51217275,127.1046954,53.0,2026-09-05T10:07:51+09:00,environment
OC3CL200033_2026-09-05T09:07:51+09:00,37.51217275,127.1046954,53.0,2026-09-05T09:07:51+09:00,environment
OC3CL200033_2026-09-05T08:07:51+09:00,37.51217275,127.1046954,52.0,2026-09-05T08:07:51+09:00,environment
OC3CL200033_2026-09-05T07:07:51+09:00,37.51217275,127.1046954,51.0,2026-09-05T07:07:51+09:00,environment
OC3CL200033_2026-09-05T06:07:51+09:00,37.51217275,127.1046954,50.0,2026-09-05T06:07:51+09:00,environment
OC3CL200033_2026-09-05T05:07:51+09:00,37.51217275,127.1046954,49.0,2026-09-05T05:07:51+09:00,environment
OC3CL200033_2026-09-05T04:07:51+09:00,37.51217275,127.1046954,49.0,2026-09-05T04:07:51+09:00,environment
OC3CL200033_2026-09-05T03:07:51+09:00,37.51217275,127.1046954,49.0,2026-09-05T03:07:51+09:00,environment
OC3CL200033_2026-09-05T02:07:51+09:00,37.51217275,127.1046954,49.0,2026-09-05T02:07:51+09:00,environment
OC3CL200033_2026-09-05T01:07:51+09:00,37.51217275,127.1046954,50.0,2026-09-05T01:07:51+09:00,environment
OC3CL200033_2026-09-05T23:07:51+09:00,37.51217275,127.1046954,64.0,2026-09-05T23:07:51+09:00,environment
OC3CL200033_2026-09-05T20:07:51+09:00,37.51217275,127.1046954,64.0,2026-09-05T20:07:51+09:00,environment
OC3CL200033_2026-09-05T15:07:51+09:00,37.51217275,127.1046954,61.0,2026-09-05T15:07:51+09:00,environment
OC3CL200033_2026-09-05T00:07:51+09:00,37.51217275,127.1046954,61.0,2026-09-05T00:07:51+09:00,environment
OC3CL200141_2026-09-05T14:07:15+09:00,37.48877157,127.1067039,44.0,2026-09-05T14:07:15+09:00,environment
OC3CL200141_2026-09-05T13:07:15+09:00,37.48877157,127.1067039,45.0,2026-09-05T13:07:15+09:00,environment
OC3CL200141_2026-09-05T12:07:15+09:00,37.48877157,127.1067039,45.0,2026-09-05T12:07:15+09:00,environment
OC3CL200141_2026-09-05T11:07:15+09:00,37.48877157,127.1067039,45.0,2026-09-05T11:07:15+09:00,environment
OC3CL200141_2026-09-05T10:07:15+09:00,37.48877157,127.1067039,44.0,2026-09-05T10:07:15+09:00,environment
OC3CL200141_2026-09-05T15:07:15+09:00,37.48877157,127.1067039,59.0,2026-09-05T15:07:15+09:00,environment
OC3CL200141_2026-09-05T09:07:15+09:00,37.48877157,127.1067039,60.0,2026-09-05T09:07:15+09:00,environment
V02Q1940117_2026-09-05T07:00:00+09:00,37.508537127,127.087121735,41.0,2026-09-05T07:00:00+09:00,environment
V02Q1940117_2026-09-05T23:00:00+09:00,37.508537127,127.087121735,42.0,2026-09-05T23:00:00+09:00,environment
V02Q1940117_2026-09-05T22:00:00+09:00,37.508537127,127.087121735,43.0,2026-09-05T22:00:00+09:00,environment
V02Q1940117_2026-09-05T21:00:00+09:00,37.508537127,127.087121735,44.0,2026-09-05T21:00:00+09:00,environment
V02Q1940117_2026-09-05T20:00:00+09:00,37.508537127,127.087121735,44.0,2026-09-05T20:00:00+09:00,environment
V02Q1940117_2026-09-05T19:00:00+09:00,37.508537127,127.087121735,44.0,2026-09-05T19:00:00+09:00,environment
V02Q1940117_2026-09-05T18:00:00+09:00,37.508537127,127.087121735,44.0,2026-09-05T18:00:00+09:00,environment
V02Q1940117_2026-09-05T17:00:00+09:00,37.508537127,127.087121735,45.0,2026-09-05T17:00:00+09:00,environment
V02Q1940117_2026-09-05T16:00:00+09:00,37.508537127,127.087121735,44.0,2026-09-05T16:00:00+09:00,environment
V02Q1940117_2026-09-05T15:00:00+09:00,37.508537127,127.087121735,45.0,2026-09-05T15:00:00+09:00,environment
V02Q1940117_2026-09-05T14:00:00+09:00,37.508537127,127.087121735,44.0,2026-09-05T14:00:00+09:00,environment
V02Q1940117_2026-09-05T13:00:00+09:00,37.508537127,127.087121735,45.0,2026-09-05T13:00:00+09:00,environment
V02Q1940117_2026-09-05T12:00:00+09:00,37.508537127,127.087121735,43.0,2026-09-05T12:00:00+09:00,environment
V02Q1940117_2026-09-05T11:00:00+09:00,37.508537127,127.087121735,44.0,2026-09-05T11:00:00+09:00,environment
V02Q1940117_2026-09-05T10:00:00+09:00,37.508537127,127.087121735,43.0,2026-09-05T10:00:00+09:00,environment
V02Q1940117_2026-09-05T09:00:00+09:00,37.508537127,127.087121735,43.0,2026-09-05T09:00:00+09:00,environment
V02Q1940117_2026-09-05T08:00:00+09:00,37.508537127,127.087121735,41.0,2026-09-05T08:00:00+09:00,environment
V02Q1940117_2026-09-05T06:00:00+09:00,37.508537127,127.087121735,43.0,2026-09-05T06:00:00+09:00,environment
V02Q1940117_2026-09-05T05:00:00+09:00,37.508537127,127.087121735,43.0,2026-09-05T05:00:00+09:00,environment
V02Q1940117_2026-09-05T04:00:00+09:00,37.508537127,127.087121735,43.0,2026-09-05T04:00:00+09:00,environment
V02Q1940117_2026-09-05T03:00:00+09:00,37.508537127,127.087121735,41.0,2026-09-05T03:00:00+09:00,environment
V02Q1940117_2026-09-05T02:00:00+09:00,37.508537127,127.087121735,40.0,2026-09-05T02:00:00+09:00,environment
V02Q1940117_2026-09-05T01:00:00+09:00,37.508537127,127.087121735,40.0,2026-09-05T01:00:00+09:00,environment
V02Q1940117_2026-09-05T00:00:00+09:00,37.508537127,127.087121735,42.0,2026-09-05T00:00:00+09:00,environment
V02Q1940129_2026-09-05T05:00:00+09:00,37.497655712,127.074468747,48.0,2026-09-05T05:00:00+09:00,environment
V02Q1940129_2026-09-05T01:00:00+09:00,37.497655712,127.074468747,45.0,2026-09-05T01:00:00+09:00,environment
V02Q1940129_2026-09-05T00:00:00+09:00,37.497655712,127.074468747,46.0,2026-09-05T00:00:00+09:00,environment
V02Q1940129_2026-09-05T04:00:00+09:00,37.497655712,127.074468747,47.0,2026-09-05T04:00:00+09:00,environment
V02Q1940129_2026-09-05T03:00:00+09:00,37.497655712,127.074468747,47.0,2026-09-05T03:00:00+09:00,environment
V02Q1940129_2026-09-05T23:00:00+09:00,37.497655712,127.074468747,46.0,2026-09-05T23:00:00+09:00,environment
V02Q1940129_2026-09-05T22:00:00+09:00,37.497655712,127.074468747,48.0,2026-09-05T22:00:00+09:00,environment
V02Q1940129_2026-09-05T21:00:00+09:00,37.497655712,127.074468747,51.0,2026-09-05T21:00:00+09:00,environment
V02Q1940129_2026-09-05T20:00:00+09:00,37.497655712,127.074468747,50.0,2026-09-05T20:00:00+09:00,environment
V02Q1940129_2026-09-05T19:00:00+09:00,37.497655712,127.074468747,46.0,2026-09-05T19:00:00+09:00,environment
V02Q1940129_2026-09-05T18:00:00+09:00,37.497655712,127.074468747,45.0,2026-09-05T18:00:00+09:00,environment
V02Q1940129_2026-09-05T17:00:00+09:00,37.497655712,127.074468747,46.0,2026-09-05T17:00:00+09:00,environment
V02Q1940129_2026-09-05T02:00:00+09:00,37.497655712,127.074468747,46.0,2026-09-05T02:00:00+09:00,environment
V02Q1940129_2026-09-05T16:00:00+09:00,37.497655712,127.074468747,46.0,2026-09-05T16:00:00+09:00,environment
V02Q1940129_2026-09-05T15:00:00+09:00,37.497655712,127.074468747,48.0,2026-09-05T15:00:00+09:00,environment
V02Q1940129_2026-09-05T14:00:00+09:00,37.497655712,127.074468747,47.0,2026-09-05T14:00:00+09:00,environment
V02Q1940129_2026-09-05T13:00:00+09:00,37.497655712,127.074468747,49.0,2026-09-05T13:00:00+09:00,environment
V02Q1940129_2026-09-05T12:00:00+09:00,37.497655712,127.074468747,49.0,2026-09-05T12:00:00+09:00,environment
V02Q1940129_2026-09-05T11:00:00+09:00,37.497655712,127.074468747,47.0,2026-09-05T11:00:00+09:00,environment
V02Q1940129_2026-09-05T10:00:00+09:00,37.497655712,127.074468747,46.0,2026-09-05T10:00:00+09:00,environment
V02Q1940129_2026-09-05T09:00:00+09:00,37.497655712,127.074468747,46.0,2026-09-05T09:00:00+09:00,environment
V02Q1940129_2026-09-05T08:00:00+09:00,37.497655712,127.074468747,48.0,2026-09-05T08:00:00+09:00,environment
V02Q1940129_2026-09-05T07:00:00+09:00,37.497655712,127.074468747,49.0,2026-09-05T07:00:00+09:00,environment
V02Q1940129_2026-09-05T06:00:00+09:00,37.497655712,127.074468747,49.0,2026-09-05T06:00:00+09:00,environment
V02Q1940742_2026-09-05T00:00:00+09:00,37.501040267,127.109739451,48.0,2026-09-05T00:00:00+09:00,environment
V02Q1940742_2026-09-05T01:00:00+09:00,37.501040267,127.109739451,47.0,2026-09-05T01:00:00+09:00,environment
V02Q1940742_2026-09-05T02:00:00+09:00,37.501040267,127.109739451,45.0,2026-09-05T02:00:00+09:00,environment
V02Q1940742_2026-09-05T03:00:00+09:00,37.501040267,127.109739451,44.0,2026-09-05T03:00:00+09:00,environment
V02Q1940742_2026-09-05T04:00:00+09:00,37.501040267,127.109739451,43.0,2026-09-05T04:00:00+09:00,environment
V02Q1940742_2026-09-05T05:00:00+09:00,37.501040267,127.109739451,45.0,2026-09-05T05:00:00+09:00,environment
V02Q1940742_2026-09-05T06:00:00+09:00,37.501040267,127.109739451,44.0,2026-09-05T06:00:00+09:00,environment
V02Q1940742_2026-09-05T07:00:00+09:00,37.501040267,127.109739451,46.0,2026-09-05T07:00:00+09:00,environment
V02Q1940742_2026-09-05T08:00:00+09:00,37.501040267,127.109739451,46.0,2026-09-05T08:00:00+09:00,environment
V02Q1940742_2026-09-05T09:00:00+09:00,37.501040267,127.109739451,47.0,2026-09-05T09:00:00+09:00,environment
V02Q1940742_2026-09-05T10:00:00+09:00,37.501040267,127.109739451,48.0,2026-09-05T10:00:00+09:00,environment
V02Q1940742_2026-09-05T11:00:00+09:00,37.501040267,127.109739451,49.0,2026-09-05T11:00:00+09:00,environment
V02Q1940742_2026-09-05T12:00:00+09:00,37.501040267,127.109739451,49.0,2026-09-05T12:00:00+09:00,environment
V02Q1940742_2026-09-05T13:00:00+09:00,37.501040267,127.109739451,49.0,2026-09-05T13:00:00+09:00,environment
V02Q1940742_2026-09-05T14:00:00+09:00,37.501040267,127.109739451,49.0,2026-09-05T14:00:00+09:00,environment
V02Q1940742_2026-09-05T15:00:00+09:00,37.501040267,127.109739451,49.0,2026-09-05T15:00:00+09:00,environment
V02Q1940742_2026-09-05T16:00:00+09:00,37.501040267,127.109739451,48.0,2026-09-05T16:00:00+09:00,environment
V02Q1940742_2026-09-05T17:00:00+09:00,37.501040267,127.109739451,49.0,2026-09-05T17:00:00+09:00,environment
V02Q1940742_2026-09-05T18:00:00+09:00,37.501040267,127.109739451,49.0,2026-09-05T18:00:00+09:00,environment
V02Q1940742_2026-09-05T19:00:00+09:00,37.501040267,127.109739451,49.0,2026-09-05T19:00:00+09:00,environment
V02Q1940742_2026-09-05T20:00:00+09:00,37.501040267,127.109739451,49.0,2026-09-05T20:00:00+09:00,environment
V02Q1940742_2026-09-05T21:00:00+09:00,37.501040267,127.109739451,48.0,2026-09-05T21:00:00+09:00,environment
V02Q1940742_2026-09-05T22:00:00+09:00,37.501040267,127.109739451,49.0,2026-09-05T22:00:00+09:00,environment
V02Q1940742_2026-09-05T23:00:00+09:00,37.501040267,127.109739451,48.0,2026-09-05T23:00:00+09:00,environment
OC3CL200017_2026-09-06T01:07:00+09:00,37.52406575,127.1285088,59.0,2026-09-06T01:07:00+09:00,environment
OC3CL200135_2026-09-06T01:07:00+09:00,37.50215692,127.07044791,60.0,2026-09-06T01:07:00+09:00,environment
OC3CL200157_2026-09-06T01:07:00+09:00,37.492381245,127.094589306,65.0,2026-09-06T01:07:00+09:00,environment
OC3CL200207_2026-09-06T01:07:00+09:00,37.494957877,127.124194746,37.0,2026-09-06T01:07:00+09:00,environment
OC3CL210115_2026-09-06T01:07:00+09:00,37.525641,127.129665,56.0,2026-09-06T01:07:00+09:00,environment
V02Q1940079_2026-09-06T01:07:00+09:00,37.494102447,127.082209375,35.0,2026-09-06T01:07:00+09:00,environment
V02Q1940082_2026-09-06T01:07:00+09:00,37.495507594,127.085748474,48.0,2026-09-06T01:07:00+09:00,environment
V02Q1940098_2026-09-06T01:07:00+09:00,37.48670146,127.1000197,52.0,2026-09-06T01:07:00+09:00,environment
V02Q1940100_2026-09-06T01:07:00+09:00,37.494978959,127.093144214,59.0,2026-09-06T01:07:00+09:00,environment
V02Q1940246_2026-09-06T01:07:00+09:00,37.49920086,127.072395308,44.0,2026-09-06T01:07:00+09:00,environment
V02Q1940391_2026-09-06T01:07:00+09:00,37.528616803,127.085121222,42.0,2026-09-06T01:07:00+09:00,environment
V02Q1940392_2026-09-06T01:07:00+09:00,37.538286643,127.09239683,45.0,2026-09-06T01:07:00+09:00,environment
V02Q1940403_2026-09-06T01:07:00+09:00,37.534309074,127.081985567,44.0,2026-09-06T01:07:00+09:00,environment
V02Q1940411_2026-09-06T01:07:00+09:00,37.533878243,127.091521,37.0,2026-09-06T01:07:00+09:00,environment
V02Q1940506_2026-09-06T01:07:00+09:00,37.535029673,127.093240689,45.0,2026-09-06T01:07:00+09:00,environment
V02Q1940507_2026-09-06T01:07:00+09:00,37.531277474,127.123271252,37.0,2026-09-06T01:07:00+09:00,environment
V02Q1940679_2026-09-06T01:07:00+09:00,37.495212727,127.121438826,46.0,2026-09-06T01:07:00+09:00,environment
V02Q1940706_2026-09-06T01:07:00+09:00,37.502049127,127.117110751,43.0,2026-09-06T01:07:00+09:00,environment
V02Q1940708_2026-09-06T01:07:00+09:00,37.514300619,127.091447797,47.0,2026-09-06T01:07:00+09:00,environment
V02Q1940713_2026-09-06T01:07:00+09:00,37.516185359,127.114540561,42.0,2026-09-06T01:07:00+09:00,environment
V02Q1940714_2026-09-06T01:07:00+09:00,37.513385412,127.10686824,50.0,2026-09-06T01:07:00+09:00,environment
V02Q1940734_2026-09-06T01:07:00+09:00,37.518407904,127.100366298,36.0,2026-09-06T01:07:00+09:00,environment
V02Q1940736_2026-09-06T01:07:00+09:00,37.504194933,127.128187719,41.0,2026-09-06T01:07:00+09:00,environment
V02Q1940767_2026-09-06T01:07:00+09:00,37.502603852,127.092310875,44.0,2026-09-06T01:07:00+09:00,environment
V02Q1940772_2026-09-06T01:07:00+09:00,37.503635193,127.103503284,48.0,2026-09-06T01:07:00+09:00,environment
V02Q1940775_2026-09-06T01:07:00+09:00,37.505801455,127.109663753,46.0,2026-09-06T01:07:00+09:00,environment
V02Q1940781_2026-09-06T01:07:00+09:00,37.506173683,127.084756221,36.0,2026-09-06T01:07:00+09:00,environment
V02Q1940784_2026-09-06T01:07:00+09:00,37.498247757,127.126296648,39.0,2026-09-06T01:07:00+09:00,environment
V02Q1940787_2026-09-06T01:07:00+09:00,37.512955044,127.094661921,35.0,2026-09-06T01:07:00+09:00,environment
V02Q1940788_2026-09-06T01:07:00+09:00,37.509617855,127.0741524,47.0,2026-09-06T01:07:00+09:00,environment
V02Q1940790_2026-09-06T01:07:00+09:00,37.514278277,127.112258966,38.0,2026-09-06T01:07:00+09:00,environment
V02Q1940800_2026-09-06T01:07:00+09:00,37.519952859,127.1123122,43.0,2026-09-06T01:07:00+09:00,environment
V02Q1940811_2026-09-06T01:07:00+09:00,37.52727312,127.116249051,50.0,2026-09-06T01:07:00+09:00,environment
V02Q1940819_2026-09-06T01:07:00+09:00,37.507344263,127.104688643,40.0,2026-09-06T01:07:00+09:00,environment
V02Q1940820_2026-09-06T01:07:00+09:00,37.511104225,127.102321793,51.0,2026-09-06T01:07:00+09:00,environment
V02Q1940821_2026-09-06T01:07:00+09:00,37.502832774,127.108694904,47.0,2026-09-06T01:07:00+09:00,environment
V02Q1940832_2026-09-06T01:07:00+09:00,37.511768309,127.124209484,40.0,2026-09-06T01:07:00+09:00,environment
V02Q1940838_2026-09-06T01:07:00+09:00,37.51767925,127.08881891,43.0,2026-09-06T01:07:00+09:00,environment
V02Q1940847_2026-09-06T01:07:00+09:00,37.489683491,127.111908205,35.0,2026-09-06T01:07:00+09:00,environment
V02Q1940873_2026-09-06T01:07:00+09:00,37.53247211,127.114301129,44.0,2026-09-06T01:07:00+09:00,environment
V02Q1940941_2026-09-06T01:07:00+09:00,37.509088133,127.084056858,40.0,2026-09-06T01:07:00+09:00,environment
V02Q1940391_2026-09-06T02:07:00+09:00,37.528616803,127.085121222,44.0,2026-09-06T02:07:00+09:00,environment
V02Q1940392_2026-09-06T02:07:00+09:00,37.538286643,127.09239683,46.0,2026-09-06T02:07:00+09:00,environment
V02Q1940403_2026-09-06T02:07:00+09:00,37.534309074,127.081985567,44.0,2026-09-06T02:07:00+09:00,environment
V02Q1940411_2026-09-06T02:07:00+09:00,37.533878243,127.091521,37.0,2026-09-06T02:07:00+09:00,environment
V02Q1940506_2026-09-06T02:07:00+09:00,37.535029673,127.093240689,44.0,2026-09-06T02:07:00+09:00,environment
V02Q1940679_2026-09-06T02:07:00+09:00,37.495212727,127.121438826,46.0,2026-09-06T02:07:00+09:00,environment
V02Q1940734_2026-09-06T02:07:00+09:00,37.518407904,127.100366298,37.0,2026-09-06T02:07:00+09:00,environment
V02Q1940767_2026-09-06T02:07:00+09:00,37.502603852,127.092310875,44.0,2026-09-06T02:07:00+09:00,environment
V02Q1940784_2026-09-06T02:07:00+09:00,37.498247757,127.126296648,42.0,2026-09-06T02:07:00+09:00,environment
V02Q1940790_2026-09-06T02:07:00+09:00,37.514278277,127.112258966,37.0,2026-09-06T02:07:00+09:00,environment
V02Q1940706_2026-09-06T02:07:00+09:00,37.502049127,127.117110751,42.0,2026-09-06T02:07:00+09:00,environment
V02Q1940708_2026-09-06T02:07:00+09:00,37.514300619,127.091447797,47.0,2026-09-06T02:07:00+09:00,environment
V02Q1940713_2026-09-06T02:07:00+09:00,37.516185359,127.114540561,41.0,2026-09-06T02:07:00+09:00,environment
V02Q1940714_2026-09-06T02:07:00+09:00,37.513385412,127.10686824,49.0,2026-09-06T02:07:00+09:00,environment
V02Q1940736_2026-09-06T02:07:00+09:00,37.504194933,127.128187719,41.0,2026-09-06T02:07:00+09:00,environment
V02Q1940772_2026-09-06T02:07:00+09:00,37.503635193,127.103503284,46.0,2026-09-06T02:07:00+09:00,environment
V02Q1940775_2026-09-06T02:07:00+09:00,37.505801455,127.109663753,45.0,2026-09-06T02:07:00+09:00,environment
V02Q1940781_2026-09-06T02:07:00+09:00,37.506173683,127.084756221,36.0,2026-09-06T02:07:00+09:00,environment
V02Q1940787_2026-09-06T02:07:00+09:00,37.512955044,127.094661921,36.0,2026-09-06T02:07:00+09:00,environment
V02Q1940788_2026-09-06T02:07:00+09:00,37.509617855,127.0741524,48.0,2026-09-06T02:07:00+09:00,environment
V02Q1940800_2026-09-06T02:07:00+09:00,37.519952859,127.1123122,42.0,2026-09-06T02:07:00+09:00,environment
V02Q1940811_2026-09-06T02:07:00+09:00,37.52727312,127.116249051,50.0,2026-09-06T02:07:00+09:00,environment
V02Q1940832_2026-09-06T02:07:00+09:00,37.511768309,127.124209484,40.0,2026-09-06T02:07:00+09:00,environment
V02Q1940847_2026-09-06T02:07:00+09:00,37.489683491,127.111908205,35.0,2026-09-06T02:07:00+09:00,environment
V02Q1940873_2026-09-06T02:07:00+09:00,37.53247211,127.114301129,47.0,2026-09-06T02:07:00+09:00,environment
V02Q1940941_2026-09-06T02:07:00+09:00,37.509088133,127.084056858,39.0,2026-09-06T02:07:00+09:00,environment
V02Q1940507_2026-09-06T02:07:00+09:00,37.531277474,127.123271252,37.0,2026-09-06T02:07:00+09:00,environment
V02Q1940819_2026-09-06T02:07:00+09:00,37.507344263,127.104688643,39.0,2026-09-06T02:07:00+09:00,environment
V02Q1940820_2026-09-06T02:07:00+09:00,37.511104225,127.102321793,50.0,2026-09-06T02:07:00+09:00,environment
V02Q1940821_2026-09-06T02:07:00+09:00,37.502832774,127.108694904,45.0,2026-09-06T02:07:00+09:00,environment
V02Q1940838_2026-09-06T02:07:00+09:00,37.51767925,127.08881891,43.0,2026-09-06T02:07:00+09:00,environment
V02Q1940887_2026-09-06T02:07:00+09:00,37.502749128,127.09252424,51.0,2026-09-06T02:07:00+09:00,environment
V02Q1940079_2026-09-06T02:07:00+09:00,37.494102447,127.082209375,35.0,2026-09-06T02:07:00+09:00,environment
V02Q1940246_2026-09-06T02:07:00+09:00,37.49920086,127.072395308,44.0,2026-09-06T02:07:00+09:00,environment
V02Q1940082_2026-09-06T02:07:00+09:00,37.495507594,127.085748474,46.0,2026-09-06T02:07:00+09:00,environment
V02Q1940098_2026-09-06T02:07:00+09:00,37.48670146,127.1000197,51.0,2026-09-06T02:07:00+09:00,environment
V02Q1940100_2026-09-06T02:07:00+09:00,37.494978959,127.093144214,57.0,2026-09-06T02:07:00+09:00,environment
OC3CL200135_2026-09-06T02:07:00+09:00,37.50215692,127.07044791,59.0,2026-09-06T02:07:00+09:00,environment
OC3CL200157_2026-09-06T02:07:00+09:00,37.492381245,127.094589306,63.0,2026-09-06T02:07:00+09:00,environment
OC3CL200017_2026-09-06T02:07:00+09:00,37.52406575,127.1285088,58.0,2026-09-06T02:07:00+09:00,environment
OC3CL210115_2026-09-06T02:07:00+09:00,37.525641,127.129665,53.0,2026-09-06T02:07:00+09:00,environment
V02Q1940391_2026-09-06T03:07:00+09:00,37.528616803,127.085121222,44.0,2026-09-06T03:07:00+09:00,environment
V02Q1940392_2026-09-06T03:07:00+09:00,37.538286643,127.09239683,46.0,2026-09-06T03:07:00+09:00,environment
V02Q1940403_2026-09-06T03:07:00+09:00,37.534309074,127.081985567,42.0,2026-09-06T03:07:00+09:00,environment
V02Q1940411_2026-09-06T03:07:00+09:00,37.533878243,127.091521,36.0,2026-09-06T03:07:00+09:00,environment
V02Q1940506_2026-09-06T03:07:00+09:00,37.535029673,127.093240689,43.0,2026-09-06T03:07:00+09:00,environment
V02Q1940679_2026-09-06T03:07:00+09:00,37.495212727,127.121438826,45.0,2026-09-06T03:07:00+09:00,environment
V02Q1940734_2026-09-06T03:07:00+09:00,37.518407904,127.100366298,38.0,2026-09-06T03:07:00+09:00,environment
V02Q1940784_2026-09-06T03:07:00+09:00,37.498247757,127.126296648,46.0,2026-09-06T03:07:00+09:00,environment
V02Q1940706_2026-09-06T03:07:00+09:00,37.502049127,127.117110751,42.0,2026-09-06T03:07:00+09:00,environment
V02Q1940708_2026-09-06T03:07:00+09:00,37.514300619,127.091447797,47.0,2026-09-06T03:07:00+09:00,environment
V02Q1940714_2026-09-06T03:07:00+09:00,37.513385412,127.10686824,48.0,2026-09-06T03:07:00+09:00,environment
V02Q1940736_2026-09-06T03:07:00+09:00,37.504194933,127.128187719,44.0,2026-09-06T03:07:00+09:00,environment
V02Q1940767_2026-09-06T03:07:00+09:00,37.502603852,127.092310875,46.0,2026-09-06T03:07:00+09:00,environment
V02Q1940772_2026-09-06T03:07:00+09:00,37.503635193,127.103503284,45.0,2026-09-06T03:07:00+09:00,environment
V02Q1940775_2026-09-06T03:07:00+09:00,37.505801455,127.109663753,45.0,2026-09-06T03:07:00+09:00,environment
V02Q1940781_2026-09-06T03:07:00+09:00,37.506173683,127.084756221,37.0,2026-09-06T03:07:00+09:00,environment
V02Q1940787_2026-09-06T03:07:00+09:00,37.512955044,127.094661921,38.0,2026-09-06T03:07:00+09:00,environment
V02Q1940788_2026-09-06T03:07:00+09:00,37.509617855,127.0741524,50.0,2026-09-06T03:07:00+09:00,environment
V02Q1940790_2026-09-06T03:07:00+09:00,37.514278277,127.112258966,39.0,2026-09-06T03:07:00+09:00,environment
V02Q1940800_2026-09-06T03:07:00+09:00,37.519952859,127.1123122,43.0,2026-09-06T03:07:00+09:00,environment
V02Q1940832_2026-09-06T03:07:00+09:00,37.511768309,127.124209484,41.0,2026-09-06T03:07:00+09:00,environment
V02Q1940847_2026-09-06T03:07:00+09:00,37.489683491,127.111908205,35.0,2026-09-06T03:07:00+09:00,environment
V02Q1940873_2026-09-06T03:07:00+09:00,37.53247211,127.114301129,50.0,2026-09-06T03:07:00+09:00,environment
V02Q1940507_2026-09-06T03:07:00+09:00,37.531277474,127.123271252,37.0,2026-09-06T03:07:00+09:00,environment
V02Q1940713_2026-09-06T03:07:00+09:00,37.516185359,127.114540561,41.0,2026-09-06T03:07:00+09:00,environment
V02Q1940811_2026-09-06T03:07:00+09:00,37.52727312,127.116249051,50.0,2026-09-06T03:07:00+09:00,environment
V02Q1940819_2026-09-06T03:07:00+09:00,37.507344263,127.104688643,38.0,2026-09-06T03:07:00+09:00,environment
V02Q1940820_2026-09-06T03:07:00+09:00,37.511104225,127.102321793,49.0,2026-09-06T03:07:00+09:00,environment
V02Q1940821_2026-09-06T03:07:00+09:00,37.502832774,127.108694904,43.0,2026-09-06T03:07:00+09:00,environment
V02Q1940838_2026-09-06T03:07:00+09:00,37.51767925,127.08881891,43.0,2026-09-06T03:07:00+09:00,environment
V02Q1940887_2026-09-06T03:07:00+09:00,37.502749128,127.09252424,52.0,2026-09-06T03:07:00+09:00,environment
V02Q1940941_2026-09-06T03:07:00+09:00,37.509088133,127.084056858,39.0,2026-09-06T03:07:00+09:00,environment
V02Q1940079_2026-09-06T03:07:00+09:00,37.494102447,127.082209375,35.0,2026-09-06T03:07:00+09:00,environment
V02Q1940246_2026-09-06T03:07:00+09:00,37.49920086,127.072395308,44.0,2026-09-06T03:07:00+09:00,environment
V02Q1940082_2026-09-06T03:07:00+09:00,37.495507594,127.085748474,47.0,2026-09-06T03:07:00+09:00,environment
V02Q1940098_2026-09-06T03:07:00+09:00,37.48670146,127.1000197,49.0,2026-09-06T03:07:00+09:00,environment
V02Q1940100_2026-09-06T03:07:00+09:00,37.494978959,127.093144214,55.0,2026-09-06T03:07:00+09:00,environment
OC3CL200135_2026-09-06T03:07:00+09:00,37.50215692,127.07044791,58.0,2026-09-06T03:07:00+09:00,environment
OC3CL200157_2026-09-06T03:07:00+09:00,37.492381245,127.094589306,62.0,2026-09-06T03:07:00+09:00,environment
OC3CL200207_2026-09-06T03:07:00+09:00,37.494957877,127.124194746,35.0,2026-09-06T03:07:00+09:00,environment
OC3CL200017_2026-09-06T03:07:00+09:00,37.52406575,127.1285088,56.0,2026-09-06T03:07:00+09:00,environment
OC3CL210115_2026-09-06T03:07:00+09:00,37.525641,127.129665,53.0,2026-09-06T03:07:00+09:00,environment
OC3CL200017_2026-09-06T04:07:00+09:00,37.52406575,127.1285088,55.0,2026-09-06T04:07:00+09:00,environment
OC3CL200135_2026-09-06T04:07:00+09:00,37.50215692,127.07044791,58.0,2026-09-06T04:07:00+09:00,environment
OC3CL200141_2026-09-06T04:07:00+09:00,37.48877157,127.1067039,55.0,2026-09-06T04:07:00+09:00,environment
OC3CL200157_2026-09-06T04:07:00+09:00,37.492381245,127.094589306,60.0,2026-09-06T04:07:00+09:00,environment
OC3CL200207_2026-09-06T04:07:00+09:00,37.494957877,127.124194746,35.0,2026-09-06T04:07:00+09:00,environment
OC3CL210115_2026-09-06T04:07:00+09:00,37.525641,127.129665,52.0,2026-09-06T04:07:00+09:00,environment
V02Q1940079_2026-09-06T04:07:00+09:00,37.494102447,127.082209375,35.0,2026-09-06T04:07:00+09:00,environment
V02Q1940082_2026-09-06T04:07:00+09:00,37.495507594,127.085748474,46.0,2026-09-06T04:07:00+09:00,environment
V02Q1940098_2026-09-06T04:07:00+09:00,37.48670146,127.1000197,49.0,2026-09-06T04:07:00+09:00,environment
V02Q1940100_2026-09-06T04:07:00+09:00,37.494978959,127.093144214,54.0,2026-09-06T04:07:00+09:00,environment
V02Q1940246_2026-09-06T04:07:00+09:00,37.49920086,127.072395308,44.0,2026-09-06T04:07:00+09:00,environment
V02Q1940391_2026-09-06T04:07:00+09:00,37.528616803,127.085121222,44.0,2026-09-06T04:07:00+09:00,environment
V02Q1940392_2026-09-06T04:07:00+09:00,37.538286643,127.09239683,47.0,2026-09-06T04:07:00+09:00,environment
V02Q1940403_2026-09-06T04:07:00+09:00,37.534309074,127.081985567,45.0,2026-09-06T04:07:00+09:00,environment
V02Q1940411_2026-09-06T04:07:00+09:00,37.533878243,127.091521,37.0,2026-09-06T04:07:00+09:00,environment
V02Q1940506_2026-09-06T04:07:00+09:00,37.535029673,127.093240689,43.0,2026-09-06T04:07:00+09:00,environment
V02Q1940507_2026-09-06T04:07:00+09:00,37.531277474,127.123271252,40.0,2026-09-06T04:07:00+09:00,environment
V02Q1940679_2026-09-06T04:07:00+09:00,37.495212727,127.121438826,44.0,2026-09-06T04:07:00+09:00,environment
V02Q1940706_2026-09-06T04:07:00+09:00,37.502049127,127.117110751,44.0,2026-09-06T04:07:00+09:00,environment
V02Q1940708_2026-09-06T04:07:00+09:00,37.514300619,127.091447797,47.0,2026-09-06T04:07:00+09:00,environment
V02Q1940713_2026-09-06T04:07:00+09:00,37.516185359,127.114540561,40.0,2026-09-06T04:07:00+09:00,environment
V02Q1940714_2026-09-06T04:07:00+09:00,37.513385412,127.10686824,47.0,2026-09-06T04:07:00+09:00,environment
V02Q1940734_2026-09-06T04:07:00+09:00,37.518407904,127.100366298,39.0,2026-09-06T04:07:00+09:00,environment
V02Q1940736_2026-09-06T04:07:00+09:00,37.504194933,127.128187719,43.0,2026-09-06T04:07:00+09:00,environment
V02Q1940767_2026-09-06T04:07:00+09:00,37.502603852,127.092310875,48.0,2026-09-06T04:07:00+09:00,environment
V02Q1940772_2026-09-06T04:07:00+09:00,37.503635193,127.103503284,44.0,2026-09-06T04:07:00+09:00,environment
V02Q1940775_2026-09-06T04:07:00+09:00,37.505801455,127.109663753,43.0,2026-09-06T04:07:00+09:00,environment
V02Q1940781_2026-09-06T04:07:00+09:00,37.506173683,127.084756221,38.0,2026-09-06T04:07:00+09:00,environment
V02Q1940784_2026-09-06T04:07:00+09:00,37.498247757,127.126296648,49.0,2026-09-06T04:07:00+09:00,environment
V02Q1940787_2026-09-06T04:07:00+09:00,37.512955044,127.094661921,40.0,2026-09-06T04:07:00+09:00,environment
V02Q1940788_2026-09-06T04:07:00+09:00,37.509617855,127.0741524,49.0,2026-09-06T04:07:00+09:00,environment
V02Q1940790_2026-09-06T04:07:00+09:00,37.514278277,127.112258966,39.0,2026-09-06T04:07:00+09:00,environment
V02Q1940800_2026-09-06T04:07:00+09:00,37.519952859,127.1123122,43.0,2026-09-06T04:07:00+09:00,environment
V02Q1940811_2026-09-06T04:07:00+09:00,37.52727312,127.116249051,50.0,2026-09-06T04:07:00+09:00,environment
V02Q1940819_2026-09-06T04:07:00+09:00,37.507344263,127.104688643,39.0,2026-09-06T04:07:00+09:00,environment
V02Q1940820_2026-09-06T04:07:00+09:00,37.511104225,127.102321793,48.0,2026-09-06T04:07:00+09:00,environment
V02Q1940821_2026-09-06T04:07:00+09:00,37.502832774,127.108694904,42.0,2026-09-06T04:07:00+09:00,environment
V02Q1940832_2026-09-06T04:07:00+09:00,37.511768309,127.124209484,41.0,2026-09-06T04:07:00+09:00,environment
V02Q1940838_2026-09-06T04:07:00+09:00,37.51767925,127.08881891,43.0,2026-09-06T04:07:00+09:00,environment
V02Q1940847_2026-09-06T04:07:00+09:00,37.489683491,127.111908205,35.0,2026-09-06T04:07:00+09:00,environment
V02Q1940873_2026-09-06T04:07:00+09:00,37.53247211,127.114301129,54.0,2026-09-06T04:07:00+09:00,environment
V02Q1940887_2026-09-06T04:07:00+09:00,37.502749128,127.09252424,52.0,2026-09-06T04:07:00+09:00,environment
V02Q1940941_2026-09-06T04:07:00+09:00,37.509088133,127.084056858,40.0,2026-09-06T04:07:00+09:00,environment
OC3CL200017_2026-09-06T05:07:00+09:00,37.52406575,127.1285088,55.0,2026-09-06T05:07:00+09:00,environment
OC3CL200135_2026-09-06T05:07:00+09:00,37.50215692,127.07044791,58.0,2026-09-06T05:07:00+09:00,environment
OC3CL200141_2026-09-06T05:07:00+09:00,37.48877157,127.1067039,55.0,2026-09-06T05:07:00+09:00,environment
OC3CL200157_2026-09-06T05:07:00+09:00,37.492381245,127.094589306,61.0,2026-09-06T05:07:00+09:00,environment
OC3CL200207_2026-09-06T05:07:00+09:00,37.494957877,127.124194746,35.0,2026-09-06T05:07:00+09:00,environment
OC3CL210115_2026-09-06T05:07:00+09:00,37.525641,127.129665,52.0,2026-09-06T05:07:00+09:00,environment
V02Q1940079_2026-09-06T05:07:00+09:00,37.494102447,127.082209375,35.0,2026-09-06T05:07:00+09:00,environment
V02Q1940082_2026-09-06T05:07:00+09:00,37.495507594,127.085748474,46.0,2026-09-06T05:07:00+09:00,environment
V02Q1940098_2026-09-06T05:07:00+09:00,37.48670146,127.1000197,50.0,2026-09-06T05:07:00+09:00,environment
V02Q1940100_2026-09-06T05:07:00+09:00,37.494978959,127.093144214,55.0,2026-09-06T05:07:00+09:00,environment
V02Q1940246_2026-09-06T05:07:00+09:00,37.49920086,127.072395308,46.0,2026-09-06T05:07:00+09:00,environment
V02Q1940391_2026-09-06T05:07:00+09:00,37.528616803,127.085121222,44.0,2026-09-06T05:07:00+09:00,environment
V02Q1940392_2026-09-06T05:07:00+09:00,37.538286643,127.09239683,49.0,2026-09-06T05:07:00+09:00,environment
V02Q1940403_2026-09-06T05:07:00+09:00,37.534309074,127.081985567,44.0,2026-09-06T05:07:00+09:00,environment
V02Q1940411_2026-09-06T05:07:00+09:00,37.533878243,127.091521,36.0,2026-09-06T05:07:00+09:00,environment
V02Q1940506_2026-09-06T05:07:00+09:00,37.535029673,127.093240689,44.0,2026-09-06T05:07:00+09:00,environment
V02Q1940507_2026-09-06T05:07:00+09:00,37.531277474,127.123271252,41.0,2026-09-06T05:07:00+09:00,environment
V02Q1940679_2026-09-06T05:07:00+09:00,37.495212727,127.121438826,44.0,2026-09-06T05:07:00+09:00,environment
V02Q1940706_2026-09-06T05:07:00+09:00,37.502049127,127.117110751,44.0,2026-09-06T05:07:00+09:00,environment
V02Q1940708_2026-09-06T05:07:00+09:00,37.514300619,127.091447797,47.0,2026-09-06T05:07:00+09:00,environment
V02Q1940714_2026-09-06T05:07:00+09:00,37.513385412,127.10686824,47.0,2026-09-06T05:07:00+09:00,environment
V02Q1940713_2026-09-06T05:07:00+09:00,37.516185359,127.114540561,41.0,2026-09-06T05:07:00+09:00,environment
V02Q1940734_2026-09-06T05:07:00+09:00,37.518407904,127.100366298,40.0,2026-09-06T05:07:00+09:00,environment
V02Q1940736_2026-09-06T05:07:00+09:00,37.504194933,127.128187719,44.0,2026-09-06T05:07:00+09:00,environment
V02Q1940767_2026-09-06T05:07:00+09:00,37.502603852,127.092310875,48.0,2026-09-06T05:07:00+09:00,environment
V02Q1940772_2026-09-06T05:07:00+09:00,37.503635193,127.103503284,44.0,2026-09-06T05:07:00+09:00,environment
V02Q1940775_2026-09-06T05:07:00+09:00,37.505801455,127.109663753,42.0,2026-09-06T05:07:00+09:00,environment
V02Q1940781_2026-09-06T05:07:00+09:00,37.506173683,127.084756221,40.0,2026-09-06T05:07:00+09:00,environment
V02Q1940784_2026-09-06T05:07:00+09:00,37.498247757,127.126296648,52.0,2026-09-06T05:07:00+09:00,environment
V02Q1940787_2026-09-06T05:07:00+09:00,37.512955044,127.094661921,40.0,2026-09-06T05:07:00+09:00,environment
V02Q1940788_2026-09-06T05:07:00+09:00,37.509617855,127.0741524,47.0,2026-09-06T05:07:00+09:00,environment
V02Q1940790_2026-09-06T05:07:00+09:00,37.514278277,127.112258966,40.0,2026-09-06T05:07:00+09:00,environment
V02Q1940800_2026-09-06T05:07:00+09:00,37.519952859,127.1123122,43.0,2026-09-06T05:07:00+09:00,environment
V02Q1940811_2026-09-06T05:07:00+09:00,37.52727312,127.116249051,50.0,2026-09-06T05:07:00+09:00,environment
V02Q1940819_2026-09-06T05:07:00+09:00,37.507344263,127.104688643,39.0,2026-09-06T05:07:00+09:00,environment
V02Q1940820_2026-09-06T05:07:00+09:00,37.511104225,127.102321793,49.0,2026-09-06T05:07:00+09:00,environment
V02Q1940821_2026-09-06T05:07:00+09:00,37.502832774,127.108694904,42.0,2026-09-06T05:07:00+09:00,environment
V02Q1940832_2026-09-06T05:07:00+09:00,37.511768309,127.124209484,42.0,2026-09-06T05:07:00+09:00,environment
V02Q1940838_2026-09-06T05:07:00+09:00,37.51767925,127.08881891,43.0,2026-09-06T05:07:00+09:00,environment
V02Q1940847_2026-09-06T05:07:00+09:00,37.489683491,127.111908205,35.0,2026-09-06T05:07:00+09:00,environment
V02Q1940873_2026-09-06T05:07:00+09:00,37.53247211,127.114301129,56.0,2026-09-06T05:07:00+09:00,environment
V02Q1940887_2026-09-06T05:07:00+09:00,37.502749128,127.09252424,51.0,2026-09-06T05:07:00+09:00,environment
V02Q1940941_2026-09-06T05:07:00+09:00,37.509088133,127.084056858,40.0,2026-09-06T05:07:00+09:00,environment
OC3CL200017_2026-09-06T06:07:00+09:00,37.52406575,127.1285088,58.0,2026-09-06T06:07:00+09:00,environment
OC3CL200135_2026-09-06T06:07:00+09:00,37.50215692,127.07044791,60.0,2026-09-06T06:07:00+09:00,environment
OC3CL200141_2026-09-06T06:07:00+09:00,37.48877157,127.1067039,58.0,2026-09-06T06:07:00+09:00,environment
OC3CL200157_2026-09-06T06:07:00+09:00,37.492381245,127.094589306,64.0,2026-09-06T06:07:00+09:00,environment
OC3CL200207_2026-09-06T06:07:00+09:00,37.494957877,127.124194746,35.0,2026-09-06T06:07:00+09:00,environment
OC3CL210115_2026-09-06T06:07:00+09:00,37.525641,127.129665,54.0,2026-09-06T06:07:00+09:00,environment
V02Q1940079_2026-09-06T06:07:00+09:00,37.494102447,127.082209375,35.0,2026-09-06T06:07:00+09:00,environment
V02Q1940082_2026-09-06T06:07:00+09:00,37.495507594,127.085748474,48.0,2026-09-06T06:07:00+09:00,environment
V02Q1940098_2026-09-06T06:07:00+09:00,37.48670146,127.1000197,51.0,2026-09-06T06:07:00+09:00,environment
V02Q1940100_2026-09-06T06:07:00+09:00,37.494978959,127.093144214,56.0,2026-09-06T06:07:00+09:00,environment
V02Q1940246_2026-09-06T06:07:00+09:00,37.49920086,127.072395308,48.0,2026-09-06T06:07:00+09:00,environment
V02Q1940391_2026-09-06T06:07:00+09:00,37.528616803,127.085121222,44.0,2026-09-06T06:07:00+09:00,environment
V02Q1940392_2026-09-06T06:07:00+09:00,37.538286643,127.09239683,51.0,2026-09-06T06:07:00+09:00,environment
V02Q1940403_2026-09-06T06:07:00+09:00,37.534309074,127.081985567,42.0,2026-09-06T06:07:00+09:00,environment
V02Q1940411_2026-09-06T06:07:00+09:00,37.533878243,127.091521,36.0,2026-09-06T06:07:00+09:00,environment
V02Q1940506_2026-09-06T06:07:00+09:00,37.535029673,127.093240689,46.0,2026-09-06T06:07:00+09:00,environment
V02Q1940507_2026-09-06T06:07:00+09:00,37.531277474,127.123271252,43.0,2026-09-06T06:07:00+09:00,environment
V02Q1940679_2026-09-06T06:07:00+09:00,37.495212727,127.121438826,46.0,2026-09-06T06:07:00+09:00,environment
V02Q1940706_2026-09-06T06:07:00+09:00,37.502049127,127.117110751,47.0,2026-09-06T06:07:00+09:00,environment
V02Q1940708_2026-09-06T06:07:00+09:00,37.514300619,127.091447797,48.0,2026-09-06T06:07:00+09:00,environment
V02Q1940713_2026-09-06T06:07:00+09:00,37.516185359,127.114540561,41.0,2026-09-06T06:07:00+09:00,environment
V02Q1940714_2026-09-06T06:07:00+09:00,37.513385412,127.10686824,48.0,2026-09-06T06:07:00+09:00,environment
V02Q1940734_2026-09-06T06:07:00+09:00,37.518407904,127.100366298,40.0,2026-09-06T06:07:00+09:00,environment
V02Q1940736_2026-09-06T06:07:00+09:00,37.504194933,127.128187719,44.0,2026-09-06T06:07:00+09:00,environment
V02Q1940767_2026-09-06T06:07:00+09:00,37.502603852,127.092310875,48.0,2026-09-06T06:07:00+09:00,environment
V02Q1940772_2026-09-06T06:07:00+09:00,37.503635193,127.103503284,45.0,2026-09-06T06:07:00+09:00,environment
V02Q1940775_2026-09-06T06:07:00+09:00,37.505801455,127.109663753,43.0,2026-09-06T06:07:00+09:00,environment
V02Q1940781_2026-09-06T06:07:00+09:00,37.506173683,127.084756221,42.0,2026-09-06T06:07:00+09:00,environment
V02Q1940784_2026-09-06T06:07:00+09:00,37.498247757,127.126296648,50.0,2026-09-06T06:07:00+09:00,environment
V02Q1940787_2026-09-06T06:07:00+09:00,37.512955044,127.094661921,41.0,2026-09-06T06:07:00+09:00,environment
V02Q1940788_2026-09-06T06:07:00+09:00,37.509617855,127.0741524,48.0,2026-09-06T06:07:00+09:00,environment
V02Q1940790_2026-09-06T06:07:00+09:00,37.514278277,127.112258966,41.0,2026-09-06T06:07:00+09:00,environment
V02Q1940800_2026-09-06T06:07:00+09:00,37.519952859,127.1123122,43.0,2026-09-06T06:07:00+09:00,environment
V02Q1940811_2026-09-06T06:07:00+09:00,37.52727312,127.116249051,50.0,2026-09-06T06:07:00+09:00,environment
V02Q1940819_2026-09-06T06:07:00+09:00,37.507344263,127.104688643,39.0,2026-09-06T06:07:00+09:00,environment
V02Q1940820_2026-09-06T06:07:00+09:00,37.511104225,127.102321793,51.0,2026-09-06T06:07:00+09:00,environment
V02Q1940821_2026-09-06T06:07:00+09:00,37.502832774,127.108694904,43.0,2026-09-06T06:07:00+09:00,environment
V02Q1940832_2026-09-06T06:07:00+09:00,37.511768309,127.124209484,41.0,2026-09-06T06:07:00+09:00,environment
V02Q1940838_2026-09-06T06:07:00+09:00,37.51767925,127.08881891,43.0,2026-09-06T06:07:00+09:00,environment
V02Q1940847_2026-09-06T06:07:00+09:00,37.489683491,127.111908205,35.0,2026-09-06T06:07:00+09:00,environment
V02Q1940873_2026-09-06T06:07:00+09:00,37.53247211,127.114301129,55.0,2026-09-06T06:07:00+09:00,environment
V02Q1940887_2026-09-06T06:07:00+09:00,37.502749128,127.09252424,52.0,2026-09-06T06:07:00+09:00,environment
V02Q1940941_2026-09-06T06:07:00+09:00,37.509088133,127.084056858,40.0,2026-09-06T06:07:00+09:00,environment
V02Q1940391_2026-09-06T07:07:00+09:00,37.528616803,127.085121222,43.0,2026-09-06T07:07:00+09:00,environment
V02Q1940392_2026-09-06T07:07:00+09:00,37.538286643,127.09239683,48.0,2026-09-06T07:07:00+09:00,environment
V02Q1940403_2026-09-06T07:07:00+09:00,37.534309074,127.081985567,43.0,2026-09-06T07:07:00+09:00,environment
V02Q1940411_2026-09-06T07:07:00+09:00,37.533878243,127.091521,36.0,2026-09-06T07:07:00+09:00,environment
V02Q1940506_2026-09-06T07:07:00+09:00,37.535029673,127.093240689,49.0,2026-09-06T07:07:00+09:00,environment
V02Q1940679_2026-09-06T07:07:00+09:00,37.495212727,127.121438826,45.0,2026-09-06T07:07:00+09:00,environment
V02Q1940734_2026-09-06T07:07:00+09:00,37.518407904,127.100366298,40.0,2026-09-06T07:07:00+09:00,environment
V02Q1940784_2026-09-06T07:07:00+09:00,37.498247757,127.126296648,49.0,2026-09-06T07:07:00+09:00,environment
V02Q1940706_2026-09-06T07:07:00+09:00,37.502049127,127.117110751,45.0,2026-09-06T07:07:00+09:00,environment
V02Q1940708_2026-09-06T07:07:00+09:00,37.514300619,127.091447797,47.0,2026-09-06T07:07:00+09:00,environment
V02Q1940713_2026-09-06T07:07:00+09:00,37.516185359,127.114540561,42.0,2026-09-06T07:07:00+09:00,environment
V02Q1940714_2026-09-06T07:07:00+09:00,37.513385412,127.10686824,48.0,2026-09-06T07:07:00+09:00,environment
V02Q1940736_2026-09-06T07:07:00+09:00,37.504194933,127.128187719,44.0,2026-09-06T07:07:00+09:00,environment
V02Q1940767_2026-09-06T07:07:00+09:00,37.502603852,127.092310875,48.0,2026-09-06T07:07:00+09:00,environment
V02Q1940772_2026-09-06T07:07:00+09:00,37.503635193,127.103503284,47.0,2026-09-06T07:07:00+09:00,environment
V02Q1940775_2026-09-06T07:07:00+09:00,37.505801455,127.109663753,44.0,2026-09-06T07:07:00+09:00,environment
V02Q1940781_2026-09-06T07:07:00+09:00,37.506173683,127.084756221,38.0,2026-09-06T07:07:00+09:00,environment
V02Q1940787_2026-09-06T07:07:00+09:00,37.512955044,127.094661921,42.0,2026-09-06T07:07:00+09:00,environment
V02Q1940788_2026-09-06T07:07:00+09:00,37.509617855,127.0741524,48.0,2026-09-06T07:07:00+09:00,environment
V02Q1940790_2026-09-06T07:07:00+09:00,37.514278277,127.112258966,39.0,2026-09-06T07:07:00+09:00,environment
V02Q1940800_2026-09-06T07:07:00+09:00,37.519952859,127.1123122,43.0,2026-09-06T07:07:00+09:00,environment
V02Q1940832_2026-09-06T07:07:00+09:00,37.511768309,127.124209484,40.0,2026-09-06T07:07:00+09:00,environment
V02Q1940847_2026-09-06T07:07:00+09:00,37.489683491,127.111908205,35.0,2026-09-06T07:07:00+09:00,environment
V02Q1940873_2026-09-06T07:07:00+09:00,37.53247211,127.114301129,51.0,2026-09-06T07:07:00+09:00,environment
V02Q1940507_2026-09-06T07:07:00+09:00,37.531277474,127.123271252,42.0,2026-09-06T07:07:00+09:00,environment
V02Q1940811_2026-09-06T07:07:00+09:00,37.52727312,127.116249051,49.0,2026-09-06T07:07:00+09:00,environment
V02Q1940819_2026-09-06T07:07:00+09:00,37.507344263,127.104688643,39.0,2026-09-06T07:07:00+09:00,environment
V02Q1940820_2026-09-06T07:07:00+09:00,37.511104225,127.102321793,52.0,2026-09-06T07:07:00+09:00,environment
V02Q1940821_2026-09-06T07:07:00+09:00,37.502832774,127.108694904,44.0,2026-09-06T07:07:00+09:00,environment
V02Q1940838_2026-09-06T07:07:00+09:00,37.51767925,127.08881891,43.0,2026-09-06T07:07:00+09:00,environment
V02Q1940887_2026-09-06T07:07:00+09:00,37.502749128,127.09252424,52.0,2026-09-06T07:07:00+09:00,environment
V02Q1940941_2026-09-06T07:07:00+09:00,37.509088133,127.084056858,40.0,2026-09-06T07:07:00+09:00,environment
V02Q1940079_2026-09-06T07:07:00+09:00,37.494102447,127.082209375,35.0,2026-09-06T07:07:00+09:00,environment
V02Q1940098_2026-09-06T07:07:00+09:00,37.48670146,127.1000197,53.0,2026-09-06T07:07:00+09:00,environment
V02Q1940246_2026-09-06T07:07:00+09:00,37.49920086,127.072395308,48.0,2026-09-06T07:07:00+09:00,environment
V02Q1940082_2026-09-06T07:07:00+09:00,37.495507594,127.085748474,49.0,2026-09-06T07:07:00+09:00,environment
V02Q1940100_2026-09-06T07:07:00+09:00,37.494978959,127.093144214,58.0,2026-09-06T07:07:00+09:00,environment
OC3CL200017_2026-09-06T07:07:00+09:00,37.52406575,127.1285088,61.0,2026-09-06T07:07:00+09:00,environment
OC3CL200135_2026-09-06T07:07:00+09:00,37.50215692,127.07044791,61.0,2026-09-06T07:07:00+09:00,environment
OC3CL200141_2026-09-06T07:07:00+09:00,37.48877157,127.1067039,60.0,2026-09-06T07:07:00+09:00,environment
OC3CL200157_2026-09-06T07:07:00+09:00,37.492381245,127.094589306,66.0,2026-09-06T07:07:00+09:00,environment
OC3CL200207_2026-09-06T07:07:00+09:00,37.494957877,127.124194746,36.0,2026-09-06T07:07:00+09:00,environment
OC3CL210115_2026-09-06T07:07:00+09:00,37.525641,127.129665,57.0,2026-09-06T07:07:00+09:00,environment
V02Q1940391_2026-09-06T08:07:00+09:00,37.528616803,127.085121222,41.0,2026-09-06T08:07:00+09:00,environment
V02Q1940392_2026-09-06T08:07:00+09:00,37.538286643,127.09239683,47.0,2026-09-06T08:07:00+09:00,environment
V02Q1940403_2026-09-06T08:07:00+09:00,37.534309074,127.081985567,43.0,2026-09-06T08:07:00+09:00,environment
V02Q1940411_2026-09-06T08:07:00+09:00,37.533878243,127.091521,36.0,2026-09-06T08:07:00+09:00,environment
V02Q1940506_2026-09-06T08:07:00+09:00,37.535029673,127.093240689,50.0,2026-09-06T08:07:00+09:00,environment
V02Q1940679_2026-09-06T08:07:00+09:00,37.495212727,127.121438826,45.0,2026-09-06T08:07:00+09:00,environment
V02Q1940734_2026-09-06T08:07:00+09:00,37.518407904,127.100366298,39.0,2026-09-06T08:07:00+09:00,environment
V02Q1940784_2026-09-06T08:07:00+09:00,37.498247757,127.126296648,47.0,2026-09-06T08:07:00+09:00,environment
V02Q1940706_2026-09-06T08:07:00+09:00,37.502049127,127.117110751,44.0,2026-09-06T08:07:00+09:00,environment
V02Q1940708_2026-09-06T08:07:00+09:00,37.514300619,127.091447797,47.0,2026-09-06T08:07:00+09:00,environment
V02Q1940714_2026-09-06T08:07:00+09:00,37.513385412,127.10686824,49.0,2026-09-06T08:07:00+09:00,environment
V02Q1940736_2026-09-06T08:07:00+09:00,37.504194933,127.128187719,40.0,2026-09-06T08:07:00+09:00,environment
V02Q1940767_2026-09-06T08:07:00+09:00,37.502603852,127.092310875,46.0,2026-09-06T08:07:00+09:00,environment
V02Q1940772_2026-09-06T08:07:00+09:00,37.503635193,127.103503284,47.0,2026-09-06T08:07:00+09:00,environment
V02Q1940775_2026-09-06T08:07:00+09:00,37.505801455,127.109663753,46.0,2026-09-06T08:07:00+09:00,environment
V02Q1940781_2026-09-06T08:07:00+09:00,37.506173683,127.084756221,36.0,2026-09-06T08:07:00+09:00,environment
V02Q1940787_2026-09-06T08:07:00+09:00,37.512955044,127.094661921,40.0,2026-09-06T08:07:00+09:00,environment
V02Q1940788_2026-09-06T08:07:00+09:00,37.509617855,127.0741524,47.0,2026-09-06T08:07:00+09:00,environment
V02Q1940790_2026-09-06T08:07:00+09:00,37.514278277,127.112258966,37.0,2026-09-06T08:07:00+09:00,environment
V02Q1940800_2026-09-06T08:07:00+09:00,37.519952859,127.1123122,45.0,2026-09-06T08:07:00+09:00,environment
V02Q1940832_2026-09-06T08:07:00+09:00,37.511768309,127.124209484,40.0,2026-09-06T08:07:00+09:00,environment
V02Q1940847_2026-09-06T08:07:00+09:00,37.489683491,127.111908205,35.0,2026-09-06T08:07:00+09:00,environment
V02Q1940873_2026-09-06T08:07:00+09:00,37.53247211,127.114301129,49.0,2026-09-06T08:07:00+09:00,environment
V02Q1940507_2026-09-06T08:07:00+09:00,37.531277474,127.123271252,40.0,2026-09-06T08:07:00+09:00,environment
V02Q1940713_2026-09-06T08:07:00+09:00,37.516185359,127.114540561,48.0,2026-09-06T08:07:00+09:00,environment
V02Q1940811_2026-09-06T08:07:00+09:00,37.52727312,127.116249051,49.0,2026-09-06T08:07:00+09:00,environment
V02Q1940819_2026-09-06T08:07:00+09:00,37.507344263,127.104688643,40.0,2026-09-06T08:07:00+09:00,environment
V02Q1940820_2026-09-06T08:07:00+09:00,37.511104225,127.102321793,52.0,2026-09-06T08:07:00+09:00,environment
V02Q1940821_2026-09-06T08:07:00+09:00,37.502832774,127.108694904,46.0,2026-09-06T08:07:00+09:00,environment
V02Q1940838_2026-09-06T08:07:00+09:00,37.51767925,127.08881891,43.0,2026-09-06T08:07:00+09:00,environment
V02Q1940887_2026-09-06T08:07:00+09:00,37.502749128,127.09252424,52.0,2026-09-06T08:07:00+09:00,environment
V02Q1940941_2026-09-06T08:07:00+09:00,37.509088133,127.084056858,40.0,2026-09-06T08:07:00+09:00,environment
V02Q1940079_2026-09-06T08:07:00+09:00,37.494102447,127.082209375,35.0,2026-09-06T08:07:00+09:00,environment
V02Q1940098_2026-09-06T08:07:00+09:00,37.48670146,127.1000197,54.0,2026-09-06T08:07:00+09:00,environment
V02Q1940246_2026-09-06T08:07:00+09:00,37.49920086,127.072395308,46.0,2026-09-06T08:07:00+09:00,environment
V02Q1940082_2026-09-06T08:07:00+09:00,37.495507594,127.085748474,48.0,2026-09-06T08:07:00+09:00,environment
V02Q1940100_2026-09-06T08:07:00+09:00,37.494978959,127.093144214,59.0,2026-09-06T08:07:00+09:00,environment
OC3CL200135_2026-09-06T08:07:00+09:00,37.50215692,127.07044791,61.0,2026-09-06T08:07:00+09:00,environment
OC3CL200141_2026-09-06T08:07:00+09:00,37.48877157,127.1067039,60.0,2026-09-06T08:07:00+09:00,environment
OC3CL200157_2026-09-06T08:07:00+09:00,37.492381245,127.094589306,68.0,2026-09-06T08:07:00+09:00,environment
OC3CL200207_2026-09-06T08:07:00+09:00,37.494957877,127.124194746,36.0,2026-09-06T08:07:00+09:00,environment
OC3CL200017_2026-09-06T08:07:00+09:00,37.52406575,127.1285088,62.0,2026-09-06T08:07:00+09:00,environment
OC3CL210115_2026-09-06T08:07:00+09:00,37.525641,127.129665,58.0,2026-09-06T08:07:00+09:00,environment
OC3CL200017_2026-09-06T09:07:00+09:00,37.52406575,127.1285088,63.0,2026-09-06T09:07:00+09:00,environment
OC3CL200135_2026-09-06T09:07:00+09:00,37.50215692,127.07044791,62.0,2026-09-06T09:07:00+09:00,environment
OC3CL200141_2026-09-06T09:07:00+09:00,37.48877157,127.1067039,61.0,2026-09-06T09:07:00+09:00,environment
OC3CL200157_2026-09-06T09:07:00+09:00,37.492381245,127.094589306,70.0,2026-09-06T09:07:00+09:00,environment
OC3CL200207_2026-09-06T09:07:00+09:00,37.494957877,127.124194746,38.0,2026-09-06T09:07:00+09:00,environment
OC3CL210115_2026-09-06T09:07:00+09:00,37.525641,127.129665,59.0,2026-09-06T09:07:00+09:00,environment
V02Q1940079_2026-09-06T09:07:00+09:00,37.494102447,127.082209375,35.0,2026-09-06T09:07:00+09:00,environment
V02Q1940082_2026-09-06T09:07:00+09:00,37.495507594,127.085748474,48.0,2026-09-06T09:07:00+09:00,environment
V02Q1940098_2026-09-06T09:07:00+09:00,37.48670146,127.1000197,55.0,2026-09-06T09:07:00+09:00,environment
V02Q1940100_2026-09-06T09:07:00+09:00,37.494978959,127.093144214,61.0,2026-09-06T09:07:00+09:00,environment
V02Q1940246_2026-09-06T09:07:00+09:00,37.49920086,127.072395308,46.0,2026-09-06T09:07:00+09:00,environment
V02Q1940391_2026-09-06T09:07:00+09:00,37.528616803,127.085121222,43.0,2026-09-06T09:07:00+09:00,environment
V02Q1940392_2026-09-06T09:07:00+09:00,37.538286643,127.09239683,45.0,2026-09-06T09:07:00+09:00,environment
V02Q1940403_2026-09-06T09:07:00+09:00,37.534309074,127.081985567,43.0,2026-09-06T09:07:00+09:00,environment
V02Q1940411_2026-09-06T09:07:00+09:00,37.533878243,127.091521,35.0,2026-09-06T09:07:00+09:00,environment
V02Q1940506_2026-09-06T09:07:00+09:00,37.535029673,127.093240689,52.0,2026-09-06T09:07:00+09:00,environment
V02Q1940507_2026-09-06T09:07:00+09:00,37.531277474,127.123271252,41.0,2026-09-06T09:07:00+09:00,environment
V02Q1940679_2026-09-06T09:07:00+09:00,37.495212727,127.121438826,45.0,2026-09-06T09:07:00+09:00,environment
V02Q1940706_2026-09-06T09:07:00+09:00,37.502049127,127.117110751,46.0,2026-09-06T09:07:00+09:00,environment
V02Q1940708_2026-09-06T09:07:00+09:00,37.514300619,127.091447797,49.0,2026-09-06T09:07:00+09:00,environment
V02Q1940713_2026-09-06T09:07:00+09:00,37.516185359,127.114540561,48.0,2026-09-06T09:07:00+09:00,environment
V02Q1940714_2026-09-06T09:07:00+09:00,37.513385412,127.10686824,51.0,2026-09-06T09:07:00+09:00,environment
V02Q1940734_2026-09-06T09:07:00+09:00,37.518407904,127.100366298,39.0,2026-09-06T09:07:00+09:00,environment
V02Q1940736_2026-09-06T09:07:00+09:00,37.504194933,127.128187719,39.0,2026-09-06T09:07:00+09:00,environment
V02Q1940767_2026-09-06T09:07:00+09:00,37.502603852,127.092310875,46.0,2026-09-06T09:07:00+09:00,environment
V02Q1940772_2026-09-06T09:07:00+09:00,37.503635193,127.103503284,49.0,2026-09-06T09:07:00+09:00,environment
V02Q1940775_2026-09-06T09:07:00+09:00,37.505801455,127.109663753,48.0,2026-09-06T09:07:00+09:00,environment
V02Q1940781_2026-09-06T09:07:00+09:00,37.506173683,127.084756221,37.0,2026-09-06T09:07:00+09:00,environment
V02Q1940784_2026-09-06T09:07:00+09:00,37.498247757,127.126296648,45.0,2026-09-06T09:07:00+09:00,environment
V02Q1940787_2026-09-06T09:07:00+09:00,37.512955044,127.094661921,39.0,2026-09-06T09:07:00+09:00,environment
V02Q1940788_2026-09-06T09:07:00+09:00,37.509617855,127.0741524,48.0,2026-09-06T09:07:00+09:00,environment
V02Q1940790_2026-09-06T09:07:00+09:00,37.514278277,127.112258966,37.0,2026-09-06T09:07:00+09:00,environment
V02Q1940800_2026-09-06T09:07:00+09:00,37.519952859,127.1123122,47.0,2026-09-06T09:07:00+09:00,environment
V02Q1940811_2026-09-06T09:07:00+09:00,37.52727312,127.116249051,50.0,2026-09-06T09:07:00+09:00,environment
V02Q1940819_2026-09-06T09:07:00+09:00,37.507344263,127.104688643,40.0,2026-09-06T09:07:00+09:00,environment
V02Q1940820_2026-09-06T09:07:00+09:00,37.511104225,127.102321793,51.0,2026-09-06T09:07:00+09:00,environment
V02Q1940821_2026-09-06T09:07:00+09:00,37.502832774,127.108694904,46.0,2026-09-06T09:07:00+09:00,environment
V02Q1940832_2026-09-06T09:07:00+09:00,37.511768309,127.124209484,40.0,2026-09-06T09:07:00+09:00,environment
V02Q1940838_2026-09-06T09:07:00+09:00,37.51767925,127.08881891,43.0,2026-09-06T09:07:00+09:00,environment
V02Q1940847_2026-09-06T09:07:00+09:00,37.489683491,127.111908205,35.0,2026-09-06T09:07:00+09:00,environment
V02Q1940873_2026-09-06T09:07:00+09:00,37.53247211,127.114301129,49.0,2026-09-06T09:07:00+09:00,environment
V02Q1940887_2026-09-06T09:07:00+09:00,37.502749128,127.09252424,52.0,2026-09-06T09:07:00+09:00,environment
V02Q1940941_2026-09-06T09:07:00+09:00,37.509088133,127.084056858,40.0,2026-09-06T09:07:00+09:00,environment
V02Q1940391_2026-09-06T10:07:00+09:00,37.528616803,127.085121222,43.0,2026-09-06T10:07:00+09:00,environment
V02Q1940392_2026-09-06T10:07:00+09:00,37.538286643,127.09239683,44.0,2026-09-06T10:07:00+09:00,environment
V02Q1940403_2026-09-06T10:07:00+09:00,37.534309074,127.081985567,45.0,2026-09-06T10:07:00+09:00,environment
V02Q1940411_2026-09-06T10:07:00+09:00,37.533878243,127.091521,36.0,2026-09-06T10:07:00+09:00,environment
V02Q1940506_2026-09-06T10:07:00+09:00,37.535029673,127.093240689,53.0,2026-09-06T10:07:00+09:00,environment
V02Q1940784_2026-09-06T10:07:00+09:00,37.498247757,127.126296648,44.0,2026-09-06T10:07:00+09:00,environment
V02Q1940679_2026-09-06T10:07:00+09:00,37.495212727,127.121438826,47.0,2026-09-06T10:07:00+09:00,environment
V02Q1940706_2026-09-06T10:07:00+09:00,37.502049127,127.117110751,46.0,2026-09-06T10:07:00+09:00,environment
V02Q1940734_2026-09-06T10:07:00+09:00,37.518407904,127.100366298,39.0,2026-09-06T10:07:00+09:00,environment
V02Q1940767_2026-09-06T10:07:00+09:00,37.502603852,127.092310875,47.0,2026-09-06T10:07:00+09:00,environment
V02Q1940772_2026-09-06T10:07:00+09:00,37.503635193,127.103503284,50.0,2026-09-06T10:07:00+09:00,environment
V02Q1940775_2026-09-06T10:07:00+09:00,37.505801455,127.109663753,47.0,2026-09-06T10:07:00+09:00,environment
V02Q1940781_2026-09-06T10:07:00+09:00,37.506173683,127.084756221,38.0,2026-09-06T10:07:00+09:00,environment
V02Q1940788_2026-09-06T10:07:00+09:00,37.509617855,127.0741524,49.0,2026-09-06T10:07:00+09:00,environment
V02Q1940790_2026-09-06T10:07:00+09:00,37.514278277,127.112258966,42.0,2026-09-06T10:07:00+09:00,environment
V02Q1940847_2026-09-06T10:07:00+09:00,37.489683491,127.111908205,35.0,2026-09-06T10:07:00+09:00,environment
V02Q1940708_2026-09-06T10:07:00+09:00,37.514300619,127.091447797,50.0,2026-09-06T10:07:00+09:00,environment
V02Q1940713_2026-09-06T10:07:00+09:00,37.516185359,127.114540561,48.0,2026-09-06T10:07:00+09:00,environment
V02Q1940714_2026-09-06T10:07:00+09:00,37.513385412,127.10686824,53.0,2026-09-06T10:07:00+09:00,environment
V02Q1940736_2026-09-06T10:07:00+09:00,37.504194933,127.128187719,40.0,2026-09-06T10:07:00+09:00,environment
V02Q1940787_2026-09-06T10:07:00+09:00,37.512955044,127.094661921,39.0,2026-09-06T10:07:00+09:00,environment
V02Q1940800_2026-09-06T10:07:00+09:00,37.519952859,127.1123122,49.0,2026-09-06T10:07:00+09:00,environment
V02Q1940832_2026-09-06T10:07:00+09:00,37.511768309,127.124209484,40.0,2026-09-06T10:07:00+09:00,environment
V02Q1940873_2026-09-06T10:07:00+09:00,37.53247211,127.114301129,49.0,2026-09-06T10:07:00+09:00,environment
V02Q1940507_2026-09-06T10:07:00+09:00,37.531277474,127.123271252,41.0,2026-09-06T10:07:00+09:00,environment
V02Q1940811_2026-09-06T10:07:00+09:00,37.52727312,127.116249051,49.0,2026-09-06T10:07:00+09:00,environment
V02Q1940819_2026-09-06T10:07:00+09:00,37.507344263,127.104688643,43.0,2026-09-06T10:07:00+09:00,environment
V02Q1940820_2026-09-06T10:07:00+09:00,37.511104225,127.102321793,53.0,2026-09-06T10:07:00+09:00,environment
V02Q1940821_2026-09-06T10:07:00+09:00,37.502832774,127.108694904,47.0,2026-09-06T10:07:00+09:00,environment
V02Q1940838_2026-09-06T10:07:00+09:00,37.51767925,127.08881891,43.0,2026-09-06T10:07:00+09:00,environment
V02Q1940887_2026-09-06T10:07:00+09:00,37.502749128,127.09252424,52.0,2026-09-06T10:07:00+09:00,environment
V02Q1940941_2026-09-06T10:07:00+09:00,37.509088133,127.084056858,40.0,2026-09-06T10:07:00+09:00,environment
V02Q1940079_2026-09-06T10:07:00+09:00,37.494102447,127.082209375,35.0,2026-09-06T10:07:00+09:00,environment
V02Q1940098_2026-09-06T10:07:00+09:00,37.48670146,127.1000197,56.0,2026-09-06T10:07:00+09:00,environment
V02Q1940246_2026-09-06T10:07:00+09:00,37.49920086,127.072395308,46.0,2026-09-06T10:07:00+09:00,environment
V02Q1940082_2026-09-06T10:07:00+09:00,37.495507594,127.085748474,50.0,2026-09-06T10:07:00+09:00,environment
V02Q1940100_2026-09-06T10:07:00+09:00,37.494978959,127.093144214,61.0,2026-09-06T10:07:00+09:00,environment
OC3CL200135_2026-09-06T10:07:00+09:00,37.50215692,127.07044791,63.0,2026-09-06T10:07:00+09:00,environment
OC3CL200157_2026-09-06T10:07:00+09:00,37.492381245,127.094589306,70.0,2026-09-06T10:07:00+09:00,environment
OC3CL200207_2026-09-06T10:07:00+09:00,37.494957877,127.124194746,41.0,2026-09-06T10:07:00+09:00,environment
OC3CL210115_2026-09-06T10:07:00+09:00,37.525641,127.129665,62.0,2026-09-06T10:07:00+09:00,environment
V02Q1940391_2026-09-06T11:07:00+09:00,37.528616803,127.085121222,44.0,2026-09-06T11:07:00+09:00,environment
V02Q1940392_2026-09-06T11:07:00+09:00,37.538286643,127.09239683,44.0,2026-09-06T11:07:00+09:00,environment
V02Q1940403_2026-09-06T11:07:00+09:00,37.534309074,127.081985567,47.0,2026-09-06T11:07:00+09:00,environment
V02Q1940411_2026-09-06T11:07:00+09:00,37.533878243,127.091521,36.0,2026-09-06T11:07:00+09:00,environment
V02Q1940506_2026-09-06T11:07:00+09:00,37.535029673,127.093240689,53.0,2026-09-06T11:07:00+09:00,environment
V02Q1940679_2026-09-06T11:07:00+09:00,37.495212727,127.121438826,50.0,2026-09-06T11:07:00+09:00,environment
V02Q1940734_2026-09-06T11:07:00+09:00,37.518407904,127.100366298,38.0,2026-09-06T11:07:00+09:00,environment
V02Q1940784_2026-09-06T11:07:00+09:00,37.498247757,127.126296648,44.0,2026-09-06T11:07:00+09:00,environment
V02Q1940706_2026-09-06T11:07:00+09:00,37.502049127,127.117110751,48.0,2026-09-06T11:07:00+09:00,environment
V02Q1940708_2026-09-06T11:07:00+09:00,37.514300619,127.091447797,51.0,2026-09-06T11:07:00+09:00,environment
V02Q1940713_2026-09-06T11:07:00+09:00,37.516185359,127.114540561,50.0,2026-09-06T11:07:00+09:00,environment
V02Q1940714_2026-09-06T11:07:00+09:00,37.513385412,127.10686824,53.0,2026-09-06T11:07:00+09:00,environment
V02Q1940736_2026-09-06T11:07:00+09:00,37.504194933,127.128187719,44.0,2026-09-06T11:07:00+09:00,environment
V02Q1940767_2026-09-06T11:07:00+09:00,37.502603852,127.092310875,46.0,2026-09-06T11:07:00+09:00,environment
V02Q1940772_2026-09-06T11:07:00+09:00,37.503635193,127.103503284,51.0,2026-09-06T11:07:00+09:00,environment
V02Q1940775_2026-09-06T11:07:00+09:00,37.505801455,127.109663753,49.0,2026-09-06T11:07:00+09:00,environment
V02Q1940781_2026-09-06T11:07:00+09:00,37.506173683,127.084756221,39.0,2026-09-06T11:07:00+09:00,environment
V02Q1940787_2026-09-06T11:07:00+09:00,37.512955044,127.094661921,41.0,2026-09-06T11:07:00+09:00,environment
V02Q1940788_2026-09-06T11:07:00+09:00,37.509617855,127.0741524,51.0,2026-09-06T11:07:00+09:00,environment
V02Q1940790_2026-09-06T11:07:00+09:00,37.514278277,127.112258966,39.0,2026-09-06T11:07:00+09:00,environment
V02Q1940800_2026-09-06T11:07:00+09:00,37.519952859,127.1123122,50.0,2026-09-06T11:07:00+09:00,environment
V02Q1940832_2026-09-06T11:07:00+09:00,37.511768309,127.124209484,40.0,2026-09-06T11:07:00+09:00,environment
V02Q1940847_2026-09-06T11:07:00+09:00,37.489683491,127.111908205,35.0,2026-09-06T11:07:00+09:00,environment
V02Q1940873_2026-09-06T11:07:00+09:00,37.53247211,127.114301129,49.0,2026-09-06T11:07:00+09:00,environment
V02Q1940507_2026-09-06T11:07:00+09:00,37.531277474,127.123271252,42.0,2026-09-06T11:07:00+09:00,environment
V02Q1940811_2026-09-06T11:07:00+09:00,37.52727312,127.116249051,49.0,2026-09-06T11:07:00+09:00,environment
V02Q1940819_2026-09-06T11:07:00+09:00,37.507344263,127.104688643,42.0,2026-09-06T11:07:00+09:00,environment
V02Q1940820_2026-09-06T11:07:00+09:00,37.511104225,127.102321793,53.0,2026-09-06T11:07:00+09:00,environment
V02Q1940821_2026-09-06T11:07:00+09:00,37.502832774,127.108694904,49.0,2026-09-06T11:07:00+09:00,environment
V02Q1940838_2026-09-06T11:07:00+09:00,37.51767925,127.08881891,43.0,2026-09-06T11:07:00+09:00,environment
V02Q1940887_2026-09-06T11:07:00+09:00,37.502749128,127.09252424,53.0,2026-09-06T11:07:00+09:00,environment
V02Q1940941_2026-09-06T11:07:00+09:00,37.509088133,127.084056858,42.0,2026-09-06T11:07:00+09:00,environment
V02Q1940079_2026-09-06T11:07:00+09:00,37.494102447,127.082209375,35.0,2026-09-06T11:07:00+09:00,environment
V02Q1940246_2026-09-06T11:07:00+09:00,37.49920086,127.072395308,46.0,2026-09-06T11:07:00+09:00,environment
V02Q1940082_2026-09-06T11:07:00+09:00,37.495507594,127.085748474,53.0,2026-09-06T11:07:00+09:00,environment
V02Q1940098_2026-09-06T11:07:00+09:00,37.48670146,127.1000197,56.0,2026-09-06T11:07:00+09:00,environment
V02Q1940100_2026-09-06T11:07:00+09:00,37.494978959,127.093144214,61.0,2026-09-06T11:07:00+09:00,environment
OC3CL200135_2026-09-06T11:07:00+09:00,37.50215692,127.07044791,64.0,2026-09-06T11:07:00+09:00,environment
OC3CL200157_2026-09-06T11:07:00+09:00,37.492381245,127.094589306,71.0,2026-09-06T11:07:00+09:00,environment
OC3CL200207_2026-09-06T11:07:00+09:00,37.494957877,127.124194746,42.0,2026-09-06T11:07:00+09:00,environment
OC3CL210115_2026-09-06T11:07:00+09:00,37.525641,127.129665,63.0,2026-09-06T11:07:00+09:00,environment
OC3CL200135_2026-09-06T12:07:00+09:00,37.50215692,127.07044791,63.0,2026-09-06T12:07:00+09:00,environment
OC3CL200157_2026-09-06T12:07:00+09:00,37.492381245,127.094589306,70.0,2026-09-06T12:07:00+09:00,environment
OC3CL200207_2026-09-06T12:07:00+09:00,37.494957877,127.124194746,43.0,2026-09-06T12:07:00+09:00,environment
OC3CL210115_2026-09-06T12:07:00+09:00,37.525641,127.129665,64.0,2026-09-06T12:07:00+09:00,environment
V02Q1940079_2026-09-06T12:07:00+09:00,37.494102447,127.082209375,35.0,2026-09-06T12:07:00+09:00,environment
V02Q1940082_2026-09-06T12:07:00+09:00,37.495507594,127.085748474,52.0,2026-09-06T12:07:00+09:00,environment
V02Q1940098_2026-09-06T12:07:00+09:00,37.48670146,127.1000197,56.0,2026-09-06T12:07:00+09:00,environment
V02Q1940100_2026-09-06T12:07:00+09:00,37.494978959,127.093144214,61.0,2026-09-06T12:07:00+09:00,environment
V02Q1940246_2026-09-06T12:07:00+09:00,37.49920086,127.072395308,47.0,2026-09-06T12:07:00+09:00,environment
V02Q1940391_2026-09-06T12:07:00+09:00,37.528616803,127.085121222,43.0,2026-09-06T12:07:00+09:00,environment
V02Q1940392_2026-09-06T12:07:00+09:00,37.538286643,127.09239683,45.0,2026-09-06T12:07:00+09:00,environment
V02Q1940403_2026-09-06T12:07:00+09:00,37.534309074,127.081985567,47.0,2026-09-06T12:07:00+09:00,environment
V02Q1940411_2026-09-06T12:07:00+09:00,37.533878243,127.091521,35.0,2026-09-06T12:07:00+09:00,environment
V02Q1940506_2026-09-06T12:07:00+09:00,37.535029673,127.093240689,53.0,2026-09-06T12:07:00+09:00,environment
V02Q1940507_2026-09-06T12:07:00+09:00,37.531277474,127.123271252,41.0,2026-09-06T12:07:00+09:00,environment
V02Q1940679_2026-09-06T12:07:00+09:00,37.495212727,127.121438826,51.0,2026-09-06T12:07:00+09:00,environment
V02Q1940706_2026-09-06T12:07:00+09:00,37.502049127,127.117110751,51.0,2026-09-06T12:07:00+09:00,environment
V02Q1940708_2026-09-06T12:07:00+09:00,37.514300619,127.091447797,51.0,2026-09-06T12:07:00+09:00,environment
V02Q1940713_2026-09-06T12:07:00+09:00,37.516185359,127.114540561,50.0,2026-09-06T12:07:00+09:00,environment
V02Q1940714_2026-09-06T12:07:00+09:00,37.513385412,127.10686824,54.0,2026-09-06T12:07:00+09:00,environment
V02Q1940734_2026-09-06T12:07:00+09:00,37.518407904,127.100366298,37.0,2026-09-06T12:07:00+09:00,environment
V02Q1940736_2026-09-06T12:07:00+09:00,37.504194933,127.128187719,44.0,2026-09-06T12:07:00+09:00,environment
V02Q1940767_2026-09-06T12:07:00+09:00,37.502603852,127.092310875,47.0,2026-09-06T12:07:00+09:00,environment
V02Q1940772_2026-09-06T12:07:00+09:00,37.503635193,127.103503284,51.0,2026-09-06T12:07:00+09:00,environment
V02Q1940775_2026-09-06T12:07:00+09:00,37.505801455,127.109663753,48.0,2026-09-06T12:07:00+09:00,environment
V02Q1940781_2026-09-06T12:07:00+09:00,37.506173683,127.084756221,39.0,2026-09-06T12:07:00+09:00,environment
V02Q1940784_2026-09-06T12:07:00+09:00,37.498247757,127.126296648,44.0,2026-09-06T12:07:00+09:00,environment
V02Q1940787_2026-09-06T12:07:00+09:00,37.512955044,127.094661921,39.0,2026-09-06T12:07:00+09:00,environment
V02Q1940788_2026-09-06T12:07:00+09:00,37.509617855,127.0741524,50.0,2026-09-06T12:07:00+09:00,environment
V02Q1940790_2026-09-06T12:07:00+09:00,37.514278277,127.112258966,39.0,2026-09-06T12:07:00+09:00,environment
V02Q1940800_2026-09-06T12:07:00+09:00,37.519952859,127.1123122,50.0,2026-09-06T12:07:00+09:00,environment
V02Q1940811_2026-09-06T12:07:00+09:00,37.52727312,127.116249051,49.0,2026-09-06T12:07:00+09:00,environment
V02Q1940819_2026-09-06T12:07:00+09:00,37.507344263,127.104688643,43.0,2026-09-06T12:07:00+09:00,environment
V02Q1940820_2026-09-06T12:07:00+09:00,37.511104225,127.102321793,53.0,2026-09-06T12:07:00+09:00,environment
V02Q1940821_2026-09-06T12:07:00+09:00,37.502832774,127.108694904,48.0,2026-09-06T12:07:00+09:00,environment
V02Q1940832_2026-09-06T12:07:00+09:00,37.511768309,127.124209484,40.0,2026-09-06T12:07:00+09:00,environment
V02Q1940838_2026-09-06T12:07:00+09:00,37.51767925,127.08881891,44.0,2026-09-06T12:07:00+09:00,environment
V02Q1940847_2026-09-06T12:07:00+09:00,37.489683491,127.111908205,35.0,2026-09-06T12:07:00+09:00,environment
V02Q1940873_2026-09-06T12:07:00+09:00,37.53247211,127.114301129,48.0,2026-09-06T12:07:00+09:00,environment
V02Q1940941_2026-09-06T12:07:00+09:00,37.509088133,127.084056858,45.0,2026-09-06T12:07:00+09:00,environment
V02Q1940391_2026-09-06T13:07:00+09:00,37.528616803,127.085121222,43.0,2026-09-06T13:07:00+09:00,environment
V02Q1940392_2026-09-06T13:07:00+09:00,37.538286643,127.09239683,46.0,2026-09-06T13:07:00+09:00,environment
V02Q1940403_2026-09-06T13:07:00+09:00,37.534309074,127.081985567,49.0,2026-09-06T13:07:00+09:00,environment
V02Q1940411_2026-09-06T13:07:00+09:00,37.533878243,127.091521,35.0,2026-09-06T13:07:00+09:00,environment
V02Q1940506_2026-09-06T13:07:00+09:00,37.535029673,127.093240689,53.0,2026-09-06T13:07:00+09:00,environment
V02Q1940679_2026-09-06T13:07:00+09:00,37.495212727,127.121438826,52.0,2026-09-06T13:07:00+09:00,environment
V02Q1940734_2026-09-06T13:07:00+09:00,37.518407904,127.100366298,37.0,2026-09-06T13:07:00+09:00,environment
V02Q1940784_2026-09-06T13:07:00+09:00,37.498247757,127.126296648,42.0,2026-09-06T13:07:00+09:00,environment
V02Q1940706_2026-09-06T13:07:00+09:00,37.502049127,127.117110751,52.0,2026-09-06T13:07:00+09:00,environment
V02Q1940708_2026-09-06T13:07:00+09:00,37.514300619,127.091447797,51.0,2026-09-06T13:07:00+09:00,environment
V02Q1940736_2026-09-06T13:07:00+09:00,37.504194933,127.128187719,42.0,2026-09-06T13:07:00+09:00,environment
V02Q1940767_2026-09-06T13:07:00+09:00,37.502603852,127.092310875,46.0,2026-09-06T13:07:00+09:00,environment
V02Q1940772_2026-09-06T13:07:00+09:00,37.503635193,127.103503284,51.0,2026-09-06T13:07:00+09:00,environment
V02Q1940775_2026-09-06T13:07:00+09:00,37.505801455,127.109663753,50.0,2026-09-06T13:07:00+09:00,environment
V02Q1940781_2026-09-06T13:07:00+09:00,37.506173683,127.084756221,39.0,2026-09-06T13:07:00+09:00,environment
V02Q1940787_2026-09-06T13:07:00+09:00,37.512955044,127.094661921,40.0,2026-09-06T13:07:00+09:00,environment
V02Q1940788_2026-09-06T13:07:00+09:00,37.509617855,127.0741524,51.0,2026-09-06T13:07:00+09:00,environment
V02Q1940790_2026-09-06T13:07:00+09:00,37.514278277,127.112258966,41.0,2026-09-06T13:07:00+09:00,environment
V02Q1940800_2026-09-06T13:07:00+09:00,37.519952859,127.1123122,49.0,2026-09-06T13:07:00+09:00,environment
V02Q1940832_2026-09-06T13:07:00+09:00,37.511768309,127.124209484,39.0,2026-09-06T13:07:00+09:00,environment
V02Q1940847_2026-09-06T13:07:00+09:00,37.489683491,127.111908205,35.0,2026-09-06T13:07:00+09:00,environment
V02Q1940873_2026-09-06T13:07:00+09:00,37.53247211,127.114301129,47.0,2026-09-06T13:07:00+09:00,environment
V02Q1940507_2026-09-06T13:07:00+09:00,37.531277474,127.123271252,42.0,2026-09-06T13:07:00+09:00,environment
V02Q1940713_2026-09-06T13:07:00+09:00,37.516185359,127.114540561,51.0,2026-09-06T13:07:00+09:00,environment
V02Q1940714_2026-09-06T13:07:00+09:00,37.513385412,127.10686824,53.0,2026-09-06T13:07:00+09:00,environment
V02Q1940811_2026-09-06T13:07:00+09:00,37.52727312,127.116249051,50.0,2026-09-06T13:07:00+09:00,environment
V02Q1940819_2026-09-06T13:07:00+09:00,37.507344263,127.104688643,41.0,2026-09-06T13:07:00+09:00,environment
V02Q1940820_2026-09-06T13:07:00+09:00,37.511104225,127.102321793,53.0,2026-09-06T13:07:00+09:00,environment
V02Q1940821_2026-09-06T13:07:00+09:00,37.502832774,127.108694904,48.0,2026-09-06T13:07:00+09:00,environment
V02Q1940838_2026-09-06T13:07:00+09:00,37.51767925,127.08881891,44.0,2026-09-06T13:07:00+09:00,environment
V02Q1940941_2026-09-06T13:07:00+09:00,37.509088133,127.084056858,44.0,2026-09-06T13:07:00+09:00,environment
V02Q1940079_2026-09-06T13:07:00+09:00,37.494102447,127.082209375,35.0,2026-09-06T13:07:00+09:00,environment
V02Q1940246_2026-09-06T13:07:00+09:00,37.49920086,127.072395308,44.0,2026-09-06T13:07:00+09:00,environment
V02Q1940082_2026-09-06T13:07:00+09:00,37.495507594,127.085748474,51.0,2026-09-06T13:07:00+09:00,environment
V02Q1940098_2026-09-06T13:07:00+09:00,37.48670146,127.1000197,56.0,2026-09-06T13:07:00+09:00,environment
V02Q1940100_2026-09-06T13:07:00+09:00,37.494978959,127.093144214,61.0,2026-09-06T13:07:00+09:00,environment
OC3CL200135_2026-09-06T13:07:00+09:00,37.50215692,127.07044791,63.0,2026-09-06T13:07:00+09:00,environment
OC3CL200157_2026-09-06T13:07:00+09:00,37.492381245,127.094589306,70.0,2026-09-06T13:07:00+09:00,environment
OC3CL200207_2026-09-06T13:07:00+09:00,37.494957877,127.124194746,46.0,2026-09-06T13:07:00+09:00,environment
OC3CL210115_2026-09-06T13:07:00+09:00,37.525641,127.129665,64.0,2026-09-06T13:07:00+09:00,environment
V02Q1940391_2026-09-06T14:07:00+09:00,37.528616803,127.085121222,44.0,2026-09-06T14:07:00+09:00,environment
V02Q1940392_2026-09-06T14:07:00+09:00,37.538286643,127.09239683,46.0,2026-09-06T14:07:00+09:00,environment
V02Q1940403_2026-09-06T14:07:00+09:00,37.534309074,127.081985567,49.0,2026-09-06T14:07:00+09:00,environment
V02Q1940411_2026-09-06T14:07:00+09:00,37.533878243,127.091521,36.0,2026-09-06T14:07:00+09:00,environment
V02Q1940506_2026-09-06T14:07:00+09:00,37.535029673,127.093240689,53.0,2026-09-06T14:07:00+09:00,environment
V02Q1940679_2026-09-06T14:07:00+09:00,37.495212727,127.121438826,50.0,2026-09-06T14:07:00+09:00,environment
V02Q1940734_2026-09-06T14:07:00+09:00,37.518407904,127.100366298,38.0,2026-09-06T14:07:00+09:00,environment
V02Q1940784_2026-09-06T14:07:00+09:00,37.498247757,127.126296648,43.0,2026-09-06T14:07:00+09:00,environment
V02Q1940790_2026-09-06T14:07:00+09:00,37.514278277,127.112258966,40.0,2026-09-06T14:07:00+09:00,environment
V02Q1940706_2026-09-06T14:07:00+09:00,37.502049127,127.117110751,51.0,2026-09-06T14:07:00+09:00,environment
V02Q1940708_2026-09-06T14:07:00+09:00,37.514300619,127.091447797,51.0,2026-09-06T14:07:00+09:00,environment
V02Q1940713_2026-09-06T14:07:00+09:00,37.516185359,127.114540561,52.0,2026-09-06T14:07:00+09:00,environment
V02Q1940714_2026-09-06T14:07:00+09:00,37.513385412,127.10686824,54.0,2026-09-06T14:07:00+09:00,environment
V02Q1940736_2026-09-06T14:07:00+09:00,37.504194933,127.128187719,41.0,2026-09-06T14:07:00+09:00,environment
V02Q1940767_2026-09-06T14:07:00+09:00,37.502603852,127.092310875,47.0,2026-09-06T14:07:00+09:00,environment
V02Q1940772_2026-09-06T14:07:00+09:00,37.503635193,127.103503284,51.0,2026-09-06T14:07:00+09:00,environment
V02Q1940775_2026-09-06T14:07:00+09:00,37.505801455,127.109663753,50.0,2026-09-06T14:07:00+09:00,environment
V02Q1940781_2026-09-06T14:07:00+09:00,37.506173683,127.084756221,39.0,2026-09-06T14:07:00+09:00,environment
V02Q1940787_2026-09-06T14:07:00+09:00,37.512955044,127.094661921,39.0,2026-09-06T14:07:00+09:00,environment
V02Q1940788_2026-09-06T14:07:00+09:00,37.509617855,127.0741524,48.0,2026-09-06T14:07:00+09:00,environment
V02Q1940800_2026-09-06T14:07:00+09:00,37.519952859,127.1123122,51.0,2026-09-06T14:07:00+09:00,environment
V02Q1940832_2026-09-06T14:07:00+09:00,37.511768309,127.124209484,41.0,2026-09-06T14:07:00+09:00,environment
V02Q1940847_2026-09-06T14:07:00+09:00,37.489683491,127.111908205,35.0,2026-09-06T14:07:00+09:00,environment
V02Q1940873_2026-09-06T14:07:00+09:00,37.53247211,127.114301129,47.0,2026-09-06T14:07:00+09:00,environment
V02Q1940941_2026-09-06T14:07:00+09:00,37.509088133,127.084056858,44.0,2026-09-06T14:07:00+09:00,environment
V02Q1940507_2026-09-06T14:07:00+09:00,37.531277474,127.123271252,41.0,2026-09-06T14:07:00+09:00,environment
V02Q1940811_2026-09-06T14:07:00+09:00,37.52727312,127.116249051,49.0,2026-09-06T14:07:00+09:00,environment
V02Q1940819_2026-09-06T14:07:00+09:00,37.507344263,127.104688643,42.0,2026-09-06T14:07:00+09:00,environment
V02Q1940820_2026-09-06T14:07:00+09:00,37.511104225,127.102321793,53.0,2026-09-06T14:07:00+09:00,environment
V02Q1940821_2026-09-06T14:07:00+09:00,37.502832774,127.108694904,48.0,2026-09-06T14:07:00+09:00,environment
V02Q1940838_2026-09-06T14:07:00+09:00,37.51767925,127.08881891,44.0,2026-09-06T14:07:00+09:00,environment
V02Q1940079_2026-09-06T14:07:00+09:00,37.494102447,127.082209375,35.0,2026-09-06T14:07:00+09:00,environment
V02Q1940246_2026-09-06T14:07:00+09:00,37.49920086,127.072395308,45.0,2026-09-06T14:07:00+09:00,environment
V02Q1940082_2026-09-06T14:07:00+09:00,37.495507594,127.085748474,50.0,2026-09-06T14:07:00+09:00,environment
V02Q1940098_2026-09-06T14:07:00+09:00,37.48670146,127.1000197,56.0,2026-09-06T14:07:00+09:00,environment
V02Q1940100_2026-09-06T14:07:00+09:00,37.494978959,127.093144214,60.0,2026-09-06T14:07:00+09:00,environment
OC3CL200135_2026-09-06T14:07:00+09:00,37.50215692,127.07044791,63.0,2026-09-06T14:07:00+09:00,environment
OC3CL200157_2026-09-06T14:07:00+09:00,37.492381245,127.094589306,70.0,2026-09-06T14:07:00+09:00,environment
OC3CL200207_2026-09-06T14:07:00+09:00,37.494957877,127.124194746,45.0,2026-09-06T14:07:00+09:00,environment
OC3CL210115_2026-09-06T14:07:00+09:00,37.525641,127.129665,64.0,2026-09-06T14:07:00+09:00,environment
V02Q1940391_2026-09-06T15:07:00+09:00,37.528616803,127.085121222,45.0,2026-09-06T15:07:00+09:00,environment
V02Q1940392_2026-09-06T15:07:00+09:00,37.538286643,127.09239683,47.0,2026-09-06T15:07:00+09:00,environment
V02Q1940403_2026-09-06T15:07:00+09:00,37.534309074,127.081985567,48.0,2026-09-06T15:07:00+09:00,environment
V02Q1940411_2026-09-06T15:07:00+09:00,37.533878243,127.091521,36.0,2026-09-06T15:07:00+09:00,environment
V02Q1940506_2026-09-06T15:07:00+09:00,37.535029673,127.093240689,53.0,2026-09-06T15:07:00+09:00,environment
V02Q1940679_2026-09-06T15:07:00+09:00,37.495212727,127.121438826,49.0,2026-09-06T15:07:00+09:00,environment
V02Q1940734_2026-09-06T15:07:00+09:00,37.518407904,127.100366298,38.0,2026-09-06T15:07:00+09:00,environment
V02Q1940784_2026-09-06T15:07:00+09:00,37.498247757,127.126296648,43.0,2026-09-06T15:07:00+09:00,environment
V02Q1940790_2026-09-06T15:07:00+09:00,37.514278277,127.112258966,42.0,2026-09-06T15:07:00+09:00,environment
V02Q1940706_2026-09-06T15:07:00+09:00,37.502049127,127.117110751,49.0,2026-09-06T15:07:00+09:00,environment
V02Q1940708_2026-09-06T15:07:00+09:00,37.514300619,127.091447797,50.0,2026-09-06T15:07:00+09:00,environment
V02Q1940713_2026-09-06T15:07:00+09:00,37.516185359,127.114540561,51.0,2026-09-06T15:07:00+09:00,environment
V02Q1940714_2026-09-06T15:07:00+09:00,37.513385412,127.10686824,55.0,2026-09-06T15:07:00+09:00,environment
V02Q1940736_2026-09-06T15:07:00+09:00,37.504194933,127.128187719,41.0,2026-09-06T15:07:00+09:00,environment
V02Q1940767_2026-09-06T15:07:00+09:00,37.502603852,127.092310875,47.0,2026-09-06T15:07:00+09:00,environment
V02Q1940772_2026-09-06T15:07:00+09:00,37.503635193,127.103503284,51.0,2026-09-06T15:07:00+09:00,environment
V02Q1940775_2026-09-06T15:07:00+09:00,37.505801455,127.109663753,49.0,2026-09-06T15:07:00+09:00,environment
V02Q1940781_2026-09-06T15:07:00+09:00,37.506173683,127.084756221,39.0,2026-09-06T15:07:00+09:00,environment
V02Q1940787_2026-09-06T15:07:00+09:00,37.512955044,127.094661921,41.0,2026-09-06T15:07:00+09:00,environment
V02Q1940788_2026-09-06T15:07:00+09:00,37.509617855,127.0741524,49.0,2026-09-06T15:07:00+09:00,environment
V02Q1940800_2026-09-06T15:07:00+09:00,37.519952859,127.1123122,50.0,2026-09-06T15:07:00+09:00,environment
V02Q1940832_2026-09-06T15:07:00+09:00,37.511768309,127.124209484,40.0,2026-09-06T15:07:00+09:00,environment
V02Q1940847_2026-09-06T15:07:00+09:00,37.489683491,127.111908205,35.0,2026-09-06T15:07:00+09:00,environment
V02Q1940873_2026-09-06T15:07:00+09:00,37.53247211,127.114301129,45.0,2026-09-06T15:07:00+09:00,environment
V02Q1940941_2026-09-06T15:07:00+09:00,37.509088133,127.084056858,44.0,2026-09-06T15:07:00+09:00,environment
V02Q1940507_2026-09-06T15:07:00+09:00,37.531277474,127.123271252,40.0,2026-09-06T15:07:00+09:00,environment
V02Q1940811_2026-09-06T15:07:00+09:00,37.52727312,127.116249051,50.0,2026-09-06T15:07:00+09:00,environment
V02Q1940819_2026-09-06T15:07:00+09:00,37.507344263,127.104688643,43.0,2026-09-06T15:07:00+09:00,environment
V02Q1940820_2026-09-06T15:07:00+09:00,37.511104225,127.102321793,53.0,2026-09-06T15:07:00+09:00,environment
V02Q1940821_2026-09-06T15:07:00+09:00,37.502832774,127.108694904,47.0,2026-09-06T15:07:00+09:00,environment
V02Q1940838_2026-09-06T15:07:00+09:00,37.51767925,127.08881891,44.0,2026-09-06T15:07:00+09:00,environment
V02Q1940887_2026-09-06T15:07:00+09:00,37.502749128,127.09252424,52.0,2026-09-06T15:07:00+09:00,environment
V02Q1940079_2026-09-06T15:07:00+09:00,37.494102447,127.082209375,35.0,2026-09-06T15:07:00+09:00,environment
V02Q1940246_2026-09-06T15:07:00+09:00,37.49920086,127.072395308,45.0,2026-09-06T15:07:00+09:00,environment
V02Q1940082_2026-09-06T15:07:00+09:00,37.495507594,127.085748474,50.0,2026-09-06T15:07:00+09:00,environment
V02Q1940098_2026-09-06T15:07:00+09:00,37.48670146,127.1000197,56.0,2026-09-06T15:07:00+09:00,environment
V02Q1940100_2026-09-06T15:07:00+09:00,37.494978959,127.093144214,60.0,2026-09-06T15:07:00+09:00,environment
OC3CL200135_2026-09-06T15:07:00+09:00,37.50215692,127.07044791,64.0,2026-09-06T15:07:00+09:00,environment
OC3CL200157_2026-09-06T15:07:00+09:00,37.492381245,127.094589306,70.0,2026-09-06T15:07:00+09:00,environment
OC3CL200207_2026-09-06T15:07:00+09:00,37.494957877,127.124194746,43.0,2026-09-06T15:07:00+09:00,environment
OC3CL210115_2026-09-06T15:07:00+09:00,37.525641,127.129665,63.0,2026-09-06T15:07:00+09:00,environment
V02Q1940391_2026-09-06T16:07:00+09:00,37.528616803,127.085121222,45.0,2026-09-06T16:07:00+09:00,environment
V02Q1940392_2026-09-06T16:07:00+09:00,37.538286643,127.09239683,46.0,2026-09-06T16:07:00+09:00,environment
V02Q1940403_2026-09-06T16:07:00+09:00,37.534309074,127.081985567,49.0,2026-09-06T16:07:00+09:00,environment
V02Q1940411_2026-09-06T16:07:00+09:00,37.533878243,127.091521,36.0,2026-09-06T16:07:00+09:00,environment
V02Q1940506_2026-09-06T16:07:00+09:00,37.535029673,127.093240689,53.0,2026-09-06T16:07:00+09:00,environment
V02Q1940679_2026-09-06T16:07:00+09:00,37.495212727,127.121438826,49.0,2026-09-06T16:07:00+09:00,environment
V02Q1940734_2026-09-06T16:07:00+09:00,37.518407904,127.100366298,39.0,2026-09-06T16:07:00+09:00,environment
V02Q1940784_2026-09-06T16:07:00+09:00,37.498247757,127.126296648,41.0,2026-09-06T16:07:00+09:00,environment
V02Q1940706_2026-09-06T16:07:00+09:00,37.502049127,127.117110751,49.0,2026-09-06T16:07:00+09:00,environment
V02Q1940708_2026-09-06T16:07:00+09:00,37.514300619,127.091447797,51.0,2026-09-06T16:07:00+09:00,environment
V02Q1940713_2026-09-06T16:07:00+09:00,37.516185359,127.114540561,50.0,2026-09-06T16:07:00+09:00,environment
V02Q1940714_2026-09-06T16:07:00+09:00,37.513385412,127.10686824,54.0,2026-09-06T16:07:00+09:00,environment
V02Q1940736_2026-09-06T16:07:00+09:00,37.504194933,127.128187719,41.0,2026-09-06T16:07:00+09:00,environment
V02Q1940767_2026-09-06T16:07:00+09:00,37.502603852,127.092310875,48.0,2026-09-06T16:07:00+09:00,environment
V02Q1940772_2026-09-06T16:07:00+09:00,37.503635193,127.103503284,51.0,2026-09-06T16:07:00+09:00,environment
V02Q1940775_2026-09-06T16:07:00+09:00,37.505801455,127.109663753,49.0,2026-09-06T16:07:00+09:00,environment
V02Q1940781_2026-09-06T16:07:00+09:00,37.506173683,127.084756221,39.0,2026-09-06T16:07:00+09:00,environment
V02Q1940787_2026-09-06T16:07:00+09:00,37.512955044,127.094661921,41.0,2026-09-06T16:07:00+09:00,environment
V02Q1940788_2026-09-06T16:07:00+09:00,37.509617855,127.0741524,48.0,2026-09-06T16:07:00+09:00,environment
V02Q1940790_2026-09-06T16:07:00+09:00,37.514278277,127.112258966,40.0,2026-09-06T16:07:00+09:00,environment
V02Q1940800_2026-09-06T16:07:00+09:00,37.519952859,127.1123122,50.0,2026-09-06T16:07:00+09:00,environment
V02Q1940832_2026-09-06T16:07:00+09:00,37.511768309,127.124209484,41.0,2026-09-06T16:07:00+09:00,environment
V02Q1940847_2026-09-06T16:07:00+09:00,37.489683491,127.111908205,35.0,2026-09-06T16:07:00+09:00,environment
V02Q1940873_2026-09-06T16:07:00+09:00,37.53247211,127.114301129,45.0,2026-09-06T16:07:00+09:00,environment
V02Q1940507_2026-09-06T16:07:00+09:00,37.531277474,127.123271252,40.0,2026-09-06T16:07:00+09:00,environment
V02Q1940811_2026-09-06T16:07:00+09:00,37.52727312,127.116249051,50.0,2026-09-06T16:07:00+09:00,environment
V02Q1940819_2026-09-06T16:07:00+09:00,37.507344263,127.104688643,42.0,2026-09-06T16:07:00+09:00,environment
V02Q1940820_2026-09-06T16:07:00+09:00,37.511104225,127.102321793,53.0,2026-09-06T16:07:00+09:00,environment
V02Q1940821_2026-09-06T16:07:00+09:00,37.502832774,127.108694904,47.0,2026-09-06T16:07:00+09:00,environment
V02Q1940838_2026-09-06T16:07:00+09:00,37.51767925,127.08881891,44.0,2026-09-06T16:07:00+09:00,environment
V02Q1940887_2026-09-06T16:07:00+09:00,37.502749128,127.09252424,52.0,2026-09-06T16:07:00+09:00,environment
V02Q1940941_2026-09-06T16:07:00+09:00,37.509088133,127.084056858,44.0,2026-09-06T16:07:00+09:00,environment
V02Q1940079_2026-09-06T16:07:00+09:00,37.494102447,127.082209375,35.0,2026-09-06T16:07:00+09:00,environment
V02Q1940246_2026-09-06T16:07:00+09:00,37.49920086,127.072395308,45.0,2026-09-06T16:07:00+09:00,environment
V02Q1940082_2026-09-06T16:07:00+09:00,37.495507594,127.085748474,50.0,2026-09-06T16:07:00+09:00,environment
V02Q1940098_2026-09-06T16:07:00+09:00,37.48670146,127.1000197,56.0,2026-09-06T16:07:00+09:00,environment
V02Q1940100_2026-09-06T16:07:00+09:00,37.494978959,127.093144214,60.0,2026-09-06T16:07:00+09:00,environment
OC3CL200033_2026-09-06T16:07:00+09:00,37.51217275,127.1046954,60.0,2026-09-06T16:07:00+09:00,environment
OC3CL200135_2026-09-06T16:07:00+09:00,37.50215692,127.07044791,63.0,2026-09-06T16:07:00+09:00,environment
OC3CL200141_2026-09-06T16:07:00+09:00,37.48877157,127.1067039,60.0,2026-09-06T16:07:00+09:00,environment
OC3CL200157_2026-09-06T16:07:00+09:00,37.492381245,127.094589306,70.0,2026-09-06T16:07:00+09:00,environment
OC3CL200207_2026-09-06T16:07:00+09:00,37.494957877,127.124194746,44.0,2026-09-06T16:07:00+09:00,environment
OC3CL210115_2026-09-06T16:07:00+09:00,37.525641,127.129665,63.0,2026-09-06T16:07:00+09:00,environment
V02Q1940391_2026-09-06T17:07:00+09:00,37.528616803,127.085121222,45.0,2026-09-06T17:07:00+09:00,environment
V02Q1940392_2026-09-06T17:07:00+09:00,37.538286643,127.09239683,47.0,2026-09-06T17:07:00+09:00,environment
V02Q1940403_2026-09-06T17:07:00+09:00,37.534309074,127.081985567,48.0,2026-09-06T17:07:00+09:00,environment
V02Q1940411_2026-09-06T17:07:00+09:00,37.533878243,127.091521,37.0,2026-09-06T17:07:00+09:00,environment
V02Q1940506_2026-09-06T17:07:00+09:00,37.535029673,127.093240689,53.0,2026-09-06T17:07:00+09:00,environment
V02Q1940679_2026-09-06T17:07:00+09:00,37.495212727,127.121438826,50.0,2026-09-06T17:07:00+09:00,environment
V02Q1940708_2026-09-06T17:07:00+09:00,37.514300619,127.091447797,51.0,2026-09-06T17:07:00+09:00,environment
V02Q1940734_2026-09-06T17:07:00+09:00,37.518407904,127.100366298,38.0,2026-09-06T17:07:00+09:00,environment
V02Q1940767_2026-09-06T17:07:00+09:00,37.502603852,127.092310875,48.0,2026-09-06T17:07:00+09:00,environment
V02Q1940772_2026-09-06T17:07:00+09:00,37.503635193,127.103503284,51.0,2026-09-06T17:07:00+09:00,environment
V02Q1940775_2026-09-06T17:07:00+09:00,37.505801455,127.109663753,49.0,2026-09-06T17:07:00+09:00,environment
V02Q1940784_2026-09-06T17:07:00+09:00,37.498247757,127.126296648,40.0,2026-09-06T17:07:00+09:00,environment
V02Q1940790_2026-09-06T17:07:00+09:00,37.514278277,127.112258966,40.0,2026-09-06T17:07:00+09:00,environment
V02Q1940847_2026-09-06T17:07:00+09:00,37.489683491,127.111908205,35.0,2026-09-06T17:07:00+09:00,environment
V02Q1940706_2026-09-06T17:07:00+09:00,37.502049127,127.117110751,48.0,2026-09-06T17:07:00+09:00,environment
V02Q1940713_2026-09-06T17:07:00+09:00,37.516185359,127.114540561,51.0,2026-09-06T17:07:00+09:00,environment
V02Q1940714_2026-09-06T17:07:00+09:00,37.513385412,127.10686824,54.0,2026-09-06T17:07:00+09:00,environment
V02Q1940736_2026-09-06T17:07:00+09:00,37.504194933,127.128187719,41.0,2026-09-06T17:07:00+09:00,environment
V02Q1940781_2026-09-06T17:07:00+09:00,37.506173683,127.084756221,40.0,2026-09-06T17:07:00+09:00,environment
V02Q1940787_2026-09-06T17:07:00+09:00,37.512955044,127.094661921,40.0,2026-09-06T17:07:00+09:00,environment
V02Q1940788_2026-09-06T17:07:00+09:00,37.509617855,127.0741524,48.0,2026-09-06T17:07:00+09:00,environment
V02Q1940800_2026-09-06T17:07:00+09:00,37.519952859,127.1123122,50.0,2026-09-06T17:07:00+09:00,environment
V02Q1940811_2026-09-06T17:07:00+09:00,37.52727312,127.116249051,50.0,2026-09-06T17:07:00+09:00,environment
V02Q1940832_2026-09-06T17:07:00+09:00,37.511768309,127.124209484,40.0,2026-09-06T17:07:00+09:00,environment
V02Q1940873_2026-09-06T17:07:00+09:00,37.53247211,127.114301129,44.0,2026-09-06T17:07:00+09:00,environment
V02Q1940507_2026-09-06T17:07:00+09:00,37.531277474,127.123271252,40.0,2026-09-06T17:07:00+09:00,environment
V02Q1940819_2026-09-06T17:07:00+09:00,37.507344263,127.104688643,43.0,2026-09-06T17:07:00+09:00,environment
V02Q1940820_2026-09-06T17:07:00+09:00,37.511104225,127.102321793,53.0,2026-09-06T17:07:00+09:00,environment
V02Q1940821_2026-09-06T17:07:00+09:00,37.502832774,127.108694904,47.0,2026-09-06T17:07:00+09:00,environment
V02Q1940838_2026-09-06T17:07:00+09:00,37.51767925,127.08881891,44.0,2026-09-06T17:07:00+09:00,environment
V02Q1940887_2026-09-06T17:07:00+09:00,37.502749128,127.09252424,53.0,2026-09-06T17:07:00+09:00,environment
V02Q1940941_2026-09-06T17:07:00+09:00,37.509088133,127.084056858,45.0,2026-09-06T17:07:00+09:00,environment
V02Q1940079_2026-09-06T17:07:00+09:00,37.494102447,127.082209375,35.0,2026-09-06T17:07:00+09:00,environment
V02Q1940246_2026-09-06T17:07:00+09:00,37.49920086,127.072395308,45.0,2026-09-06T17:07:00+09:00,environment
V02Q1940098_2026-09-06T17:07:00+09:00,37.48670146,127.1000197,56.0,2026-09-06T17:07:00+09:00,environment
V02Q1940100_2026-09-06T17:07:00+09:00,37.494978959,127.093144214,60.0,2026-09-06T17:07:00+09:00,environment
V02Q1940082_2026-09-06T17:07:00+09:00,37.495507594,127.085748474,50.0,2026-09-06T17:07:00+09:00,environment
OC3CL200033_2026-09-06T17:07:00+09:00,37.51217275,127.1046954,62.0,2026-09-06T17:07:00+09:00,environment
OC3CL200135_2026-09-06T17:07:00+09:00,37.50215692,127.07044791,65.0,2026-09-06T17:07:00+09:00,environment
OC3CL200141_2026-09-06T17:07:00+09:00,37.48877157,127.1067039,61.0,2026-09-06T17:07:00+09:00,environment
OC3CL200157_2026-09-06T17:07:00+09:00,37.492381245,127.094589306,70.0,2026-09-06T17:07:00+09:00,environment
OC3CL200207_2026-09-06T17:07:00+09:00,37.494957877,127.124194746,45.0,2026-09-06T17:07:00+09:00,environment
OC3CL210115_2026-09-06T17:07:00+09:00,37.525641,127.129665,63.0,2026-09-06T17:07:00+09:00,environment
V02Q1940391_2026-09-06T18:07:00+09:00,37.528616803,127.085121222,44.0,2026-09-06T18:07:00+09:00,environment
V02Q1940392_2026-09-06T18:07:00+09:00,37.538286643,127.09239683,47.0,2026-09-06T18:07:00+09:00,environment
V02Q1940403_2026-09-06T18:07:00+09:00,37.534309074,127.081985567,49.0,2026-09-06T18:07:00+09:00,environment
V02Q1940411_2026-09-06T18:07:00+09:00,37.533878243,127.091521,37.0,2026-09-06T18:07:00+09:00,environment
V02Q1940506_2026-09-06T18:07:00+09:00,37.535029673,127.093240689,54.0,2026-09-06T18:07:00+09:00,environment
V02Q1940679_2026-09-06T18:07:00+09:00,37.495212727,127.121438826,49.0,2026-09-06T18:07:00+09:00,environment
V02Q1940734_2026-09-06T18:07:00+09:00,37.518407904,127.100366298,40.0,2026-09-06T18:07:00+09:00,environment
V02Q1940784_2026-09-06T18:07:00+09:00,37.498247757,127.126296648,41.0,2026-09-06T18:07:00+09:00,environment
V02Q1940706_2026-09-06T18:07:00+09:00,37.502049127,127.117110751,49.0,2026-09-06T18:07:00+09:00,environment
V02Q1940708_2026-09-06T18:07:00+09:00,37.514300619,127.091447797,52.0,2026-09-06T18:07:00+09:00,environment
V02Q1940713_2026-09-06T18:07:00+09:00,37.516185359,127.114540561,53.0,2026-09-06T18:07:00+09:00,environment
V02Q1940714_2026-09-06T18:07:00+09:00,37.513385412,127.10686824,55.0,2026-09-06T18:07:00+09:00,environment
V02Q1940736_2026-09-06T18:07:00+09:00,37.504194933,127.128187719,40.0,2026-09-06T18:07:00+09:00,environment
V02Q1940767_2026-09-06T18:07:00+09:00,37.502603852,127.092310875,49.0,2026-09-06T18:07:00+09:00,environment
V02Q1940772_2026-09-06T18:07:00+09:00,37.503635193,127.103503284,51.0,2026-09-06T18:07:00+09:00,environment
V02Q1940775_2026-09-06T18:07:00+09:00,37.505801455,127.109663753,50.0,2026-09-06T18:07:00+09:00,environment
V02Q1940781_2026-09-06T18:07:00+09:00,37.506173683,127.084756221,40.0,2026-09-06T18:07:00+09:00,environment
V02Q1940787_2026-09-06T18:07:00+09:00,37.512955044,127.094661921,41.0,2026-09-06T18:07:00+09:00,environment
V02Q1940788_2026-09-06T18:07:00+09:00,37.509617855,127.0741524,48.0,2026-09-06T18:07:00+09:00,environment
V02Q1940790_2026-09-06T18:07:00+09:00,37.514278277,127.112258966,41.0,2026-09-06T18:07:00+09:00,environment
V02Q1940800_2026-09-06T18:07:00+09:00,37.519952859,127.1123122,51.0,2026-09-06T18:07:00+09:00,environment
V02Q1940832_2026-09-06T18:07:00+09:00,37.511768309,127.124209484,40.0,2026-09-06T18:07:00+09:00,environment
V02Q1940847_2026-09-06T18:07:00+09:00,37.489683491,127.111908205,35.0,2026-09-06T18:07:00+09:00,environment
V02Q1940873_2026-09-06T18:07:00+09:00,37.53247211,127.114301129,45.0,2026-09-06T18:07:00+09:00,environment
V02Q1940507_2026-09-06T18:07:00+09:00,37.531277474,127.123271252,40.0,2026-09-06T18:07:00+09:00,environment
V02Q1940811_2026-09-06T18:07:00+09:00,37.52727312,127.116249051,50.0,2026-09-06T18:07:00+09:00,environment
V02Q1940819_2026-09-06T18:07:00+09:00,37.507344263,127.104688643,44.0,2026-09-06T18:07:00+09:00,environment
V02Q1940820_2026-09-06T18:07:00+09:00,37.511104225,127.102321793,54.0,2026-09-06T18:07:00+09:00,environment
V02Q1940821_2026-09-06T18:07:00+09:00,37.502832774,127.108694904,49.0,2026-09-06T18:07:00+09:00,environment
V02Q1940838_2026-09-06T18:07:00+09:00,37.51767925,127.08881891,44.0,2026-09-06T18:07:00+09:00,environment
V02Q1940887_2026-09-06T18:07:00+09:00,37.502749128,127.09252424,52.0,2026-09-06T18:07:00+09:00,environment
V02Q1940941_2026-09-06T18:07:00+09:00,37.509088133,127.084056858,46.0,2026-09-06T18:07:00+09:00,environment
V02Q1940079_2026-09-06T18:07:00+09:00,37.494102447,127.082209375,35.0,2026-09-06T18:07:00+09:00,environment
V02Q1940246_2026-09-06T18:07:00+09:00,37.49920086,127.072395308,44.0,2026-09-06T18:07:00+09:00,environment
V02Q1940098_2026-09-06T18:07:00+09:00,37.48670146,127.1000197,56.0,2026-09-06T18:07:00+09:00,environment
V02Q1940100_2026-09-06T18:07:00+09:00,37.494978959,127.093144214,61.0,2026-09-06T18:07:00+09:00,environment
V02Q1940082_2026-09-06T18:07:00+09:00,37.495507594,127.085748474,51.0,2026-09-06T18:07:00+09:00,environment
OC3CL200135_2026-09-06T18:07:00+09:00,37.50215692,127.07044791,64.0,2026-09-06T18:07:00+09:00,environment
OC3CL200141_2026-09-06T18:07:00+09:00,37.48877157,127.1067039,60.0,2026-09-06T18:07:00+09:00,environment
OC3CL200157_2026-09-06T18:07:00+09:00,37.492381245,127.094589306,70.0,2026-09-06T18:07:00+09:00,environment
OC3CL200033_2026-09-06T18:07:00+09:00,37.51217275,127.1046954,63.0,2026-09-06T18:07:00+09:00,environment
OC3CL200207_2026-09-06T18:07:00+09:00,37.494957877,127.124194746,44.0,2026-09-06T18:07:00+09:00,environment
OC3CL210115_2026-09-06T18:07:00+09:00,37.525641,127.129665,64.0,2026-09-06T18:07:00+09:00,environment
V02Q1940391_2026-09-06T19:07:00+09:00,37.528616803,127.085121222,42.0,2026-09-06T19:07:00+09:00,environment
V02Q1940392_2026-09-06T19:07:00+09:00,37.538286643,127.09239683,46.0,2026-09-06T19:07:00+09:00,environment
V02Q1940403_2026-09-06T19:07:00+09:00,37.534309074,127.081985567,49.0,2026-09-06T19:07:00+09:00,environment
V02Q1940411_2026-09-06T19:07:00+09:00,37.533878243,127.091521,37.0,2026-09-06T19:07:00+09:00,environment
V02Q1940506_2026-09-06T19:07:00+09:00,37.535029673,127.093240689,53.0,2026-09-06T19:07:00+09:00,environment
V02Q1940679_2026-09-06T19:07:00+09:00,37.495212727,127.121438826,50.0,2026-09-06T19:07:00+09:00,environment
V02Q1940734_2026-09-06T19:07:00+09:00,37.518407904,127.100366298,40.0,2026-09-06T19:07:00+09:00,environment
V02Q1940784_2026-09-06T19:07:00+09:00,37.498247757,127.126296648,41.0,2026-09-06T19:07:00+09:00,environment
V02Q1940706_2026-09-06T19:07:00+09:00,37.502049127,127.117110751,49.0,2026-09-06T19:07:00+09:00,environment
V02Q1940708_2026-09-06T19:07:00+09:00,37.514300619,127.091447797,51.0,2026-09-06T19:07:00+09:00,environment
V02Q1940714_2026-09-06T19:07:00+09:00,37.513385412,127.10686824,54.0,2026-09-06T19:07:00+09:00,environment
V02Q1940736_2026-09-06T19:07:00+09:00,37.504194933,127.128187719,39.0,2026-09-06T19:07:00+09:00,environment
V02Q1940767_2026-09-06T19:07:00+09:00,37.502603852,127.092310875,49.0,2026-09-06T19:07:00+09:00,environment
V02Q1940772_2026-09-06T19:07:00+09:00,37.503635193,127.103503284,51.0,2026-09-06T19:07:00+09:00,environment
V02Q1940775_2026-09-06T19:07:00+09:00,37.505801455,127.109663753,50.0,2026-09-06T19:07:00+09:00,environment
V02Q1940781_2026-09-06T19:07:00+09:00,37.506173683,127.084756221,40.0,2026-09-06T19:07:00+09:00,environment
V02Q1940787_2026-09-06T19:07:00+09:00,37.512955044,127.094661921,41.0,2026-09-06T19:07:00+09:00,environment
V02Q1940788_2026-09-06T19:07:00+09:00,37.509617855,127.0741524,47.0,2026-09-06T19:07:00+09:00,environment
V02Q1940790_2026-09-06T19:07:00+09:00,37.514278277,127.112258966,42.0,2026-09-06T19:07:00+09:00,environment
V02Q1940800_2026-09-06T19:07:00+09:00,37.519952859,127.1123122,49.0,2026-09-06T19:07:00+09:00,environment
V02Q1940832_2026-09-06T19:07:00+09:00,37.511768309,127.124209484,40.0,2026-09-06T19:07:00+09:00,environment
V02Q1940847_2026-09-06T19:07:00+09:00,37.489683491,127.111908205,35.0,2026-09-06T19:07:00+09:00,environment
V02Q1940873_2026-09-06T19:07:00+09:00,37.53247211,127.114301129,45.0,2026-09-06T19:07:00+09:00,environment
V02Q1940117_2026-09-06T19:07:00+09:00,37.508537127,127.087121735,54.0,2026-09-06T19:07:00+09:00,environment
V02Q1940507_2026-09-06T19:07:00+09:00,37.531277474,127.123271252,41.0,2026-09-06T19:07:00+09:00,environment
V02Q1940713_2026-09-06T19:07:00+09:00,37.516185359,127.114540561,50.0,2026-09-06T19:07:00+09:00,environment
V02Q1940811_2026-09-06T19:07:00+09:00,37.52727312,127.116249051,50.0,2026-09-06T19:07:00+09:00,environment
V02Q1940819_2026-09-06T19:07:00+09:00,37.507344263,127.104688643,42.0,2026-09-06T19:07:00+09:00,environment
V02Q1940820_2026-09-06T19:07:00+09:00,37.511104225,127.102321793,54.0,2026-09-06T19:07:00+09:00,environment
V02Q1940821_2026-09-06T19:07:00+09:00,37.502832774,127.108694904,48.0,2026-09-06T19:07:00+09:00,environment
V02Q1940838_2026-09-06T19:07:00+09:00,37.51767925,127.08881891,43.0,2026-09-06T19:07:00+09:00,environment
V02Q1940887_2026-09-06T19:07:00+09:00,37.502749128,127.09252424,52.0,2026-09-06T19:07:00+09:00,environment
V02Q1940941_2026-09-06T19:07:00+09:00,37.509088133,127.084056858,45.0,2026-09-06T19:07:00+09:00,environment
V02Q1940079_2026-09-06T19:07:00+09:00,37.494102447,127.082209375,35.0,2026-09-06T19:07:00+09:00,environment
V02Q1940246_2026-09-06T19:07:00+09:00,37.49920086,127.072395308,43.0,2026-09-06T19:07:00+09:00,environment
V02Q1940098_2026-09-06T19:07:00+09:00,37.48670146,127.1000197,56.0,2026-09-06T19:07:00+09:00,environment
V02Q1940100_2026-09-06T19:07:00+09:00,37.494978959,127.093144214,61.0,2026-09-06T19:07:00+09:00,environment
V02Q1940082_2026-09-06T19:07:00+09:00,37.495507594,127.085748474,50.0,2026-09-06T19:07:00+09:00,environment
OC3CL200135_2026-09-06T19:07:00+09:00,37.50215692,127.07044791,63.0,2026-09-06T19:07:00+09:00,environment
OC3CL200141_2026-09-06T19:07:00+09:00,37.48877157,127.1067039,60.0,2026-09-06T19:07:00+09:00,environment
OC3CL200157_2026-09-06T19:07:00+09:00,37.492381245,127.094589306,69.0,2026-09-06T19:07:00+09:00,environment
OC3CL200033_2026-09-06T19:07:00+09:00,37.51217275,127.1046954,60.0,2026-09-06T19:07:00+09:00,environment
OC3CL200207_2026-09-06T19:07:00+09:00,37.494957877,127.124194746,43.0,2026-09-06T19:07:00+09:00,environment
OC3CL210115_2026-09-06T19:07:00+09:00,37.525641,127.129665,64.0,2026-09-06T19:07:00+09:00,environment
V02Q1940391_2026-09-06T20:07:00+09:00,37.528616803,127.085121222,43.0,2026-09-06T20:07:00+09:00,environment
V02Q1940392_2026-09-06T20:07:00+09:00,37.538286643,127.09239683,46.0,2026-09-06T20:07:00+09:00,environment
V02Q1940403_2026-09-06T20:07:00+09:00,37.534309074,127.081985567,49.0,2026-09-06T20:07:00+09:00,environment
V02Q1940411_2026-09-06T20:07:00+09:00,37.533878243,127.091521,36.0,2026-09-06T20:07:00+09:00,environment
V02Q1940506_2026-09-06T20:07:00+09:00,37.535029673,127.093240689,53.0,2026-09-06T20:07:00+09:00,environment
V02Q1940679_2026-09-06T20:07:00+09:00,37.495212727,127.121438826,50.0,2026-09-06T20:07:00+09:00,environment
V02Q1940734_2026-09-06T20:07:00+09:00,37.518407904,127.100366298,38.0,2026-09-06T20:07:00+09:00,environment
V02Q1940784_2026-09-06T20:07:00+09:00,37.498247757,127.126296648,41.0,2026-09-06T20:07:00+09:00,environment
V02Q1940790_2026-09-06T20:07:00+09:00,37.514278277,127.112258966,43.0,2026-09-06T20:07:00+09:00,environment
V02Q1940706_2026-09-06T20:07:00+09:00,37.502049127,127.117110751,49.0,2026-09-06T20:07:00+09:00,environment
V02Q1940708_2026-09-06T20:07:00+09:00,37.514300619,127.091447797,51.0,2026-09-06T20:07:00+09:00,environment
V02Q1940713_2026-09-06T20:07:00+09:00,37.516185359,127.114540561,51.0,2026-09-06T20:07:00+09:00,environment
V02Q1940714_2026-09-06T20:07:00+09:00,37.513385412,127.10686824,54.0,2026-09-06T20:07:00+09:00,environment
V02Q1940736_2026-09-06T20:07:00+09:00,37.504194933,127.128187719,39.0,2026-09-06T20:07:00+09:00,environment
V02Q1940767_2026-09-06T20:07:00+09:00,37.502603852,127.092310875,49.0,2026-09-06T20:07:00+09:00,environment
V02Q1940772_2026-09-06T20:07:00+09:00,37.503635193,127.103503284,51.0,2026-09-06T20:07:00+09:00,environment
V02Q1940775_2026-09-06T20:07:00+09:00,37.505801455,127.109663753,50.0,2026-09-06T20:07:00+09:00,environment
V02Q1940781_2026-09-06T20:07:00+09:00,37.506173683,127.084756221,39.0,2026-09-06T20:07:00+09:00,environment
V02Q1940787_2026-09-06T20:07:00+09:00,37.512955044,127.094661921,39.0,2026-09-06T20:07:00+09:00,environment
V02Q1940788_2026-09-06T20:07:00+09:00,37.509617855,127.0741524,48.0,2026-09-06T20:07:00+09:00,environment
V02Q1940800_2026-09-06T20:07:00+09:00,37.519952859,127.1123122,49.0,2026-09-06T20:07:00+09:00,environment
V02Q1940832_2026-09-06T20:07:00+09:00,37.511768309,127.124209484,40.0,2026-09-06T20:07:00+09:00,environment
V02Q1940847_2026-09-06T20:07:00+09:00,37.489683491,127.111908205,35.0,2026-09-06T20:07:00+09:00,environment
V02Q1940873_2026-09-06T20:07:00+09:00,37.53247211,127.114301129,45.0,2026-09-06T20:07:00+09:00,environment
V02Q1940941_2026-09-06T20:07:00+09:00,37.509088133,127.084056858,45.0,2026-09-06T20:07:00+09:00,environment
V02Q1940507_2026-09-06T20:07:00+09:00,37.531277474,127.123271252,41.0,2026-09-06T20:07:00+09:00,environment
V02Q1940811_2026-09-06T20:07:00+09:00,37.52727312,127.116249051,50.0,2026-09-06T20:07:00+09:00,environment
V02Q1940819_2026-09-06T20:07:00+09:00,37.507344263,127.104688643,41.0,2026-09-06T20:07:00+09:00,environment
V02Q1940820_2026-09-06T20:07:00+09:00,37.511104225,127.102321793,54.0,2026-09-06T20:07:00+09:00,environment
V02Q1940821_2026-09-06T20:07:00+09:00,37.502832774,127.108694904,48.0,2026-09-06T20:07:00+09:00,environment
V02Q1940838_2026-09-06T20:07:00+09:00,37.51767925,127.08881891,44.0,2026-09-06T20:07:00+09:00,environment
V02Q1940887_2026-09-06T20:07:00+09:00,37.502749128,127.09252424,52.0,2026-09-06T20:07:00+09:00,environment
V02Q1940079_2026-09-06T20:07:00+09:00,37.494102447,127.082209375,35.0,2026-09-06T20:07:00+09:00,environment
V02Q1940246_2026-09-06T20:07:00+09:00,37.49920086,127.072395308,48.0,2026-09-06T20:07:00+09:00,environment
V02Q1940082_2026-09-06T20:07:00+09:00,37.495507594,127.085748474,53.0,2026-09-06T20:07:00+09:00,environment
V02Q1940098_2026-09-06T20:07:00+09:00,37.48670146,127.1000197,62.0,2026-09-06T20:07:00+09:00,environment
V02Q1940100_2026-09-06T20:07:00+09:00,37.494978959,127.093144214,60.0,2026-09-06T20:07:00+09:00,environment
OC3CL200135_2026-09-06T20:07:00+09:00,37.50215692,127.07044791,62.0,2026-09-06T20:07:00+09:00,environment
OC3CL200141_2026-09-06T20:07:00+09:00,37.48877157,127.1067039,60.0,2026-09-06T20:07:00+09:00,environment
OC3CL200157_2026-09-06T20:07:00+09:00,37.492381245,127.094589306,69.0,2026-09-06T20:07:00+09:00,environment
OC3CL200017_2026-09-06T20:07:00+09:00,37.52406575,127.1285088,65.0,2026-09-06T20:07:00+09:00,environment
OC3CL210115_2026-09-06T20:07:00+09:00,37.525641,127.129665,62.0,2026-09-06T20:07:00+09:00,environment
OC3CL200017_2026-09-06T21:07:00+09:00,37.52406575,127.1285088,64.0,2026-09-06T21:07:00+09:00,environment
OC3CL200135_2026-09-06T21:07:00+09:00,37.50215692,127.07044791,62.0,2026-09-06T21:07:00+09:00,environment
OC3CL200141_2026-09-06T21:07:00+09:00,37.48877157,127.1067039,60.0,2026-09-06T21:07:00+09:00,environment
OC3CL200157_2026-09-06T21:07:00+09:00,37.492381245,127.094589306,70.0,2026-09-06T21:07:00+09:00,environment
OC3CL200207_2026-09-06T21:07:00+09:00,37.494957877,127.124194746,42.0,2026-09-06T21:07:00+09:00,environment
OC3CL210115_2026-09-06T21:07:00+09:00,37.525641,127.129665,61.0,2026-09-06T21:07:00+09:00,environment
V02Q1940079_2026-09-06T21:07:00+09:00,37.494102447,127.082209375,35.0,2026-09-06T21:07:00+09:00,environment
V02Q1940082_2026-09-06T21:07:00+09:00,37.495507594,127.085748474,54.0,2026-09-06T21:07:00+09:00,environment
V02Q1940098_2026-09-06T21:07:00+09:00,37.48670146,127.1000197,62.0,2026-09-06T21:07:00+09:00,environment
V02Q1940100_2026-09-06T21:07:00+09:00,37.494978959,127.093144214,60.0,2026-09-06T21:07:00+09:00,environment
V02Q1940246_2026-09-06T21:07:00+09:00,37.49920086,127.072395308,50.0,2026-09-06T21:07:00+09:00,environment
V02Q1940391_2026-09-06T21:07:00+09:00,37.528616803,127.085121222,42.0,2026-09-06T21:07:00+09:00,environment
V02Q1940392_2026-09-06T21:07:00+09:00,37.538286643,127.09239683,45.0,2026-09-06T21:07:00+09:00,environment
V02Q1940403_2026-09-06T21:07:00+09:00,37.534309074,127.081985567,48.0,2026-09-06T21:07:00+09:00,environment
V02Q1940411_2026-09-06T21:07:00+09:00,37.533878243,127.091521,36.0,2026-09-06T21:07:00+09:00,environment
V02Q1940506_2026-09-06T21:07:00+09:00,37.535029673,127.093240689,52.0,2026-09-06T21:07:00+09:00,environment
V02Q1940507_2026-09-06T21:07:00+09:00,37.531277474,127.123271252,39.0,2026-09-06T21:07:00+09:00,environment
V02Q1940679_2026-09-06T21:07:00+09:00,37.495212727,127.121438826,48.0,2026-09-06T21:07:00+09:00,environment
V02Q1940706_2026-09-06T21:07:00+09:00,37.502049127,127.117110751,48.0,2026-09-06T21:07:00+09:00,environment
V02Q1940708_2026-09-06T21:07:00+09:00,37.514300619,127.091447797,49.0,2026-09-06T21:07:00+09:00,environment
V02Q1940713_2026-09-06T21:07:00+09:00,37.516185359,127.114540561,49.0,2026-09-06T21:07:00+09:00,environment
V02Q1940714_2026-09-06T21:07:00+09:00,37.513385412,127.10686824,54.0,2026-09-06T21:07:00+09:00,environment
V02Q1940734_2026-09-06T21:07:00+09:00,37.518407904,127.100366298,37.0,2026-09-06T21:07:00+09:00,environment
V02Q1940736_2026-09-06T21:07:00+09:00,37.504194933,127.128187719,38.0,2026-09-06T21:07:00+09:00,environment
V02Q1940767_2026-09-06T21:07:00+09:00,37.502603852,127.092310875,48.0,2026-09-06T21:07:00+09:00,environment
V02Q1940772_2026-09-06T21:07:00+09:00,37.503635193,127.103503284,50.0,2026-09-06T21:07:00+09:00,environment
V02Q1940775_2026-09-06T21:07:00+09:00,37.505801455,127.109663753,50.0,2026-09-06T21:07:00+09:00,environment
V02Q1940781_2026-09-06T21:07:00+09:00,37.506173683,127.084756221,40.0,2026-09-06T21:07:00+09:00,environment
V02Q1940784_2026-09-06T21:07:00+09:00,37.498247757,127.126296648,40.0,2026-09-06T21:07:00+09:00,environment
V02Q1940787_2026-09-06T21:07:00+09:00,37.512955044,127.094661921,40.0,2026-09-06T21:07:00+09:00,environment
V02Q1940788_2026-09-06T21:07:00+09:00,37.509617855,127.0741524,47.0,2026-09-06T21:07:00+09:00,environment
V02Q1940790_2026-09-06T21:07:00+09:00,37.514278277,127.112258966,42.0,2026-09-06T21:07:00+09:00,environment
V02Q1940800_2026-09-06T21:07:00+09:00,37.519952859,127.1123122,48.0,2026-09-06T21:07:00+09:00,environment
V02Q1940811_2026-09-06T21:07:00+09:00,37.52727312,127.116249051,49.0,2026-09-06T21:07:00+09:00,environment
V02Q1940819_2026-09-06T21:07:00+09:00,37.507344263,127.104688643,42.0,2026-09-06T21:07:00+09:00,environment
V02Q1940820_2026-09-06T21:07:00+09:00,37.511104225,127.102321793,53.0,2026-09-06T21:07:00+09:00,environment
V02Q1940821_2026-09-06T21:07:00+09:00,37.502832774,127.108694904,48.0,2026-09-06T21:07:00+09:00,environment
V02Q1940832_2026-09-06T21:07:00+09:00,37.511768309,127.124209484,41.0,2026-09-06T21:07:00+09:00,environment
V02Q1940838_2026-09-06T21:07:00+09:00,37.51767925,127.08881891,43.0,2026-09-06T21:07:00+09:00,environment
V02Q1940847_2026-09-06T21:07:00+09:00,37.489683491,127.111908205,35.0,2026-09-06T21:07:00+09:00,environment
V02Q1940873_2026-09-06T21:07:00+09:00,37.53247211,127.114301129,46.0,2026-09-06T21:07:00+09:00,environment
V02Q1940887_2026-09-06T21:07:00+09:00,37.502749128,127.09252424,52.0,2026-09-06T21:07:00+09:00,environment
V02Q1940941_2026-09-06T21:07:00+09:00,37.509088133,127.084056858,45.0,2026-09-06T21:07:00+09:00,environment
OC3CL200017_2026-09-06T22:07:00+09:00,37.52406575,127.1285088,64.0,2026-09-06T22:07:00+09:00,environment
OC3CL200135_2026-09-06T22:07:00+09:00,37.50215692,127.07044791,62.0,2026-09-06T22:07:00+09:00,environment
OC3CL200141_2026-09-06T22:07:00+09:00,37.48877157,127.1067039,60.0,2026-09-06T22:07:00+09:00,environment
OC3CL200157_2026-09-06T22:07:00+09:00,37.492381245,127.094589306,69.0,2026-09-06T22:07:00+09:00,environment
OC3CL200207_2026-09-06T22:07:00+09:00,37.494957877,127.124194746,41.0,2026-09-06T22:07:00+09:00,environment
OC3CL210115_2026-09-06T22:07:00+09:00,37.525641,127.129665,60.0,2026-09-06T22:07:00+09:00,environment
V02Q1940079_2026-09-06T22:07:00+09:00,37.494102447,127.082209375,35.0,2026-09-06T22:07:00+09:00,environment
V02Q1940082_2026-09-06T22:07:00+09:00,37.495507594,127.085748474,51.0,2026-09-06T22:07:00+09:00,environment
V02Q1940098_2026-09-06T22:07:00+09:00,37.48670146,127.1000197,57.0,2026-09-06T22:07:00+09:00,environment
V02Q1940100_2026-09-06T22:07:00+09:00,37.494978959,127.093144214,60.0,2026-09-06T22:07:00+09:00,environment
V02Q1940246_2026-09-06T22:07:00+09:00,37.49920086,127.072395308,47.0,2026-09-06T22:07:00+09:00,environment
V02Q1940391_2026-09-06T22:07:00+09:00,37.528616803,127.085121222,40.0,2026-09-06T22:07:00+09:00,environment
V02Q1940392_2026-09-06T22:07:00+09:00,37.538286643,127.09239683,44.0,2026-09-06T22:07:00+09:00,environment
V02Q1940403_2026-09-06T22:07:00+09:00,37.534309074,127.081985567,47.0,2026-09-06T22:07:00+09:00,environment
V02Q1940411_2026-09-06T22:07:00+09:00,37.533878243,127.091521,36.0,2026-09-06T22:07:00+09:00,environment
V02Q1940506_2026-09-06T22:07:00+09:00,37.535029673,127.093240689,50.0,2026-09-06T22:07:00+09:00,environment
V02Q1940507_2026-09-06T22:07:00+09:00,37.531277474,127.123271252,38.0,2026-09-06T22:07:00+09:00,environment
V02Q1940679_2026-09-06T22:07:00+09:00,37.495212727,127.121438826,49.0,2026-09-06T22:07:00+09:00,environment
V02Q1940706_2026-09-06T22:07:00+09:00,37.502049127,127.117110751,46.0,2026-09-06T22:07:00+09:00,environment
V02Q1940708_2026-09-06T22:07:00+09:00,37.514300619,127.091447797,49.0,2026-09-06T22:07:00+09:00,environment
V02Q1940713_2026-09-06T22:07:00+09:00,37.516185359,127.114540561,48.0,2026-09-06T22:07:00+09:00,environment
V02Q1940714_2026-09-06T22:07:00+09:00,37.513385412,127.10686824,53.0,2026-09-06T22:07:00+09:00,environment
V02Q1940734_2026-09-06T22:07:00+09:00,37.518407904,127.100366298,37.0,2026-09-06T22:07:00+09:00,environment
V02Q1940736_2026-09-06T22:07:00+09:00,37.504194933,127.128187719,39.0,2026-09-06T22:07:00+09:00,environment
V02Q1940767_2026-09-06T22:07:00+09:00,37.502603852,127.092310875,47.0,2026-09-06T22:07:00+09:00,environment
V02Q1940772_2026-09-06T22:07:00+09:00,37.503635193,127.103503284,50.0,2026-09-06T22:07:00+09:00,environment
V02Q1940775_2026-09-06T22:07:00+09:00,37.505801455,127.109663753,50.0,2026-09-06T22:07:00+09:00,environment
V02Q1940781_2026-09-06T22:07:00+09:00,37.506173683,127.084756221,38.0,2026-09-06T22:07:00+09:00,environment
V02Q1940784_2026-09-06T22:07:00+09:00,37.498247757,127.126296648,40.0,2026-09-06T22:07:00+09:00,environment
V02Q1940787_2026-09-06T22:07:00+09:00,37.512955044,127.094661921,38.0,2026-09-06T22:07:00+09:00,environment
V02Q1940788_2026-09-06T22:07:00+09:00,37.509617855,127.0741524,45.0,2026-09-06T22:07:00+09:00,environment
V02Q1940790_2026-09-06T22:07:00+09:00,37.514278277,127.112258966,41.0,2026-09-06T22:07:00+09:00,environment
V02Q1940800_2026-09-06T22:07:00+09:00,37.519952859,127.1123122,47.0,2026-09-06T22:07:00+09:00,environment
V02Q1940811_2026-09-06T22:07:00+09:00,37.52727312,127.116249051,49.0,2026-09-06T22:07:00+09:00,environment
V02Q1940819_2026-09-06T22:07:00+09:00,37.507344263,127.104688643,41.0,2026-09-06T22:07:00+09:00,environment
V02Q1940820_2026-09-06T22:07:00+09:00,37.511104225,127.102321793,53.0,2026-09-06T22:07:00+09:00,environment
V02Q1940821_2026-09-06T22:07:00+09:00,37.502832774,127.108694904,47.0,2026-09-06T22:07:00+09:00,environment
V02Q1940832_2026-09-06T22:07:00+09:00,37.511768309,127.124209484,41.0,2026-09-06T22:07:00+09:00,environment
V02Q1940838_2026-09-06T22:07:00+09:00,37.51767925,127.08881891,43.0,2026-09-06T22:07:00+09:00,environment
V02Q1940847_2026-09-06T22:07:00+09:00,37.489683491,127.111908205,35.0,2026-09-06T22:07:00+09:00,environment
V02Q1940873_2026-09-06T22:07:00+09:00,37.53247211,127.114301129,46.0,2026-09-06T22:07:00+09:00,environment
V02Q1940887_2026-09-06T22:07:00+09:00,37.502749128,127.09252424,53.0,2026-09-06T22:07:00+09:00,environment
V02Q1940941_2026-09-06T22:07:00+09:00,37.509088133,127.084056858,45.0,2026-09-06T22:07:00+09:00,environment
OC3CL200017_2026-09-06T23:07:00+09:00,37.52406575,127.1285088,62.0,2026-09-06T23:07:00+09:00,environment
OC3CL200135_2026-09-06T23:07:00+09:00,37.50215692,127.07044791,61.0,2026-09-06T23:07:00+09:00,environment
OC3CL200141_2026-09-06T23:07:00+09:00,37.48877157,127.1067039,60.0,2026-09-06T23:07:00+09:00,environment
OC3CL200157_2026-09-06T23:07:00+09:00,37.492381245,127.094589306,68.0,2026-09-06T23:07:00+09:00,environment
OC3CL200207_2026-09-06T23:07:00+09:00,37.494957877,127.124194746,39.0,2026-09-06T23:07:00+09:00,environment
OC3CL210115_2026-09-06T23:07:00+09:00,37.525641,127.129665,58.0,2026-09-06T23:07:00+09:00,environment
V02Q1940079_2026-09-06T23:07:00+09:00,37.494102447,127.082209375,35.0,2026-09-06T23:07:00+09:00,environment
V02Q1940082_2026-09-06T23:07:00+09:00,37.495507594,127.085748474,48.0,2026-09-06T23:07:00+09:00,environment
V02Q1940098_2026-09-06T23:07:00+09:00,37.48670146,127.1000197,54.0,2026-09-06T23:07:00+09:00,environment
V02Q1940100_2026-09-06T23:07:00+09:00,37.494978959,127.093144214,60.0,2026-09-06T23:07:00+09:00,environment
V02Q1940246_2026-09-06T23:07:00+09:00,37.49920086,127.072395308,43.0,2026-09-06T23:07:00+09:00,environment
V02Q1940391_2026-09-06T23:07:00+09:00,37.528616803,127.085121222,41.0,2026-09-06T23:07:00+09:00,environment
V02Q1940392_2026-09-06T23:07:00+09:00,37.538286643,127.09239683,42.0,2026-09-06T23:07:00+09:00,environment
V02Q1940403_2026-09-06T23:07:00+09:00,37.534309074,127.081985567,44.0,2026-09-06T23:07:00+09:00,environment
V02Q1940411_2026-09-06T23:07:00+09:00,37.533878243,127.091521,36.0,2026-09-06T23:07:00+09:00,environment
V02Q1940506_2026-09-06T23:07:00+09:00,37.535029673,127.093240689,49.0,2026-09-06T23:07:00+09:00,environment
V02Q1940507_2026-09-06T23:07:00+09:00,37.531277474,127.123271252,38.0,2026-09-06T23:07:00+09:00,environment
V02Q1940679_2026-09-06T23:07:00+09:00,37.495212727,127.121438826,46.0,2026-09-06T23:07:00+09:00,environment
V02Q1940706_2026-09-06T23:07:00+09:00,37.502049127,127.117110751,45.0,2026-09-06T23:07:00+09:00,environment
V02Q1940708_2026-09-06T23:07:00+09:00,37.514300619,127.091447797,47.0,2026-09-06T23:07:00+09:00,environment
V02Q1940713_2026-09-06T23:07:00+09:00,37.516185359,127.114540561,43.0,2026-09-06T23:07:00+09:00,environment
V02Q1940714_2026-09-06T23:07:00+09:00,37.513385412,127.10686824,52.0,2026-09-06T23:07:00+09:00,environment
V02Q1940734_2026-09-06T23:07:00+09:00,37.518407904,127.100366298,36.0,2026-09-06T23:07:00+09:00,environment
V02Q1940736_2026-09-06T23:07:00+09:00,37.504194933,127.128187719,39.0,2026-09-06T23:07:00+09:00,environment
V02Q1940767_2026-09-06T23:07:00+09:00,37.502603852,127.092310875,46.0,2026-09-06T23:07:00+09:00,environment
V02Q1940772_2026-09-06T23:07:00+09:00,37.503635193,127.103503284,49.0,2026-09-06T23:07:00+09:00,environment
V02Q1940775_2026-09-06T23:07:00+09:00,37.505801455,127.109663753,47.0,2026-09-06T23:07:00+09:00,environment
V02Q1940781_2026-09-06T23:07:00+09:00,37.506173683,127.084756221,37.0,2026-09-06T23:07:00+09:00,environment
V02Q1940784_2026-09-06T23:07:00+09:00,37.498247757,127.126296648,39.0,2026-09-06T23:07:00+09:00,environment
V02Q1940787_2026-09-06T23:07:00+09:00,37.512955044,127.094661921,37.0,2026-09-06T23:07:00+09:00,environment
V02Q1940788_2026-09-06T23:07:00+09:00,37.509617855,127.0741524,45.0,2026-09-06T23:07:00+09:00,environment
V02Q1940790_2026-09-06T23:07:00+09:00,37.514278277,127.112258966,41.0,2026-09-06T23:07:00+09:00,environment
V02Q1940800_2026-09-06T23:07:00+09:00,37.519952859,127.1123122,46.0,2026-09-06T23:07:00+09:00,environment
V02Q1940811_2026-09-06T23:07:00+09:00,37.52727312,127.116249051,49.0,2026-09-06T23:07:00+09:00,environment
V02Q1940819_2026-09-06T23:07:00+09:00,37.507344263,127.104688643,41.0,2026-09-06T23:07:00+09:00,environment
V02Q1940820_2026-09-06T23:07:00+09:00,37.511104225,127.102321793,52.0,2026-09-06T23:07:00+09:00,environment
V02Q1940821_2026-09-06T23:07:00+09:00,37.502832774,127.108694904,47.0,2026-09-06T23:07:00+09:00,environment
V02Q1940832_2026-09-06T23:07:00+09:00,37.511768309,127.124209484,40.0,2026-09-06T23:07:00+09:00,environment
V02Q1940838_2026-09-06T23:07:00+09:00,37.51767925,127.08881891,44.0,2026-09-06T23:07:00+09:00,environment
V02Q1940847_2026-09-06T23:07:00+09:00,37.489683491,127.111908205,35.0,2026-09-06T23:07:00+09:00,environment
V02Q1940873_2026-09-06T23:07:00+09:00,37.53247211,127.114301129,47.0,2026-09-06T23:07:00+09:00,environment
V02Q1940941_2026-09-06T23:07:00+09:00,37.509088133,127.084056858,45.0,2026-09-06T23:07:00+09:00,environment
V02Q1940403_2026-09-20T13:07:00+09:00,37.534309074,127.081985567,48.0,2026-09-20T13:07:00+09:00,environment
V02Q1940391_2026-09-20T13:07:00+09:00,37.528616803,127.085121222,42.0,2026-09-20T13:07:00+09:00,environment
V02Q1940411_2026-09-20T13:07:00+09:00,37.533878243,127.091521,38.0,2026-09-20T13:07:00+09:00,environment
V02Q1940392_2026-09-20T13:07:00+09:00,37.538286643,127.09239683,45.0,2026-09-20T13:07:00+09:00,environment
OC3CL200033_2026-09-20T13:07:00+09:00,37.51217275,127.1046954,62.0,2026-09-20T13:07:00+09:00,environment
OC3CL200135_2026-09-20T13:07:00+09:00,37.50215692,127.07044791,62.0,2026-09-20T13:07:00+09:00,environment
OC3CL200207_2026-09-20T13:07:00+09:00,37.494957877,127.124194746,43.0,2026-09-20T13:07:00+09:00,environment
V02Q1940082_2026-09-20T13:07:00+09:00,37.495507594,127.085748474,49.0,2026-09-20T13:07:00+09:00,environment
V02Q1940098_2026-09-20T13:07:00+09:00,37.48670146,127.1000197,56.0,2026-09-20T13:07:00+09:00,environment
V02Q1940100_2026-09-20T13:07:00+09:00,37.494978959,127.093144214,60.0,2026-09-20T13:07:00+09:00,environment
V02Q1940246_2026-09-20T13:07:00+09:00,37.49920086,127.072395308,38.0,2026-09-20T13:07:00+09:00,environment
V02Q1940079_2026-09-20T13:07:00+09:00,37.494102447,127.082209375,35.0,2026-09-20T13:07:00+09:00,environment
V02Q1940506_2026-09-20T13:07:00+09:00,37.535029673,127.093240689,52.0,2026-09-20T13:07:00+09:00,environment
V02Q1940507_2026-09-20T13:07:00+09:00,37.531277474,127.123271252,45.0,2026-09-20T13:07:00+09:00,environment
V02Q1940838_2026-09-20T13:07:00+09:00,37.51767925,127.08881891,41.0,2026-09-20T13:07:00+09:00,environment
V02Q1940713_2026-09-20T13:07:00+09:00,37.516185359,127.114540561,50.0,2026-09-20T13:07:00+09:00,environment
V02Q1940941_2026-09-20T13:07:00+09:00,37.509088133,127.084056858,45.0,2026-09-20T13:07:00+09:00,environment
V02Q1940821_2026-09-20T13:07:00+09:00,37.502832774,127.108694904,48.0,2026-09-20T13:07:00+09:00,environment
V02Q1940887_2026-09-20T13:07:00+09:00,37.502749128,127.09252424,52.0,2026-09-20T13:07:00+09:00,environment
V02Q1940819_2026-09-20T13:07:00+09:00,37.507344263,127.104688643,41.0,2026-09-20T13:07:00+09:00,environment
V02Q1940832_2026-09-20T13:07:00+09:00,37.511768309,127.124209484,40.0,2026-09-20T13:07:00+09:00,environment
V02Q1940811_2026-09-20T13:07:00+09:00,37.52727312,127.116249051,49.0,2026-09-20T13:07:00+09:00,environment
V02Q1940714_2026-09-20T13:07:00+09:00,37.513385412,127.10686824,54.0,2026-09-20T13:07:00+09:00,environment
V02Q1940781_2026-09-20T13:07:00+09:00,37.506173683,127.084756221,39.0,2026-09-20T13:07:00+09:00,environment
V02Q1940873_2026-09-20T13:07:00+09:00,37.53247211,127.114301129,45.0,2026-09-20T13:07:00+09:00,environment
V02Q1940820_2026-09-20T13:07:00+09:00,37.511104225,127.102321793,53.0,2026-09-20T13:07:00+09:00,environment
V02Q1940800_2026-09-20T13:07:00+09:00,37.519952859,127.1123122,49.0,2026-09-20T13:07:00+09:00,environment
V02Q1940736_2026-09-20T13:07:00+09:00,37.504194933,127.128187719,38.0,2026-09-20T13:07:00+09:00,environment
V02Q1940788_2026-09-20T13:07:00+09:00,37.509617855,127.0741524,50.0,2026-09-20T13:07:00+09:00,environment
V02Q1940708_2026-09-20T13:07:00+09:00,37.514300619,127.091447797,51.0,2026-09-20T13:07:00+09:00,environment
V02Q1940787_2026-09-20T13:07:00+09:00,37.512955044,127.094661921,39.0,2026-09-20T13:07:00+09:00,environment
V02Q1940706_2026-09-20T13:07:00+09:00,37.502049127,127.117110751,48.0,2026-09-20T13:07:00+09:00,environment
V02Q1940772_2026-09-20T13:07:00+09:00,37.503635193,127.103503284,51.0,2026-09-20T13:07:00+09:00,environment
V02Q1940734_2026-09-20T13:07:00+09:00,37.518407904,127.100366298,37.0,2026-09-20T13:07:00+09:00,environment
V02Q1940790_2026-09-20T13:07:00+09:00,37.514278277,127.112258966,42.0,2026-09-20T13:07:00+09:00,environment
V02Q1940784_2026-09-20T13:07:00+09:00,37.498247757,127.126296648,40.0,2026-09-20T13:07:00+09:00,environment
V02Q1940775_2026-09-20T13:07:00+09:00,37.505801455,127.109663753,49.0,2026-09-20T13:07:00+09:00,environment
V02Q1940847_2026-09-20T13:07:00+09:00,37.489683491,127.111908205,35.0,2026-09-20T13:07:00+09:00,environment
V02Q1940767_2026-09-20T13:07:00+09:00,37.502603852,127.092310875,46.0,2026-09-20T13:07:00+09:00,environment
V02Q1940679_2026-09-20T13:07:00+09:00,37.495212727,127.121438826,49.0,2026-09-20T13:07:00+09:00,environment
OC3CL210115_2026-09-20T13:07:00+09:00,37.525641,127.129665,64.0,2026-09-20T13:07:00+09:00,environment
OC3CL200157_2026-09-20T13:07:00+09:00,37.492381245,127.094589306,71.0,2026-09-20T13:07:00+09:00,environment
OC3CL200135_2026-09-20T12:07:00+09:00,37.50215692,127.07044791,61.0,2026-09-20T12:07:00+09:00,environment
V02Q1940736_2026-09-20T12:07:00+09:00,37.504194933,127.128187719,39.0,2026-09-20T12:07:00+09:00,environment
V02Q1940734_2026-09-20T12:07:00+09:00,37.518407904,127.100366298,37.0,2026-09-20T12:07:00+09:00,environment
V02Q1940714_2026-09-20T12:07:00+09:00,37.513385412,127.10686824,54.0,2026-09-20T12:07:00+09:00,environment
V02Q1940713_2026-09-20T12:07:00+09:00,37.516185359,127.114540561,49.0,2026-09-20T12:07:00+09:00,environment
V02Q1940706_2026-09-20T12:07:00+09:00,37.502049127,127.117110751,47.0,2026-09-20T12:07:00+09:00,environment
V02Q1940708_2026-09-20T12:07:00+09:00,37.514300619,127.091447797,51.0,2026-09-20T12:07:00+09:00,environment
V02Q1940679_2026-09-20T12:07:00+09:00,37.495212727,127.121438826,48.0,2026-09-20T12:07:00+09:00,environment
V02Q1940887_2026-09-20T12:07:00+09:00,37.502749128,127.09252424,52.0,2026-09-20T12:07:00+09:00,environment
V02Q1940941_2026-09-20T12:07:00+09:00,37.509088133,127.084056858,45.0,2026-09-20T12:07:00+09:00,environment
V02Q1940873_2026-09-20T12:07:00+09:00,37.53247211,127.114301129,45.0,2026-09-20T12:07:00+09:00,environment
V02Q1940847_2026-09-20T12:07:00+09:00,37.489683491,127.111908205,35.0,2026-09-20T12:07:00+09:00,environment
V02Q1940838_2026-09-20T12:07:00+09:00,37.51767925,127.08881891,41.0,2026-09-20T12:07:00+09:00,environment
V02Q1940832_2026-09-20T12:07:00+09:00,37.511768309,127.124209484,40.0,2026-09-20T12:07:00+09:00,environment
V02Q1940819_2026-09-20T12:07:00+09:00,37.507344263,127.104688643,41.0,2026-09-20T12:07:00+09:00,environment
V02Q1940820_2026-09-20T12:07:00+09:00,37.511104225,127.102321793,53.0,2026-09-20T12:07:00+09:00,environment
V02Q1940811_2026-09-20T12:07:00+09:00,37.52727312,127.116249051,50.0,2026-09-20T12:07:00+09:00,environment
V02Q1940821_2026-09-20T12:07:00+09:00,37.502832774,127.108694904,48.0,2026-09-20T12:07:00+09:00,environment
V02Q1940800_2026-09-20T12:07:00+09:00,37.519952859,127.1123122,48.0,2026-09-20T12:07:00+09:00,environment
V02Q1940790_2026-09-20T12:07:00+09:00,37.514278277,127.112258966,41.0,2026-09-20T12:07:00+09:00,environment
V02Q1940788_2026-09-20T12:07:00+09:00,37.509617855,127.0741524,49.0,2026-09-20T12:07:00+09:00,environment
V02Q1940787_2026-09-20T12:07:00+09:00,37.512955044,127.094661921,41.0,2026-09-20T12:07:00+09:00,environment
V02Q1940784_2026-09-20T12:07:00+09:00,37.498247757,127.126296648,40.0,2026-09-20T12:07:00+09:00,environment
V02Q1940781_2026-09-20T12:07:00+09:00,37.506173683,127.084756221,40.0,2026-09-20T12:07:00+09:00,environment
V02Q1940775_2026-09-20T12:07:00+09:00,37.505801455,127.109663753,49.0,2026-09-20T12:07:00+09:00,environment
V02Q1940767_2026-09-20T12:07:00+09:00,37.502603852,127.092310875,46.0,2026-09-20T12:07:00+09:00,environment
V02Q1940772_2026-09-20T12:07:00+09:00,37.503635193,127.103503284,51.0,2026-09-20T12:07:00+09:00,environment
V02Q1940506_2026-09-20T12:07:00+09:00,37.535029673,127.093240689,52.0,2026-09-20T12:07:00+09:00,environment
V02Q1940507_2026-09-20T12:07:00+09:00,37.531277474,127.123271252,50.0,2026-09-20T12:07:00+09:00,environment
V02Q1940411_2026-09-20T12:07:00+09:00,37.533878243,127.091521,38.0,2026-09-20T12:07:00+09:00,environment
V02Q1940403_2026-09-20T12:07:00+09:00,37.534309074,127.081985567,48.0,2026-09-20T12:07:00+09:00,environment
V02Q1940392_2026-09-20T12:07:00+09:00,37.538286643,127.09239683,45.0,2026-09-20T12:07:00+09:00,environment
V02Q1940391_2026-09-20T12:07:00+09:00,37.528616803,127.085121222,41.0,2026-09-20T12:07:00+09:00,environment
OC3CL200033_2026-09-20T12:07:00+09:00,37.51217275,127.1046954,60.0,2026-09-20T12:07:00+09:00,environment
V02Q1940246_2026-09-20T12:07:00+09:00,37.49920086,127.072395308,38.0,2026-09-20T12:07:00+09:00,environment
V02Q1940098_2026-09-20T12:07:00+09:00,37.48670146,127.1000197,56.0,2026-09-20T12:07:00+09:00,environment
V02Q1940100_2026-09-20T12:07:00+09:00,37.494978959,127.093144214,60.0,2026-09-20T12:07:00+09:00,environment
V02Q1940079_2026-09-20T12:07:00+09:00,37.494102447,127.082209375,35.0,2026-09-20T12:07:00+09:00,environment
V02Q1940082_2026-09-20T12:07:00+09:00,37.495507594,127.085748474,48.0,2026-09-20T12:07:00+09:00,environment
OC3CL210115_2026-09-20T12:07:00+09:00,37.525641,127.129665,65.0,2026-09-20T12:07:00+09:00,environment
OC3CL200207_2026-09-20T12:07:00+09:00,37.494957877,127.124194746,45.0,2026-09-20T12:07:00+09:00,environment
OC3CL200157_2026-09-20T12:07:00+09:00,37.492381245,127.094589306,70.0,2026-09-20T12:07:00+09:00,environment
V02Q1940403_2026-09-20T11:07:00+09:00,37.534309074,127.081985567,47.0,2026-09-20T11:07:00+09:00,environment
V02Q1940411_2026-09-20T11:07:00+09:00,37.533878243,127.091521,37.0,2026-09-20T11:07:00+09:00,environment
V02Q1940391_2026-09-20T11:07:00+09:00,37.528616803,127.085121222,41.0,2026-09-20T11:07:00+09:00,environment
V02Q1940392_2026-09-20T11:07:00+09:00,37.538286643,127.09239683,44.0,2026-09-20T11:07:00+09:00,environment
V02Q1940506_2026-09-20T11:07:00+09:00,37.535029673,127.093240689,53.0,2026-09-20T11:07:00+09:00,environment
V02Q1940679_2026-09-20T11:07:00+09:00,37.495212727,127.121438826,48.0,2026-09-20T11:07:00+09:00,environment
V02Q1940767_2026-09-20T11:07:00+09:00,37.502603852,127.092310875,46.0,2026-09-20T11:07:00+09:00,environment
V02Q1940775_2026-09-20T11:07:00+09:00,37.505801455,127.109663753,49.0,2026-09-20T11:07:00+09:00,environment
V02Q1940734_2026-09-20T11:07:00+09:00,37.518407904,127.100366298,38.0,2026-09-20T11:07:00+09:00,environment
V02Q1940784_2026-09-20T11:07:00+09:00,37.498247757,127.126296648,41.0,2026-09-20T11:07:00+09:00,environment
V02Q1940790_2026-09-20T11:07:00+09:00,37.514278277,127.112258966,40.0,2026-09-20T11:07:00+09:00,environment
V02Q1940706_2026-09-20T11:07:00+09:00,37.502049127,127.117110751,46.0,2026-09-20T11:07:00+09:00,environment
V02Q1940772_2026-09-20T11:07:00+09:00,37.503635193,127.103503284,50.0,2026-09-20T11:07:00+09:00,environment
V02Q1940847_2026-09-20T11:07:00+09:00,37.489683491,127.111908205,35.0,2026-09-20T11:07:00+09:00,environment
V02Q1940708_2026-09-20T11:07:00+09:00,37.514300619,127.091447797,51.0,2026-09-20T11:07:00+09:00,environment
V02Q1940941_2026-09-20T11:07:00+09:00,37.509088133,127.084056858,41.0,2026-09-20T11:07:00+09:00,environment
V02Q1940781_2026-09-20T11:07:00+09:00,37.506173683,127.084756221,39.0,2026-09-20T11:07:00+09:00,environment
V02Q1940787_2026-09-20T11:07:00+09:00,37.512955044,127.094661921,41.0,2026-09-20T11:07:00+09:00,environment
V02Q1940800_2026-09-20T11:07:00+09:00,37.519952859,127.1123122,48.0,2026-09-20T11:07:00+09:00,environment
V02Q1940832_2026-09-20T11:07:00+09:00,37.511768309,127.124209484,40.0,2026-09-20T11:07:00+09:00,environment
V02Q1940873_2026-09-20T11:07:00+09:00,37.53247211,127.114301129,45.0,2026-09-20T11:07:00+09:00,environment
V02Q1940713_2026-09-20T11:07:00+09:00,37.516185359,127.114540561,49.0,2026-09-20T11:07:00+09:00,environment
V02Q1940811_2026-09-20T11:07:00+09:00,37.52727312,127.116249051,49.0,2026-09-20T11:07:00+09:00,environment
V02Q1940736_2026-09-20T11:07:00+09:00,37.504194933,127.128187719,40.0,2026-09-20T11:07:00+09:00,environment
V02Q1940714_2026-09-20T11:07:00+09:00,37.513385412,127.10686824,53.0,2026-09-20T11:07:00+09:00,environment
V02Q1940819_2026-09-20T11:07:00+09:00,37.507344263,127.104688643,42.0,2026-09-20T11:07:00+09:00,environment
V02Q1940820_2026-09-20T11:07:00+09:00,37.511104225,127.102321793,53.0,2026-09-20T11:07:00+09:00,environment
V02Q1940821_2026-09-20T11:07:00+09:00,37.502832774,127.108694904,48.0,2026-09-20T11:07:00+09:00,environment
V02Q1940788_2026-09-20T11:07:00+09:00,37.509617855,127.0741524,49.0,2026-09-20T11:07:00+09:00,environment
V02Q1940838_2026-09-20T11:07:00+09:00,37.51767925,127.08881891,41.0,2026-09-20T11:07:00+09:00,environment
V02Q1940887_2026-09-20T11:07:00+09:00,37.502749128,127.09252424,52.0,2026-09-20T11:07:00+09:00,environment
V02Q1940507_2026-09-20T11:07:00+09:00,37.531277474,127.123271252,44.0,2026-09-20T11:07:00+09:00,environment
V02Q1940079_2026-09-20T11:07:00+09:00,37.494102447,127.082209375,35.0,2026-09-20T11:07:00+09:00,environment
V02Q1940246_2026-09-20T11:07:00+09:00,37.49920086,127.072395308,40.0,2026-09-20T11:07:00+09:00,environment
V02Q1940100_2026-09-20T11:07:00+09:00,37.494978959,127.093144214,60.0,2026-09-20T11:07:00+09:00,environment
V02Q1940082_2026-09-20T11:07:00+09:00,37.495507594,127.085748474,49.0,2026-09-20T11:07:00+09:00,environment
V02Q1940098_2026-09-20T11:07:00+09:00,37.48670146,127.1000197,56.0,2026-09-20T11:07:00+09:00,environment
OC3CL200135_2026-09-20T11:07:00+09:00,37.50215692,127.07044791,61.0,2026-09-20T11:07:00+09:00,environment
OC3CL200033_2026-09-20T11:07:00+09:00,37.51217275,127.1046954,59.0,2026-09-20T11:07:00+09:00,environment
OC3CL200207_2026-09-20T11:07:00+09:00,37.494957877,127.124194746,41.0,2026-09-20T11:07:00+09:00,environment
OC3CL200017_2026-09-20T11:07:00+09:00,37.52406575,127.1285088,65.0,2026-09-20T11:07:00+09:00,environment
OC3CL210115_2026-09-20T11:07:00+09:00,37.525641,127.129665,64.0,2026-09-20T11:07:00+09:00,environment
V02Q1940411_2026-09-20T10:07:00+09:00,37.533878243,127.091521,37.0,2026-09-20T10:07:00+09:00,environment
V02Q1940403_2026-09-20T10:07:00+09:00,37.534309074,127.081985567,44.0,2026-09-20T10:07:00+09:00,environment
V02Q1940392_2026-09-20T10:07:00+09:00,37.538286643,127.09239683,43.0,2026-09-20T10:07:00+09:00,environment
V02Q1940391_2026-09-20T10:07:00+09:00,37.528616803,127.085121222,43.0,2026-09-20T10:07:00+09:00,environment
V02Q1940506_2026-09-20T10:07:00+09:00,37.535029673,127.093240689,52.0,2026-09-20T10:07:00+09:00,environment
V02Q1940790_2026-09-20T10:07:00+09:00,37.514278277,127.112258966,39.0,2026-09-20T10:07:00+09:00,environment
V02Q1940784_2026-09-20T10:07:00+09:00,37.498247757,127.126296648,41.0,2026-09-20T10:07:00+09:00,environment
V02Q1940734_2026-09-20T10:07:00+09:00,37.518407904,127.100366298,37.0,2026-09-20T10:07:00+09:00,environment
V02Q1940679_2026-09-20T10:07:00+09:00,37.495212727,127.121438826,48.0,2026-09-20T10:07:00+09:00,environment
V02Q1940767_2026-09-20T10:07:00+09:00,37.502603852,127.092310875,45.0,2026-09-20T10:07:00+09:00,environment
V02Q1940772_2026-09-20T10:07:00+09:00,37.503635193,127.103503284,50.0,2026-09-20T10:07:00+09:00,environment
V02Q1940708_2026-09-20T10:07:00+09:00,37.514300619,127.091447797,50.0,2026-09-20T10:07:00+09:00,environment
V02Q1940847_2026-09-20T10:07:00+09:00,37.489683491,127.111908205,35.0,2026-09-20T10:07:00+09:00,environment
V02Q1940775_2026-09-20T10:07:00+09:00,37.505801455,127.109663753,47.0,2026-09-20T10:07:00+09:00,environment
V02Q1940788_2026-09-20T10:07:00+09:00,37.509617855,127.0741524,49.0,2026-09-20T10:07:00+09:00,environment
V02Q1940781_2026-09-20T10:07:00+09:00,37.506173683,127.084756221,39.0,2026-09-20T10:07:00+09:00,environment
V02Q1940706_2026-09-20T10:07:00+09:00,37.502049127,127.117110751,46.0,2026-09-20T10:07:00+09:00,environment
V02Q1940800_2026-09-20T10:07:00+09:00,37.519952859,127.1123122,48.0,2026-09-20T10:07:00+09:00,environment
V02Q1940736_2026-09-20T10:07:00+09:00,37.504194933,127.128187719,39.0,2026-09-20T10:07:00+09:00,environment
V02Q1940787_2026-09-20T10:07:00+09:00,37.512955044,127.094661921,40.0,2026-09-20T10:07:00+09:00,environment
V02Q1940714_2026-09-20T10:07:00+09:00,37.513385412,127.10686824,53.0,2026-09-20T10:07:00+09:00,environment
V02Q1940713_2026-09-20T10:07:00+09:00,37.516185359,127.114540561,48.0,2026-09-20T10:07:00+09:00,environment
V02Q1940821_2026-09-20T10:07:00+09:00,37.502832774,127.108694904,47.0,2026-09-20T10:07:00+09:00,environment
V02Q1940873_2026-09-20T10:07:00+09:00,37.53247211,127.114301129,45.0,2026-09-20T10:07:00+09:00,environment
V02Q1940811_2026-09-20T10:07:00+09:00,37.52727312,127.116249051,50.0,2026-09-20T10:07:00+09:00,environment
V02Q1940941_2026-09-20T10:07:00+09:00,37.509088133,127.084056858,40.0,2026-09-20T10:07:00+09:00,environment
V02Q1940832_2026-09-20T10:07:00+09:00,37.511768309,127.124209484,40.0,2026-09-20T10:07:00+09:00,environment
V02Q1940820_2026-09-20T10:07:00+09:00,37.511104225,127.102321793,53.0,2026-09-20T10:07:00+09:00,environment
V02Q1940887_2026-09-20T10:07:00+09:00,37.502749128,127.09252424,52.0,2026-09-20T10:07:00+09:00,environment
V02Q1940819_2026-09-20T10:07:00+09:00,37.507344263,127.104688643,42.0,2026-09-20T10:07:00+09:00,environment
V02Q1940838_2026-09-20T10:07:00+09:00,37.51767925,127.08881891,41.0,2026-09-20T10:07:00+09:00,environment
V02Q1940507_2026-09-20T10:07:00+09:00,37.531277474,127.123271252,39.0,2026-09-20T10:07:00+09:00,environment
V02Q1940079_2026-09-20T10:07:00+09:00,37.494102447,127.082209375,35.0,2026-09-20T10:07:00+09:00,environment
V02Q1940246_2026-09-20T10:07:00+09:00,37.49920086,127.072395308,40.0,2026-09-20T10:07:00+09:00,environment
V02Q1940098_2026-09-20T10:07:00+09:00,37.48670146,127.1000197,56.0,2026-09-20T10:07:00+09:00,environment
V02Q1940100_2026-09-20T10:07:00+09:00,37.494978959,127.093144214,60.0,2026-09-20T10:07:00+09:00,environment
V02Q1940082_2026-09-20T10:07:00+09:00,37.495507594,127.085748474,48.0,2026-09-20T10:07:00+09:00,environment
OC3CL200135_2026-09-20T10:07:00+09:00,37.50215692,127.07044791,62.0,2026-09-20T10:07:00+09:00,environment
OC3CL200207_2026-09-20T10:07:00+09:00,37.494957877,127.124194746,40.0,2026-09-20T10:07:00+09:00,environment
OC3CL200033_2026-09-20T10:07:00+09:00,37.51217275,127.1046954,57.0,2026-09-20T10:07:00+09:00,environment
OC3CL200017_2026-09-20T10:07:00+09:00,37.52406575,127.1285088,65.0,2026-09-20T10:07:00+09:00,environment
OC3CL210115_2026-09-20T10:07:00+09:00,37.525641,127.129665,61.0,2026-09-20T10:07:00+09:00,environment
OC3CL200017_2026-09-20T09:07:00+09:00,37.52406575,127.1285088,64.0,2026-09-20T09:07:00+09:00,environment
V02Q1940713_2026-09-20T09:07:00+09:00,37.516185359,127.114540561,48.0,2026-09-20T09:07:00+09:00,environment
V02Q1940708_2026-09-20T09:07:00+09:00,37.514300619,127.091447797,49.0,2026-09-20T09:07:00+09:00,environment
V02Q1940714_2026-09-20T09:07:00+09:00,37.513385412,127.10686824,52.0,2026-09-20T09:07:00+09:00,environment
V02Q1940706_2026-09-20T09:07:00+09:00,37.502049127,127.117110751,45.0,2026-09-20T09:07:00+09:00,environment
V02Q1940734_2026-09-20T09:07:00+09:00,37.518407904,127.100366298,38.0,2026-09-20T09:07:00+09:00,environment
V02Q1940736_2026-09-20T09:07:00+09:00,37.504194933,127.128187719,39.0,2026-09-20T09:07:00+09:00,environment
V02Q1940772_2026-09-20T09:07:00+09:00,37.503635193,127.103503284,48.0,2026-09-20T09:07:00+09:00,environment
V02Q1940767_2026-09-20T09:07:00+09:00,37.502603852,127.092310875,45.0,2026-09-20T09:07:00+09:00,environment
V02Q1940775_2026-09-20T09:07:00+09:00,37.505801455,127.109663753,46.0,2026-09-20T09:07:00+09:00,environment
V02Q1940781_2026-09-20T09:07:00+09:00,37.506173683,127.084756221,38.0,2026-09-20T09:07:00+09:00,environment
V02Q1940790_2026-09-20T09:07:00+09:00,37.514278277,127.112258966,37.0,2026-09-20T09:07:00+09:00,environment
V02Q1940787_2026-09-20T09:07:00+09:00,37.512955044,127.094661921,39.0,2026-09-20T09:07:00+09:00,environment
V02Q1940788_2026-09-20T09:07:00+09:00,37.509617855,127.0741524,48.0,2026-09-20T09:07:00+09:00,environment
V02Q1940784_2026-09-20T09:07:00+09:00,37.498247757,127.126296648,42.0,2026-09-20T09:07:00+09:00,environment
V02Q1940819_2026-09-20T09:07:00+09:00,37.507344263,127.104688643,40.0,2026-09-20T09:07:00+09:00,environment
V02Q1940800_2026-09-20T09:07:00+09:00,37.519952859,127.1123122,47.0,2026-09-20T09:07:00+09:00,environment
V02Q1940811_2026-09-20T09:07:00+09:00,37.52727312,127.116249051,50.0,2026-09-20T09:07:00+09:00,environment
V02Q1940820_2026-09-20T09:07:00+09:00,37.511104225,127.102321793,53.0,2026-09-20T09:07:00+09:00,environment
V02Q1940832_2026-09-20T09:07:00+09:00,37.511768309,127.124209484,40.0,2026-09-20T09:07:00+09:00,environment
V02Q1940838_2026-09-20T09:07:00+09:00,37.51767925,127.08881891,40.0,2026-09-20T09:07:00+09:00,environment
V02Q1940821_2026-09-20T09:07:00+09:00,37.502832774,127.108694904,48.0,2026-09-20T09:07:00+09:00,environment
V02Q1940847_2026-09-20T09:07:00+09:00,37.489683491,127.111908205,35.0,2026-09-20T09:07:00+09:00,environment
V02Q1940887_2026-09-20T09:07:00+09:00,37.502749128,127.09252424,52.0,2026-09-20T09:07:00+09:00,environment
V02Q1940873_2026-09-20T09:07:00+09:00,37.53247211,127.114301129,45.0,2026-09-20T09:07:00+09:00,environment
V02Q1940941_2026-09-20T09:07:00+09:00,37.509088133,127.084056858,40.0,2026-09-20T09:07:00+09:00,environment
OC3CL210115_2026-09-20T09:07:00+09:00,37.525641,127.129665,60.0,2026-09-20T09:07:00+09:00,environment
OC3CL200207_2026-09-20T09:07:00+09:00,37.494957877,127.124194746,38.0,2026-09-20T09:07:00+09:00,environment
OC3CL200135_2026-09-20T09:07:00+09:00,37.50215692,127.07044791,62.0,2026-09-20T09:07:00+09:00,environment
OC3CL200033_2026-09-20T09:07:00+09:00,37.51217275,127.1046954,57.0,2026-09-20T09:07:00+09:00,environment
V02Q1940679_2026-09-20T09:07:00+09:00,37.495212727,127.121438826,46.0,2026-09-20T09:07:00+09:00,environment
V02Q1940506_2026-09-20T09:07:00+09:00,37.535029673,127.093240689,52.0,2026-09-20T09:07:00+09:00,environment
V02Q1940507_2026-09-20T09:07:00+09:00,37.531277474,127.123271252,37.0,2026-09-20T09:07:00+09:00,environment
V02Q1940392_2026-09-20T09:07:00+09:00,37.538286643,127.09239683,43.0,2026-09-20T09:07:00+09:00,environment
V02Q1940391_2026-09-20T09:07:00+09:00,37.528616803,127.085121222,41.0,2026-09-20T09:07:00+09:00,environment
V02Q1940411_2026-09-20T09:07:00+09:00,37.533878243,127.091521,38.0,2026-09-20T09:07:00+09:00,environment
V02Q1940403_2026-09-20T09:07:00+09:00,37.534309074,127.081985567,43.0,2026-09-20T09:07:00+09:00,environment
V02Q1940246_2026-09-20T09:07:00+09:00,37.49920086,127.072395308,42.0,2026-09-20T09:07:00+09:00,environment
V02Q1940100_2026-09-20T09:07:00+09:00,37.494978959,127.093144214,60.0,2026-09-20T09:07:00+09:00,environment
V02Q1940098_2026-09-20T09:07:00+09:00,37.48670146,127.1000197,55.0,2026-09-20T09:07:00+09:00,environment
V02Q1940082_2026-09-20T09:07:00+09:00,37.495507594,127.085748474,48.0,2026-09-20T09:07:00+09:00,environment
V02Q1940079_2026-09-20T09:07:00+09:00,37.494102447,127.082209375,35.0,2026-09-20T09:07:00+09:00,environment
V02Q1940100_2026-09-20T08:07:00+09:00,37.494978959,127.093144214,59.0,2026-09-20T08:07:00+09:00,environment
V02Q1940082_2026-09-20T08:07:00+09:00,37.495507594,127.085748474,48.0,2026-09-20T08:07:00+09:00,environment
V02Q1940098_2026-09-20T08:07:00+09:00,37.48670146,127.1000197,54.0,2026-09-20T08:07:00+09:00,environment
V02Q1940079_2026-09-20T08:07:00+09:00,37.494102447,127.082209375,35.0,2026-09-20T08:07:00+09:00,environment
V02Q1940246_2026-09-20T08:07:00+09:00,37.49920086,127.072395308,43.0,2026-09-20T08:07:00+09:00,environment
V02Q1940507_2026-09-20T08:07:00+09:00,37.531277474,127.123271252,38.0,2026-09-20T08:07:00+09:00,environment
V02Q1940838_2026-09-20T08:07:00+09:00,37.51767925,127.08881891,40.0,2026-09-20T08:07:00+09:00,environment
V02Q1940820_2026-09-20T08:07:00+09:00,37.511104225,127.102321793,51.0,2026-09-20T08:07:00+09:00,environment
V02Q1940887_2026-09-20T08:07:00+09:00,37.502749128,127.09252424,52.0,2026-09-20T08:07:00+09:00,environment
V02Q1940941_2026-09-20T08:07:00+09:00,37.509088133,127.084056858,42.0,2026-09-20T08:07:00+09:00,environment
V02Q1940713_2026-09-20T08:07:00+09:00,37.516185359,127.114540561,47.0,2026-09-20T08:07:00+09:00,environment
V02Q1940873_2026-09-20T08:07:00+09:00,37.53247211,127.114301129,45.0,2026-09-20T08:07:00+09:00,environment
V02Q1940821_2026-09-20T08:07:00+09:00,37.502832774,127.108694904,46.0,2026-09-20T08:07:00+09:00,environment
V02Q1940819_2026-09-20T08:07:00+09:00,37.507344263,127.104688643,40.0,2026-09-20T08:07:00+09:00,environment
V02Q1940736_2026-09-20T08:07:00+09:00,37.504194933,127.128187719,39.0,2026-09-20T08:07:00+09:00,environment
V02Q1940781_2026-09-20T08:07:00+09:00,37.506173683,127.084756221,37.0,2026-09-20T08:07:00+09:00,environment
V02Q1940714_2026-09-20T08:07:00+09:00,37.513385412,127.10686824,50.0,2026-09-20T08:07:00+09:00,environment
V02Q1940832_2026-09-20T08:07:00+09:00,37.511768309,127.124209484,39.0,2026-09-20T08:07:00+09:00,environment
V02Q1940811_2026-09-20T08:07:00+09:00,37.52727312,127.116249051,50.0,2026-09-20T08:07:00+09:00,environment
V02Q1940788_2026-09-20T08:07:00+09:00,37.509617855,127.0741524,47.0,2026-09-20T08:07:00+09:00,environment
V02Q1940847_2026-09-20T08:07:00+09:00,37.489683491,127.111908205,35.0,2026-09-20T08:07:00+09:00,environment
V02Q1940787_2026-09-20T08:07:00+09:00,37.512955044,127.094661921,40.0,2026-09-20T08:07:00+09:00,environment
V02Q1940708_2026-09-20T08:07:00+09:00,37.514300619,127.091447797,47.0,2026-09-20T08:07:00+09:00,environment
V02Q1940800_2026-09-20T08:07:00+09:00,37.519952859,127.1123122,46.0,2026-09-20T08:07:00+09:00,environment
V02Q1940706_2026-09-20T08:07:00+09:00,37.502049127,127.117110751,44.0,2026-09-20T08:07:00+09:00,environment
V02Q1940734_2026-09-20T08:07:00+09:00,37.518407904,127.100366298,39.0,2026-09-20T08:07:00+09:00,environment
V02Q1940772_2026-09-20T08:07:00+09:00,37.503635193,127.103503284,47.0,2026-09-20T08:07:00+09:00,environment
V02Q1940784_2026-09-20T08:07:00+09:00,37.498247757,127.126296648,43.0,2026-09-20T08:07:00+09:00,environment
V02Q1940679_2026-09-20T08:07:00+09:00,37.495212727,127.121438826,46.0,2026-09-20T08:07:00+09:00,environment
V02Q1940775_2026-09-20T08:07:00+09:00,37.505801455,127.109663753,45.0,2026-09-20T08:07:00+09:00,environment
V02Q1940790_2026-09-20T08:07:00+09:00,37.514278277,127.112258966,37.0,2026-09-20T08:07:00+09:00,environment
V02Q1940767_2026-09-20T08:07:00+09:00,37.502603852,127.092310875,43.0,2026-09-20T08:07:00+09:00,environment
V02Q1940506_2026-09-20T08:07:00+09:00,37.535029673,127.093240689,50.0,2026-09-20T08:07:00+09:00,environment
V02Q1940392_2026-09-20T08:07:00+09:00,37.538286643,127.09239683,42.0,2026-09-20T08:07:00+09:00,environment
V02Q1940411_2026-09-20T08:07:00+09:00,37.533878243,127.091521,39.0,2026-09-20T08:07:00+09:00,environment
V02Q1940403_2026-09-20T08:07:00+09:00,37.534309074,127.081985567,44.0,2026-09-20T08:07:00+09:00,environment
V02Q1940391_2026-09-20T08:07:00+09:00,37.528616803,127.085121222,41.0,2026-09-20T08:07:00+09:00,environment
OC3CL200135_2026-09-20T08:07:00+09:00,37.50215692,127.07044791,61.0,2026-09-20T08:07:00+09:00,environment
OC3CL200033_2026-09-20T08:07:00+09:00,37.51217275,127.1046954,55.0,2026-09-20T08:07:00+09:00,environment
OC3CL200017_2026-09-20T08:07:00+09:00,37.52406575,127.1285088,63.0,2026-09-20T08:07:00+09:00,environment
OC3CL210115_2026-09-20T08:07:00+09:00,37.525641,127.129665,59.0,2026-09-20T08:07:00+09:00,environment
OC3CL200207_2026-09-20T08:07:00+09:00,37.494957877,127.124194746,36.0,2026-09-20T08:07:00+09:00,environment
