shade_id,lat,lng,shade_type,shade_score
TREE_00001,37.51369046,127.1006886,tree,100.0
TREE_00002,37.5132776,127.0993182,tree,100.0
TREE_00003,37.51368591,127.1008485,tree,100.0
TREE_00004,37.51323474,127.0992442,tree,100.0
TREE_00005,37.51319618,127.0991748,tree,100.0
TREE_00006,37.51408579,127.0999377,tree,100.0
TREE_00007,37.51374369,127.1009936,tree,100.0
TREE_00008,37.51316877,127.0991075,tree,100.0
TREE_00009,37.51413984,127.099887,tree,100.0
TREE_00010,37.51340891,127.1012044,tree,100.0
TREE_00011,37.51389952,127.0993119,tree,100.0
TREE_00012,37.51316787,127.0990191,tree,100.0
TREE_00013,37.51418896,127.0998373,tree,100.0
TREE_00014,37.51376294,127.1011374,tree,100.0
TREE_00015,37.51343524,127.1012823,tree,100.0
TREE_00016,37.51312527,127.0988558,tree,100.0
TREE_00017,37.51347689,127.1014065,tree,100.0
TREE_00018,37.51383105,127.1012726,tree,100.0
TREE_00019,37.51434686,127.0998176,tree,100.0
TREE_00020,37.51274301,127.0989781,tree,100.0
TREE_00021,37.51349441,127.1014683,tree,100.0
TREE_00022,37.51382668,127.1013432,tree,100.0
TREE_00023,37.51310195,127.0987591,tree,100.0
TREE_00024,37.51437962,127.0997805,tree,100.0
TREE_00025,37.51441529,127.0997577,tree,100.0
TREE_00026,37.51352964,127.1015576,tree,100.0
TREE_00027,37.51439985,127.0996266,tree,100.0
TREE_00028,37.51270441,127.0988216,tree,100.0
TREE_00029,37.51306746,127.098645,tree,100.0
TREE_00030,37.51354334,127.1016209,tree,100.0
TREE_00031,37.51447257,127.099718,tree,100.0
TREE_00032,37.51450051,127.0996733,tree,100.0
TREE_00033,37.51268202,127.0987448,tree,100.0
TREE_00034,37.51357307,127.1016883,tree,100.0
TREE_00035,37.51454071,127.0996387,tree,100.0
TREE_00036,37.51305233,127.0985085,tree,100.0
TREE_00037,37.51359907,127.101777,tree,100.0
TREE_00038,37.51457343,127.0995802,tree,100.0
TREE_00039,37.51265418,127.0986434,tree,100.0
TREE_00040,37.51461397,127.0995552,tree,100.0
TREE_00041,37.51362153,127.1018528,tree,100.0
TREE_00042,37.51301236,127.0983821,tree,100.0
TREE_00043,37.51263394,127.0985434,tree,100.0
TREE_00044,37.51465576,127.099524,tree,100.0
TREE_00045,37.5119683,127.1008303,tree,100.0
TREE_00046,37.51365396,127.1019397,tree,100.0
TREE_00047,37.51261993,127.0984749,tree,100.0
TREE_00048,37.51470833,127.0994841,tree,100.0
TREE_00049,37.51190905,127.1008887,tree,100.0
TREE_00050,37.51368025,127.1020139,tree,100.0
TREE_00051,37.51475476,127.0994564,tree,100.0
TREE_00052,37.51296772,127.0982214,tree,100.0
TREE_00053,37.5147725,127.0994393,tree,100.0
TREE_00054,37.51481628,127.1006516,tree,100.0
TREE_00055,37.51185938,127.1009174,tree,100.0
TREE_00056,37.51481212,127.1007321,tree,100.0
TREE_00057,37.51485668,127.1005913,tree,100.0
TREE_00058,37.51478433,127.0993705,tree,100.0
TREE_00059,37.51257667,127.0983363,tree,100.0
TREE_00060,37.51370289,127.1020923,tree,100.0
TREE_00061,37.51294004,127.0981453,tree,100.0
TREE_00062,37.51489592,127.1005501,tree,100.0
TREE_00063,37.51482352,127.1008647,tree,100.0
TREE_00064,37.51181291,127.1009483,tree,100.0
TREE_00065,37.51484246,127.1008074,tree,100.0
TREE_00066,37.51483413,127.1009311,tree,100.0
TREE_00067,37.5149386,127.1005229,tree,100.0
TREE_00068,37.51372237,127.1021631,tree,100.0
TREE_00069,37.51178047,127.1009952,tree,100.0
TREE_00070,37.51487693,127.1009042,tree,100.0
TREE_00071,37.51486491,127.0993026,tree,100.0
TREE_00072,37.51485369,127.1010006,tree,100.0
TREE_00073,37.51254225,127.0981904,tree,100.0
TREE_00074,37.51172753,127.1010308,tree,100.0
TREE_00075,37.51372851,127.1022492,tree,100.0
TREE_00076,37.51490154,127.1009812,tree,100.0
TREE_00077,37.51488074,127.1010572,tree,100.0
TREE_00078,37.51491023,127.099265,tree,100.0
TREE_00079,37.51500391,127.1006903,tree,100.0
TREE_00080,37.51498565,127.1007808,tree,100.0
TREE_00081,37.51491884,127.1010464,tree,100.0
TREE_00082,37.51417269,127.1020776,tree,100.0
TREE_00083,37.51503328,127.1006452,tree,100.0
TREE_00084,37.51421428,127.1020546,tree,100.0
TREE_00085,37.51500386,127.1008324,tree,100.0
TREE_00086,37.51427644,127.1020221,tree,100.0
TREE_00087,37.51490677,127.1011359,tree,100.0
TREE_00088,37.51495304,127.0992287,tree,100.0
TREE_00089,37.51505844,127.1006314,tree,100.0
TREE_00090,37.51434501,127.1019799,tree,100.0
TREE_00091,37.51375535,127.1023313,tree,100.0
TREE_00092,37.51440971,127.1019474,tree,100.0
TREE_00093,37.5151135,127.1004114,tree,100.0
TREE_00094,37.51502574,127.1008997,tree,100.0
TREE_00095,37.51509165,127.1006117,tree,100.0
TREE_00096,37.51446367,127.1019155,tree,100.0
TREE_00097,37.51495499,127.1011373,tree,100.0
TREE_00098,37.51499029,127.0991995,tree,100.0
TREE_00099,37.51452434,127.10188,tree,100.0
TREE_00100,37.51247589,127.0980389,tree,100.0
TREE_00101,37.51493812,127.1012348,tree,100.0
TREE_00102,37.51512265,127.1005932,tree,100.0
TREE_00103,37.51516175,127.1003804,tree,100.0
TREE_00104,37.51459095,127.1018415,tree,100.0
TREE_00105,37.51505382,127.100977,tree,100.0
TREE_00106,37.51284575,127.0978323,tree,100.0
TREE_00107,37.51378414,127.1024224,tree,100.0
TREE_00108,37.51497947,127.101225,tree,100.0
TREE_00109,37.51502648,127.0991407,tree,100.0
TREE_00110,37.5146495,127.1018128,tree,100.0
TREE_00111,37.51506383,127.1010176,tree,100.0
TREE_00112,37.51517068,127.100565,tree,100.0
TREE_00113,37.51413798,127.1022871,tree,100.0
TREE_00114,37.51422514,127.102246,tree,100.0
TREE_00115,37.51497557,127.1013104,tree,100.0
TREE_00116,37.51426839,127.1022276,tree,100.0
TREE_00117,37.51472054,127.1017818,tree,100.0
TREE_00118,37.51282677,127.0977735,tree,100.0
TREE_00119,37.51521098,127.1005404,tree,100.0
TREE_00120,37.51438418,127.1021648,tree,100.0
TREE_00121,37.51507099,127.0991024,tree,100.0
TREE_00122,37.51501138,127.1013137,tree,100.0
TREE_00123,37.51381341,127.1025016,tree,100.0
TREE_00124,37.51442798,127.1021389,tree,100.0
TREE_00125,37.51446926,127.1021122,tree,100.0
TREE_00126,37.51451458,127.1020897,tree,100.0
TREE_00127,37.51454754,127.1020733,tree,100.0
TREE_00128,37.51510179,127.0990621,tree,100.0
TREE_00129,37.5145937,127.1020462,tree,100.0
TREE_00130,37.51421996,127.102364,tree,100.0
TREE_00131,37.51464273,127.1020187,tree,100.0
TREE_00132,37.51529437,127.1004927,tree,100.0
TREE_00133,37.51513424,127.1012273,tree,100.0
TREE_00134,37.51472803,127.1019732,tree,100.0
TREE_00135,37.51281194,127.0976231,tree,100.0
TREE_00136,37.51515144,127.1012725,tree,100.0
TREE_00137,37.51498812,127.1016276,tree,100.0
TREE_00138,37.51534876,127.1004556,tree,100.0
TREE_00139,37.51477582,127.1019494,tree,100.0
TREE_00140,37.51537992,127.1002515,tree,100.0
TREE_00141,37.51516221,127.101307,tree,100.0
TREE_00142,37.51424683,127.1024834,tree,100.0
TREE_00143,37.51486814,127.1018911,tree,100.0
TREE_00144,37.51238201,127.0977528,tree,100.0
TREE_00145,37.51541063,127.1004221,tree,100.0
TREE_00146,37.51491882,127.1018649,tree,100.0
TREE_00147,37.51522702,127.0989869,tree,100.0
TREE_00148,37.51279158,127.0975098,tree,100.0
TREE_00149,37.51497835,127.1018354,tree,100.0
TREE_00150,37.51546495,127.1001994,tree,100.0
TREE_00151,37.51389441,127.1027538,tree,100.0
TREE_00152,37.51501528,127.1018199,tree,100.0
TREE_00153,37.51521874,127.1014772,tree,100.0
TREE_00154,37.51427104,127.1026112,tree,100.0
TREE_00155,37.51505969,127.1017898,tree,100.0
TREE_00156,37.51549164,127.100369,tree,100.0
TREE_00157,37.51531169,127.0989116,tree,100.0
TREE_00158,37.51524337,127.1015396,tree,100.0
TREE_00159,37.515545,127.1001609,tree,100.0
TREE_00160,37.51554671,127.100342,tree,100.0
TREE_00161,37.51514288,127.101796,tree,100.0
TREE_00162,37.51235116,127.0975362,tree,100.0
TREE_00163,37.51525782,127.1015898,tree,100.0
TREE_00164,37.51274385,127.0973468,tree,100.0
TREE_00165,37.51394478,127.1028904,tree,100.0
TREE_00166,37.51536814,127.0988963,tree,100.0
TREE_00167,37.51431738,127.1027276,tree,100.0
TREE_00168,37.51517742,127.101815,tree,100.0
TREE_00169,37.5156057,127.100306,tree,100.0
TREE_00170,37.51272654,127.0973028,tree,100.0
TREE_00171,37.5151959,127.1018457,tree,100.0
TREE_00172,37.51543599,127.0989261,tree,100.0
TREE_00173,37.51564149,127.1000989,tree,100.0
TREE_00174,37.51117793,127.1013505,tree,100.0
TREE_00175,37.51563898,127.1002847,tree,100.0
TREE_00176,37.51396944,127.1029776,tree,100.0
TREE_00177,37.51519215,127.1019063,tree,100.0
TREE_00178,37.51566957,127.1002627,tree,100.0
TREE_00179,37.5143383,127.102822,tree,100.0
TREE_00180,37.51545585,127.09885,tree,100.0
TREE_00181,37.51531223,127.1017497,tree,100.0
TREE_00182,37.51523193,127.101925,tree,100.0
TREE_00183,37.51570139,127.1002468,tree,100.0
TREE_00184,37.51521616,127.1019808,tree,100.0
TREE_00185,37.51399557,127.1030508,tree,100.0
TREE_00186,37.51551543,127.0988814,tree,100.0
TREE_00187,37.51230911,127.0973441,tree,100.0
TREE_00188,37.51104515,127.1012492,tree,100.0
TREE_00189,37.51573492,127.1002299,tree,100.0
TREE_00190,37.51100906,127.1011501,tree,100.0
TREE_00191,37.51438934,127.1028798,tree,100.0
TREE_00192,37.51525015,127.1019836,tree,100.0
TREE_00193,37.51097557,127.1010445,tree,100.0
TREE_00194,37.51092909,127.1008878,tree,100.0
TREE_00195,37.51552205,127.0988037,tree,100.0
TREE_00196,37.51268776,127.097136,tree,100.0
TREE_00197,37.51523331,127.1020568,tree,100.0
TREE_00198,37.51526828,127.1020469,tree,100.0
TREE_00199,37.51578821,127.1000148,tree,100.0
TREE_00200,37.51556536,127.0988246,tree,100.0
TREE_00201,37.51402564,127.1031382,tree,100.0
TREE_00202,37.51085459,127.100853,tree,100.0
TREE_00203,37.51557985,127.0987683,tree,100.0
TREE_00204,37.51529363,127.1021186,tree,100.0
TREE_00205,37.5108179,127.1007741,tree,100.0
TREE_00206,37.51404871,127.1032048,tree,100.0
TREE_00207,37.51527824,127.1021778,tree,100.0
TREE_00208,37.5144712,127.102997,tree,100.0
TREE_00209,37.51264984,127.0970136,tree,100.0
TREE_00210,37.51077387,127.1007108,tree,100.0
TREE_00211,37.51530637,127.1021743,tree,100.0
TREE_00212,37.51589363,127.099957,tree,100.0
TREE_00213,37.51074473,127.1006524,tree,100.0
TREE_00214,37.51225685,127.0971363,tree,100.0
TREE_00215,37.51565703,127.0987082,tree,100.0
TREE_00216,37.51407674,127.1032878,tree,100.0
TREE_00217,37.51533201,127.1022322,tree,100.0
TREE_00218,37.51070574,127.1006095,tree,100.0
TREE_00219,37.51069237,127.1005728,tree,100.0
TREE_00220,37.51067937,127.1005492,tree,100.0
TREE_00221,37.51569985,127.0986734,tree,100.0
TREE_00222,37.51066579,127.1005313,tree,100.0
TREE_00223,37.51065732,127.1005067,tree,100.0
TREE_00224,37.51544414,127.1021382,tree,100.0
TREE_00225,37.51223572,127.0970437,tree,100.0
TREE_00226,37.51597065,127.0999083,tree,100.0
TREE_00227,37.51535293,127.1022946,tree,100.0
TREE_00228,37.51598273,127.1000905,tree,100.0
TREE_00229,37.51261855,127.0968571,tree,100.0
TREE_00230,37.5157374,127.0986911,tree,100.0
TREE_00231,37.51059487,127.1003793,tree,100.0
TREE_00232,37.51546999,127.1022019,tree,100.0
TREE_00233,37.51536966,127.1023582,tree,100.0
TREE_00234,37.51459332,127.1031517,tree,100.0
TREE_00235,37.5160276,127.1001802,tree,100.0
TREE_00236,37.5122207,127.0969751,tree,100.0
TREE_00237,37.51058038,127.1003527,tree,100.0
TREE_00238,37.51062745,127.100853,tree,100.0
TREE_00239,37.51604698,127.1000515,tree,100.0
TREE_00240,37.5125969,127.0967866,tree,100.0
TREE_00241,37.51056209,127.1003099,tree,100.0
TREE_00242,37.51605192,127.0998629,tree,100.0
TREE_00243,37.51606198,127.1001606,tree,100.0
TREE_00244,37.51548534,127.102261,tree,100.0
TREE_00245,37.51579004,127.0986008,tree,100.0
TREE_00246,37.51221258,127.0969252,tree,100.0
TREE_00247,37.51580739,127.0986236,tree,100.0
TREE_00248,37.5105763,127.1007774,tree,100.0
TREE_00249,37.51052979,127.100254,tree,100.0
TREE_00250,37.51052004,127.1002347,tree,100.0
TREE_00251,37.51609183,127.1001362,tree,100.0
TREE_00252,37.51414271,127.1034865,tree,100.0
TREE_00253,37.51055388,127.1007311,tree,100.0
TREE_00254,37.5154023,127.1024583,tree,100.0
TREE_00255,37.51610449,127.1000209,tree,100.0
TREE_00256,37.51049717,127.1001771,tree,100.0
TREE_00257,37.51053095,127.1006912,tree,100.0
TREE_00258,37.51082434,127.1018247,tree,100.0
TREE_00259,37.51050644,127.1006361,tree,100.0
TREE_00260,37.51047565,127.1001079,tree,100.0
TREE_00261,37.51613563,127.1001075,tree,100.0
TREE_00262,37.51049339,127.1005971,tree,100.0
TREE_00263,37.51613597,127.0998156,tree,100.0
TREE_00264,37.51048138,127.1005639,tree,100.0
TREE_00265,37.51416812,127.1035467,tree,100.0
TREE_00266,37.51217443,127.096832,tree,100.0
TREE_00267,37.51542443,127.1025295,tree,100.0
TREE_00268,37.51615491,127.0999898,tree,100.0
TREE_00269,37.51044535,127.1000361,tree,100.0
TREE_00270,37.51046054,127.1005301,tree,100.0
TREE_00271,37.51553398,127.1024068,tree,100.0
TREE_00272,37.51078393,127.1018573,tree,100.0
TREE_00273,37.51044803,127.1005031,tree,100.0
TREE_00274,37.51617943,127.1000788,tree,100.0
TREE_00275,37.51619725,127.0999565,tree,100.0
TREE_00276,37.51041567,127.1004195,tree,100.0
TREE_00277,37.51418869,127.1036251,tree,100.0
TREE_00278,37.51620925,127.0997675,tree,100.0
TREE_00279,37.51073711,127.101889,tree,100.0
TREE_00280,37.51556184,127.102478,tree,100.0
TREE_00281,37.5162303,127.1000498,tree,100.0
TREE_00282,37.51038177,127.1003442,tree,100.0
TREE_00283,37.51037872,127.0998607,tree,100.0
TREE_00284,37.5121504,127.0967223,tree,100.0
TREE_00285,37.5125433,127.0965482,tree,100.0
TREE_00286,37.510351,127.100273,tree,100.0
TREE_00287,37.51070737,127.1019261,tree,100.0
TREE_00288,37.51420971,127.1036874,tree,100.0
TREE_00289,37.51627116,127.0999188,tree,100.0
TREE_00290,37.51628177,127.1000185,tree,100.0
TREE_00291,37.51032753,127.1002211,tree,100.0
TREE_00292,37.51033322,127.0997853,tree,100.0
TREE_00293,37.51627522,127.0997325,tree,100.0
TREE_00294,37.51558804,127.1025748,tree,100.0
TREE_00295,37.5109025,127.1023983,tree,100.0
TREE_00296,37.51213568,127.0966434,tree,100.0
TREE_00297,37.51251735,127.0964744,tree,100.0
TREE_00298,37.51030147,127.1001717,tree,100.0
TREE_00299,37.51631889,127.0998869,tree,100.0
TREE_00300,37.5163291,127.0999896,tree,100.0
TREE_00301,37.51027854,127.1001344,tree,100.0
TREE_00302,37.51087713,127.1024298,tree,100.0
TREE_00303,37.51026601,127.1000944,tree,100.0
TREE_00304,37.51425045,127.1037804,tree,100.0
TREE_00305,37.51635169,127.0998727,tree,100.0
TREE_00306,37.51024463,127.1000512,tree,100.0
TREE_00307,37.51636602,127.0999521,tree,100.0
TREE_00308,37.51026869,127.0995367,tree,100.0
TREE_00309,37.5102295,127.1000138,tree,100.0
TREE_00310,37.51636205,127.0996833,tree,100.0
TREE_00311,37.51550957,127.1028432,tree,100.0
TREE_00312,37.51637983,127.0998544,tree,100.0
TREE_00313,37.51021905,127.0999775,tree,100.0
TREE_00314,37.51083664,127.1024712,tree,100.0
TREE_00315,37.5105897,127.1020283,tree,100.0
TREE_00316,37.5164048,127.0998424,tree,100.0
TREE_00317,37.51019769,127.0999422,tree,100.0
TREE_00318,37.51635934,127.0993726,tree,100.0
TREE_00319,37.51641709,127.0999138,tree,100.0
TREE_00320,37.51018621,127.0999131,tree,100.0
TREE_00321,37.510806,127.1025105,tree,100.0
TREE_00322,37.51553418,127.102909,tree,100.0
TREE_00323,37.51247375,127.0963144,tree,100.0
TREE_00324,37.51643735,127.0998238,tree,100.0
TREE_00325,37.5164262,127.0996459,tree,100.0
TREE_00326,37.51016319,127.0998443,tree,100.0
TREE_00327,37.5121055,127.0964466,tree,100.0
TREE_00328,37.51645962,127.099811,tree,100.0
TREE_00329,37.51646619,127.0998784,tree,100.0
TREE_00330,37.51053974,127.1020792,tree,100.0
TREE_00331,37.51077255,127.1025385,tree,100.0
TREE_00332,37.51644621,127.099565,tree,100.0
TREE_00333,37.51567097,127.1027992,tree,100.0
TREE_00334,37.51014116,127.0997785,tree,100.0
TREE_00335,37.51555604,127.1029675,tree,100.0
TREE_00336,37.51246496,127.0962472,tree,100.0
TREE_00337,37.51012875,127.0997278,tree,100.0
TREE_00338,37.51649683,127.0998554,tree,100.0
TREE_00339,37.51568738,127.102843,tree,100.0
TREE_00340,37.51011224,127.0996819,tree,100.0
TREE_00341,37.51073801,127.1025679,tree,100.0
TREE_00342,37.516307,127.0986639,tree,100.0
TREE_00343,37.51633185,127.0987463,tree,100.0
TREE_00344,37.51634774,127.0987961,tree,100.0
TREE_00345,37.51636919,127.0988562,tree,100.0
TREE_00346,37.51010053,127.0996402,tree,100.0
TREE_00347,37.51627803,127.0985385,tree,100.0
TREE_00348,37.51640067,127.0989373,tree,100.0
TREE_00349,37.51048174,127.1021267,tree,100.0
TREE_00350,37.5120888,127.0963424,tree,100.0
TREE_00351,37.51641903,127.0989992,tree,100.0
TREE_00352,37.51654216,127.0998137,tree,100.0
TREE_00353,37.51627935,127.0984714,tree,100.0
TREE_00354,37.51008126,127.0995861,tree,100.0
TREE_00355,37.51247001,127.0961658,tree,100.0
TREE_00356,37.51645413,127.0991038,tree,100.0
TREE_00357,37.51069815,127.1026048,tree,100.0
TREE_00358,37.51656214,127.099878,tree,100.0
TREE_00359,37.51648185,127.0991833,tree,100.0
TREE_00360,37.51006336,127.0995327,tree,100.0
TREE_00361,37.51651224,127.0992704,tree,100.0
TREE_00362,37.51658085,127.0999463,tree,100.0
TREE_00363,37.51044523,127.1021678,tree,100.0
TREE_00364,37.51653683,127.0993403,tree,100.0
TREE_00365,37.51005369,127.0994765,tree,100.0
TREE_00366,37.51066764,127.1026394,tree,100.0
TREE_00367,37.51246004,127.0960958,tree,100.0
TREE_00368,37.51004266,127.0994368,tree,100.0
TREE_00369,37.51573152,127.1029735,tree,100.0
TREE_00370,37.51627575,127.0982725,tree,100.0
TREE_00371,37.51657301,127.0994248,tree,100.0
TREE_00372,37.51003509,127.0994107,tree,100.0
TREE_00373,37.51662509,127.1000115,tree,100.0
TREE_00374,37.51631297,127.0983367,tree,100.0
TREE_00375,37.51664229,127.1000705,tree,100.0
TREE_00376,37.510022,127.0993683,tree,100.0
TREE_00377,37.51013534,127.0988063,tree,100.0
TREE_00378,37.5103953,127.102208,tree,100.0
TREE_00379,37.51063392,127.1026676,tree,100.0
TREE_00380,37.5100096,127.099321,tree,100.0
TREE_00381,37.51663772,127.0995769,tree,100.0
TREE_00382,37.51666749,127.1001253,tree,100.0
TREE_00383,37.51000545,127.0992984,tree,100.0
TREE_00384,37.51564025,127.1032048,tree,100.0
TREE_00385,37.51036908,127.102239,tree,100.0
TREE_00386,37.5124446,127.0960062,tree,100.0
TREE_00387,37.51668783,127.1002097,tree,100.0
TREE_00388,37.51667694,127.0996701,tree,100.0
TREE_00389,37.51204495,127.0961532,tree,100.0
TREE_00390,37.51058888,127.1027053,tree,100.0
TREE_00391,37.51009396,127.098687,tree,100.0
TREE_00392,37.50997993,127.0991813,tree,100.0
TREE_00393,37.51671988,127.1002711,tree,100.0
TREE_00394,37.51610607,127.0976494,tree,100.0
TREE_00395,37.51056235,127.1027311,tree,100.0
TREE_00396,37.51672863,127.099808,tree,100.0
TREE_00397,37.51009457,127.098593,tree,100.0
TREE_00398,37.51242788,127.0959422,tree,100.0
TREE_00399,37.51637985,127.0981919,tree,100.0
TREE_00400,37.5099627,127.0991162,tree,100.0
TREE_00401,37.51674775,127.1003245,tree,100.0
TREE_00402,37.51030933,127.1022833,tree,100.0
TREE_00403,37.50995987,127.0990601,tree,100.0
TREE_00404,37.51202738,127.0960786,tree,100.0
TREE_00405,37.51676379,127.1003942,tree,100.0
TREE_00406,37.51580021,127.1031776,tree,100.0
TREE_00407,37.5156798,127.1033318,tree,100.0
TREE_00408,37.51678032,127.099946,tree,100.0
TREE_00409,37.50993922,127.0989984,tree,100.0
TREE_00410,37.51678342,127.1004383,tree,100.0
TREE_00411,37.51051678,127.1027733,tree,100.0
TREE_00412,37.5100646,127.0984829,tree,100.0
TREE_00413,37.50993912,127.0989333,tree,100.0
TREE_00414,37.516434,127.0981488,tree,100.0
TREE_00415,37.51680587,127.1000217,tree,100.0
TREE_00416,37.5158139,127.1032155,tree,100.0
TREE_00417,37.51618527,127.0976052,tree,100.0
TREE_00418,37.51006832,127.0984263,tree,100.0
TREE_00419,37.50994041,127.0988792,tree,100.0
TREE_00420,37.51025971,127.102329,tree,100.0
TREE_00421,37.51680468,127.1004985,tree,100.0
TREE_00422,37.51569578,127.1033729,tree,100.0
TREE_00423,37.51007446,127.0983775,tree,100.0
TREE_00424,37.50993388,127.0988491,tree,100.0
TREE_00425,37.5100755,127.098326,tree,100.0
TREE_00426,37.50992764,127.0988048,tree,100.0
TREE_00427,37.51200559,127.095979,tree,100.0
TREE_00428,37.50993068,127.0987729,tree,100.0
TREE_00429,37.51683291,127.1005721,tree,100.0
TREE_00430,37.51583517,127.1032659,tree,100.0
TREE_00431,37.5104676,127.1028176,tree,100.0
TREE_00432,37.51022192,127.1023574,tree,100.0
TREE_00433,37.51648077,127.098109,tree,100.0
TREE_00434,37.5100717,127.0982589,tree,100.0
TREE_00435,37.50992187,127.0987313,tree,100.0
TREE_00436,37.5157212,127.1034324,tree,100.0
TREE_00437,37.50992489,127.0986917,tree,100.0
TREE_00438,37.51584743,127.1033082,tree,100.0
TREE_00439,37.51686822,127.1006657,tree,100.0
TREE_00440,37.50990884,127.0986233,tree,100.0
TREE_00441,37.51042272,127.1028535,tree,100.0
TREE_00442,37.51651424,127.0980616,tree,100.0
TREE_00443,37.51018293,127.1023978,tree,100.0
TREE_00444,37.51006176,127.0981261,tree,100.0
TREE_00445,37.51006319,127.0980894,tree,100.0
TREE_00446,37.51199907,127.0958652,tree,100.0
TREE_00447,37.516899,127.1007311,tree,100.0
TREE_00448,37.50990409,127.0985451,tree,100.0
TREE_00449,37.5157499,127.1035048,tree,100.0
TREE_00450,37.51007302,127.0980561,tree,100.0
TREE_00451,37.51628195,127.0975146,tree,100.0
TREE_00452,37.51241501,127.0956869,tree,100.0
TREE_00453,37.51694703,127.1003506,tree,100.0
TREE_00454,37.51006791,127.0980072,tree,100.0
TREE_00455,37.51014521,127.102435,tree,100.0
TREE_00456,37.50989522,127.0984597,tree,100.0
TREE_00457,37.5169285,127.1008006,tree,100.0
TREE_00458,37.51037282,127.1028964,tree,100.0
TREE_00459,37.51006771,127.0979416,tree,100.0
TREE_00460,37.51658336,127.0980292,tree,100.0
TREE_00461,37.51694036,127.1008624,tree,100.0
TREE_00462,37.51694792,127.1009094,tree,100.0
TREE_00463,37.50988711,127.0983573,tree,100.0
TREE_00464,37.51239233,127.0956117,tree,100.0
TREE_00465,37.51198193,127.0957757,tree,100.0
TREE_00466,37.51634375,127.0974654,tree,100.0
TREE_00467,37.51033372,127.1029317,tree,100.0
TREE_00468,37.51008486,127.1024815,tree,100.0
TREE_00469,37.5098769,127.0982937,tree,100.0
TREE_00470,37.5166315,127.0979876,tree,100.0
TREE_00471,37.51591112,127.1035074,tree,100.0
TREE_00472,37.5098785,127.0982262,tree,100.0
TREE_00473,37.51579729,127.1036583,tree,100.0
TREE_00474,37.51239254,127.095536,tree,100.0
TREE_00475,37.51006477,127.1025271,tree,100.0
TREE_00476,37.51029409,127.102968,tree,100.0
TREE_00477,37.50987841,127.0981665,tree,100.0
TREE_00478,37.51700761,127.1010106,tree,100.0
TREE_00479,37.51559425,127.1039061,tree,100.0
TREE_00480,37.51639759,127.0974077,tree,100.0
TREE_00481,37.51007414,127.0976746,tree,100.0
TREE_00482,37.51563385,127.1038805,tree,100.0
TREE_00483,37.51578391,127.1037276,tree,100.0
TREE_00484,37.51593531,127.1035568,tree,100.0
TREE_00485,37.5156756,127.1038571,tree,100.0
TREE_00486,37.50987744,127.0980913,tree,100.0
TREE_00487,37.51668825,127.0979731,tree,100.0
TREE_00488,37.51007681,127.0976182,tree,100.0
TREE_00489,37.51571932,127.1038315,tree,100.0
TREE_00490,37.51574978,127.1038043,tree,100.0
TREE_00491,37.51197148,127.0956271,tree,100.0
TREE_00492,37.51595964,127.1035825,tree,100.0
TREE_00493,37.51024653,127.1030088,tree,100.0
TREE_00494,37.51238475,127.0954542,tree,100.0
TREE_00495,37.50987134,127.0980094,tree,100.0
TREE_00496,37.51000536,127.102567,tree,100.0
TREE_00497,37.51673145,127.09796,tree,100.0
TREE_00498,37.50987553,127.0979581,tree,100.0
TREE_00499,37.51705617,127.1011687,tree,100.0
TREE_00500,37.51007203,127.0975151,tree,100.0
TREE_00501,37.50987291,127.0979163,tree,100.0
TREE_00502,37.51237692,127.0953925,tree,100.0
TREE_00503,37.50987197,127.0978625,tree,100.0
TREE_00504,37.51602195,127.1036144,tree,100.0
TREE_00505,37.51008146,127.0973967,tree,100.0
TREE_00506,37.51677974,127.0979366,tree,100.0
TREE_00507,37.51605244,127.1036037,tree,100.0
TREE_00508,37.5098676,127.0977985,tree,100.0
TREE_00509,37.51610406,127.1035697,tree,100.0
TREE_00510,37.51237315,127.0953264,tree,100.0
TREE_00511,37.51614506,127.1035493,tree,100.0
TREE_00512,37.5100963,127.0972423,tree,100.0
TREE_00513,37.51683405,127.0979063,tree,100.0
TREE_00514,37.51619712,127.1035208,tree,100.0
TREE_00515,37.50983395,127.0977453,tree,100.0
TREE_00516,37.51659854,127.0973655,tree,100.0
TREE_00517,37.51499936,127.1046486,tree,100.0
TREE_00518,37.51600506,127.1038061,tree,100.0
TREE_00519,37.51625917,127.1034881,tree,100.0
TREE_00520,37.51606316,127.1037602,tree,100.0
TREE_00521,37.51722186,127.1010875,tree,100.0
TREE_00522,37.51717,127.1014387,tree,100.0
TREE_00523,37.51632549,127.1034478,tree,100.0
TREE_00524,37.51011972,127.0970644,tree,100.0
TREE_00525,37.50979182,127.0976974,tree,100.0
TREE_00526,37.5161131,127.1037521,tree,100.0
TREE_00527,37.51665491,127.0973092,tree,100.0
TREE_00528,37.5123404,127.0951913,tree,100.0
TREE_00529,37.51615258,127.1037338,tree,100.0
TREE_00530,37.51639504,127.1034038,tree,100.0
TREE_00531,37.51725652,127.1011749,tree,100.0
TREE_00532,37.50976858,127.0976627,tree,100.0
TREE_00533,37.51687194,127.0977195,tree,100.0
TREE_00534,37.51505762,127.1047283,tree,100.0
TREE_00535,37.51644431,127.1033735,tree,100.0
TREE_00536,37.51620939,127.1037099,tree,100.0
TREE_00537,37.51728071,127.1012441,tree,100.0
TREE_00538,37.50973787,127.0976254,tree,100.0
TREE_00539,37.51649901,127.1033434,tree,100.0
TREE_00540,37.51626609,127.1036896,tree,100.0
TREE_00541,37.51729682,127.1013116,tree,100.0
TREE_00542,37.51690868,127.097659,tree,100.0
TREE_00543,37.51724178,127.1016151,tree,100.0
TREE_00544,37.51184304,127.0952756,tree,100.0
TREE_00545,37.50984075,127.0973044,tree,100.0
TREE_00546,37.51632976,127.1036681,tree,100.0
TREE_00547,37.51658934,127.1032837,tree,100.0
TREE_00548,37.51231363,127.0950739,tree,100.0
TREE_00549,37.50968809,127.097595,tree,100.0
TREE_00550,37.5098709,127.0972046,tree,100.0
TREE_00551,37.51010923,127.0967986,tree,100.0
TREE_00552,37.51638697,127.1036364,tree,100.0
TREE_00553,37.51196934,127.0951715,tree,100.0
TREE_00554,37.51677355,127.0972305,tree,100.0
TREE_00555,37.51665593,127.1032468,tree,100.0
TREE_00556,37.51727582,127.1017128,tree,100.0
TREE_00557,37.51696162,127.0976081,tree,100.0
TREE_00558,37.50987722,127.0971199,tree,100.0
TREE_00559,37.50974503,127.097371,tree,100.0
TREE_00560,37.51644582,127.1036069,tree,100.0
TREE_00561,37.50963708,127.0975926,tree,100.0
TREE_00562,37.50971627,127.0974141,tree,100.0
TREE_00563,37.51504909,127.1049271,tree,100.0
TREE_00564,37.51671436,127.103211,tree,100.0
TREE_00565,37.50990046,127.0970366,tree,100.0
TREE_00566,37.50991637,127.0969754,tree,100.0
TREE_00567,37.51650712,127.1035827,tree,100.0
TREE_00568,37.51675782,127.1031858,tree,100.0
TREE_00569,37.51699595,127.0975474,tree,100.0
TREE_00570,37.51183281,127.0951388,tree,100.0
TREE_00571,37.50966555,127.0974156,tree,100.0
TREE_00572,37.51510296,127.1049542,tree,100.0
TREE_00573,37.50989517,127.1032899,tree,100.0
TREE_00574,37.51732575,127.1017954,tree,100.0
TREE_00575,37.50958112,127.0975851,tree,100.0
TREE_00576,37.51656083,127.1035515,tree,100.0
TREE_00577,37.51684722,127.0971756,tree,100.0
TREE_00578,37.51014395,127.0965515,tree,100.0
TREE_00579,37.51229851,127.0949192,tree,100.0
TREE_00580,37.509662,127.1029069,tree,100.0
TREE_00581,37.5166289,127.1034889,tree,100.0
TREE_00582,37.50991309,127.0968674,tree,100.0
TREE_00583,37.51511211,127.1050044,tree,100.0
TREE_00584,37.51735513,127.1018582,tree,100.0
TREE_00585,37.51667363,127.1034516,tree,100.0
TREE_00586,37.50960484,127.0974163,tree,100.0
TREE_00587,37.5095246,127.0975842,tree,100.0
TREE_00588,37.5167148,127.1034034,tree,100.0
TREE_00589,37.50984613,127.1033255,tree,100.0
TREE_00590,37.51705527,127.097499,tree,100.0
TREE_00591,37.50995014,127.096751,tree,100.0
TREE_00592,37.51736293,127.1019187,tree,100.0
TREE_00593,37.50963792,127.1029603,tree,100.0
TREE_00594,37.50982871,127.103337,tree,100.0
TREE_00595,37.51182847,127.0950236,tree,100.0
TREE_00596,37.5101546,127.0964169,tree,100.0
TREE_00597,37.51229262,127.0948396,tree,100.0
TREE_00598,37.51744295,127.1016782,tree,100.0
TREE_00599,37.5169075,127.097123,tree,100.0
TREE_00600,37.51513192,127.1050785,tree,100.0
TREE_00601,37.50947308,127.0975833,tree,100.0
TREE_00602,37.50953616,127.097409,tree,100.0
TREE_00603,37.50959048,127.1029806,tree,100.0
TREE_00604,37.51738781,127.1020313,tree,100.0
TREE_00605,37.50978326,127.1033709,tree,100.0
TREE_00606,37.50993379,127.0966403,tree,100.0
TREE_00607,37.51701657,127.1030281,tree,100.0
TREE_00608,37.51019331,127.0962671,tree,100.0
TREE_00609,37.517122,127.0974479,tree,100.0
TREE_00610,37.51228715,127.0947698,tree,100.0
TREE_00611,37.51181911,127.0949404,tree,100.0
TREE_00612,37.50942113,127.0975738,tree,100.0
TREE_00613,37.51696082,127.0970827,tree,100.0
TREE_00614,37.51516113,127.1051397,tree,100.0
TREE_00615,37.51748972,127.1017923,tree,100.0
TREE_00616,37.50947889,127.0974085,tree,100.0
TREE_00617,37.51742345,127.1020671,tree,100.0
TREE_00618,37.50974701,127.1034003,tree,100.0
TREE_00619,37.51708953,127.102984,tree,100.0
TREE_00620,37.5095403,127.103027,tree,100.0
TREE_00621,37.5174287,127.1021356,tree,100.0
TREE_00622,37.50994418,127.0965011,tree,100.0
TREE_00623,37.5093706,127.0975749,tree,100.0
TREE_00624,37.51482134,127.1053739,tree,100.0
TREE_00625,37.51228371,127.0946961,tree,100.0
TREE_00626,37.51181287,127.0948545,tree,100.0
TREE_00627,37.51718417,127.0974,tree,100.0
TREE_00628,37.5101759,127.0961478,tree,100.0
TREE_00629,37.50971031,127.1034316,tree,100.0
TREE_00630,37.51715025,127.1029521,tree,100.0
TREE_00631,37.51752966,127.1018921,tree,100.0
TREE_00632,37.50941481,127.0973989,tree,100.0
TREE_00633,37.5095032,127.103065,tree,100.0
TREE_00634,37.50994941,127.0964182,tree,100.0
TREE_00635,37.51703048,127.0970261,tree,100.0
TREE_00636,37.50932113,127.097568,tree,100.0
TREE_00637,37.51705228,127.1032089,tree,100.0
TREE_00638,37.51719564,127.1029151,tree,100.0
TREE_00639,37.51484586,127.1054295,tree,100.0
TREE_00640,37.51707884,127.1031704,tree,100.0
TREE_00641,37.50967491,127.1034654,tree,100.0
TREE_00642,37.5170315,127.103295,tree,100.0
TREE_00643,37.51522495,127.1052545,tree,100.0
TREE_00644,37.51755708,127.101969,tree,100.0
TREE_00645,37.51229147,127.0946061,tree,100.0
TREE_00646,37.51748293,127.102233,tree,100.0
TREE_00647,37.50928797,127.0975706,tree,100.0
TREE_00648,37.50994822,127.0963368,tree,100.0
TREE_00649,37.50935301,127.0973916,tree,100.0
TREE_00650,37.51517887,127.1052994,tree,100.0
TREE_00651,37.50946137,127.103113,tree,100.0
TREE_00652,37.51707173,127.0969932,tree,100.0
TREE_00653,37.51726064,127.1028755,tree,100.0
TREE_00654,37.51725078,127.0973499,tree,100.0
TREE_00655,37.51757309,127.1020187,tree,100.0
TREE_00656,37.51715159,127.1031432,tree,100.0
TREE_00657,37.5092547,127.0975668,tree,100.0
TREE_00658,37.50995628,127.0962798,tree,100.0
TREE_00659,37.51228817,127.0945364,tree,100.0
TREE_00660,37.5173092,127.102856,tree,100.0
TREE_00661,37.51718383,127.1031346,tree,100.0
TREE_00662,37.50930029,127.0973958,tree,100.0
TREE_00663,37.50962168,127.1035057,tree,100.0
TREE_00664,37.51487916,127.1055211,tree,100.0
TREE_00665,37.50922203,127.0975642,tree,100.0
TREE_00666,37.51751071,127.1023577,tree,100.0
TREE_00667,37.50941649,127.1031423,tree,100.0
TREE_00668,37.51760159,127.1020816,tree,100.0
TREE_00669,37.50996679,127.0961983,tree,100.0
TREE_00670,37.51736499,127.1028218,tree,100.0
TREE_00671,37.51713605,127.096943,tree,100.0
TREE_00672,37.50925676,127.0973955,tree,100.0
TREE_00673,37.50918824,127.0975616,tree,100.0
TREE_00674,37.5173157,127.0972999,tree,100.0
TREE_00675,37.51713294,127.1033373,tree,100.0
TREE_00676,37.50958486,127.1035371,tree,100.0
TREE_00677,37.51725048,127.1031125,tree,100.0
TREE_00678,37.51228331,127.0944727,tree,100.0
TREE_00679,37.50996314,127.0961413,tree,100.0
TREE_00680,37.51523072,127.1053993,tree,100.0
TREE_00681,37.51751975,127.1024716,tree,100.0
TREE_00682,37.50917027,127.0975609,tree,100.0
TREE_00683,37.50938023,127.1031874,tree,100.0
TREE_00684,37.51527076,127.1053998,tree,100.0
TREE_00685,37.5172902,127.1030764,tree,100.0
TREE_00686,37.50922474,127.0973884,tree,100.0
TREE_00687,37.51719501,127.1032924,tree,100.0
TREE_00688,37.51763888,127.102178,tree,100.0
TREE_00689,37.51491246,127.105605,tree,100.0
TREE_00690,37.51743076,127.1027834,tree,100.0
TREE_00691,37.50997657,127.0960674,tree,100.0
TREE_00692,37.50955638,127.1035657,tree,100.0
TREE_00693,37.50913077,127.0975591,tree,100.0
TREE_00694,37.51734133,127.1030423,tree,100.0
TREE_00695,37.50934913,127.1032312,tree,100.0
TREE_00696,37.509114,127.097558,tree,100.0
TREE_00697,37.51724461,127.1032719,tree,100.0
TREE_00698,37.51737515,127.0972499,tree,100.0
TREE_00699,37.51730585,127.1031594,tree,100.0
TREE_00700,37.51226733,127.0943873,tree,100.0
TREE_00701,37.50997744,127.0959964,tree,100.0
TREE_00702,37.50917187,127.0973767,tree,100.0
TREE_00703,37.51721146,127.0968879,tree,100.0
TREE_00704,37.51735023,127.1030882,tree,100.0
TREE_00705,37.51738397,127.1030212,tree,100.0
TREE_00706,37.51729568,127.1032116,tree,100.0
TREE_00707,37.50951934,127.1036012,tree,100.0
TREE_00708,37.5153023,127.1054717,tree,100.0
TREE_00709,37.51021024,127.0956923,tree,100.0
TREE_00710,37.51525579,127.1055047,tree,100.0
TREE_00711,37.51767861,127.102275,tree,100.0
TREE_00712,37.51739138,127.1030586,tree,100.0
TREE_00713,37.51743096,127.1029923,tree,100.0
TREE_00714,37.51493912,127.1056998,tree,100.0
TREE_00715,37.5092951,127.1032622,tree,100.0
TREE_00716,37.5099712,127.0959188,tree,100.0
TREE_00717,37.51742733,127.1030287,tree,100.0
TREE_00718,37.51189352,127.0944456,tree,100.0
TREE_00719,37.51742483,127.0972106,tree,100.0
TREE_00720,37.51021583,127.0956147,tree,100.0
TREE_00721,37.51726321,127.096846,tree,100.0
TREE_00722,37.51225465,127.0942992,tree,100.0
TREE_00723,37.51189638,127.0944146,tree,100.0
TREE_00724,37.51527531,127.1055749,tree,100.0
TREE_00725,37.51749521,127.1029508,tree,100.0
TREE_00726,37.51747705,127.1029925,tree,100.0
TREE_00727,37.50946154,127.1036579,tree,100.0
TREE_00728,37.51179549,127.0944414,tree,100.0
TREE_00729,37.51022312,127.0955355,tree,100.0
TREE_00730,37.51496708,127.1057765,tree,100.0
TREE_00731,37.51188982,127.0943736,tree,100.0
TREE_00732,37.51532763,127.1055939,tree,100.0
TREE_00733,37.50923315,127.1033055,tree,100.0
TREE_00734,37.50997218,127.0957954,tree,100.0
TREE_00735,37.51749609,127.0971572,tree,100.0
TREE_00736,37.5173301,127.0968049,tree,100.0
TREE_00737,37.50941271,127.1037021,tree,100.0
TREE_00738,37.51178478,127.0943612,tree,100.0
TREE_00739,37.51224922,127.0941877,tree,100.0
TREE_00740,37.50920245,127.1033458,tree,100.0
TREE_00741,37.51530371,127.1056785,tree,100.0
TREE_00742,37.5149882,127.1058427,tree,100.0
TREE_00743,37.50998135,127.0956727,tree,100.0
TREE_00744,37.51188367,127.0942795,tree,100.0
TREE_00745,37.51534739,127.1056808,tree,100.0
TREE_00746,37.50937034,127.1037357,tree,100.0
TREE_00747,37.51023637,127.0953662,tree,100.0
TREE_00748,37.51737481,127.0967524,tree,100.0
TREE_00749,37.51178508,127.0942863,tree,100.0
TREE_00750,37.51755555,127.0971106,tree,100.0
TREE_00751,37.50999962,127.0955915,tree,100.0
TREE_00752,37.50915136,127.1033774,tree,100.0
TREE_00753,37.51536974,127.1057158,tree,100.0
TREE_00754,37.51224624,127.0941109,tree,100.0
TREE_00755,37.51785484,127.1024086,tree,100.0
TREE_00756,37.51187175,127.0942229,tree,100.0
TREE_00757,37.51501936,127.1059179,tree,100.0
TREE_00758,37.50933186,127.1037719,tree,100.0
TREE_00759,37.51024312,127.0952717,tree,100.0
TREE_00760,37.50882477,127.0975327,tree,100.0
TREE_00761,37.51178765,127.0942115,tree,100.0
TREE_00762,37.51187146,127.0941665,tree,100.0
TREE_00763,37.50910765,127.1034286,tree,100.0
TREE_00764,37.51024954,127.095226,tree,100.0
TREE_00765,37.51761651,127.0970643,tree,100.0
TREE_00766,37.50880135,127.0975346,tree,100.0
TREE_00767,37.51744397,127.0966977,tree,100.0
TREE_00768,37.51504187,127.1059913,tree,100.0
TREE_00769,37.51025587,127.0951925,tree,100.0
TREE_00770,37.50999724,127.0954599,tree,100.0
TREE_00771,37.51178992,127.0941412,tree,100.0
TREE_00772,37.51187158,127.0940966,tree,100.0
TREE_00773,37.50906738,127.1034641,tree,100.0
TREE_00774,37.51538359,127.1058569,tree,100.0
TREE_00775,37.5092591,127.1038411,tree,100.0
TREE_00776,37.5117873,127.0941115,tree,100.0
TREE_00777,37.51796799,127.1024581,tree,100.0
TREE_00778,37.51767833,127.0970109,tree,100.0
TREE_00779,37.51750868,127.0966515,tree,100.0
TREE_00780,37.50871717,127.0975216,tree,100.0
TREE_00781,37.51223284,127.0939264,tree,100.0
TREE_00782,37.51778305,127.1030473,tree,100.0
TREE_00783,37.50902872,127.1035014,tree,100.0
TREE_00784,37.5117914,127.0940482,tree,100.0
TREE_00785,37.51004525,127.0952577,tree,100.0
TREE_00786,37.50921369,127.1038853,tree,100.0
TREE_00787,37.51026319,127.0950156,tree,100.0
TREE_00788,37.51780143,127.1030935,tree,100.0
TREE_00789,37.51185309,127.0939989,tree,100.0
TREE_00790,37.51179315,127.094021,tree,100.0
TREE_00791,37.50866755,127.0975219,tree,100.0
TREE_00792,37.51544198,127.1059446,tree,100.0
TREE_00793,37.51774081,127.0969656,tree,100.0
TREE_00794,37.51758225,127.0965991,tree,100.0
TREE_00795,37.51541929,127.105999,tree,100.0
TREE_00796,37.51221329,127.0938272,tree,100.0
TREE_00797,37.50896645,127.103554,tree,100.0
TREE_00798,37.51179002,127.093964,tree,100.0
TREE_00799,37.50916635,127.1039301,tree,100.0
TREE_00800,37.51512234,127.1061722,tree,100.0
TREE_00801,37.51783884,127.1031682,tree,100.0
TREE_00802,37.51800975,127.1027307,tree,100.0
TREE_00803,37.50859899,127.0975197,tree,100.0
TREE_00804,37.51545522,127.106018,tree,100.0
TREE_00805,37.50894203,127.103577,tree,100.0
TREE_00806,37.51797545,127.1028649,tree,100.0
TREE_00807,37.51004929,127.0950934,tree,100.0
TREE_00808,37.51794698,127.1029518,tree,100.0
TREE_00809,37.50858372,127.0975209,tree,100.0
TREE_00810,37.51184648,127.0938938,tree,100.0
TREE_00811,37.51814723,127.1023736,tree,100.0
TREE_00812,37.51220872,127.0937581,tree,100.0
TREE_00813,37.51785282,127.1032348,tree,100.0
TREE_00814,37.50891422,127.103586,tree,100.0
TREE_00815,37.5091175,127.1039772,tree,100.0
TREE_00816,37.51781381,127.0969057,tree,100.0
TREE_00817,37.51764609,127.0965502,tree,100.0
TREE_00818,37.51811414,127.1026145,tree,100.0
TREE_00819,37.51548472,127.106083,tree,100.0
TREE_00820,37.51005005,127.0950105,tree,100.0
TREE_00821,37.51821529,127.1023155,tree,100.0
TREE_00822,37.51545473,127.1061244,tree,100.0
TREE_00823,37.51788259,127.1032937,tree,100.0
TREE_00824,37.511778,127.0938338,tree,100.0
TREE_00825,37.51815338,127.1025781,tree,100.0
TREE_00826,37.5100491,127.0949518,tree,100.0
TREE_00827,37.51787639,127.0968587,tree,100.0
TREE_00828,37.51820443,127.1025275,tree,100.0
TREE_00829,37.51770664,127.0965034,tree,100.0
TREE_00830,37.51799796,127.1031202,tree,100.0
TREE_00831,37.51183502,127.0937555,tree,100.0
TREE_00832,37.51177502,127.0937745,tree,100.0
TREE_00833,37.51829374,127.1022633,tree,100.0
TREE_00834,37.5179142,127.1033718,tree,100.0
TREE_00835,37.51005848,127.0948619,tree,100.0
TREE_00836,37.51825491,127.102496,tree,100.0
TREE_00837,37.51177298,127.0937357,tree,100.0
TREE_00838,37.51549486,127.1062262,tree,100.0
TREE_00839,37.51219129,127.0935755,tree,100.0
TREE_00840,37.50957452,127.1049043,tree,100.0
TREE_00841,37.51792786,127.0968185,tree,100.0
TREE_00842,37.51776044,127.0964641,tree,100.0
TREE_00843,37.50961811,127.1049653,tree,100.0
TREE_00844,37.51836667,127.1021992,tree,100.0
TREE_00845,37.50840716,127.0975031,tree,100.0
TREE_00846,37.51793859,127.1034362,tree,100.0
TREE_00847,37.50949503,127.1048202,tree,100.0
TREE_00848,37.50940315,127.1047006,tree,100.0
TREE_00849,37.50846106,127.0973262,tree,100.0
TREE_00850,37.50936933,127.1046585,tree,100.0
TREE_00851,37.51830203,127.1024661,tree,100.0
TREE_00852,37.50929193,127.1045553,tree,100.0
TREE_00853,37.50932593,127.1046093,tree,100.0
TREE_00854,37.50974398,127.1051388,tree,100.0
TREE_00855,37.51004713,127.0947998,tree,100.0
TREE_00856,37.50963067,127.1050125,tree,100.0
TREE_00857,37.50916849,127.1043865,tree,100.0
TREE_00858,37.50951962,127.1048791,tree,100.0
TREE_00859,37.50923161,127.1044851,tree,100.0
TREE_00860,37.50968384,127.1050805,tree,100.0
TREE_00861,37.51182623,127.0936581,tree,100.0
TREE_00862,37.50964043,127.1050313,tree,100.0
TREE_00863,37.51176307,127.0936783,tree,100.0
TREE_00864,37.50838136,127.0975061,tree,100.0
TREE_00865,37.50942792,127.1047714,tree,100.0
TREE_00866,37.50993714,127.105373,tree,100.0
TREE_00867,37.50907906,127.1042717,tree,100.0
TREE_00868,37.50983603,127.1052702,tree,100.0
TREE_00869,37.50988676,127.1053335,tree,100.0
TREE_00870,37.50976875,127.1052096,tree,100.0
TREE_00871,37.51795848,127.1035103,tree,100.0
TREE_00872,37.5083519,127.097504,tree,100.0
TREE_00873,37.50996417,127.1054366,tree,100.0
TREE_00874,37.51560309,127.1062541,tree,100.0
TREE_00875,37.51797753,127.0967785,tree,100.0
TREE_00876,37.50840848,127.0973277,tree,100.0
TREE_00877,37.51837309,127.1024197,tree,100.0
TREE_00878,37.51175965,127.0936258,tree,100.0
TREE_00879,37.51006789,127.105556,tree,100.0
TREE_00880,37.51000305,127.1055,tree,100.0
TREE_00881,37.51515391,127.1065176,tree,100.0
TREE_00882,37.50832822,127.0975023,tree,100.0
TREE_00883,37.51782746,127.0964108,tree,100.0
TREE_00884,37.51807363,127.1033225,tree,100.0
TREE_00885,37.51216633,127.0934648,tree,100.0
TREE_00886,37.51011898,127.1056429,tree,100.0
TREE_00887,37.51798035,127.1035731,tree,100.0
TREE_00888,37.51018644,127.1057154,tree,100.0
TREE_00889,37.51175849,127.0935735,tree,100.0
TREE_00890,37.50835531,127.0973226,tree,100.0
TREE_00891,37.51513142,127.1065794,tree,100.0
TREE_00892,37.50828427,127.0974977,tree,100.0
TREE_00893,37.51022777,127.1057835,tree,100.0
TREE_00894,37.51007275,127.0946084,tree,100.0
TREE_00895,37.5155724,127.1063688,tree,100.0
TREE_00896,37.51029993,127.1058536,tree,100.0
TREE_00897,37.51845909,127.1023741,tree,100.0
TREE_00898,37.51565469,127.1063372,tree,100.0
TREE_00899,37.51810662,127.1033999,tree,100.0
TREE_00900,37.51510322,127.1066289,tree,100.0
TREE_00901,37.51853453,127.1021099,tree,100.0
TREE_00902,37.51800441,127.1036462,tree,100.0
TREE_00903,37.51805567,127.0967181,tree,100.0
TREE_00904,37.51788607,127.0963604,tree,100.0
TREE_00905,37.51218421,127.0933783,tree,100.0
TREE_00906,37.51218429,127.0933784,tree,100.0
TREE_00907,37.50824295,127.0974969,tree,100.0
TREE_00908,37.50924934,127.1047728,tree,100.0
TREE_00909,37.50931906,127.1048683,tree,100.0
TREE_00910,37.5100773,127.0945475,tree,100.0
TREE_00911,37.50948649,127.1050832,tree,100.0
TREE_00912,37.50952914,127.1051385,tree,100.0
TREE_00913,37.50956765,127.1051841,tree,100.0
TREE_00914,37.51034161,127.1059454,tree,100.0
TREE_00915,37.50918792,127.1046965,tree,100.0
TREE_00916,37.51563468,127.106388,tree,100.0
TREE_00917,37.51045439,127.1060361,tree,100.0
TREE_00918,37.51175456,127.0934938,tree,100.0
TREE_00919,37.50857277,127.1036318,tree,100.0
TREE_00920,37.51038972,127.1059921,tree,100.0
TREE_00921,37.50910716,127.1045886,tree,100.0
TREE_00922,37.51180866,127.0934633,tree,100.0
TREE_00923,37.50972736,127.1053904,tree,100.0
TREE_00924,37.51507214,127.1066928,tree,100.0
TREE_00925,37.50903055,127.1044903,tree,100.0
TREE_00926,37.50821483,127.0974937,tree,100.0
TREE_00927,37.50979085,127.1054715,tree,100.0
TREE_00928,37.50826931,127.0973189,tree,100.0
TREE_00929,37.50852734,127.1035876,tree,100.0
TREE_00930,37.51049571,127.1061043,tree,100.0
TREE_00931,37.50984123,127.1055354,tree,100.0
TREE_00932,37.50849094,127.1035267,tree,100.0
TREE_00933,37.5100792,127.0944864,tree,100.0
TREE_00934,37.51056544,127.1061696,tree,100.0
TREE_00935,37.50987836,127.1055845,tree,100.0
TREE_00936,37.51813964,127.103488,tree,100.0
TREE_00937,37.51570098,127.106402,tree,100.0
TREE_00938,37.50990914,127.1056215,tree,100.0
TREE_00939,37.51568478,127.1064136,tree,100.0
TREE_00940,37.50845357,127.1034622,tree,100.0
TREE_00941,37.51454029,127.1069196,tree,100.0
TREE_00942,37.50818771,127.0974948,tree,100.0
TREE_00943,37.50993303,127.1056557,tree,100.0
TREE_00944,37.5144657,127.1069529,tree,100.0
TREE_00945,37.5143482,127.106986,tree,100.0
TREE_00946,37.51572294,127.1064117,tree,100.0
TREE_00947,37.5179459,127.0963144,tree,100.0
TREE_00948,37.50840045,127.1033923,tree,100.0
TREE_00949,37.51441194,127.1069815,tree,100.0
TREE_00950,37.51812829,127.0966692,tree,100.0
TREE_00951,37.51572664,127.1064248,tree,100.0
TREE_00952,37.51857211,127.1023316,tree,100.0
TREE_00953,37.5106045,127.1062449,tree,100.0
TREE_00954,37.51005587,127.1058082,tree,100.0
TREE_00955,37.51804979,127.1037692,tree,100.0
TREE_00956,37.51864325,127.1020726,tree,100.0
TREE_00957,37.51174669,127.0934047,tree,100.0
TREE_00958,37.50835979,127.1033277,tree,100.0
TREE_00959,37.51430982,127.1070212,tree,100.0
TREE_00960,37.50821109,127.0973126,tree,100.0
TREE_00961,37.51423991,127.1070487,tree,100.0
TREE_00962,37.51011384,127.1058831,tree,100.0
TREE_00963,37.51596249,127.1062999,tree,100.0
TREE_00964,37.50830361,127.1032281,tree,100.0
TREE_00965,37.50828583,127.1031868,tree,100.0
TREE_00966,37.51009201,127.0943861,tree,100.0
TREE_00967,37.50813487,127.0974901,tree,100.0
TREE_00968,37.51180216,127.0933543,tree,100.0
TREE_00969,37.5106507,127.1063224,tree,100.0
TREE_00970,37.5101674,127.1059531,tree,100.0
TREE_00971,37.5107274,127.1063782,tree,100.0
TREE_00972,37.50818138,127.097312,tree,100.0
TREE_00973,37.50823968,127.1031093,tree,100.0
TREE_00974,37.51019818,127.1059901,tree,100.0
TREE_00975,37.51408484,127.1071137,tree,100.0
TREE_00976,37.50820696,127.1030409,tree,100.0
TREE_00977,37.50877693,127.1042805,tree,100.0
TREE_00978,37.51217569,127.0932105,tree,100.0
TREE_00979,37.5102396,127.1060464,tree,100.0
TREE_00980,37.51626154,127.1061387,tree,100.0
TREE_00981,37.51009352,127.0943303,tree,100.0
TREE_00982,37.51399261,127.1071537,tree,100.0
TREE_00983,37.5163056,127.1061112,tree,100.0
TREE_00984,37.51865208,127.1022903,tree,100.0
TREE_00985,37.51802088,127.0962802,tree,100.0
TREE_00986,37.50815998,127.1029852,tree,100.0
TREE_00987,37.51819108,127.09662,tree,100.0
TREE_00988,37.51635967,127.1060832,tree,100.0
TREE_00989,37.51031978,127.1061437,tree,100.0
TREE_00990,37.51872848,127.1020309,tree,100.0
TREE_00991,37.50807878,127.0974847,tree,100.0
TREE_00992,37.51076193,127.1064677,tree,100.0
TREE_00993,37.50873023,127.1042896,tree,100.0
TREE_00994,37.50812093,127.0973175,tree,100.0
TREE_00995,37.51646879,127.1060223,tree,100.0
TREE_00996,37.51080534,127.1065169,tree,100.0
TREE_00997,37.5117362,127.0932859,tree,100.0
TREE_00998,37.50843386,127.1037437,tree,100.0
TREE_00999,37.51041101,127.1062534,tree,100.0
TREE_01000,37.51652103,127.1059926,tree,100.0
TREE_01001,37.51009925,127.0942535,tree,100.0
TREE_01002,37.51657732,127.1059623,tree,100.0
TREE_01003,37.51086427,127.1065806,tree,100.0
TREE_01004,37.51823401,127.0965857,tree,100.0
TREE_01005,37.51806416,127.0962306,tree,100.0
TREE_01006,37.51662897,127.1059286,tree,100.0
TREE_01007,37.51033125,127.0940346,tree,100.0
TREE_01008,37.50804854,127.1028347,tree,100.0
TREE_01009,37.50832021,127.1035649,tree,100.0
TREE_01010,37.50801505,127.1027396,tree,100.0
TREE_01011,37.51665113,127.1059187,tree,100.0
TREE_01012,37.51088896,127.1066178,tree,100.0
TREE_01013,37.50798419,127.102685,tree,100.0
TREE_01014,37.51215543,127.0930953,tree,100.0
TREE_01015,37.51010194,127.0941817,tree,100.0
TREE_01016,37.5105278,127.1064091,tree,100.0
TREE_01017,37.5109322,127.106667,tree,100.0
TREE_01018,37.50805275,127.0973105,tree,100.0
TREE_01019,37.50869529,127.1043765,tree,100.0
TREE_01020,37.50795042,127.1026342,tree,100.0
TREE_01021,37.51882236,127.1019953,tree,100.0
TREE_01022,37.51876975,127.1022295,tree,100.0
TREE_01023,37.51814057,127.1039698,tree,100.0
TREE_01024,37.50819634,127.1033684,tree,100.0
TREE_01025,37.51096617,127.1067102,tree,100.0
TREE_01026,37.50792678,127.1025925,tree,100.0
TREE_01027,37.51057694,127.1064741,tree,100.0
TREE_01028,37.51683596,127.1058151,tree,100.0
TREE_01029,37.50816295,127.103316,tree,100.0
TREE_01030,37.515951651,127.106538184,tree,100.0
TREE_01031,37.51059641,127.1065034,tree,100.0
TREE_01032,37.50789993,127.1025476,tree,100.0
TREE_01033,37.51032752,127.0939461,tree,100.0
TREE_01034,37.51172571,127.093167,tree,100.0
TREE_01035,37.516032659,127.106503818,tree,100.0
TREE_01036,37.51062056,127.106533,tree,100.0
TREE_01037,37.51690674,127.105773,tree,100.0
TREE_01038,37.51100214,127.1067665,tree,100.0
TREE_01039,37.51512357,127.1070016,tree,100.0
TREE_01040,37.51507303,127.1070219,tree,100.0
TREE_01041,37.51501201,127.107049,tree,100.0
TREE_01042,37.516138351,127.106438209,tree,100.0
TREE_01043,37.50795176,127.0974769,tree,100.0
TREE_01044,37.51495959,127.1070738,tree,100.0
TREE_01045,37.51336704,127.1073823,tree,100.0
TREE_01046,37.51609565,127.106472374,tree,100.0
TREE_01047,37.51815279,127.1040355,tree,100.0
TREE_01048,37.51830157,127.0965296,tree,100.0
TREE_01049,37.50785777,127.1024714,tree,100.0
TREE_01050,37.51064282,127.1065629,tree,100.0
TREE_01051,37.516230551,127.106381156,tree,100.0
TREE_01052,37.516190094,127.106412481,tree,100.0
TREE_01053,37.51011171,127.0940866,tree,100.0
TREE_01054,37.51483974,127.1071278,tree,100.0
TREE_01055,37.50808181,127.1031982,tree,100.0
TREE_01056,37.51813855,127.0961692,tree,100.0
TREE_01057,37.51474877,127.1071645,tree,100.0
TREE_01058,37.51067169,127.1065952,tree,100.0
TREE_01059,37.51697612,127.1057341,tree,100.0
TREE_01060,37.516271055,127.106363973,tree,100.0
TREE_01061,37.51469983,127.1071842,tree,100.0
TREE_01062,37.516318272,127.106332612,tree,100.0
TREE_01063,37.51177438,127.0931107,tree,100.0
TREE_01064,37.5086396,127.1044184,tree,100.0
TREE_01065,37.5146453,127.1072102,tree,100.0
TREE_01066,37.51331555,127.1074101,tree,100.0
TREE_01067,37.51460169,127.1072279,tree,100.0
TREE_01068,37.50780828,127.1023819,tree,100.0
TREE_01069,37.51885204,127.1021841,tree,100.0
TREE_01070,37.51031886,127.093883,tree,100.0
TREE_01071,37.50791546,127.0974774,tree,100.0
TREE_01072,37.51070178,127.106642,tree,100.0
TREE_01073,37.516403754,127.106288455,tree,100.0
TREE_01074,37.51104172,127.1068437,tree,100.0
TREE_01075,37.50802016,127.1031042,tree,100.0
TREE_01076,37.5132756,127.1074291,tree,100.0
TREE_01077,37.51706884,127.1056799,tree,100.0
TREE_01078,37.516457726,127.106255644,tree,100.0
TREE_01079,37.51215564,127.0929716,tree,100.0
TREE_01080,37.51172061,127.0931054,tree,100.0
TREE_01081,37.50777038,127.1022997,tree,100.0
TREE_01082,37.511091,127.1068836,tree,100.0
TREE_01083,37.50798055,127.1030326,tree,100.0
TREE_01084,37.51442814,127.1073041,tree,100.0
TREE_01085,37.51323661,127.1074475,tree,100.0
TREE_01086,37.51111833,127.1069106,tree,100.0
TREE_01087,37.51011745,127.0940098,tree,100.0
TREE_01088,37.51711477,127.1056572,tree,100.0
TREE_01089,37.516537608,127.106221283,tree,100.0
TREE_01090,37.51436117,127.1073371,tree,100.0
TREE_01091,37.51893449,127.1019668,tree,100.0
TREE_01092,37.51320598,127.107461,tree,100.0
TREE_01093,37.5077254,127.1022128,tree,100.0
TREE_01094,37.516593829,127.106187046,tree,100.0
TREE_01095,37.50792979,127.0973005,tree,100.0
TREE_01096,37.51836064,127.0964814,tree,100.0
TREE_01097,37.51114552,127.106952,tree,100.0
TREE_01098,37.51717269,127.1056236,tree,100.0
TREE_01099,37.5077012,127.1021601,tree,100.0
TREE_01100,37.5182014,127.0961213,tree,100.0
TREE_01101,37.516641098,127.106171241,tree,100.0
TREE_01102,37.51315924,127.1074893,tree,100.0
TREE_01103,37.50768143,127.1021198,tree,100.0
TREE_01104,37.51010922,127.0939634,tree,100.0
TREE_01105,37.51033476,127.0937841,tree,100.0
TREE_01106,37.51892939,127.1021474,tree,100.0
TREE_01107,37.516692836,127.106144099,tree,100.0
TREE_01108,37.50784441,127.0974723,tree,100.0
TREE_01109,37.50765787,127.1020684,tree,100.0
TREE_01110,37.51724283,127.105588,tree,100.0
TREE_01111,37.50764847,127.1020294,tree,100.0
TREE_01112,37.51312671,127.1075082,tree,100.0
TREE_01113,37.51399249,127.1074618,tree,100.0
TREE_01114,37.51832182,127.1039488,tree,100.0
TREE_01115,37.516749057,127.106109862,tree,100.0
TREE_01116,37.51118474,127.1070237,tree,100.0
TREE_01117,37.50762959,127.1019992,tree,100.0
TREE_01118,37.51728703,127.1055607,tree,100.0
TREE_01119,37.51309166,127.1075232,tree,100.0
TREE_01120,37.50760947,127.101963,tree,100.0
TREE_01121,37.51536066,127.1070744,tree,100.0
TREE_01122,37.51536879,127.1070712,tree,100.0
TREE_01123,37.50834653,127.1041166,tree,100.0
TREE_01124,37.51733803,127.1055309,tree,100.0
TREE_01125,37.5112246,127.107072,tree,100.0
TREE_01126,37.5130495,127.1075451,tree,100.0
TREE_01127,37.51175227,127.0929693,tree,100.0
TREE_01128,37.50759318,127.1019347,tree,100.0
TREE_01129,37.50777643,127.1026886,tree,100.0
TREE_01130,37.516861512,127.106046957,tree,100.0
TREE_01131,37.50758028,127.101887,tree,100.0
TREE_01132,37.51383667,127.1075298,tree,100.0
TREE_01133,37.51092136,127.1069292,tree,100.0
TREE_01134,37.50784616,127.0973043,tree,100.0
TREE_01135,37.51825368,127.0960771,tree,100.0
TREE_01136,37.516913231,127.106014158,tree,100.0
TREE_01137,37.50773486,127.1025846,tree,100.0
TREE_01138,37.51012316,127.0938615,tree,100.0
TREE_01139,37.50756396,127.1018619,tree,100.0
TREE_01140,37.51739379,127.1054971,tree,100.0
TREE_01141,37.51903375,127.1019299,tree,100.0
TREE_01142,37.50853481,127.1045176,tree,100.0
TREE_01143,37.51301192,127.1075646,tree,100.0
TREE_01144,37.5077907,127.0974644,tree,100.0
TREE_01145,37.51843267,127.0964284,tree,100.0
TREE_01146,37.51126571,127.1071224,tree,100.0
TREE_01147,37.50754583,127.10182,tree,100.0
TREE_01148,37.516976203,127.105977057,tree,100.0
TREE_01149,37.51298335,127.1075761,tree,100.0
TREE_01150,37.50752991,127.1017842,tree,100.0
TREE_01151,37.51745214,127.1054592,tree,100.0
TREE_01152,37.50767822,127.1024634,tree,100.0
TREE_01153,37.51823632,127.1042722,tree,100.0
TREE_01154,37.51097378,127.1070008,tree,100.0
TREE_01155,37.51129717,127.1071614,tree,100.0
TREE_01156,37.51835983,127.1040402,tree,100.0
TREE_01157,37.51032747,127.0936611,tree,100.0
TREE_01158,37.50764985,127.1023885,tree,100.0
TREE_01159,37.5129483,127.1075952,tree,100.0
TREE_01160,37.517044794,127.105935683,tree,100.0
TREE_01161,37.50768015,127.1025112,tree,100.0
TREE_01162,37.50751112,127.1017442,tree,100.0
TREE_01163,37.51903276,127.1020812,tree,100.0
TREE_01164,37.51134394,127.107197,tree,100.0
TREE_01165,37.51292336,127.107605,tree,100.0
TREE_01166,37.5110174,127.1070496,tree,100.0
TREE_01167,37.517092035,127.105911393,tree,100.0
TREE_01168,37.5077418,127.0974669,tree,100.0
TREE_01169,37.50761839,127.1023392,tree,100.0
TREE_01170,37.50748332,127.1016957,tree,100.0
TREE_01171,37.51362344,127.1076233,tree,100.0
TREE_01172,37.5076283,127.1023988,tree,100.0
TREE_01173,37.50759758,127.1022864,tree,100.0
TREE_01174,37.51287789,127.1076229,tree,100.0
TREE_01175,37.51137703,127.1072436,tree,100.0
TREE_01176,37.517150509,127.105877144,tree,100.0
TREE_01177,37.51358218,127.1076412,tree,100.0
TREE_01178,37.50745887,127.1016343,tree,100.0
TREE_01179,37.50759442,127.1023195,tree,100.0
TREE_01180,37.50756988,127.1022166,tree,100.0
TREE_01181,37.5183127,127.0960279,tree,100.0
TREE_01182,37.51838155,127.104094,tree,100.0
TREE_01183,37.507714,127.0974614,tree,100.0
TREE_01184,37.50754992,127.1021737,tree,100.0
TREE_01185,37.51794618,127.1048817,tree,100.0
TREE_01186,37.5084772,127.104579,tree,100.0
TREE_01187,37.517201115,127.105848593,tree,100.0
TREE_01188,37.507431,127.1015543,tree,100.0
TREE_01189,37.51849608,127.0963826,tree,100.0
TREE_01190,37.51281838,127.1076453,tree,100.0
TREE_01191,37.51013401,127.0937345,tree,100.0
TREE_01192,37.50755385,127.102233,tree,100.0
TREE_01193,37.50741774,127.1015108,tree,100.0
TREE_01194,37.51141137,127.1072923,tree,100.0
TREE_01195,37.51033537,127.09357,tree,100.0
TREE_01196,37.50754611,127.1022181,tree,100.0
TREE_01197,37.50752291,127.1021243,tree,100.0
TREE_01198,37.51278681,127.1076595,tree,100.0
TREE_01199,37.51725621,127.105814362,tree,100.0
TREE_01200,37.51347869,127.1076863,tree,100.0
TREE_01201,37.50774568,127.0972905,tree,100.0
TREE_01202,37.51765801,127.1053431,tree,100.0
TREE_01203,37.51839745,127.1041403,tree,100.0
TREE_01204,37.50749865,127.102063,tree,100.0
TREE_01205,37.51915354,127.1018688,tree,100.0
TREE_01206,37.51275207,127.1076771,tree,100.0
TREE_01207,37.5073811,127.1014344,tree,100.0
TREE_01208,37.50747626,127.1020018,tree,100.0
TREE_01209,37.51731244,127.105782953,tree,100.0
TREE_01210,37.50823133,127.1042092,tree,100.0
TREE_01211,37.51800308,127.1048756,tree,100.0
TREE_01212,37.51272586,127.107689,tree,100.0
TREE_01213,37.51339292,127.1077274,tree,100.0
TREE_01214,37.51770708,127.1053218,tree,100.0
TREE_01215,37.51148232,127.107374,tree,100.0
TREE_01216,37.517368657,127.105747301,tree,100.0
TREE_01217,37.50765687,127.0974562,tree,100.0
TREE_01218,37.50747073,127.1020832,tree,100.0
TREE_01219,37.51269414,127.1076999,tree,100.0
TREE_01220,37.51157843,127.0928374,tree,100.0
TREE_01221,37.50842962,127.1046188,tree,100.0
TREE_01222,37.51829323,127.104418,tree,100.0
TREE_01223,37.5074371,127.1019358,tree,100.0
TREE_01224,37.50733979,127.1013336,tree,100.0
TREE_01225,37.51915695,127.1020207,tree,100.0
TREE_01226,37.50745896,127.1020562,tree,100.0
TREE_01227,37.51118928,127.1072655,tree,100.0
TREE_01228,37.51143969,127.0928803,tree,100.0
TREE_01229,37.51838131,127.0959837,tree,100.0
TREE_01230,37.51135105,127.0929121,tree,100.0
TREE_01231,37.50741511,127.1018763,tree,100.0
TREE_01232,37.517422643,127.105718732,tree,100.0
TREE_01233,37.5185569,127.0963342,tree,100.0
TREE_01234,37.51265877,127.1077165,tree,100.0
TREE_01235,37.5101391,127.0936244,tree,100.0
TREE_01236,37.51776478,127.1052904,tree,100.0
TREE_01237,37.50763258,127.0974563,tree,100.0
TREE_01238,37.5133126,127.1077637,tree,100.0
TREE_01239,37.51842255,127.1042107,tree,100.0
TREE_01240,37.5073903,127.1018126,tree,100.0
TREE_01241,37.50730855,127.1012699,tree,100.0
TREE_01242,37.5103373,127.0934598,tree,100.0
TREE_01243,37.51122525,127.1073148,tree,100.0
TREE_01244,37.517468757,127.105694448,tree,100.0
TREE_01245,37.51807142,127.1048688,tree,100.0
TREE_01246,37.51261773,127.1077328,tree,100.0
TREE_01247,37.51152153,127.1074456,tree,100.0
TREE_01248,37.50766171,127.0972905,tree,100.0
TREE_01249,37.50761018,127.097456,tree,100.0
TREE_01250,37.50728933,127.1012208,tree,100.0
TREE_01251,37.51923583,127.1018109,tree,100.0
TREE_01252,37.5073629,127.1017573,tree,100.0
TREE_01253,37.51123984,127.1073401,tree,100.0
TREE_01254,37.5132391,127.1077946,tree,100.0
TREE_01255,37.51782055,127.1052676,tree,100.0
TREE_01256,37.50726878,127.101167,tree,100.0
TREE_01257,37.51126567,127.1073675,tree,100.0
TREE_01258,37.5073428,127.1017187,tree,100.0
TREE_01259,37.517551957,127.105641683,tree,100.0
TREE_01260,37.50837952,127.1046624,tree,100.0
TREE_01261,37.51317873,127.1078173,tree,100.0
TREE_01262,37.51831817,127.1045118,tree,100.0
TREE_01263,37.51095016,127.0930342,tree,100.0
TREE_01264,37.51157979,127.1075091,tree,100.0
TREE_01265,37.51091026,127.0930518,tree,100.0
TREE_01266,37.50724595,127.1011046,tree,100.0
TREE_01267,37.5178747,127.1052391,tree,100.0
TREE_01268,37.51860905,127.096295,tree,100.0
TREE_01269,37.51034492,127.0933843,tree,100.0
TREE_01270,37.50730672,127.1016499,tree,100.0
TREE_01271,37.51082741,127.0930763,tree,100.0
TREE_01272,37.51311909,127.1078401,tree,100.0
TREE_01273,37.51813774,127.1048613,tree,100.0
TREE_01274,37.51924831,127.1019641,tree,100.0
TREE_01275,37.5184448,127.0959348,tree,100.0
TREE_01276,37.50755573,127.0974509,tree,100.0
TREE_01277,37.51133189,127.1074444,tree,100.0
TREE_01278,37.51072115,127.0931201,tree,100.0
TREE_01279,37.50721536,127.1010421,tree,100.0
TREE_01280,37.51834221,127.1045436,tree,100.0
TREE_01281,37.512446154,127.107789,tree,100.0
TREE_01282,37.517662154,127.105577382,tree,100.0
TREE_01283,37.51306445,127.1078624,tree,100.0
TREE_01284,37.51846689,127.1043239,tree,100.0
TREE_01285,37.507263,127.1015341,tree,100.0
TREE_01286,37.51163594,127.1075851,tree,100.0
TREE_01287,37.50758841,127.0972819,tree,100.0
TREE_01288,37.51061815,127.0931577,tree,100.0
TREE_01289,37.50813131,127.1043191,tree,100.0
TREE_01290,37.50833555,127.1046993,tree,100.0
TREE_01291,37.512389881,127.107807682,tree,100.0
TREE_01292,37.51035404,127.0933136,tree,100.0
TREE_01293,37.518343,127.1046012,tree,100.0
TREE_01294,37.51819665,127.1048558,tree,100.0
TREE_01295,37.50717885,127.1009894,tree,100.0
TREE_01296,37.50751307,127.0974474,tree,100.0
TREE_01297,37.51167555,127.1076328,tree,100.0
TREE_01298,37.50721706,127.1014356,tree,100.0
TREE_01299,37.51295581,127.1079057,tree,100.0
TREE_01300,37.50720151,127.1013681,tree,100.0
TREE_01301,37.50715389,127.1009029,tree,100.0
TREE_01302,37.51041838,127.093236,tree,100.0
TREE_01303,37.51170704,127.1076632,tree,100.0
TREE_01304,37.51867405,127.0962488,tree,100.0
TREE_01305,37.512320111,127.107833507,tree,100.0
TREE_01306,37.51823782,127.1048454,tree,100.0
TREE_01307,37.51933852,127.1018908,tree,100.0
TREE_01308,37.51936285,127.1017678,tree,100.0
TREE_01309,37.51172094,127.1076823,tree,100.0
TREE_01310,37.51850884,127.0958864,tree,100.0
TREE_01311,37.51849542,127.1043974,tree,100.0
TREE_01312,37.51290399,127.1079272,tree,100.0
TREE_01313,37.5104682,127.0931787,tree,100.0
TREE_01314,37.50752302,127.0972764,tree,100.0
TREE_01315,37.50716481,127.1012921,tree,100.0
TREE_01316,37.51287085,127.1079374,tree,100.0
TREE_01317,37.515871794,127.107255966,tree,100.0
TREE_01318,37.50747112,127.0974454,tree,100.0
TREE_01319,37.51553167,127.1074399,tree,100.0
TREE_01320,37.51828039,127.1048238,tree,100.0
TREE_01321,37.51173673,127.1077138,tree,100.0
TREE_01322,37.512259364,127.107862113,tree,100.0
TREE_01323,37.51281585,127.0923093,tree,100.0
TREE_01324,37.51147266,127.107632,tree,100.0
TREE_01325,37.51282022,127.1079552,tree,100.0
TREE_01326,37.50709925,127.1007854,tree,100.0
TREE_01327,37.517899422,127.105437538,tree,100.0
TREE_01328,37.5185133,127.1044475,tree,100.0
TREE_01329,37.5071286,127.1012168,tree,100.0
TREE_01330,37.50743453,127.0974441,tree,100.0
TREE_01331,37.51175964,127.1077574,tree,100.0
TREE_01332,37.50805271,127.1043914,tree,100.0
TREE_01333,37.51277987,127.1079759,tree,100.0
TREE_01334,37.51300195,127.0922553,tree,100.0
TREE_01335,37.50706802,127.1007059,tree,100.0
TREE_01336,37.51178638,127.1077798,tree,100.0
TREE_01337,37.51873311,127.0962066,tree,100.0
TREE_01338,37.5131023,127.0922442,tree,100.0
TREE_01339,37.51152442,127.107694,tree,100.0
TREE_01340,37.51016214,127.093305,tree,100.0
TREE_01341,37.512177215,127.107892245,tree,100.0
TREE_01342,37.50709483,127.101135,tree,100.0
TREE_01343,37.51856317,127.0958444,tree,100.0
TREE_01344,37.51273135,127.1079928,tree,100.0
TREE_01345,37.51316657,127.0922344,tree,100.0
TREE_01346,37.517972525,127.105397554,tree,100.0
TREE_01347,37.50741236,127.0974437,tree,100.0
TREE_01348,37.51303311,127.0922334,tree,100.0
TREE_01349,37.50704896,127.1006591,tree,100.0
TREE_01350,37.51182107,127.1078111,tree,100.0
TREE_01351,37.5070764,127.1010694,tree,100.0
TREE_01352,37.50744699,127.0972695,tree,100.0
TREE_01353,37.5115621,127.1077396,tree,100.0
TREE_01354,37.51323782,127.0922059,tree,100.0
TREE_01355,37.51555611,127.1075306,tree,100.0
TREE_01356,37.51183128,127.1078377,tree,100.0
TREE_01357,37.518027628,127.10536615,tree,100.0
TREE_01358,37.51310536,127.0922026,tree,100.0
TREE_01359,37.515908165,127.107350529,tree,100.0
TREE_01360,37.51944919,127.1018338,tree,100.0
TREE_01361,37.50704675,127.1009992,tree,100.0
TREE_01362,37.51016565,127.0932479,tree,100.0
TREE_01363,37.50737569,127.0974367,tree,100.0
TREE_01364,37.50800549,127.1044286,tree,100.0
TREE_01365,37.51330306,127.0921838,tree,100.0
TREE_01366,37.51263407,127.1080339,tree,100.0
TREE_01367,37.51184149,127.1078644,tree,100.0
TREE_01368,37.50700595,127.1005456,tree,100.0
TREE_01369,37.518077103,127.10533619,tree,100.0
TREE_01370,37.50702539,127.1009449,tree,100.0
TREE_01371,37.5118851,127.1078877,tree,100.0
TREE_01372,37.51878613,127.0961682,tree,100.0
TREE_01373,37.51194644,127.1079088,tree,100.0
TREE_01374,37.51336161,127.0921634,tree,100.0
TREE_01375,37.5118618,127.1078851,tree,100.0
TREE_01376,37.51191113,127.1078996,tree,100.0
TREE_01377,37.51142119,127.0925226,tree,100.0
TREE_01378,37.51322799,127.0921596,tree,100.0
TREE_01379,37.51152359,127.0924812,tree,100.0
TREE_01380,37.51146994,127.0925019,tree,100.0
TREE_01381,37.50819544,127.1048239,tree,100.0
TREE_01382,37.51198148,127.1079283,tree,100.0
TREE_01383,37.51342195,127.0921462,tree,100.0
TREE_01384,37.51952633,127.1016256,tree,100.0
TREE_01385,37.51163099,127.1078317,tree,100.0
TREE_01386,37.51156344,127.0924506,tree,100.0
TREE_01387,37.5116306,127.0924251,tree,100.0
TREE_01388,37.518126597,127.105311887,tree,100.0
TREE_01389,37.51237867,127.0922261,tree,100.0
TREE_01390,37.51159521,127.0924372,tree,100.0
TREE_01391,37.51331242,127.0921372,tree,100.0
TREE_01392,37.50733588,127.0974354,tree,100.0
TREE_01393,37.50738221,127.0972679,tree,100.0
TREE_01394,37.51863129,127.0957876,tree,100.0
TREE_01395,37.50696477,127.1004458,tree,100.0
TREE_01396,37.51130345,127.0925349,tree,100.0
TREE_01397,37.51119624,127.0925813,tree,100.0
TREE_01398,37.51816818,127.105280555,tree,100.0
TREE_01399,37.51244774,127.0921938,tree,100.0
TREE_01400,37.51252705,127.10808,tree,100.0
TREE_01401,37.51166087,127.0923904,tree,100.0
TREE_01402,37.5135018,127.0921221,tree,100.0
TREE_01403,37.51558294,127.1076101,tree,100.0
TREE_01404,37.5135674,127.0921197,tree,100.0
TREE_01405,37.51362255,127.0921201,tree,100.0
TREE_01406,37.51105944,127.0926235,tree,100.0
TREE_01407,37.50731109,127.0974345,tree,100.0
TREE_01408,37.51252131,127.0921641,tree,100.0
TREE_01409,37.51338616,127.0921012,tree,100.0
TREE_01410,37.51167826,127.1078922,tree,100.0
TREE_01411,37.51093748,127.0926702,tree,100.0
TREE_01412,37.50794815,127.1044836,tree,100.0
TREE_01413,37.518213167,127.105256276,tree,100.0
TREE_01414,37.51080595,127.0927337,tree,100.0
TREE_01415,37.51368656,127.0921037,tree,100.0
TREE_01416,37.515941177,127.107452179,tree,100.0
TREE_01417,37.51955217,127.1017593,tree,100.0
TREE_01418,37.50729213,127.0974341,tree,100.0
TREE_01419,37.51261673,127.0921269,tree,100.0
TREE_01420,37.50814837,127.1048766,tree,100.0
TREE_01421,37.511676,127.0923406,tree,100.0
TREE_01422,37.50691713,127.1003218,tree,100.0
TREE_01423,37.51884627,127.0961181,tree,100.0
TREE_01424,37.51245221,127.1081123,tree,100.0
TREE_01425,37.5195946,127.1015531,tree,100.0
TREE_01426,37.51011342,127.0931435,tree,100.0
TREE_01427,37.51068313,127.0927754,tree,100.0
TREE_01428,37.518260394,127.105227742,tree,100.0
TREE_01429,37.51272865,127.0920989,tree,100.0
TREE_01430,37.51867745,127.0957508,tree,100.0
TREE_01431,37.51347213,127.0920634,tree,100.0
TREE_01432,37.50726666,127.0974299,tree,100.0
TREE_01433,37.51211115,127.092193,tree,100.0
TREE_01434,37.5124142,127.1081282,tree,100.0
TREE_01435,37.51056799,127.0928215,tree,100.0
TREE_01436,37.51560389,127.1076769,tree,100.0
TREE_01437,37.507303,127.0972575,tree,100.0
TREE_01438,37.518307639,127.105204865,tree,100.0
TREE_01439,37.5128691,127.0920515,tree,100.0
TREE_01440,37.51237902,127.1081417,tree,100.0
TREE_01441,37.51354892,127.0920371,tree,100.0
TREE_01442,37.51377336,127.0920496,tree,100.0
TREE_01443,37.50724404,127.0974314,tree,100.0
TREE_01444,37.51176602,127.1080046,tree,100.0
TREE_01445,37.50811147,127.104916,tree,100.0
TREE_01446,37.51294866,127.0920251,tree,100.0
TREE_01447,37.518345871,127.105182035,tree,100.0
TREE_01448,37.51362307,127.0920158,tree,100.0
TREE_01449,37.50788917,127.104533,tree,100.0
TREE_01450,37.51036669,127.0928977,tree,100.0
TREE_01451,37.51234026,127.1081637,tree,100.0
TREE_01452,37.51836617,127.1051655,tree,100.0
TREE_01453,37.518373981,127.105164916,tree,100.0
TREE_01454,37.51963953,127.101698,tree,100.0
TREE_01455,37.50684755,127.1001381,tree,100.0
TREE_01456,37.51167716,127.0922488,tree,100.0
TREE_01457,37.50684957,127.1005537,tree,100.0
TREE_01458,37.51562821,127.1077345,tree,100.0
TREE_01459,37.51301491,127.0919873,tree,100.0
TREE_01460,37.518396493,127.105154133,tree,100.0
TREE_01461,37.51229025,127.1081837,tree,100.0
TREE_01462,37.5136909,127.091988,tree,100.0
TREE_01463,37.51032847,127.092889,tree,100.0
TREE_01464,37.51597533,127.107558066,tree,100.0
TREE_01465,37.50683456,127.1001039,tree,100.0
TREE_01466,37.51208346,127.0921169,tree,100.0
TREE_01467,37.51386902,127.0919994,tree,100.0
TREE_01468,37.51969177,127.1014855,tree,100.0
TREE_01469,37.5131088,127.091967,tree,100.0
TREE_01470,37.50682297,127.1000619,tree,100.0
TREE_01471,37.50805682,127.1049418,tree,100.0
TREE_01472,37.50681188,127.1000037,tree,100.0
TREE_01473,37.50681698,127.1004978,tree,100.0
TREE_01474,37.50717366,127.097425,tree,100.0
TREE_01475,37.50785205,127.1045878,tree,100.0
TREE_01476,37.51223104,127.1082113,tree,100.0
TREE_01477,37.51376974,127.0919546,tree,100.0
TREE_01478,37.51321256,127.0919325,tree,100.0
TREE_01479,37.51393866,127.0919705,tree,100.0
TREE_01480,37.51002381,127.0930498,tree,100.0
TREE_01481,37.51971042,127.1016219,tree,100.0
TREE_01482,37.50720279,127.0972508,tree,100.0
TREE_01483,37.50678751,127.1004242,tree,100.0
TREE_01484,37.51401255,127.0919542,tree,100.0
TREE_01485,37.50678288,127.0999348,tree,100.0
TREE_01486,37.51025151,127.092858,tree,100.0
TREE_01487,37.51165256,127.0921693,tree,100.0
TREE_01488,37.50677648,127.1003346,tree,100.0
TREE_01489,37.5138665,127.0919241,tree,100.0
TREE_01490,37.50677013,127.0998944,tree,100.0
TREE_01491,37.50802592,127.1049896,tree,100.0
TREE_01492,37.5099963,127.0930152,tree,100.0
TREE_01493,37.518487802,127.105171505,tree,100.0
TREE_01494,37.50711787,127.0974189,tree,100.0
TREE_01495,37.50675797,127.0998522,tree,100.0
TREE_01496,37.51977372,127.1014371,tree,100.0
TREE_01497,37.51406827,127.0919219,tree,100.0
TREE_01498,37.516010601,127.107661119,tree,100.0
TREE_01499,37.51853271,127.0951345,tree,100.0
TREE_01500,37.51394584,127.0918991,tree,100.0
TREE_01501,37.51337189,127.0918582,tree,100.0
TREE_01502,37.50674165,127.0997852,tree,100.0
TREE_01503,37.51847408,127.0950182,tree,100.0
TREE_01504,37.50714427,127.0972493,tree,100.0
TREE_01505,37.51421196,127.0919227,tree,100.0
TREE_01506,37.51018937,127.0928323,tree,100.0
TREE_01507,37.51346778,127.0918448,tree,100.0
TREE_01508,37.51567236,127.1078621,tree,100.0
TREE_01509,37.50672949,127.1002286,tree,100.0
TREE_01510,37.50672425,127.0997343,tree,100.0
TREE_01511,37.51402722,127.091867,tree,100.0
TREE_01512,37.50797926,127.1050303,tree,100.0
TREE_01513,37.51206127,127.0919644,tree,100.0
TREE_01514,37.5067065,127.1001639,tree,100.0
TREE_01515,37.51164588,127.0920764,tree,100.0
TREE_01516,37.51426719,127.0918987,tree,100.0
TREE_01517,37.51351534,127.0918124,tree,100.0
TREE_01518,37.50706044,127.0974198,tree,100.0
TREE_01519,37.5067106,127.0996953,tree,100.0
TREE_01520,37.50670092,127.0996736,tree,100.0
TREE_01521,37.50668949,127.1001159,tree,100.0
TREE_01522,37.51839472,127.094802,tree,100.0
TREE_01523,37.51358072,127.0917938,tree,100.0
TREE_01524,37.50669834,127.0996346,tree,100.0
TREE_01525,37.50991411,127.0929528,tree,100.0
TREE_01526,37.50775167,127.1046883,tree,100.0
TREE_01527,37.51410605,127.0918336,tree,100.0
TREE_01528,37.5198407,127.1015458,tree,100.0
TREE_01529,37.51603681,127.107750077,tree,100.0
TREE_01530,37.50667094,127.1000595,tree,100.0
TREE_01531,37.51987016,127.101355,tree,100.0
TREE_01532,37.50707561,127.0972351,tree,100.0
TREE_01533,37.51836936,127.0947176,tree,100.0
TREE_01534,37.50666602,127.1000167,tree,100.0
TREE_01535,37.51569611,127.1079423,tree,100.0
TREE_01536,37.51009382,127.0927922,tree,100.0
TREE_01537,37.51433481,127.0918495,tree,100.0
TREE_01538,37.51833998,127.0946484,tree,100.0
TREE_01539,37.51367931,127.0917545,tree,100.0
TREE_01540,37.51205322,127.0918871,tree,100.0
TREE_01541,37.51418152,127.0918098,tree,100.0
TREE_01542,37.51831344,127.0945964,tree,100.0
TREE_01543,37.50666302,127.0995269,tree,100.0
TREE_01544,37.50664466,127.0999431,tree,100.0
TREE_01545,37.50699918,127.0974141,tree,100.0
TREE_01546,37.50665125,127.0994596,tree,100.0
TREE_01547,37.50791697,127.1051043,tree,100.0
TREE_01548,37.50662692,127.0998776,tree,100.0
TREE_01549,37.51829586,127.0945158,tree,100.0
TREE_01550,37.51426219,127.0917822,tree,100.0
TREE_01551,37.51163025,127.0919622,tree,100.0
TREE_01552,37.50663757,127.0993941,tree,100.0
TREE_01553,37.50769323,127.1047292,tree,100.0
TREE_01554,37.51202823,127.1084151,tree,100.0
TREE_01555,37.51439869,127.0918001,tree,100.0
TREE_01556,37.516066343,127.107822141,tree,100.0
TREE_01557,37.51382576,127.0917103,tree,100.0
TREE_01558,37.51005132,127.0927446,tree,100.0
TREE_01559,37.50662898,127.0993544,tree,100.0
TREE_01560,37.50660032,127.0998148,tree,100.0
TREE_01561,37.50983968,127.0928848,tree,100.0
TREE_01562,37.50662232,127.099311,tree,100.0
TREE_01563,37.51205807,127.0918069,tree,100.0
TREE_01564,37.50693905,127.0974095,tree,100.0
TREE_01565,37.51573075,127.1080334,tree,100.0
TREE_01566,37.51827601,127.0944222,tree,100.0
TREE_01567,37.51994209,127.1014959,tree,100.0
TREE_01568,37.51433715,127.09175,tree,100.0
TREE_01569,37.5065814,127.0997382,tree,100.0
TREE_01570,37.50661028,127.0992537,tree,100.0
TREE_01571,37.51997227,127.1013048,tree,100.0
TREE_01572,37.51824445,127.0943579,tree,100.0
TREE_01573,37.50697117,127.0972304,tree,100.0
TREE_01574,37.51001602,127.0927106,tree,100.0
TREE_01575,37.51394237,127.0916633,tree,100.0
TREE_01576,37.51449412,127.0917557,tree,100.0
TREE_01577,37.51820311,127.0942713,tree,100.0
TREE_01578,37.51174551,127.1084128,tree,100.0
TREE_01579,37.50784703,127.1051451,tree,100.0
TREE_01580,37.516091346,127.107887064,tree,100.0
TREE_01581,37.50659262,127.0991599,tree,100.0
TREE_01582,37.5065557,127.0996503,tree,100.0
TREE_01583,37.50763928,127.1047778,tree,100.0
TREE_01584,37.51198545,127.1084912,tree,100.0
TREE_01585,37.50658406,127.0991213,tree,100.0
TREE_01586,37.50658323,127.0990891,tree,100.0
TREE_01587,37.518657449,127.105364268,tree,100.0
TREE_01588,37.51817153,127.094184,tree,100.0
TREE_01589,37.50658046,127.0990599,tree,100.0
TREE_01590,37.51458738,127.0917372,tree,100.0
TREE_01591,37.51204871,127.0917241,tree,100.0
TREE_01592,37.51161126,127.0918435,tree,100.0
TREE_01593,37.50976666,127.0928252,tree,100.0
TREE_01594,37.50686846,127.0974021,tree,100.0
TREE_01595,37.51450093,127.0917026,tree,100.0
TREE_01596,37.51405281,127.0916168,tree,100.0
TREE_01597,37.51911612,127.1045669,tree,100.0
TREE_01598,37.51462533,127.091725,tree,100.0
TREE_01599,37.5157591,127.1081223,tree,100.0
TREE_01600,37.51813617,127.0940971,tree,100.0
TREE_01601,37.50651712,127.0995305,tree,100.0
TREE_01602,37.51172218,127.1084756,tree,100.0
TREE_01603,37.52006017,127.1012492,tree,100.0
TREE_01604,37.51196256,127.1085518,tree,100.0
TREE_01605,37.518661654,127.105440886,tree,100.0
TREE_01606,37.52004064,127.1014363,tree,100.0
TREE_01607,37.50655182,127.0989252,tree,100.0
TREE_01608,37.50688339,127.0972282,tree,100.0
TREE_01609,37.51811152,127.0940262,tree,100.0
TREE_01610,37.516111908,127.107971809,tree,100.0
TREE_01611,37.50994528,127.0926358,tree,100.0
TREE_01612,37.51459066,127.09167,tree,100.0
TREE_01613,37.50654171,127.0988889,tree,100.0
TREE_01614,37.5188161,127.1052253,tree,100.0
TREE_01615,37.50682154,127.097399,tree,100.0
TREE_01616,37.51808138,127.0939642,tree,100.0
TREE_01617,37.50777685,127.1052026,tree,100.0
TREE_01618,37.51919805,127.1045231,tree,100.0
TREE_01619,37.50653556,127.0988201,tree,100.0
TREE_01620,37.51418594,127.0915614,tree,100.0
TREE_01621,37.518663597,127.10551841,tree,100.0
TREE_01622,37.50653458,127.0987721,tree,100.0
TREE_01623,37.51203723,127.0916358,tree,100.0
TREE_01624,37.51578057,127.1081907,tree,100.0
TREE_01625,37.5065373,127.098723,tree,100.0
TREE_01626,37.51960732,127.096711,tree,100.0
TREE_01627,37.51805066,127.0938811,tree,100.0
TREE_01628,37.51472953,127.0916654,tree,100.0
TREE_01629,37.50653207,127.0986198,tree,100.0
TREE_01630,37.51925017,127.1044923,tree,100.0
TREE_01631,37.50754612,127.1048735,tree,100.0
TREE_01632,37.50968834,127.092747,tree,100.0
TREE_01633,37.51800718,127.0937932,tree,100.0
TREE_01634,37.51161411,127.091712,tree,100.0
TREE_01635,37.5067552,127.0974014,tree,100.0
TREE_01636,37.52015133,127.1011912,tree,100.0
TREE_01637,37.51472948,127.0916177,tree,100.0
TREE_01638,37.50644874,127.0991499,tree,100.0
TREE_01639,37.52013382,127.1013782,tree,100.0
TREE_01640,37.51883757,127.1053339,tree,100.0
TREE_01641,37.50644484,127.0991228,tree,100.0
TREE_01642,37.51937949,127.0959823,tree,100.0
TREE_01643,37.51480081,127.0916248,tree,100.0
TREE_01644,37.51797887,127.0937137,tree,100.0
TREE_01645,37.518675185,127.105614519,tree,100.0
TREE_01646,37.5142969,127.0915033,tree,100.0
TREE_01647,37.50643864,127.0990778,tree,100.0
TREE_01648,37.51905145,127.095274,tree,100.0
TREE_01649,37.51191259,127.1086731,tree,100.0
TREE_01650,37.50985389,127.0925683,tree,100.0
TREE_01651,37.51202287,127.0915541,tree,100.0
TREE_01652,37.50671152,127.0974487,tree,100.0
TREE_01653,37.51580476,127.1082763,tree,100.0
TREE_01654,37.51793542,127.0936269,tree,100.0
TREE_01655,37.51897197,127.0950962,tree,100.0
TREE_01656,37.51481972,127.0915935,tree,100.0
TREE_01657,37.51979543,127.0970268,tree,100.0
TREE_01658,37.50654648,127.0981309,tree,100.0
TREE_01659,37.51950641,127.0961938,tree,100.0
TREE_01660,37.50748528,127.1049099,tree,100.0
TREE_01661,37.50641598,127.0989831,tree,100.0
TREE_01662,37.51486531,127.0915908,tree,100.0
TREE_01663,37.518683298,127.10568236,tree,100.0
TREE_01664,37.51888681,127.0949043,tree,100.0
TREE_01665,37.51189187,127.1087157,tree,100.0
TREE_01666,37.51958129,127.0963462,tree,100.0
TREE_01667,37.50961427,127.0926941,tree,100.0
TREE_01668,37.51885117,127.1054252,tree,100.0
TREE_01669,37.50654107,127.0980498,tree,100.0
TREE_01670,37.50665729,127.0974891,tree,100.0
TREE_01671,37.51792239,127.093543,tree,100.0
TREE_01672,37.51882999,127.0947631,tree,100.0
TREE_01673,37.506542,127.0979784,tree,100.0
TREE_01674,37.514901,127.0915679,tree,100.0
TREE_01675,37.50654947,127.0979271,tree,100.0
TREE_01676,37.50745863,127.1049388,tree,100.0
TREE_01677,37.51582953,127.1083406,tree,100.0
TREE_01678,37.50655206,127.0978555,tree,100.0
TREE_01679,37.50764925,127.10531,tree,100.0
TREE_01680,37.519886,127.0971536,tree,100.0
TREE_01681,37.51876416,127.094622,tree,100.0
TREE_01682,37.52023527,127.1013223,tree,100.0
TREE_01683,37.516176791,127.108170874,tree,100.0
TREE_01684,37.50661451,127.0975452,tree,100.0
TREE_01685,37.52025797,127.1011447,tree,100.0
TREE_01686,37.51159849,127.0915698,tree,100.0
TREE_01687,37.51789197,127.0934619,tree,100.0
TREE_01688,37.51886688,127.1054982,tree,100.0
TREE_01689,37.518697116,127.105771386,tree,100.0
TREE_01690,37.50639088,127.0986874,tree,100.0
TREE_01691,37.51496303,127.0915419,tree,100.0
TREE_01692,37.50976251,127.0925009,tree,100.0
TREE_01693,37.51871872,127.0945119,tree,100.0
TREE_01694,37.5065942,127.0975652,tree,100.0
TREE_01695,37.51201322,127.0914394,tree,100.0
TREE_01696,37.51186697,127.108784,tree,100.0
TREE_01697,37.51994264,127.0972439,tree,100.0
TREE_01698,37.50638747,127.0986059,tree,100.0
TREE_01699,37.50655141,127.0976852,tree,100.0
TREE_01700,37.51503825,127.0915439,tree,100.0
TREE_01701,37.51787521,127.0933934,tree,100.0
TREE_01702,37.50741718,127.1049749,tree,100.0
TREE_01703,37.50656162,127.0976062,tree,100.0
TREE_01704,37.50638005,127.0985471,tree,100.0
TREE_01705,37.51585229,127.1084006,tree,100.0
TREE_01706,37.50953455,127.0926335,tree,100.0
TREE_01707,37.516197259,127.108227335,tree,100.0
TREE_01708,37.50637418,127.0984678,tree,100.0
TREE_01709,37.5075895,127.105349,tree,100.0
TREE_01710,37.51184603,127.1088359,tree,100.0
TREE_01711,37.51506111,127.0915088,tree,100.0
TREE_01712,37.51986234,127.0968228,tree,100.0
TREE_01713,37.51888164,127.1055966,tree,100.0
TREE_01714,37.518708699,127.105866081,tree,100.0
TREE_01715,37.51784929,127.0932971,tree,100.0
TREE_01716,37.50672835,127.0968452,tree,100.0
TREE_01717,37.51199756,127.0913631,tree,100.0
TREE_01718,37.50670781,127.0969053,tree,100.0
TREE_01719,37.51866163,127.0942944,tree,100.0
TREE_01720,37.50637089,127.0983158,tree,100.0
TREE_01721,37.516213187,127.108273921,tree,100.0
TREE_01722,37.52035098,127.1010717,tree,100.0
TREE_01723,37.51586975,127.1084605,tree,100.0
TREE_01724,37.50673939,127.0967573,tree,100.0
TREE_01725,37.51475192,127.0913792,tree,100.0
TREE_01726,37.51860382,127.0941914,tree,100.0
TREE_01727,37.52033992,127.1012737,tree,100.0
TREE_01728,37.51511998,127.0914796,tree,100.0
TREE_01729,37.50735617,127.1050217,tree,100.0
TREE_01730,37.50755576,127.10539,tree,100.0
TREE_01731,37.51520053,127.0914973,tree,100.0
TREE_01732,37.51159071,127.0914288,tree,100.0
TREE_01733,37.51479496,127.0913619,tree,100.0
TREE_01734,37.50674624,127.0966482,tree,100.0
TREE_01735,37.51872361,127.105945201,tree,100.0
TREE_01736,37.50637006,127.0981131,tree,100.0
TREE_01737,37.51889697,127.1056795,tree,100.0
TREE_01738,37.516227984,127.108319099,tree,100.0
TREE_01739,37.51778607,127.0931459,tree,100.0
TREE_01740,37.50675495,127.096578,tree,100.0
TREE_01741,37.50944566,127.09257,tree,100.0
TREE_01742,37.51853675,127.0940178,tree,100.0
TREE_01743,37.50638588,127.097926,tree,100.0
TREE_01744,37.511569,127.1088612,tree,100.0
TREE_01745,37.51589137,127.1085237,tree,100.0
TREE_01746,37.51522692,127.0914544,tree,100.0
TREE_01747,37.50640531,127.0977885,tree,100.0
TREE_01748,37.5067748,127.0964735,tree,100.0
TREE_01749,37.50680166,127.096392,tree,100.0
TREE_01750,37.51488435,127.091339,tree,100.0
TREE_01751,37.51890487,127.1057337,tree,100.0
TREE_01752,37.50638649,127.0978402,tree,100.0
TREE_01753,37.51530199,127.09147,tree,100.0
TREE_01754,37.50681811,127.0963254,tree,100.0
TREE_01755,37.52019649,127.0976754,tree,100.0
TREE_01756,37.51775282,127.0930508,tree,100.0
TREE_01757,37.518735132,127.10602151,tree,100.0
TREE_01758,37.5068281,127.096244,tree,100.0
TREE_01759,37.51891205,127.1057694,tree,100.0
TREE_01760,37.50729435,127.1050716,tree,100.0
TREE_01761,37.51850704,127.0938963,tree,100.0
TREE_01762,37.516249598,127.108381211,tree,100.0
TREE_01763,37.5115829,127.0913437,tree,100.0
TREE_01764,37.51538122,127.091466,tree,100.0
TREE_01765,37.50748726,127.1054374,tree,100.0
TREE_01766,37.51154925,127.1089107,tree,100.0
TREE_01767,37.51494259,127.0913086,tree,100.0
TREE_01768,37.51531411,127.0914205,tree,100.0
TREE_01769,37.51773358,127.0929767,tree,100.0
TREE_01770,37.50939627,127.0925087,tree,100.0
TREE_01771,37.52045362,127.1012193,tree,100.0
TREE_01772,37.52026223,127.0977882,tree,100.0
TREE_01773,37.5204803,127.1010147,tree,100.0
TREE_01774,37.51845927,127.0937665,tree,100.0
TREE_01775,37.518746668,127.106102063,tree,100.0
TREE_01776,37.51592301,127.1086084,tree,100.0
TREE_01777,37.51893385,127.1058313,tree,100.0
TREE_01778,37.51176606,127.109025,tree,100.0
TREE_01779,37.51502532,127.0912801,tree,100.0
TREE_01780,37.51545977,127.0914255,tree,100.0
TREE_01781,37.516273478,127.108447555,tree,100.0
TREE_01782,37.5153852,127.0913895,tree,100.0
TREE_01783,37.51771305,127.0928897,tree,100.0
TREE_01784,37.51151281,127.1089991,tree,100.0
TREE_01785,37.51768109,127.0928245,tree,100.0
TREE_01786,37.5203666,127.0979998,tree,100.0
TREE_01787,37.5093363,127.0924622,tree,100.0
TREE_01788,37.518760438,127.106176946,tree,100.0
TREE_01789,37.51510039,127.0912512,tree,100.0
TREE_01790,37.51594333,127.10868,tree,100.0
TREE_01791,37.51174134,127.1090905,tree,100.0
TREE_01792,37.51896095,127.1059032,tree,100.0
TREE_01793,37.51156112,127.0912167,tree,100.0
TREE_01794,37.51546403,127.0913562,tree,100.0
TREE_01795,37.51890824,127.0942549,tree,100.0
TREE_01796,37.51613576,127.108599,tree,100.0
TREE_01797,37.5193275,127.0949486,tree,100.0
TREE_01798,37.516295106,127.10851391,tree,100.0
TREE_01799,37.52055151,127.1011775,tree,100.0
TREE_01800,37.51149826,127.109039,tree,100.0
TREE_01801,37.5155379,127.091373,tree,100.0
TREE_01802,37.5183886,127.0935299,tree,100.0
TREE_01803,37.50719482,127.1051593,tree,100.0
TREE_01804,37.51922086,127.0947355,tree,100.0
TREE_01805,37.50690262,127.0956978,tree,100.0
TREE_01806,37.51887755,127.0941758,tree,100.0
TREE_01807,37.51926957,127.0948102,tree,100.0
TREE_01808,37.51919019,127.0946607,tree,100.0
TREE_01809,37.51836588,127.0934749,tree,100.0
TREE_01810,37.51552392,127.0913436,tree,100.0
TREE_01811,37.52059217,127.1009515,tree,100.0
TREE_01812,37.518774222,127.106256072,tree,100.0
TREE_01813,37.50738123,127.1055448,tree,100.0
TREE_01814,37.50690967,127.0956415,tree,100.0
TREE_01815,37.51519881,127.0912157,tree,100.0
TREE_01816,37.51764054,127.0926944,tree,100.0
TREE_01817,37.50928127,127.0924192,tree,100.0
TREE_01818,37.50650928,127.0966902,tree,100.0
TREE_01819,37.5064724,127.0968061,tree,100.0
TREE_01820,37.51171935,127.1091424,tree,100.0
TREE_01821,37.51834882,127.0934304,tree,100.0
TREE_01822,37.51560952,127.0913611,tree,100.0
TREE_01823,37.51970161,127.0956184,tree,100.0
TREE_01824,37.51976406,127.0957581,tree,100.0
TREE_01825,37.51973905,127.0956946,tree,100.0
TREE_01826,37.51885018,127.0940784,tree,100.0
TREE_01827,37.51913222,127.0945125,tree,100.0
TREE_01828,37.52039047,127.0977309,tree,100.0
TREE_01829,37.50692755,127.0955488,tree,100.0
TREE_01830,37.50655572,127.0964913,tree,100.0
TREE_01831,37.5065198,127.0965923,tree,100.0
TREE_01832,37.51832779,127.0933761,tree,100.0
TREE_01833,37.51147563,127.1090958,tree,100.0
TREE_01834,37.52048899,127.0982057,tree,100.0
TREE_01835,37.50654101,127.0965195,tree,100.0
TREE_01836,37.51909928,127.0944363,tree,100.0
TREE_01837,37.50656384,127.0964476,tree,100.0
TREE_01838,37.51981727,127.0958342,tree,100.0
TREE_01839,37.516317864,127.108581673,tree,100.0
TREE_01840,37.5176332,127.0926312,tree,100.0
TREE_01841,37.51881833,127.0939908,tree,100.0
TREE_01842,37.50656652,127.0964044,tree,100.0
TREE_01843,37.51898003,127.1060327,tree,100.0
TREE_01844,37.51560204,127.0913147,tree,100.0
TREE_01845,37.51905614,127.0943404,tree,100.0
TREE_01846,37.50627869,127.0973668,tree,100.0
TREE_01847,37.50694083,127.0954684,tree,100.0
TREE_01848,37.50633058,127.0971612,tree,100.0
TREE_01849,37.51568089,127.0913441,tree,100.0
TREE_01850,37.51900854,127.09426,tree,100.0
TREE_01851,37.51170148,127.1091906,tree,100.0
TREE_01852,37.50659482,127.0962994,tree,100.0
TREE_01853,37.51878995,127.0939288,tree,100.0
TREE_01854,37.518785777,127.106342282,tree,100.0
TREE_01855,37.50924141,127.0923758,tree,100.0
TREE_01856,37.51990114,127.0959781,tree,100.0
TREE_01857,37.50695951,127.0953962,tree,100.0
TREE_01858,37.51529657,127.0911778,tree,100.0
TREE_01859,37.50659981,127.0962552,tree,100.0
TREE_01860,37.52054117,127.0983101,tree,100.0
TREE_01861,37.51897898,127.0941823,tree,100.0
TREE_01862,37.50667532,127.096037,tree,100.0
TREE_01863,37.52046296,127.0978409,tree,100.0
TREE_01864,37.51829077,127.0932596,tree,100.0
TREE_01865,37.51196671,127.0909676,tree,100.0
TREE_01866,37.50662621,127.0961413,tree,100.0
TREE_01867,37.51875923,127.0938412,tree,100.0
TREE_01868,37.51778516,127.0927123,tree,100.0
TREE_01869,37.50629417,127.0971535,tree,100.0
TREE_01870,37.51637431,127.108614889,tree,100.0
TREE_01871,37.52066135,127.1011162,tree,100.0
TREE_01872,37.51895053,127.0941019,tree,100.0
TREE_01873,37.51168193,127.1092339,tree,100.0
TREE_01874,37.50667243,127.0959761,tree,100.0
TREE_01875,37.51154775,127.0910588,tree,100.0
TREE_01876,37.51567507,127.0912832,tree,100.0
TREE_01877,37.52000196,127.0961388,tree,100.0
TREE_01878,37.51536429,127.0911586,tree,100.0
TREE_01879,37.5069617,127.0953045,tree,100.0
TREE_01880,37.51577219,127.0913221,tree,100.0
TREE_01881,37.51890742,127.0940158,tree,100.0
TREE_01882,37.52069089,127.1009018,tree,100.0
TREE_01883,37.51599415,127.1088395,tree,100.0
TREE_01884,37.51144429,127.1091773,tree,100.0
TREE_01885,37.50697307,127.0952582,tree,100.0
TREE_01886,37.518800654,127.106411502,tree,100.0
TREE_01887,37.52060451,127.0983805,tree,100.0
TREE_01888,37.52053779,127.0979791,tree,100.0
TREE_01889,37.51758039,127.0924649,tree,100.0
TREE_01890,37.51888237,127.0939367,tree,100.0
TREE_01891,37.52008131,127.096277,tree,100.0
TREE_01892,37.50698797,127.0951839,tree,100.0
TREE_01893,37.51166918,127.1092729,tree,100.0
TREE_01894,37.51870687,127.0936873,tree,100.0
TREE_01895,37.51773465,127.0925956,tree,100.0
TREE_01896,37.51824689,127.0931134,tree,100.0
TREE_01897,37.51542685,127.0911345,tree,100.0
TREE_01898,37.52013693,127.0963983,tree,100.0
TREE_01899,37.51868189,127.0936323,tree,100.0
TREE_01900,37.51900146,127.1061822,tree,100.0
TREE_01901,37.51576154,127.0912538,tree,100.0
TREE_01902,37.51771932,127.092553,tree,100.0
TREE_01903,37.51755154,127.0923964,tree,100.0
TREE_01904,37.52018228,127.0964801,tree,100.0
TREE_01905,37.50622601,127.0971507,tree,100.0
TREE_01906,37.51196596,127.0908716,tree,100.0
TREE_01907,37.50667698,127.0957934,tree,100.0
TREE_01908,37.50699696,127.0950892,tree,100.0
TREE_01909,37.51165187,127.1093102,tree,100.0
TREE_01910,37.50915727,127.0922976,tree,100.0
TREE_01911,37.51866475,127.0935617,tree,100.0
TREE_01912,37.52066567,127.0984763,tree,100.0
TREE_01913,37.50914557,127.0922892,tree,100.0
TREE_01914,37.51883448,127.0937729,tree,100.0
TREE_01915,37.5182065,127.0929997,tree,100.0
TREE_01916,37.50702674,127.0949931,tree,100.0
TREE_01917,37.51155059,127.0909553,tree,100.0
TREE_01918,37.52024235,127.0965845,tree,100.0
TREE_01919,37.51551024,127.0911083,tree,100.0
TREE_01920,37.50668769,127.0957021,tree,100.0
TREE_01921,37.5160245,127.1089326,tree,100.0
TREE_01922,37.51752436,127.0923195,tree,100.0
TREE_01923,37.516523198,127.108665028,tree,100.0
TREE_01924,37.51882079,127.0937249,tree,100.0
TREE_01925,37.52027067,127.0966296,tree,100.0
TREE_01926,37.51879698,127.0936798,tree,100.0
TREE_01927,37.52078913,127.1008566,tree,100.0
TREE_01928,37.52077715,127.1010321,tree,100.0
TREE_01929,37.51140012,127.1092902,tree,100.0
TREE_01930,37.50668727,127.0956451,tree,100.0
TREE_01931,37.50617817,127.0971269,tree,100.0
TREE_01932,37.516586818,127.108653382,tree,100.0
TREE_01933,37.51769974,127.0924432,tree,100.0
TREE_01934,37.52031032,127.0966945,tree,100.0
TREE_01935,37.5158693,127.0912176,tree,100.0
TREE_01936,37.51956272,127.0948723,tree,100.0
TREE_01937,37.5181735,127.0929052,tree,100.0
TREE_01938,37.50910379,127.0922653,tree,100.0
TREE_01939,37.5176638,127.0924012,tree,100.0
TREE_01940,37.50669885,127.0955942,tree,100.0
TREE_01941,37.50705053,127.094862,tree,100.0
TREE_01942,37.51194131,127.0908035,tree,100.0
TREE_01943,37.51153269,127.0909127,tree,100.0
TREE_01944,37.50611067,127.0973518,tree,100.0
TREE_01945,37.51954455,127.0948286,tree,100.0
TREE_01946,37.516629025,127.108639726,tree,100.0
TREE_01947,37.51878326,127.0936218,tree,100.0
TREE_01948,37.51951388,127.094758,tree,100.0
TREE_01949,37.52035569,127.0967805,tree,100.0
TREE_01950,37.50670406,127.0955418,tree,100.0
TREE_01951,37.50720304,127.1057078,tree,100.0
TREE_01952,37.51559699,127.0910761,tree,100.0
TREE_01953,37.5160454,127.1089831,tree,100.0
TREE_01954,37.5190232,127.1063234,tree,100.0
TREE_01955,37.51942649,127.0945732,tree,100.0
TREE_01956,37.50615012,127.0971164,tree,100.0
TREE_01957,37.518831711,127.106602265,tree,100.0
TREE_01958,37.51939135,127.0945111,tree,100.0
TREE_01959,37.51876276,127.0935583,tree,100.0
TREE_01960,37.5207078,127.0982752,tree,100.0
TREE_01961,37.51985407,127.0953941,tree,100.0
TREE_01962,37.5200267,127.0957949,tree,100.0
TREE_01963,37.50908484,127.0922341,tree,100.0
TREE_01964,37.51922698,127.0942199,tree,100.0
TREE_01965,37.51873329,127.0935075,tree,100.0
TREE_01966,37.50671072,127.095483,tree,100.0
TREE_01967,37.51161195,127.1094135,tree,100.0
TREE_01968,37.51989374,127.0954632,tree,100.0
TREE_01969,37.50706872,127.094738,tree,100.0
TREE_01970,37.52084825,127.1007907,tree,100.0
TREE_01971,37.51764089,127.0923175,tree,100.0
TREE_01972,37.516774245,127.108604793,tree,100.0
TREE_01973,37.51137399,127.1093529,tree,100.0
TREE_01974,37.51911926,127.0940217,tree,100.0
TREE_01975,37.5181325,127.0927767,tree,100.0
TREE_01976,37.51746825,127.0921548,tree,100.0
TREE_01977,37.51930274,127.094298,tree,100.0
TREE_01978,37.52042928,127.0968862,tree,100.0
TREE_01979,37.50605631,127.09735,tree,100.0
TREE_01980,37.52085429,127.1009476,tree,100.0
TREE_01981,37.51995602,127.0955534,tree,100.0
TREE_01982,37.51606115,127.1090281,tree,100.0
TREE_01983,37.51871503,127.0934397,tree,100.0
TREE_01984,37.52010711,127.0959161,tree,100.0
TREE_01985,37.516853029,127.108578926,tree,100.0
TREE_01986,37.51194633,127.0907203,tree,100.0
TREE_01987,37.51903394,127.1063976,tree,100.0
TREE_01988,37.52045536,127.0969327,tree,100.0
TREE_01989,37.5115288,127.0908282,tree,100.0
TREE_01990,37.50610334,127.097099,tree,100.0
TREE_01991,37.520769,127.0983796,tree,100.0
TREE_01992,37.51761662,127.0922497,tree,100.0
TREE_01993,37.52015585,127.0960022,tree,100.0
TREE_01994,37.51569457,127.091042,tree,100.0
TREE_01995,37.50924287,127.0920363,tree,100.0
TREE_01996,37.51869228,127.0933762,tree,100.0
TREE_01997,37.5206563,127.0977097,tree,100.0
TREE_01998,37.50903526,127.0922046,tree,100.0
TREE_01999,37.50705838,127.094672,tree,100.0
TREE_02000,37.52002679,127.0956549,tree,100.0
TREE_02001,37.52049166,127.0970061,tree,100.0
TREE_02002,37.516590024,127.108775307,tree,100.0
TREE_02003,37.518851166,127.106692676,tree,100.0
TREE_02004,37.51920395,127.094075,tree,100.0
TREE_02005,37.51743168,127.0920722,tree,100.0
TREE_02006,37.516938589,127.108558664,tree,100.0
TREE_02007,37.51158336,127.1094764,tree,100.0
TREE_02008,37.52022274,127.0961206,tree,100.0
TREE_02009,37.52009256,127.095779,tree,100.0
TREE_02010,37.52052116,127.0970654,tree,100.0
TREE_02011,37.51761318,127.0922098,tree,100.0
TREE_02012,37.52080299,127.098436,tree,100.0
TREE_02013,37.50601208,127.0973506,tree,100.0
TREE_02014,37.51135061,127.1094141,tree,100.0
TREE_02015,37.51851788,127.0931183,tree,100.0
TREE_02016,37.51904426,127.1064552,tree,100.0
TREE_02017,37.51903622,127.0937916,tree,100.0
TREE_02018,37.51610608,127.0911888,tree,100.0
TREE_02019,37.51864684,127.0932704,tree,100.0
TREE_02020,37.51915399,127.0939636,tree,100.0
TREE_02021,37.51667109,127.108757914,tree,100.0
TREE_02022,37.51618436,127.0912246,tree,100.0
TREE_02023,37.52085767,127.098778,tree,100.0
TREE_02024,37.516994888,127.10854696,tree,100.0
TREE_02025,37.52082348,127.0984981,tree,100.0
TREE_02026,37.51949499,127.0945063,tree,100.0
TREE_02027,37.5201339,127.095841,tree,100.0
TREE_02028,37.5070568,127.0946095,tree,100.0
TREE_02029,37.52055176,127.0971175,tree,100.0
TREE_02030,37.51607732,127.1090964,tree,100.0
TREE_02031,37.52092481,127.1007177,tree,100.0
TREE_02032,37.51758288,127.092153,tree,100.0
TREE_02033,37.51739178,127.0919924,tree,100.0
TREE_02034,37.51605661,127.0911436,tree,100.0
TREE_02035,37.5194065,127.09433,tree,100.0
TREE_02036,37.51849399,127.0930534,tree,100.0
TREE_02037,37.5202884,127.0962122,tree,100.0
TREE_02038,37.52017921,127.0959129,tree,100.0
TREE_02039,37.517033184,127.108544027,tree,100.0
TREE_02040,37.516734137,127.108743442,tree,100.0
TREE_02041,37.51992814,127.0953074,tree,100.0
TREE_02042,37.50690466,127.1054088,tree,100.0
TREE_02043,37.51863312,127.093211,tree,100.0
TREE_02044,37.51910059,127.0938351,tree,100.0
TREE_02045,37.52072415,127.09778,tree,100.0
TREE_02046,37.50673299,127.0951919,tree,100.0
TREE_02047,37.52088597,127.0988153,tree,100.0
TREE_02048,37.51898621,127.0936632,tree,100.0
TREE_02049,37.52058683,127.0971598,tree,100.0
TREE_02050,37.51935768,127.0942213,tree,100.0
TREE_02051,37.52033493,127.0963124,tree,100.0
TREE_02052,37.51860479,127.0931631,tree,100.0
TREE_02053,37.51996552,127.0953666,tree,100.0
TREE_02054,37.50603022,127.0971089,tree,100.0
TREE_02055,37.50707948,127.0945042,tree,100.0
TREE_02056,37.52021772,127.0959707,tree,100.0
TREE_02057,37.516794931,127.108728983,tree,100.0
TREE_02058,37.517105208,127.108518195,tree,100.0
TREE_02059,37.5184656,127.092987,tree,100.0
TREE_02060,37.51905095,127.1065262,tree,100.0
TREE_02061,37.52000289,127.0954202,tree,100.0
TREE_02062,37.52061514,127.0972035,tree,100.0
TREE_02063,37.51151541,127.0907263,tree,100.0
TREE_02064,37.50595773,127.0973471,tree,100.0
TREE_02065,37.51194251,127.0906105,tree,100.0
TREE_02066,37.50674723,127.0951032,tree,100.0
TREE_02067,37.5173576,127.0919126,tree,100.0
TREE_02068,37.52026191,127.096044,tree,100.0
TREE_02069,37.51905399,127.0937151,tree,100.0
TREE_02070,37.52004367,127.095485,tree,100.0
TREE_02071,37.516855726,127.108714523,tree,100.0
TREE_02072,37.52039155,127.0963956,tree,100.0
TREE_02073,37.50897118,127.0921294,tree,100.0
TREE_02074,37.51613717,127.0911225,tree,100.0
TREE_02075,37.51755733,127.0920589,tree,100.0
TREE_02076,37.51857632,127.0930755,tree,100.0
TREE_02077,37.52008677,127.0955683,tree,100.0
TREE_02078,37.52078311,127.0978901,tree,100.0
TREE_02079,37.51929627,127.0940561,tree,100.0
TREE_02080,37.517188507,127.108495132,tree,100.0
TREE_02081,37.50916948,127.0919526,tree,100.0
TREE_02082,37.50675481,127.0950466,tree,100.0
TREE_02083,37.516907497,127.108697282,tree,100.0
TREE_02084,37.52031857,127.0961385,tree,100.0
TREE_02085,37.52097683,127.100896,tree,100.0
TREE_02086,37.51924411,127.0939602,tree,100.0
TREE_02087,37.52066608,127.0972711,tree,100.0
TREE_02088,37.51905254,127.1065948,tree,100.0
TREE_02089,37.52014796,127.0956698,tree,100.0
TREE_02090,37.52045163,127.0964999,tree,100.0
TREE_02091,37.51724029,127.108480623,tree,100.0
TREE_02092,37.51587608,127.0909703,tree,100.0
TREE_02093,37.51900284,127.0935867,tree,100.0
TREE_02094,37.51629113,127.1090862,tree,100.0
TREE_02095,37.52069109,127.0973375,tree,100.0
TREE_02096,37.516972807,127.108685627,tree,100.0
TREE_02097,37.5201933,127.0957502,tree,100.0
TREE_02098,37.50676926,127.0949597,tree,100.0
TREE_02099,37.51629524,127.0911621,tree,100.0
TREE_02100,37.51920772,127.09386,tree,100.0
TREE_02101,37.52039455,127.0962824,tree,100.0
TREE_02102,37.50683227,127.1054295,tree,100.0
TREE_02103,37.52024097,127.0958518,tree,100.0
TREE_02104,37.517287581,127.108471987,tree,100.0
TREE_02105,37.52083864,127.0979845,tree,100.0
TREE_02106,37.50596088,127.0971065,tree,100.0
TREE_02107,37.51853874,127.0929612,tree,100.0
TREE_02108,37.51752309,127.0919597,tree,100.0
TREE_02109,37.52073077,127.0974108,tree,100.0
TREE_02110,37.51621396,127.0910961,tree,100.0
TREE_02111,37.50589436,127.0973399,tree,100.0
TREE_02112,37.52103131,127.1006216,tree,100.0
TREE_02113,37.5119386,127.0905289,tree,100.0
TREE_02114,37.50677294,127.0948969,tree,100.0
TREE_02115,37.5202874,127.0959222,tree,100.0
TREE_02116,37.51841086,127.0927964,tree,100.0
TREE_02117,37.517331494,127.108463344,tree,100.0
TREE_02118,37.51905843,127.1066595,tree,100.0
TREE_02119,37.52045688,127.0963895,tree,100.0
TREE_02120,37.50680527,127.0948246,tree,100.0
TREE_02121,37.50911059,127.0919223,tree,100.0
TREE_02122,37.5191679,127.0937485,tree,100.0
TREE_02123,37.51612686,127.1092251,tree,100.0
TREE_02124,37.51896297,127.0934582,tree,100.0
TREE_02125,37.51128738,127.1095603,tree,100.0
TREE_02126,37.50889932,127.0920899,tree,100.0
TREE_02127,37.52054335,127.0966338,tree,100.0
TREE_02128,37.51151097,127.0906178,tree,100.0
TREE_02129,37.50711857,127.0942323,tree,100.0
TREE_02130,37.51839549,127.0927512,tree,100.0
TREE_02131,37.517378776,127.108450459,tree,100.0
TREE_02132,37.51597565,127.0909433,tree,100.0
TREE_02133,37.52077493,127.0974742,tree,100.0
TREE_02134,37.52089415,127.0980748,tree,100.0
TREE_02135,37.517130412,127.108645205,tree,100.0
TREE_02136,37.516482828,127.109063319,tree,100.0
TREE_02137,37.51730719,127.0917372,tree,100.0
TREE_02138,37.51886323,127.0932876,tree,100.0
TREE_02139,37.51850569,127.092851,tree,100.0
TREE_02140,37.50681353,127.0947416,tree,100.0
TREE_02141,37.51750419,127.0918825,tree,100.0
TREE_02142,37.51912241,127.0936257,tree,100.0
TREE_02143,37.52080783,127.0975405,tree,100.0
TREE_02144,37.50589988,127.097112,tree,100.0
TREE_02145,37.51839252,127.0927045,tree,100.0
TREE_02146,37.51613515,127.1092709,tree,100.0
TREE_02147,37.52092818,127.0981411,tree,100.0
TREE_02148,37.51892197,127.0933311,tree,100.0
TREE_02149,37.517195732,127.108636379,tree,100.0
TREE_02150,37.51746547,127.108431621,tree,100.0
TREE_02151,37.52107571,127.1008118,tree,100.0
TREE_02152,37.51638774,127.0911066,tree,100.0
TREE_02153,37.51907197,127.1067422,tree,100.0
TREE_02154,37.51837999,127.0926664,tree,100.0
TREE_02155,37.51794639,127.0922281,tree,100.0
TREE_02156,37.52095087,127.0981862,tree,100.0
TREE_02157,37.52084067,127.0975884,tree,100.0
TREE_02158,37.52065899,127.0968454,tree,100.0
TREE_02159,37.518891612,127.106996783,tree,100.0
TREE_02160,37.517247503,127.108619138,tree,100.0
TREE_02161,37.50699171,127.1059162,tree,100.0
TREE_02162,37.51125828,127.109626,tree,100.0
TREE_02163,37.51605671,127.0909177,tree,100.0
TREE_02164,37.51882902,127.0931689,tree,100.0
TREE_02165,37.50681171,127.0946563,tree,100.0
TREE_02166,37.517528503,127.108412906,tree,100.0
TREE_02167,37.51748609,127.0918107,tree,100.0
TREE_02168,37.50683588,127.0946044,tree,100.0
TREE_02169,37.52086788,127.0976392,tree,100.0
TREE_02170,37.51729444,127.0916401,tree,100.0
TREE_02171,37.52072255,127.0969808,tree,100.0
TREE_02172,37.517315058,127.108604643,tree,100.0
TREE_02173,37.52112526,127.100554,tree,100.0
TREE_02174,37.51150362,127.0905244,tree,100.0
TREE_02175,37.51835604,127.0925817,tree,100.0
TREE_02176,37.50684179,127.094545,tree,100.0
TREE_02177,37.51643957,127.0910748,tree,100.0
TREE_02178,37.50675442,127.1055532,tree,100.0
TREE_02179,37.50881075,127.0920326,tree,100.0
TREE_02180,37.517596058,127.108398423,tree,100.0
TREE_02181,37.51908179,127.1068133,tree,100.0
TREE_02182,37.516523661,127.109145122,tree,100.0
TREE_02183,37.5163755,127.0910281,tree,100.0
TREE_02184,37.52068694,127.0967816,tree,100.0
TREE_02185,37.517371345,127.108590206,tree,100.0
TREE_02186,37.51878353,127.0930461,tree,100.0
TREE_02187,37.52091432,127.0977111,tree,100.0
TREE_02188,37.51745784,127.0917324,tree,100.0
TREE_02189,37.52102112,127.0983047,tree,100.0
TREE_02190,37.50684886,127.0944973,tree,100.0
TREE_02191,37.51792405,127.09212,tree,100.0
TREE_02192,37.50582617,127.0970975,tree,100.0
TREE_02193,37.518904283,127.107080158,tree,100.0
TREE_02194,37.51845088,127.0926405,tree,100.0
TREE_02195,37.5161678,127.1093578,tree,100.0
TREE_02196,37.517656848,127.108382549,tree,100.0
TREE_02197,37.52046693,127.0960344,tree,100.0
TREE_02198,37.51726897,127.0915655,tree,100.0
TREE_02199,37.517427633,127.10857577,tree,100.0
TREE_02200,37.52094719,127.0977689,tree,100.0
TREE_02201,37.51613564,127.0908713,tree,100.0
TREE_02202,37.5068592,127.0944351,tree,100.0
TREE_02203,37.52105293,127.0983809,tree,100.0
TREE_02204,37.51832754,127.092487,tree,100.0
TREE_02205,37.5089921,127.091826,tree,100.0
TREE_02206,37.52116384,127.1007717,tree,100.0
TREE_02207,37.52051002,127.0961134,tree,100.0
TREE_02208,37.51650946,127.0910513,tree,100.0
TREE_02209,37.51146147,127.1097919,tree,100.0
TREE_02210,37.50877063,127.0919981,tree,100.0
TREE_02211,37.51909172,127.1068812,tree,100.0
TREE_02212,37.51842133,127.0925643,tree,100.0
TREE_02213,37.52083134,127.0971655,tree,100.0
TREE_02214,37.517490671,127.10855847,tree,100.0
TREE_02215,37.51931981,127.0936911,tree,100.0
TREE_02216,37.52054631,127.0961811,tree,100.0
TREE_02217,37.52077646,127.096931,tree,100.0
TREE_02218,37.50689105,127.0943284,tree,100.0
TREE_02219,37.51646248,127.091007,tree,100.0
TREE_02220,37.51620351,127.090866,tree,100.0
TREE_02221,37.50670597,127.1056088,tree,100.0
TREE_02222,37.51741924,127.0916234,tree,100.0
TREE_02223,37.51830589,127.092415,tree,100.0
TREE_02224,37.52058485,127.0962502,tree,100.0
TREE_02225,37.51873453,127.0928865,tree,100.0
TREE_02226,37.51190809,127.0903195,tree,100.0
TREE_02227,37.51927893,127.0936008,tree,100.0
TREE_02228,37.51654757,127.109219951,tree,100.0
TREE_02229,37.52110443,127.0984499,tree,100.0
TREE_02230,37.518916982,127.107172019,tree,100.0
TREE_02231,37.51924488,127.0935274,tree,100.0
TREE_02232,37.52062451,127.0963179,tree,100.0
TREE_02233,37.51840076,127.0924824,tree,100.0
TREE_02234,37.5192052,127.0934555,tree,100.0
TREE_02235,37.517601002,127.108532437,tree,100.0
TREE_02236,37.50688736,127.1060064,tree,100.0
TREE_02237,37.51828198,127.092343,tree,100.0
TREE_02238,37.52104583,127.0979481,tree,100.0
TREE_02239,37.50568965,127.0973221,tree,100.0
TREE_02240,37.51724033,127.0914422,tree,100.0
TREE_02241,37.51659442,127.0910237,tree,100.0
TREE_02242,37.52066644,127.0963884,tree,100.0
TREE_02243,37.52113556,127.0984908,tree,100.0
TREE_02244,37.51910406,127.106968,tree,100.0
TREE_02245,37.52124081,127.1005156,tree,100.0
TREE_02246,37.52106742,127.0980045,tree,100.0
TREE_02247,37.50573259,127.0971038,tree,100.0
TREE_02248,37.51653551,127.0909755,tree,100.0
TREE_02249,37.51619785,127.1094615,tree,100.0
TREE_02250,37.51625759,127.0908254,tree,100.0
TREE_02251,37.51766404,127.108515137,tree,100.0
TREE_02252,37.52071522,127.0964843,tree,100.0
TREE_02253,37.51917105,127.0933538,tree,100.0
TREE_02254,37.52089996,127.0971341,tree,100.0
TREE_02255,37.518927329,127.107234192,tree,100.0
TREE_02256,37.52095935,127.09737,tree,100.0
TREE_02257,37.521165,127.0985359,tree,100.0
TREE_02258,37.51739419,127.0915162,tree,100.0
TREE_02259,37.51868893,127.0927312,tree,100.0
TREE_02260,37.50665014,127.1056469,tree,100.0
TREE_02261,37.51912797,127.0932776,tree,100.0
TREE_02262,37.50891862,127.0917377,tree,100.0
TREE_02263,37.50694984,127.0940622,tree,100.0
TREE_02264,37.51148126,127.0903457,tree,100.0
TREE_02265,37.52075715,127.0965548,tree,100.0
TREE_02266,37.50869041,127.091929,tree,100.0
TREE_02267,37.51657375,127.109300425,tree,100.0
TREE_02268,37.517722581,127.108500689,tree,100.0
TREE_02269,37.5190792,127.0931831,tree,100.0
TREE_02270,37.51631363,127.0908094,tree,100.0
TREE_02271,37.52119337,127.0985937,tree,100.0
TREE_02272,37.5111731,127.1098298,tree,100.0
TREE_02273,37.51665438,127.09099,tree,100.0
TREE_02274,37.52100359,127.097456,tree,100.0
TREE_02275,37.51188638,127.0902188,tree,100.0
TREE_02276,37.51719678,127.091334,tree,100.0
TREE_02277,37.5182285,127.0921919,tree,100.0
TREE_02278,37.51911772,127.1070475,tree,100.0
TREE_02279,37.5212857,127.1007051,tree,100.0
TREE_02280,37.50684365,127.106065,tree,100.0
TREE_02281,37.52081273,127.0966635,tree,100.0
TREE_02282,37.5190361,127.0930999,tree,100.0
TREE_02283,37.517785609,127.10848056,tree,100.0
TREE_02284,37.51661485,127.0909505,tree,100.0
TREE_02285,37.50720221,127.0936076,tree,100.0
TREE_02286,37.5173684,127.0914403,tree,100.0
TREE_02287,37.5066239,127.1056804,tree,100.0
TREE_02288,37.51640661,127.1094303,tree,100.0
TREE_02289,37.520981,127.0972751,tree,100.0
TREE_02290,37.51775201,127.0917334,tree,100.0
TREE_02291,37.51139974,127.1099361,tree,100.0
TREE_02292,37.51116048,127.1098582,tree,100.0
TREE_02293,37.51893548,127.107313348,tree,100.0
TREE_02294,37.50560562,127.0973198,tree,100.0
TREE_02295,37.51897146,127.0929786,tree,100.0
TREE_02296,37.50565869,127.0970811,tree,100.0
TREE_02297,37.51820122,127.0921214,tree,100.0
TREE_02298,37.51716929,127.0912661,tree,100.0
TREE_02299,37.50721498,127.0935382,tree,100.0
TREE_02300,37.51805594,127.108285712,tree,100.0
TREE_02301,37.52089213,127.0968186,tree,100.0
TREE_02302,37.51148023,127.0902716,tree,100.0
TREE_02303,37.50693869,127.093956,tree,100.0
TREE_02304,37.50864416,127.0918784,tree,100.0
TREE_02305,37.516598771,127.109371006,tree,100.0
TREE_02306,37.51912561,127.1071144,tree,100.0
TREE_02307,37.5164222,127.0907874,tree,100.0
TREE_02308,37.51623192,127.1095738,tree,100.0
TREE_02309,37.51674177,127.0909581,tree,100.0
TREE_02310,37.52105465,127.0973956,tree,100.0
TREE_02311,37.518949164,127.107362776,tree,100.0
TREE_02312,37.51892487,127.0928657,tree,100.0
TREE_02313,37.50884127,127.091681,tree,100.0
TREE_02314,37.52111009,127.0976309,tree,100.0
TREE_02315,37.51669939,127.0909216,tree,100.0
TREE_02316,37.50658861,127.1057338,tree,100.0
TREE_02317,37.5177303,127.0916444,tree,100.0
TREE_02318,37.50723733,127.0934492,tree,100.0
TREE_02319,37.50694747,127.0938939,tree,100.0
TREE_02320,37.518130815,127.108270471,tree,100.0
TREE_02321,37.51137339,127.11,tree,100.0
TREE_02322,37.50725965,127.0933948,tree,100.0
TREE_02323,37.51715294,127.0911902,tree,100.0
TREE_02324,37.51817609,127.0920225,tree,100.0
TREE_02325,37.52113735,127.0976944,tree,100.0
TREE_02326,37.518163449,127.108258182,tree,100.0
TREE_02327,37.52109942,127.0974753,tree,100.0
TREE_02328,37.50554267,127.0973211,tree,100.0
TREE_02329,37.50695792,127.0938268,tree,100.0
TREE_02330,37.51913842,127.1071887,tree,100.0
TREE_02331,37.518978579,127.107398248,tree,100.0
TREE_02332,37.518200609,127.108251721,tree,100.0
TREE_02333,37.51112128,127.1099536,tree,100.0
TREE_02334,37.52133627,127.0988702,tree,100.0
TREE_02335,37.50727189,127.0933276,tree,100.0
TREE_02336,37.51649528,127.0907515,tree,100.0
TREE_02337,37.50696586,127.093778,tree,100.0
TREE_02338,37.52118265,127.0977634,tree,100.0
TREE_02339,37.52114761,127.0975649,tree,100.0
TREE_02340,37.50676185,127.1061584,tree,100.0
TREE_02341,37.518049044,127.108416936,tree,100.0
TREE_02342,37.5214027,127.1006362,tree,100.0
TREE_02343,37.50556869,127.097067,tree,100.0
TREE_02344,37.50697476,127.0937389,tree,100.0
TREE_02345,37.51678077,127.0908896,tree,100.0
TREE_02346,37.51134979,127.1100554,tree,100.0
TREE_02347,37.51714678,127.0911204,tree,100.0
TREE_02348,37.51187553,127.0900607,tree,100.0
TREE_02349,37.51626571,127.1096575,tree,100.0
TREE_02350,37.51856362,127.092333,tree,100.0
TREE_02351,37.50877754,127.0916329,tree,100.0
TREE_02352,37.50728306,127.0932574,tree,100.0
TREE_02353,37.5114635,127.0901481,tree,100.0
TREE_02354,37.51110731,127.1099955,tree,100.0
TREE_02355,37.50548807,127.0973038,tree,100.0
TREE_02356,37.52120206,127.0976707,tree,100.0
TREE_02357,37.51915004,127.1072671,tree,100.0
TREE_02358,37.50730766,127.0931921,tree,100.0
TREE_02359,37.516567,127.0907286,tree,100.0
TREE_02360,37.50651642,127.1057901,tree,100.0
TREE_02361,37.51690306,127.0909226,tree,100.0
TREE_02362,37.52139521,127.0989746,tree,100.0
TREE_02363,37.518139095,127.108391009,tree,100.0
TREE_02364,37.50698325,127.0936458,tree,100.0
TREE_02365,37.518334022,127.10822201,tree,100.0
TREE_02366,37.50852884,127.0917843,tree,100.0
TREE_02367,37.51713991,127.0910445,tree,100.0
TREE_02368,37.518999215,127.107505607,tree,100.0
TREE_02369,37.51685889,127.0908607,tree,100.0
TREE_02370,37.52111395,127.0971103,tree,100.0
TREE_02371,37.52125475,127.0977602,tree,100.0
TREE_02372,37.50544728,127.0973027,tree,100.0
TREE_02373,37.50731562,127.0931218,tree,100.0
TREE_02374,37.51628833,127.1097228,tree,100.0
TREE_02375,37.518213409,127.108376478,tree,100.0
TREE_02376,37.50648473,127.1058226,tree,100.0
TREE_02377,37.51839818,127.108202583,tree,100.0
TREE_02378,37.51690762,127.0908676,tree,100.0
TREE_02379,37.50700721,127.0935405,tree,100.0
TREE_02380,37.51663524,127.0906979,tree,100.0
TREE_02381,37.51107794,127.110066,tree,100.0
TREE_02382,37.51698265,127.0909021,tree,100.0
TREE_02383,37.50732152,127.0930751,tree,100.0
TREE_02384,37.52116388,127.0972133,tree,100.0
TREE_02385,37.51916466,127.1073487,tree,100.0
TREE_02386,37.51709621,127.090967,tree,100.0
TREE_02387,37.50667995,127.1062178,tree,100.0
TREE_02388,37.52119807,127.0973262,tree,100.0
TREE_02389,37.51145427,127.0900541,tree,100.0
TREE_02390,37.518269697,127.108362041,tree,100.0
TREE_02391,37.51883229,127.0924829,tree,100.0
TREE_02392,37.52130456,127.0978271,tree,100.0
TREE_02393,37.51696227,127.0908654,tree,100.0
TREE_02394,37.51702333,127.0909009,tree,100.0
TREE_02395,37.52148021,127.0991198,tree,100.0
TREE_02396,37.50870415,127.0915491,tree,100.0
TREE_02397,37.518472483,127.108184516,tree,100.0
TREE_02398,37.51185165,127.0899311,tree,100.0
TREE_02399,37.52133011,127.0978871,tree,100.0
TREE_02400,37.519011884,127.107588275,tree,100.0
TREE_02401,37.51708586,127.0909261,tree,100.0
TREE_02402,37.51847482,127.0920689,tree,100.0
TREE_02403,37.51130033,127.1101821,tree,100.0
TREE_02404,37.51630479,127.1097806,tree,100.0
TREE_02405,37.51669878,127.0906862,tree,100.0
TREE_02406,37.51917118,127.1073968,tree,100.0
TREE_02407,37.50701406,127.0934407,tree,100.0
TREE_02408,37.518504558,127.108172957,tree,100.0
TREE_02409,37.50538701,127.0972944,tree,100.0
TREE_02410,37.50543836,127.0970701,tree,100.0
TREE_02411,37.5183305,127.108350409,tree,100.0
TREE_02412,37.50643379,127.1058621,tree,100.0
TREE_02413,37.51876193,127.0923361,tree,100.0
TREE_02414,37.52136924,127.0979619,tree,100.0
TREE_02415,37.51761349,127.0912617,tree,100.0
TREE_02416,37.518539466,127.108167902,tree,100.0
TREE_02417,37.50702378,127.0933701,tree,100.0
TREE_02418,37.51145325,127.08998,tree,100.0
TREE_02419,37.52131958,127.0976071,tree,100.0
TREE_02420,37.51675767,127.0906581,tree,100.0
TREE_02421,37.51918207,127.1074669,tree,100.0
TREE_02422,37.51902623,127.107667399,tree,100.0
TREE_02423,37.5187199,127.0922388,tree,100.0
TREE_02424,37.518600805,127.108147781,tree,100.0
TREE_02425,37.50533999,127.0972868,tree,100.0
TREE_02426,37.51632741,127.1098459,tree,100.0
TREE_02427,37.50843356,127.0916868,tree,100.0
TREE_02428,37.50639203,127.1058782,tree,100.0
TREE_02429,37.50704226,127.0932888,tree,100.0
TREE_02430,37.51682237,127.0906549,tree,100.0
TREE_02431,37.50862671,127.0914879,tree,100.0
TREE_02432,37.52138536,127.0977341,tree,100.0
TREE_02433,37.518652032,127.108135407,tree,100.0
TREE_02434,37.50536087,127.0970679,tree,100.0
TREE_02435,37.52158676,127.0993102,tree,100.0
TREE_02436,37.50659123,127.1062984,tree,100.0
TREE_02437,37.51758378,127.091143,tree,100.0
TREE_02438,37.51919104,127.1075327,tree,100.0
TREE_02439,37.518517376,127.108304204,tree,100.0
TREE_02440,37.51839173,127.0918247,tree,100.0
TREE_02441,37.51869305,127.0921307,tree,100.0
TREE_02442,37.51183964,127.0897984,tree,100.0
TREE_02443,37.518702679,127.10811967,tree,100.0
TREE_02444,37.50635508,127.1059107,tree,100.0
TREE_02445,37.5112546,127.1103028,tree,100.0
TREE_02446,37.5070565,127.0931844,tree,100.0
TREE_02447,37.50528079,127.0972848,tree,100.0
TREE_02448,37.519038363,127.107758556,tree,100.0
TREE_02449,37.51144105,127.0898825,tree,100.0
TREE_02450,37.50837673,127.0916345,tree,100.0
TREE_02451,37.52145677,127.0978596,tree,100.0
TREE_02452,37.518578189,127.1082954,tree,100.0
TREE_02453,37.518755603,127.108110859,tree,100.0
TREE_02454,37.51636421,127.109936,tree,100.0
TREE_02455,37.51688081,127.0905917,tree,100.0
TREE_02456,37.52165703,127.0994301,tree,100.0
TREE_02457,37.51123061,127.1103525,tree,100.0
TREE_02458,37.51184901,127.0897363,tree,100.0
TREE_02459,37.51865094,127.0920079,tree,100.0
TREE_02460,37.50528775,127.0970778,tree,100.0
TREE_02461,37.51920658,127.1076235,tree,100.0
TREE_02462,37.518643471,127.108275259,tree,100.0
TREE_02463,37.518813014,127.108095709,tree,100.0
TREE_02464,37.50707252,127.0930583,tree,100.0
TREE_02465,37.50735829,127.0926721,tree,100.0
TREE_02466,37.51098517,127.1102942,tree,100.0
TREE_02467,37.50521972,127.0972784,tree,100.0
TREE_02468,37.52152477,127.097978,tree,100.0
TREE_02469,37.50854004,127.0914133,tree,100.0
TREE_02470,37.519054438,127.107848985,tree,100.0
TREE_02471,37.518692998,127.108260858,tree,100.0
TREE_02472,37.518863114,127.108084133,tree,100.0
TREE_02473,37.50708731,127.0929793,tree,100.0
TREE_02474,37.519051209,127.107882604,tree,100.0
TREE_02475,37.5192161,127.1076824,tree,100.0
TREE_02476,37.52159049,127.0982528,tree,100.0
TREE_02477,37.51860431,127.0918815,tree,100.0
TREE_02478,37.5217137,127.0995302,tree,100.0
TREE_02479,37.51753578,127.0909453,tree,100.0
TREE_02480,37.51120579,127.1104146,tree,100.0
TREE_02481,37.50830264,127.0915816,tree,100.0
TREE_02482,37.51691958,127.0905327,tree,100.0
TREE_02483,37.51657206,127.1099243,tree,100.0
TREE_02484,37.518738047,127.108254965,tree,100.0
TREE_02485,37.52157465,127.0980669,tree,100.0
TREE_02486,37.5062664,127.1059796,tree,100.0
TREE_02487,37.518908149,127.108073997,tree,100.0
TREE_02488,37.50737943,127.0925497,tree,100.0
TREE_02489,37.51639435,127.1100389,tree,100.0
TREE_02490,37.51183989,127.0896424,tree,100.0
TREE_02491,37.50710209,127.0929004,tree,100.0
TREE_02492,37.51096072,127.1103596,tree,100.0
TREE_02493,37.518938541,127.108065353,tree,100.0
TREE_02494,37.50521027,127.0970756,tree,100.0
TREE_02495,37.518785311,127.108237747,tree,100.0
TREE_02496,37.5216324,127.0983162,tree,100.0
TREE_02497,37.51922297,127.1077372,tree,100.0
TREE_02498,37.516759242,127.109856663,tree,100.0
TREE_02499,37.5180135,127.0912708,tree,100.0
TREE_02500,37.50738898,127.0925043,tree,100.0
TREE_02501,37.51094897,127.1103806,tree,100.0
TREE_02502,37.50514912,127.097256,tree,100.0
TREE_02503,37.52176358,127.0996205,tree,100.0
TREE_02504,37.51883482,127.108217688,tree,100.0
TREE_02505,37.52165676,127.0983557,tree,100.0
TREE_02506,37.52163246,127.0981698,tree,100.0
TREE_02507,37.50711346,127.0928365,tree,100.0
TREE_02508,37.51855368,127.0917403,tree,100.0
TREE_02509,37.5174926,127.0908408,tree,100.0
TREE_02510,37.51787781,127.0911301,tree,100.0
TREE_02511,37.51142556,127.0896979,tree,100.0
TREE_02512,37.50622862,127.1060365,tree,100.0
TREE_02513,37.5071214,127.0927877,tree,100.0
TREE_02514,37.52168902,127.0984001,tree,100.0
TREE_02515,37.50823245,127.0915315,tree,100.0
TREE_02516,37.5192331,127.107809,tree,100.0
TREE_02517,37.518888891,127.108214577,tree,100.0
TREE_02518,37.50844415,127.0913255,tree,100.0
TREE_02519,37.5218078,127.0997037,tree,100.0
TREE_02520,37.50739428,127.0924083,tree,100.0
TREE_02521,37.50713372,127.0927335,tree,100.0
TREE_02522,37.52171735,127.0984473,tree,100.0
TREE_02523,37.51642307,127.1101233,tree,100.0
TREE_02524,37.51182172,127.0895531,tree,100.0
TREE_02525,37.51692978,127.0904087,tree,100.0
TREE_02526,37.5050942,127.0972514,tree,100.0
TREE_02527,37.51092344,127.1104467,tree,100.0
TREE_02528,37.5189384,127.108194519,tree,100.0
TREE_02529,37.50512861,127.0970694,tree,100.0
TREE_02530,37.516788825,127.109944191,tree,100.0
TREE_02531,37.52174058,127.0984868,tree,100.0
TREE_02532,37.51784699,127.0910143,tree,100.0
TREE_02533,37.51852111,127.0916069,tree,100.0
TREE_02534,37.50740485,127.0923443,tree,100.0
TREE_02535,37.52174013,127.0983546,tree,100.0
TREE_02536,37.52185537,127.0997756,tree,100.0
TREE_02537,37.52179224,127.0987702,tree,100.0
TREE_02538,37.52176723,127.0985383,tree,100.0
TREE_02539,37.51746282,127.0906996,tree,100.0
TREE_02540,37.50818063,127.0914887,tree,100.0
TREE_02541,37.50617159,127.1060918,tree,100.0
TREE_02542,37.51691971,127.0903421,tree,100.0
TREE_02543,37.51114129,127.1105763,tree,100.0
TREE_02544,37.50741983,127.0922798,tree,100.0
TREE_02545,37.51822536,127.0912824,tree,100.0
TREE_02546,37.52179443,127.0985863,tree,100.0
TREE_02547,37.50715959,127.0925779,tree,100.0
TREE_02548,37.51141227,127.0895714,tree,100.0
TREE_02549,37.50742403,127.0922423,tree,100.0
TREE_02550,37.51645504,127.1102041,tree,100.0
TREE_02551,37.51792919,127.0909997,tree,100.0
TREE_02552,37.51848633,127.0914875,tree,100.0
TREE_02553,37.51780603,127.0909,tree,100.0
TREE_02554,37.518336,127.0913469,tree,100.0
TREE_02555,37.50835335,127.091269,tree,100.0
TREE_02556,37.516819554,127.11003737,tree,100.0
TREE_02557,37.50743294,127.0921901,tree,100.0
TREE_02558,37.50813161,127.0914419,tree,100.0
TREE_02559,37.52182512,127.0984998,tree,100.0
TREE_02560,37.51690134,127.0902553,tree,100.0
TREE_02561,37.52185282,127.0986928,tree,100.0
TREE_02562,37.51111379,127.1106477,tree,100.0
TREE_02563,37.51830641,127.0912636,tree,100.0
TREE_02564,37.5171033,127.0903565,tree,100.0
TREE_02565,37.50502538,127.097044,tree,100.0
TREE_02566,37.50497408,127.0972646,tree,100.0
TREE_02567,37.51086876,127.1105782,tree,100.0
TREE_02568,37.51844312,127.0913718,tree,100.0
TREE_02569,37.52189536,127.098945,tree,100.0
TREE_02570,37.51778544,127.090811,tree,100.0
TREE_02571,37.51820463,127.0911538,tree,100.0
TREE_02572,37.51789387,127.0908882,tree,100.0
TREE_02573,37.52188512,127.0987499,tree,100.0
TREE_02574,37.52188634,127.0986098,tree,100.0
TREE_02575,37.51648616,127.1102946,tree,100.0
TREE_02576,37.516844574,127.110107951,tree,100.0
TREE_02577,37.51937571,127.1079353,tree,100.0
TREE_02578,37.50719863,127.0923579,tree,100.0
TREE_02579,37.50744417,127.0920613,tree,100.0
TREE_02580,37.5184203,127.0912898,tree,100.0
TREE_02581,37.52192195,127.0988112,tree,100.0
TREE_02582,37.51817278,127.0910649,tree,100.0
TREE_02583,37.5082891,127.091194,tree,100.0
TREE_02584,37.50492417,127.0972653,tree,100.0
TREE_02585,37.51140592,127.0894474,tree,100.0
TREE_02586,37.51776038,127.0907319,tree,100.0
TREE_02587,37.51739668,127.0904708,tree,100.0
TREE_02588,37.5049691,127.0970517,tree,100.0
TREE_02589,37.5168755,127.0901465,tree,100.0
TREE_02590,37.52194861,127.0990296,tree,100.0
TREE_02591,37.51826201,127.0911309,tree,100.0
TREE_02592,37.5080642,127.0913879,tree,100.0
TREE_02593,37.51180737,127.0893298,tree,100.0
TREE_02594,37.51084467,127.1106465,tree,100.0
TREE_02595,37.52192884,127.0986839,tree,100.0
TREE_02596,37.51786872,127.0907822,tree,100.0
TREE_02597,37.51839301,127.0912164,tree,100.0
TREE_02598,37.5219605,127.098881,tree,100.0
TREE_02599,37.51943227,127.1079375,tree,100.0
TREE_02600,37.51738072,127.0904171,tree,100.0
TREE_02601,37.51685341,127.090091,tree,100.0
TREE_02602,37.50720465,127.0922773,tree,100.0
TREE_02603,37.52198944,127.0991086,tree,100.0
TREE_02604,37.50603064,127.106208,tree,100.0
TREE_02605,37.51707822,127.0902,tree,100.0
TREE_02606,37.52197135,127.0987593,tree,100.0
TREE_02607,37.50746604,127.0919385,tree,100.0
TREE_02608,37.51773413,127.0906344,tree,100.0
TREE_02609,37.51736026,127.0903663,tree,100.0
TREE_02610,37.5110606,127.1107805,tree,100.0
TREE_02611,37.52199793,127.0989544,tree,100.0
TREE_02612,37.51651445,127.1103839,tree,100.0
TREE_02613,37.51812499,127.0909307,tree,100.0
TREE_02614,37.50822106,127.091155,tree,100.0
TREE_02615,37.51949229,127.1079334,tree,100.0
TREE_02616,37.51836791,127.0911275,tree,100.0
TREE_02617,37.50720802,127.0922085,tree,100.0
TREE_02618,37.52203026,127.0991848,tree,100.0
TREE_02619,37.5167274,127.110294,tree,100.0
TREE_02620,37.51773062,127.0905991,tree,100.0
TREE_02621,37.50748306,127.0918736,tree,100.0
TREE_02622,37.52200654,127.0988355,tree,100.0
TREE_02623,37.52202176,127.0990045,tree,100.0
TREE_02624,37.51683836,127.0900157,tree,100.0
TREE_02625,37.51179388,127.0892398,tree,100.0
TREE_02626,37.50487491,127.0970477,tree,100.0
TREE_02627,37.50799065,127.0913177,tree,100.0
TREE_02628,37.50482489,127.0972568,tree,100.0
TREE_02629,37.52206202,127.0992483,tree,100.0
TREE_02630,37.511389,127.0893197,tree,100.0
TREE_02631,37.51954861,127.1079261,tree,100.0
TREE_02632,37.50598169,127.1062546,tree,100.0
TREE_02633,37.5170528,127.0900996,tree,100.0
TREE_02634,37.52206085,127.0990715,tree,100.0
TREE_02635,37.50721971,127.092121,tree,100.0
TREE_02636,37.50748596,127.0918086,tree,100.0
TREE_02637,37.51808176,127.0908108,tree,100.0
TREE_02638,37.51079309,127.1107627,tree,100.0
TREE_02639,37.52206263,127.0989314,tree,100.0
TREE_02640,37.5183371,127.091013,tree,100.0
TREE_02641,37.51781621,127.0905873,tree,100.0
TREE_02642,37.51102367,127.1108587,tree,100.0
TREE_02643,37.51770324,127.0904988,tree,100.0
TREE_02644,37.51682564,127.0899399,tree,100.0
TREE_02645,37.51732601,127.0902363,tree,100.0
TREE_02646,37.519157822,127.108446762,tree,100.0
TREE_02647,37.52208806,127.0991201,tree,100.0
TREE_02648,37.50816595,127.0910888,tree,100.0
TREE_02649,37.50482491,127.0970551,tree,100.0
TREE_02650,37.5220802,127.0989624,tree,100.0
TREE_02651,37.51179773,127.0891654,tree,100.0
TREE_02652,37.51944633,127.1081202,tree,100.0
TREE_02653,37.50477889,127.097249,tree,100.0
TREE_02654,37.51961342,127.1079151,tree,100.0
TREE_02655,37.50722698,127.0920531,tree,100.0
TREE_02656,37.52210112,127.099149,tree,100.0
TREE_02657,37.50750289,127.0917244,tree,100.0
TREE_02658,37.51077589,127.1108061,tree,100.0
TREE_02659,37.51946755,127.1081162,tree,100.0
TREE_02660,37.50593411,127.1062878,tree,100.0
TREE_02661,37.52211529,127.0991744,tree,100.0
TREE_02662,37.516912843,127.11031268,tree,100.0
TREE_02663,37.52210795,127.0990033,tree,100.0
TREE_02664,37.51930891,127.1083331,tree,100.0
TREE_02665,37.52212892,127.099209,tree,100.0
TREE_02666,37.52213909,127.0993823,tree,100.0
TREE_02667,37.51949665,127.1081133,tree,100.0
TREE_02668,37.51703188,127.09,tree,100.0
TREE_02669,37.51778547,127.0904955,tree,100.0
TREE_02670,37.50725336,127.0919731,tree,100.0
TREE_02671,37.52214534,127.0992316,tree,100.0
TREE_02672,37.51099004,127.1109253,tree,100.0
TREE_02673,37.51830625,127.0908916,tree,100.0
TREE_02674,37.50791599,127.0912409,tree,100.0
TREE_02675,37.51967445,127.1079222,tree,100.0
TREE_02676,37.519178336,127.108517368,tree,100.0
TREE_02677,37.52215895,127.0992591,tree,100.0
TREE_02678,37.51954542,127.1080962,tree,100.0
TREE_02679,37.51679914,127.0898288,tree,100.0
TREE_02680,37.50751451,127.0916302,tree,100.0
TREE_02681,37.51764637,127.0903463,tree,100.0
TREE_02682,37.51802479,127.0906272,tree,100.0
TREE_02683,37.50810214,127.0910363,tree,100.0
TREE_02684,37.51675728,127.1104613,tree,100.0
TREE_02685,37.50470899,127.0972437,tree,100.0
TREE_02686,37.50725673,127.0919042,tree,100.0
TREE_02687,37.51075216,127.1108726,tree,100.0
TREE_02688,37.51971604,127.1079124,tree,100.0
TREE_02689,37.51931807,127.1084103,tree,100.0
TREE_02690,37.51701433,127.0899198,tree,100.0
TREE_02691,37.516937864,127.110383262,tree,100.0
TREE_02692,37.51959406,127.108092,tree,100.0
TREE_02693,37.5075324,127.0915637,tree,100.0
TREE_02694,37.51177534,127.0890522,tree,100.0
TREE_02695,37.50587007,127.106348,tree,100.0
TREE_02696,37.51096649,127.1109913,tree,100.0
TREE_02697,37.519194358,127.10859224,tree,100.0
TREE_02698,37.51659108,127.1106012,tree,100.0
TREE_02699,37.52222747,127.0995289,tree,100.0
TREE_02700,37.51762468,127.090263,tree,100.0
TREE_02701,37.51678893,127.0897484,tree,100.0
TREE_02702,37.50470588,127.0970423,tree,100.0
TREE_02703,37.51980039,127.1078813,tree,100.0
TREE_02704,37.51799174,127.0905184,tree,100.0
TREE_02705,37.51810245,127.0906027,tree,100.0
TREE_02706,37.5182403,127.0907165,tree,100.0
TREE_02707,37.51933018,127.1084754,tree,100.0
TREE_02708,37.516953824,127.110439748,tree,100.0
TREE_02709,37.50783134,127.0911811,tree,100.0
TREE_02710,37.51964869,127.1081132,tree,100.0
TREE_02711,37.50754164,127.09147,tree,100.0
TREE_02712,37.51178577,127.0889845,tree,100.0
TREE_02713,37.51136318,127.0890859,tree,100.0
TREE_02714,37.51700395,127.0898236,tree,100.0
TREE_02715,37.52226828,127.0996037,tree,100.0
TREE_02716,37.52226674,127.099482,tree,100.0
TREE_02717,37.519203606,127.108662906,tree,100.0
TREE_02718,37.50605546,127.1068118,tree,100.0
TREE_02719,37.5080334,127.0909614,tree,100.0
TREE_02720,37.51726423,127.0899651,tree,100.0
TREE_02721,37.50581979,127.1064026,tree,100.0
TREE_02722,37.51136337,127.0890566,tree,100.0
TREE_02723,37.50464943,127.0970385,tree,100.0
TREE_02724,37.51970899,127.1080978,tree,100.0
TREE_02725,37.51093294,127.1110725,tree,100.0
TREE_02726,37.50755116,127.0914058,tree,100.0
TREE_02727,37.51934032,127.1085486,tree,100.0
TREE_02728,37.51758482,127.0901402,tree,100.0
TREE_02729,37.5166198,127.1106857,tree,100.0
TREE_02730,37.51795302,127.0904012,tree,100.0
TREE_02731,37.52230078,127.0995526,tree,100.0
TREE_02732,37.51677425,127.0896479,tree,100.0
TREE_02733,37.52231249,127.0996812,tree,100.0
TREE_02734,37.50775899,127.0911666,tree,100.0
TREE_02735,37.5113598,127.0890251,tree,100.0
TREE_02736,37.50756458,127.091356,tree,100.0
TREE_02737,37.50457709,127.0972389,tree,100.0
TREE_02738,37.519213985,127.108734979,tree,100.0
TREE_02739,37.51819242,127.0905541,tree,100.0
TREE_02740,37.52233028,127.0996132,tree,100.0
TREE_02741,37.51699164,127.0897274,tree,100.0
TREE_02742,37.50459746,127.0970524,tree,100.0
TREE_02743,37.51135804,127.0889956,tree,100.0
TREE_02744,37.51934991,127.1086152,tree,100.0
TREE_02745,37.50727587,127.0916219,tree,100.0
TREE_02746,37.51756878,127.0900639,tree,100.0
TREE_02747,37.52235218,127.099756,tree,100.0
TREE_02748,37.52235294,127.0996485,tree,100.0
TREE_02749,37.51177924,127.0888703,tree,100.0
TREE_02750,37.50576298,127.106464,tree,100.0
TREE_02751,37.52168012,127.1044952,tree,100.0
TREE_02752,37.52236207,127.0996838,tree,100.0
TREE_02753,37.51664495,127.1107552,tree,100.0
TREE_02754,37.50597766,127.1068648,tree,100.0
TREE_02755,37.519222064,127.108792922,tree,100.0
TREE_02756,37.51675922,127.089555,tree,100.0
TREE_02757,37.50793813,127.0909076,tree,100.0
TREE_02758,37.51803629,127.0903697,tree,100.0
TREE_02759,37.50452648,127.0972332,tree,100.0
TREE_02760,37.51135547,127.0889504,tree,100.0
TREE_02761,37.52237793,127.0997092,tree,100.0
TREE_02762,37.51696996,127.0896426,tree,100.0
TREE_02763,37.50729146,127.0915354,tree,100.0
TREE_02764,37.51936503,127.1086767,tree,100.0
TREE_02765,37.52239325,127.0995747,tree,100.0
TREE_02766,37.52240231,127.099755,tree,100.0
TREE_02767,37.52240545,127.0998505,tree,100.0
TREE_02768,37.50453034,127.0970468,tree,100.0
TREE_02769,37.50791369,127.090871,tree,100.0
TREE_02770,37.51673699,127.0894856,tree,100.0
TREE_02771,37.51752556,127.0899467,tree,100.0
TREE_02772,37.52173767,127.1044874,tree,100.0
TREE_02773,37.517019778,127.110623255,tree,100.0
TREE_02774,37.519231321,127.108866416,tree,100.0
TREE_02775,37.50572616,127.1065267,tree,100.0
TREE_02776,37.5224222,127.0998072,tree,100.0
TREE_02777,37.50730828,127.0914614,tree,100.0
TREE_02778,37.50446614,127.0972269,tree,100.0
TREE_02779,37.52243182,127.0996523,tree,100.0
TREE_02780,37.51752883,127.0899163,tree,100.0
TREE_02781,37.51937259,127.1087428,tree,100.0
TREE_02782,37.51791734,127.0901822,tree,100.0
TREE_02783,37.51667123,127.1108452,tree,100.0
TREE_02784,37.5113482,127.0888672,tree,100.0
TREE_02785,37.52244944,127.0998644,tree,100.0
TREE_02786,37.51751916,127.0898887,tree,100.0
TREE_02787,37.50786996,127.0908466,tree,100.0
TREE_02788,37.51694556,127.0895427,tree,100.0
TREE_02789,37.50732333,127.0913952,tree,100.0
TREE_02790,37.51687699,127.1107579,tree,100.0
TREE_02791,37.52179378,127.104477,tree,100.0
TREE_02792,37.51750384,127.0898577,tree,100.0
TREE_02793,37.52246696,127.0997158,tree,100.0
TREE_02794,37.519243977,127.108945549,tree,100.0
TREE_02795,37.517044817,127.110699493,tree,100.0
TREE_02796,37.51749187,127.0898175,tree,100.0
TREE_02797,37.50733803,127.0913126,tree,100.0
TREE_02798,37.51938741,127.1088321,tree,100.0
TREE_02799,37.52250098,127.0997792,tree,100.0
TREE_02800,37.51718187,127.0896091,tree,100.0
TREE_02801,37.50782393,127.0908085,tree,100.0
TREE_02802,37.51747881,127.0897871,tree,100.0
TREE_02803,37.51693347,127.0894599,tree,100.0
TREE_02804,37.51670075,127.1109317,tree,100.0
TREE_02805,37.51060549,127.11124,tree,100.0
TREE_02806,37.52025006,127.1077719,tree,100.0
TREE_02807,37.52185871,127.1044778,tree,100.0
TREE_02808,37.519255492,127.109020445,tree,100.0
TREE_02809,37.51746964,127.0897433,tree,100.0
TREE_02810,37.50585152,127.1069954,tree,100.0
TREE_02811,37.50734317,127.0912359,tree,100.0
TREE_02812,37.5043573,127.0972195,tree,100.0
TREE_02813,37.51082097,127.1113497,tree,100.0
TREE_02814,37.51178894,127.0886284,tree,100.0
TREE_02815,37.51706763,127.110784228,tree,100.0
TREE_02816,37.50778569,127.0907683,tree,100.0
TREE_02817,37.52029866,127.1077664,tree,100.0
TREE_02818,37.52255768,127.0998879,tree,100.0
TREE_02819,37.51691245,127.0893764,tree,100.0
TREE_02820,37.51939873,127.108927,tree,100.0
TREE_02821,37.521918,127.1044716,tree,100.0
TREE_02822,37.519265875,127.109093933,tree,100.0
TREE_02823,37.51080389,127.1113983,tree,100.0
TREE_02824,37.52022707,127.107927,tree,100.0
TREE_02825,37.51673192,127.1110105,tree,100.0
TREE_02826,37.5105704,127.1113205,tree,100.0
TREE_02827,37.52259404,127.0999768,tree,100.0
TREE_02828,37.50736761,127.0911104,tree,100.0
TREE_02829,37.51715485,127.0894536,tree,100.0
TREE_02830,37.51687336,127.0892929,tree,100.0
TREE_02831,37.52038179,127.1077506,tree,100.0
TREE_02832,37.5180317,127.0900217,tree,100.0
TREE_02833,37.51176665,127.0885487,tree,100.0
TREE_02834,37.517103927,127.11085758,tree,100.0
TREE_02835,37.51666613,127.089165,tree,100.0
TREE_02836,37.519277362,127.109160344,tree,100.0
TREE_02837,37.50738443,127.0910365,tree,100.0
TREE_02838,37.51941863,127.1090219,tree,100.0
TREE_02839,37.52030396,127.1079169,tree,100.0
TREE_02840,37.52043981,127.1077273,tree,100.0
TREE_02841,37.52199426,127.1044609,tree,100.0
TREE_02842,37.5168783,127.089237,tree,100.0
TREE_02843,37.52265421,127.1001137,tree,100.0
TREE_02844,37.51942042,127.1090587,tree,100.0
TREE_02845,37.51675942,127.1110977,tree,100.0
TREE_02846,37.5073947,127.0909733,tree,100.0
TREE_02847,37.50427645,127.0969861,tree,100.0
TREE_02848,37.50422457,127.0972148,tree,100.0
TREE_02849,37.51799072,127.0898989,tree,100.0
TREE_02850,37.52034923,127.1079199,tree,100.0
TREE_02851,37.50771413,127.0906415,tree,100.0
TREE_02852,37.519286624,127.109235252,tree,100.0
TREE_02853,37.52203636,127.1044522,tree,100.0
TREE_02854,37.51665776,127.0890778,tree,100.0
TREE_02855,37.51942786,127.1091077,tree,100.0
TREE_02856,37.52052437,127.1077182,tree,100.0
TREE_02857,37.51075046,127.1115349,tree,100.0
TREE_02858,37.517135791,127.110953582,tree,100.0
TREE_02859,37.5167794,127.1111482,tree,100.0
TREE_02860,37.50423373,127.0969914,tree,100.0
TREE_02861,37.52041391,127.1078973,tree,100.0
TREE_02862,37.50736515,127.0909051,tree,100.0
TREE_02863,37.51684607,127.089117,tree,100.0
TREE_02864,37.519300401,127.109312966,tree,100.0
TREE_02865,37.51794746,127.0897732,tree,100.0
TREE_02866,37.51664804,127.0890036,tree,100.0
TREE_02867,37.50413607,127.0972136,tree,100.0
TREE_02868,37.52062376,127.1076789,tree,100.0
TREE_02869,37.51944574,127.109202,tree,100.0
TREE_02870,37.50773286,127.0904708,tree,100.0
TREE_02871,37.5073464,127.0908435,tree,100.0
TREE_02872,37.50416083,127.0969889,tree,100.0
TREE_02873,37.517169871,127.111038259,tree,100.0
TREE_02874,37.519311902,127.109383619,tree,100.0
TREE_02875,37.52067398,127.1076646,tree,100.0
TREE_02876,37.51682349,127.0890123,tree,100.0
TREE_02877,37.50734746,127.0908028,tree,100.0
TREE_02878,37.51681771,127.1112569,tree,100.0
TREE_02879,37.51177076,127.0883052,tree,100.0
TREE_02880,37.51701033,127.1111624,tree,100.0
TREE_02881,37.51945331,127.1092681,tree,100.0
TREE_02882,37.5166357,127.0889024,tree,100.0
TREE_02883,37.51069138,127.1116576,tree,100.0
TREE_02884,37.50774024,127.0904026,tree,100.0
TREE_02885,37.51790526,127.0896249,tree,100.0
TREE_02886,37.52071657,127.1076629,tree,100.0
TREE_02887,37.50733656,127.090778,tree,100.0
TREE_02888,37.52060296,127.1078393,tree,100.0
TREE_02889,37.519321159,127.109457113,tree,100.0
TREE_02890,37.51681796,127.0889376,tree,100.0
TREE_02891,37.50734178,127.0907279,tree,100.0
TREE_02892,37.5206455,127.107827,tree,100.0
TREE_02893,37.51663445,127.0888447,tree,100.0
TREE_02894,37.51066761,127.1117191,tree,100.0
TREE_02895,37.51946708,127.1093529,tree,100.0
TREE_02896,37.50510023,127.1063302,tree,100.0
TREE_02897,37.52078949,127.1076416,tree,100.0
TREE_02898,37.52286742,127.1005242,tree,100.0
TREE_02899,37.50406853,127.09697,tree,100.0
TREE_02900,37.507738,127.090312,tree,100.0
TREE_02901,37.51684803,127.1113454,tree,100.0
TREE_02902,37.51177836,127.0882065,tree,100.0
TREE_02903,37.5222556,127.1044367,tree,100.0
TREE_02904,37.51663252,127.0888024,tree,100.0
TREE_02905,37.52069844,127.1078152,tree,100.0
TREE_02906,37.51731659,127.0891472,tree,100.0
TREE_02907,37.50516176,127.1065168,tree,100.0
TREE_02908,37.50490968,127.1059781,tree,100.0
TREE_02909,37.50498408,127.1061495,tree,100.0
TREE_02910,37.51785745,127.0894823,tree,100.0
TREE_02911,37.51065511,127.111754,tree,100.0
TREE_02912,37.519331579,127.109541915,tree,100.0
TREE_02913,37.50487165,127.1058993,tree,100.0
TREE_02914,37.50594194,127.1078936,tree,100.0
TREE_02915,37.50506749,127.1063476,tree,100.0
TREE_02916,37.5168193,127.0888641,tree,100.0
TREE_02917,37.50498784,127.1061796,tree,100.0
TREE_02918,37.50495356,127.1061079,tree,100.0
TREE_02919,37.50727681,127.0907021,tree,100.0
TREE_02920,37.50503685,127.1062931,tree,100.0
TREE_02921,37.50494041,127.106086,tree,100.0
TREE_02922,37.5048684,127.105925,tree,100.0
TREE_02923,37.5208545,127.1076262,tree,100.0
TREE_02924,37.50471951,127.1055783,tree,100.0
TREE_02925,37.50490059,127.1060112,tree,100.0
TREE_02926,37.51130438,127.088265,tree,100.0
TREE_02927,37.52075175,127.1078095,tree,100.0
TREE_02928,37.50397036,127.0971864,tree,100.0
TREE_02929,37.50774493,127.0902257,tree,100.0
TREE_02930,37.50520505,127.106683,tree,100.0
TREE_02931,37.51660812,127.0887298,tree,100.0
TREE_02932,37.5060044,127.1080397,tree,100.0
TREE_02933,37.50605333,127.1081113,tree,100.0
TREE_02934,37.50610904,127.1081919,tree,100.0
TREE_02935,37.51948441,127.1094407,tree,100.0
TREE_02936,37.50595698,127.1079765,tree,100.0
TREE_02937,37.50624002,127.1083854,tree,100.0
TREE_02938,37.50620389,127.1083372,tree,100.0
TREE_02939,37.51704813,127.1113209,tree,100.0
TREE_02940,37.50616474,127.1082913,tree,100.0
TREE_02941,37.50627415,127.1084405,tree,100.0
TREE_02942,37.50613764,127.1082551,tree,100.0
TREE_02943,37.517226841,127.111235981,tree,100.0
TREE_02944,37.50636173,127.1085746,tree,100.0
TREE_02945,37.50449971,127.105104,tree,100.0
TREE_02946,37.50629318,127.1084888,tree,100.0
TREE_02947,37.51688509,127.0888299,tree,100.0
TREE_02948,37.50438029,127.1047714,tree,100.0
TREE_02949,37.50639509,127.1086286,tree,100.0
TREE_02950,37.51180849,127.0881043,tree,100.0
TREE_02951,37.50427749,127.1044524,tree,100.0
TREE_02952,37.50451839,127.1051809,tree,100.0
TREE_02953,37.52295245,127.1006793,tree,100.0
TREE_02954,37.50630995,127.108528,tree,100.0
TREE_02955,37.50642402,127.1086822,tree,100.0
TREE_02956,37.50442701,127.1049377,tree,100.0
TREE_02957,37.50645812,127.1087273,tree,100.0
TREE_02958,37.50451106,127.1051878,tree,100.0
TREE_02959,37.51062055,127.1118366,tree,100.0
TREE_02960,37.50775661,127.0901484,tree,100.0
TREE_02961,37.50392184,127.0971821,tree,100.0
TREE_02962,37.50422245,127.1043183,tree,100.0
TREE_02963,37.50439274,127.104866,tree,100.0
TREE_02964,37.50427437,127.1045002,tree,100.0
TREE_02965,37.51763402,127.0892233,tree,100.0
TREE_02966,37.51679293,127.0887529,tree,100.0
TREE_02967,37.50444154,127.1050177,tree,100.0
TREE_02968,37.51130559,127.0881954,tree,100.0
TREE_02969,37.52094824,127.1076065,tree,100.0
TREE_02970,37.50437444,127.1048315,tree,100.0
TREE_02971,37.50395533,127.0969758,tree,100.0
TREE_02972,37.50423387,127.1043942,tree,100.0
TREE_02973,37.50420864,127.1043135,tree,100.0
TREE_02974,37.50439246,127.1049077,tree,100.0
TREE_02975,37.52085808,127.1077713,tree,100.0
TREE_02976,37.50422144,127.1043704,tree,100.0
TREE_02977,37.50441463,127.1049776,tree,100.0
TREE_02978,37.50446671,127.1051294,tree,100.0
TREE_02979,37.50426036,127.1045141,tree,100.0
TREE_02980,37.51728055,127.0889876,tree,100.0
TREE_02981,37.50424363,127.1044606,tree,100.0
TREE_02982,37.51949468,127.109531,tree,100.0
TREE_02983,37.50442657,127.1050556,tree,100.0
TREE_02984,37.5042679,127.104576,tree,100.0
TREE_02985,37.52239317,127.1044187,tree,100.0
TREE_02986,37.51689828,127.111496,tree,100.0
TREE_02987,37.51777443,127.0892621,tree,100.0
TREE_02988,37.51659047,127.0886099,tree,100.0
TREE_02989,37.51677421,127.088689,tree,100.0
TREE_02990,37.50391563,127.09698,tree,100.0
TREE_02991,37.51131779,127.0881344,tree,100.0
TREE_02992,37.50776343,127.0900576,tree,100.0
TREE_02993,37.52091333,127.1077621,tree,100.0
TREE_02994,37.51177756,127.088016,tree,100.0
TREE_02995,37.50386066,127.0971792,tree,100.0
TREE_02996,37.50684311,127.1093179,tree,100.0
TREE_02997,37.517267792,127.111354565,tree,100.0
TREE_02998,37.51710098,127.1114453,tree,100.0
TREE_02999,37.50716832,127.0905771,tree,100.0
TREE_03000,37.52303968,127.1008203,tree,100.0
TREE_03001,37.50697819,127.1094871,tree,100.0
TREE_03002,37.50777998,127.0899937,tree,100.0
TREE_03003,37.50687334,127.1093827,tree,100.0
TREE_03004,37.50669626,127.1091833,tree,100.0
TREE_03005,37.50691185,127.1094282,tree,100.0
TREE_03006,37.50657224,127.1090417,tree,100.0
TREE_03007,37.51131816,127.0880763,tree,100.0
TREE_03008,37.50386496,127.0969758,tree,100.0
TREE_03009,37.51774931,127.0891647,tree,100.0
TREE_03010,37.50717683,127.1097217,tree,100.0
TREE_03011,37.5070906,127.1096344,tree,100.0
TREE_03012,37.50673533,127.1092488,tree,100.0
TREE_03013,37.50725865,127.1098086,tree,100.0
TREE_03014,37.51725587,127.088859,tree,100.0
TREE_03015,37.50712911,127.1096799,tree,100.0
TREE_03016,37.50704287,127.1095926,tree,100.0
TREE_03017,37.50728297,127.1098373,tree,100.0
TREE_03018,37.50663122,127.1091356,tree,100.0
TREE_03019,37.52109524,127.107576,tree,100.0
TREE_03020,37.50735059,127.1099075,tree,100.0
TREE_03021,37.50731135,127.1098709,tree,100.0
TREE_03022,37.5071194,127.0905733,tree,100.0
TREE_03023,37.50380457,127.097179,tree,100.0
TREE_03024,37.51933034,127.109849164,tree,100.0
TREE_03025,37.5117805,127.0879424,tree,100.0
TREE_03026,37.51675564,127.0885834,tree,100.0
TREE_03027,37.50791497,127.1104284,tree,100.0
TREE_03028,37.50749097,127.0902034,tree,100.0
TREE_03029,37.50768374,127.1102378,tree,100.0
TREE_03030,37.5169334,127.1115966,tree,100.0
TREE_03031,37.50812079,127.1106035,tree,100.0
TREE_03032,37.5077963,127.0899208,tree,100.0
TREE_03033,37.50816243,127.1106381,tree,100.0
TREE_03034,37.50750133,127.1100758,tree,100.0
TREE_03035,37.51656466,127.0884835,tree,100.0
TREE_03036,37.50743297,127.1100145,tree,100.0
TREE_03037,37.5085943,127.1109589,tree,100.0
TREE_03038,37.52249382,127.1044135,tree,100.0
TREE_03039,37.50833378,127.1107725,tree,100.0
TREE_03040,37.50878609,127.1110883,tree,100.0
TREE_03041,37.52103457,127.1077211,tree,100.0
TREE_03042,37.50827076,127.1107272,tree,100.0
TREE_03043,37.50839439,127.1108199,tree,100.0
TREE_03044,37.50829988,127.1107519,tree,100.0
TREE_03045,37.5080259,127.11054,tree,100.0
TREE_03046,37.50821383,127.1106891,tree,100.0
TREE_03047,37.52114317,127.1075501,tree,100.0
TREE_03048,37.50776961,127.1103295,tree,100.0
TREE_03049,37.50863152,127.1109931,tree,100.0
TREE_03050,37.50868845,127.1110312,tree,100.0
TREE_03051,37.50750669,127.0901642,tree,100.0
TREE_03052,37.52308848,127.1009233,tree,100.0
TREE_03053,37.50771138,127.1102802,tree,100.0
TREE_03054,37.50761594,127.1101966,tree,100.0
TREE_03055,37.51758369,127.0890057,tree,100.0
TREE_03056,37.50730328,127.0903529,tree,100.0
TREE_03057,37.50852171,127.1109217,tree,100.0
TREE_03058,37.50843327,127.1108609,tree,100.0
TREE_03059,37.50874059,127.1110734,tree,100.0
TREE_03060,37.51956912,127.1096465,tree,100.0
TREE_03061,37.50929518,127.1114162,tree,100.0
TREE_03062,37.50884156,127.1111441,tree,100.0
TREE_03063,37.50888559,127.1111767,tree,100.0
TREE_03064,37.50797837,127.1105227,tree,100.0
TREE_03065,37.50937102,127.1114714,tree,100.0
TREE_03066,37.51131552,127.0880065,tree,100.0
TREE_03067,37.5072861,127.0903438,tree,100.0
TREE_03068,37.50940796,127.1115012,tree,100.0
TREE_03069,37.5094697,127.1115363,tree,100.0
TREE_03070,37.5095146,127.1115653,tree,100.0
TREE_03071,37.50379708,127.096972,tree,100.0
TREE_03072,37.50752212,127.0901052,tree,100.0
TREE_03073,37.50375447,127.0971748,tree,100.0
TREE_03074,37.50957321,127.1116001,tree,100.0
TREE_03075,37.5070597,127.0905446,tree,100.0
TREE_03076,37.50964526,127.1116439,tree,100.0
TREE_03077,37.50973009,127.1116856,tree,100.0
TREE_03078,37.51178814,127.0878691,tree,100.0
TREE_03079,37.51674211,127.088502,tree,100.0
TREE_03080,37.51771392,127.0890333,tree,100.0
TREE_03081,37.517304237,127.111473171,tree,100.0
TREE_03082,37.51953009,127.1097477,tree,100.0
TREE_03083,37.52121071,127.1075308,tree,100.0
TREE_03084,37.52110436,127.1077093,tree,100.0
TREE_03085,37.50982759,127.1117458,tree,100.0
TREE_03086,37.50590953,127.1083297,tree,100.0
TREE_03087,37.50594381,127.1083824,tree,100.0
TREE_03088,37.50595695,127.1084012,tree,100.0
TREE_03089,37.50589937,127.1083201,tree,100.0
TREE_03090,37.50591741,127.1083465,tree,100.0
TREE_03091,37.52313381,127.1010023,tree,100.0
TREE_03092,37.50572779,127.1080713,tree,100.0
TREE_03093,37.50725606,127.0903233,tree,100.0
TREE_03094,37.50592853,127.1083688,tree,100.0
TREE_03095,37.5078029,127.089821,tree,100.0
TREE_03096,37.5059695,127.108429,tree,100.0
TREE_03097,37.519353182,127.109942309,tree,100.0
TREE_03098,37.52256251,127.1044035,tree,100.0
TREE_03099,37.50571227,127.1080586,tree,100.0
TREE_03100,37.50571818,127.1080686,tree,100.0
TREE_03101,37.5169577,127.1116758,tree,100.0
TREE_03102,37.50572255,127.1080766,tree,100.0
TREE_03103,37.50988473,127.1117883,tree,100.0
TREE_03104,37.50986114,127.1117785,tree,100.0
TREE_03105,37.5099436,127.11182,tree,100.0
TREE_03106,37.50997845,127.1118371,tree,100.0
TREE_03107,37.51002099,127.1118564,tree,100.0
TREE_03108,37.50724697,127.0903121,tree,100.0
TREE_03109,37.51953907,127.1097728,tree,100.0
TREE_03110,37.5070101,127.0905412,tree,100.0
TREE_03111,37.51654516,127.0883704,tree,100.0
TREE_03112,37.50754601,127.0900107,tree,100.0
TREE_03113,37.50701451,127.1097423,tree,100.0
TREE_03114,37.50709375,127.1098231,tree,100.0
TREE_03115,37.50374222,127.0969723,tree,100.0
TREE_03116,37.50721103,127.1099442,tree,100.0
TREE_03117,37.50714707,127.1098821,tree,100.0
TREE_03118,37.50721487,127.1099515,tree,100.0
TREE_03119,37.50714987,127.1098888,tree,100.0
TREE_03120,37.50720813,127.1099472,tree,100.0
TREE_03121,37.50726043,127.1099977,tree,100.0
TREE_03122,37.5073859,127.110119,tree,100.0
TREE_03123,37.50739015,127.110122,tree,100.0
TREE_03124,37.50708934,127.1098288,tree,100.0
TREE_03125,37.50738779,127.1101211,tree,100.0
TREE_03126,37.50738933,127.1101234,tree,100.0
TREE_03127,37.5071451,127.1098874,tree,100.0
TREE_03128,37.50738418,127.1101209,tree,100.0
TREE_03129,37.50746952,127.1102011,tree,100.0
TREE_03130,37.51721464,127.0886669,tree,100.0
TREE_03131,37.52317689,127.1010813,tree,100.0
TREE_03132,37.50721798,127.0902814,tree,100.0
TREE_03133,37.50782319,127.0897253,tree,100.0
TREE_03134,37.51672584,127.0883993,tree,100.0
TREE_03135,37.52262191,127.1044023,tree,100.0
TREE_03136,37.50832845,127.1109393,tree,100.0
TREE_03137,37.50915325,127.1114882,tree,100.0
TREE_03138,37.50858631,127.111134,tree,100.0
TREE_03139,37.50424468,127.105234,tree,100.0
TREE_03140,37.50426456,127.1052915,tree,100.0
TREE_03141,37.519368137,127.110035573,tree,100.0
TREE_03142,37.50865352,127.1111824,tree,100.0
TREE_03143,37.5092409,127.111545,tree,100.0
TREE_03144,37.50864957,127.1111821,tree,100.0
TREE_03145,37.52121918,127.107684,tree,100.0
TREE_03146,37.50865309,127.1111856,tree,100.0
TREE_03147,37.50922595,127.1115388,tree,100.0
TREE_03148,37.50925143,127.1115532,tree,100.0
TREE_03149,37.50428376,127.105355,tree,100.0
TREE_03150,37.50430633,127.10542,tree,100.0
TREE_03151,37.50869592,127.111216,tree,100.0
TREE_03152,37.50927167,127.1115682,tree,100.0
TREE_03153,37.51956923,127.1098439,tree,100.0
TREE_03154,37.50939194,127.1116359,tree,100.0
TREE_03155,37.50755965,127.089917,tree,100.0
TREE_03156,37.50932306,127.1116011,tree,100.0
TREE_03157,37.50419807,127.1051306,tree,100.0
TREE_03158,37.50414331,127.1049778,tree,100.0
TREE_03159,37.5094196,127.1116581,tree,100.0
TREE_03160,37.50939718,127.1116473,tree,100.0
TREE_03161,37.5094579,127.1116804,tree,100.0
TREE_03162,37.50947057,127.111687,tree,100.0
TREE_03163,37.50949736,127.1117013,tree,100.0
TREE_03164,37.50415893,127.1050298,tree,100.0
TREE_03165,37.50368609,127.096965,tree,100.0
TREE_03166,37.50696231,127.0904773,tree,100.0
TREE_03167,37.50404787,127.104717,tree,100.0
TREE_03168,37.50401855,127.1046236,tree,100.0
TREE_03169,37.50958326,127.1117582,tree,100.0
TREE_03170,37.50961006,127.1117725,tree,100.0
TREE_03171,37.50407255,127.1047989,tree,100.0
TREE_03172,37.50959753,127.1117673,tree,100.0
TREE_03173,37.50399032,127.1045348,tree,100.0
TREE_03174,37.52322116,127.1011773,tree,100.0
TREE_03175,37.50396324,127.1044526,tree,100.0
TREE_03176,37.51698306,127.1117867,tree,100.0
TREE_03177,37.50393996,127.1043776,tree,100.0
TREE_03178,37.50966859,127.1118099,tree,100.0
TREE_03179,37.5213624,127.1074969,tree,100.0
TREE_03180,37.51719631,127.0885793,tree,100.0
TREE_03181,37.50391512,127.1043031,tree,100.0
TREE_03182,37.517349733,127.111603045,tree,100.0
TREE_03183,37.51652685,127.0882482,tree,100.0
TREE_03184,37.52267403,127.1043912,tree,100.0
TREE_03185,37.50389069,127.1042305,tree,100.0
TREE_03186,37.50783895,127.0896297,tree,100.0
TREE_03187,37.50385075,127.1040944,tree,100.0
TREE_03188,37.50386802,127.1041569,tree,100.0
TREE_03189,37.51671466,127.0883223,tree,100.0
TREE_03190,37.51957322,127.109905,tree,100.0
TREE_03191,37.52128172,127.1076734,tree,100.0
TREE_03192,37.51718573,127.1117102,tree,100.0
TREE_03193,37.50364749,127.0969703,tree,100.0
TREE_03194,37.50692669,127.0904544,tree,100.0
TREE_03195,37.50659391,127.1094592,tree,100.0
TREE_03196,37.50662686,127.1094978,tree,100.0
TREE_03197,37.5066668,127.1095421,tree,100.0
TREE_03198,37.50674798,127.1096329,tree,100.0
TREE_03199,37.50718202,127.1100851,tree,100.0
TREE_03200,37.5072061,127.1101097,tree,100.0
TREE_03201,37.50725565,127.1101576,tree,100.0
TREE_03202,37.50726303,127.1101651,tree,100.0
TREE_03203,37.50728161,127.1101824,tree,100.0
TREE_03204,37.50731657,127.1102162,tree,100.0
TREE_03205,37.50733515,127.1102335,tree,100.0
TREE_03206,37.50710684,127.1100142,tree,100.0
TREE_03207,37.50722394,127.1101293,tree,100.0
TREE_03208,37.50359115,127.0971608,tree,100.0
TREE_03209,37.50706412,127.1099721,tree,100.0
TREE_03210,37.50735538,127.1102545,tree,100.0
TREE_03211,37.52326085,127.1012535,tree,100.0
TREE_03212,37.50738139,127.1102813,tree,100.0
TREE_03213,37.50740397,127.1103018,tree,100.0
TREE_03214,37.50707757,127.1099887,tree,100.0
TREE_03215,37.50685839,127.1097639,tree,100.0
TREE_03216,37.50744952,127.1103465,tree,100.0
TREE_03217,37.50747884,127.1103734,tree,100.0
TREE_03218,37.50760597,127.0897726,tree,100.0
TREE_03219,37.50702535,127.1099405,tree,100.0
TREE_03220,37.50749425,127.1103893,tree,100.0
TREE_03221,37.50752195,127.1104145,tree,100.0
TREE_03222,37.5068192,127.1097268,tree,100.0
TREE_03223,37.50753498,127.1104289,tree,100.0
TREE_03224,37.52132836,127.107658,tree,100.0
TREE_03225,37.50757102,127.1104621,tree,100.0
TREE_03226,37.5068908,127.1098075,tree,100.0
TREE_03227,37.50760356,127.1104922,tree,100.0
TREE_03228,37.50758917,127.1104811,tree,100.0
TREE_03229,37.50761476,127.1105027,tree,100.0
TREE_03230,37.50763105,127.1105194,tree,100.0
TREE_03231,37.51958448,127.1099528,tree,100.0
TREE_03232,37.519386542,127.110150034,tree,100.0
TREE_03233,37.50768707,127.1105747,tree,100.0
TREE_03234,37.50770385,127.1105896,tree,100.0
TREE_03235,37.50783716,127.0895573,tree,100.0
TREE_03236,37.51074571,127.1123328,tree,100.0
TREE_03237,37.50771446,127.1106033,tree,100.0
TREE_03238,37.50773257,127.1106204,tree,100.0
TREE_03239,37.5071173,127.0901995,tree,100.0
TREE_03240,37.50776122,127.1106471,tree,100.0
TREE_03241,37.50824653,127.1110307,tree,100.0
TREE_03242,37.50360742,127.0969594,tree,100.0
TREE_03243,37.50808956,127.1109136,tree,100.0
TREE_03244,37.5081341,127.110948,tree,100.0
TREE_03245,37.50835933,127.1111138,tree,100.0
TREE_03246,37.50803322,127.1108716,tree,100.0
TREE_03247,37.51702356,127.11186,tree,100.0
TREE_03248,37.50829714,127.1110722,tree,100.0
TREE_03249,37.50783785,127.1107181,tree,100.0
TREE_03250,37.50796597,127.1108207,tree,100.0
TREE_03251,37.50840456,127.1111502,tree,100.0
TREE_03252,37.50793909,127.1108015,tree,100.0
TREE_03253,37.50844406,127.1111811,tree,100.0
TREE_03254,37.50848046,127.1112081,tree,100.0
TREE_03255,37.52274418,127.1043875,tree,100.0
TREE_03256,37.50437001,127.1058649,tree,100.0
TREE_03257,37.5045036,127.1061826,tree,100.0
TREE_03258,37.50852652,127.1112431,tree,100.0
TREE_03259,37.50441661,127.1059862,tree,100.0
TREE_03260,37.50438808,127.1059188,tree,100.0
TREE_03261,37.50443707,127.1060462,tree,100.0
TREE_03262,37.50861603,127.1113116,tree,100.0
TREE_03263,37.50464629,127.1065269,tree,100.0
TREE_03264,37.51670477,127.0882223,tree,100.0
TREE_03265,37.50867091,127.111356,tree,100.0
TREE_03266,37.50872129,127.1113901,tree,100.0
TREE_03267,37.51088864,127.1124156,tree,100.0
TREE_03268,37.50688066,127.0904014,tree,100.0
TREE_03269,37.50353912,127.0971537,tree,100.0
TREE_03270,37.5088877,127.1115109,tree,100.0
TREE_03271,37.50785779,127.0894752,tree,100.0
TREE_03272,37.52148136,127.1075091,tree,100.0
TREE_03273,37.50902149,127.1115991,tree,100.0
TREE_03274,37.50907589,127.1116315,tree,100.0
TREE_03275,37.50566231,127.1083736,tree,100.0
TREE_03276,37.50580073,127.1085727,tree,100.0
TREE_03277,37.50916382,127.1116855,tree,100.0
TREE_03278,37.50563545,127.1083362,tree,100.0
TREE_03279,37.50914602,127.1116764,tree,100.0
TREE_03280,37.517395172,127.111715949,tree,100.0
TREE_03281,37.50577122,127.1085343,tree,100.0
TREE_03282,37.50560859,127.1082988,tree,100.0
TREE_03283,37.50918584,127.1117016,tree,100.0
TREE_03284,37.50571209,127.1084534,tree,100.0
TREE_03285,37.50574333,127.1084975,tree,100.0
TREE_03286,37.50925074,127.1117392,tree,100.0
TREE_03287,37.50568195,127.108411,tree,100.0
TREE_03288,37.5058927,127.1087118,tree,100.0
TREE_03289,37.50557568,127.1082557,tree,100.0
TREE_03290,37.50761669,127.0896616,tree,100.0
TREE_03291,37.50594738,127.1087906,tree,100.0
TREE_03292,37.50598106,127.1088373,tree,100.0
TREE_03293,37.50930716,127.1117773,tree,100.0
TREE_03294,37.50602165,127.1088962,tree,100.0
TREE_03295,37.51096539,127.1124787,tree,100.0
TREE_03296,37.51959987,127.1100407,tree,100.0
TREE_03297,37.51101759,127.1124957,tree,100.0
TREE_03298,37.50607754,127.1089765,tree,100.0
TREE_03299,37.50939316,127.1118324,tree,100.0
TREE_03300,37.5035473,127.0969651,tree,100.0
TREE_03301,37.50605719,127.1089522,tree,100.0
TREE_03302,37.50609431,127.1090021,tree,100.0
TREE_03303,37.50706941,127.0901474,tree,100.0
TREE_03304,37.51178374,127.0875688,tree,100.0
TREE_03305,37.50614558,127.1090747,tree,100.0
TREE_03306,37.51651361,127.0880816,tree,100.0
TREE_03307,37.50611504,127.1090368,tree,100.0
TREE_03308,37.51108899,127.1125284,tree,100.0
TREE_03309,37.50949114,127.1118971,tree,100.0
TREE_03310,37.5171731,127.0883856,tree,100.0
TREE_03311,37.509558,127.1119379,tree,100.0
TREE_03312,37.51670038,127.0881479,tree,100.0
TREE_03313,37.5214643,127.1076165,tree,100.0
TREE_03314,37.519402708,127.110268749,tree,100.0
TREE_03315,37.5170567,127.1119497,tree,100.0
TREE_03316,37.52152913,127.1075201,tree,100.0
TREE_03317,37.50348444,127.0971517,tree,100.0
TREE_03318,37.50481258,127.1070283,tree,100.0
TREE_03319,37.50971945,127.1120393,tree,100.0
TREE_03320,37.50684378,127.0903351,tree,100.0
TREE_03321,37.51757601,127.08858,tree,100.0
TREE_03322,37.52151117,127.1075998,tree,100.0
TREE_03323,37.5111801,127.1126085,tree,100.0
TREE_03324,37.50481258,127.1070795,tree,100.0
TREE_03325,37.52158762,127.1074738,tree,100.0
TREE_03326,37.5034886,127.0969848,tree,100.0
TREE_03327,37.50702287,127.0901101,tree,100.0
TREE_03328,37.51127356,127.1126604,tree,100.0
TREE_03329,37.51668609,127.0880669,tree,100.0
TREE_03330,37.52287839,127.1043738,tree,100.0
TREE_03331,37.51756114,127.088515,tree,100.0
TREE_03332,37.50680393,127.0902997,tree,100.0
TREE_03333,37.51716036,127.0882852,tree,100.0
TREE_03334,37.5078867,127.0892998,tree,100.0
TREE_03335,37.517422603,127.111834602,tree,100.0
TREE_03336,37.52156332,127.1075931,tree,100.0
TREE_03337,37.51132707,127.1126995,tree,100.0
TREE_03338,37.52165387,127.1074457,tree,100.0
TREE_03339,37.50763937,127.0894817,tree,100.0
TREE_03340,37.5170842,127.1120369,tree,100.0
TREE_03341,37.519416639,127.110393132,tree,100.0
TREE_03342,37.5069724,127.0900675,tree,100.0
TREE_03343,37.50342298,127.096998,tree,100.0
TREE_03344,37.51141257,127.1127523,tree,100.0
TREE_03345,37.52160947,127.1075868,tree,100.0
TREE_03346,37.50790203,127.0892282,tree,100.0
TREE_03347,37.5164893,127.0879159,tree,100.0
TREE_03348,37.52293349,127.104368,tree,100.0
TREE_03349,37.51715225,127.0882202,tree,100.0
TREE_03350,37.50675589,127.0902692,tree,100.0
TREE_03351,37.50338125,127.0971454,tree,100.0
TREE_03352,37.52171213,127.1074328,tree,100.0
TREE_03353,37.51147065,127.1127934,tree,100.0
TREE_03354,37.51667212,127.0879668,tree,100.0
TREE_03355,37.51754611,127.0884048,tree,100.0
TREE_03356,37.50765965,127.0893825,tree,100.0
TREE_03357,37.51710733,127.1121072,tree,100.0
TREE_03358,37.50338198,127.0969718,tree,100.0
TREE_03359,37.50692448,127.0900394,tree,100.0
TREE_03360,37.52296879,127.1043813,tree,100.0
TREE_03361,37.51157011,127.112849,tree,100.0
TREE_03362,37.52166863,127.1075807,tree,100.0
TREE_03363,37.51061732,127.1125979,tree,100.0
TREE_03364,37.51164007,127.11288,tree,100.0
TREE_03365,37.51714297,127.0881439,tree,100.0
TREE_03366,37.50671736,127.0902169,tree,100.0
TREE_03367,37.50336025,127.0969587,tree,100.0
TREE_03368,37.52177499,127.1074242,tree,100.0
TREE_03369,37.51168405,127.112901,tree,100.0
TREE_03370,37.51751992,127.0883271,tree,100.0
TREE_03371,37.5107052,127.1126541,tree,100.0
TREE_03372,37.51666216,127.0878919,tree,100.0
TREE_03373,37.50791332,127.0891081,tree,100.0
TREE_03374,37.51712693,127.1121509,tree,100.0
TREE_03375,37.52300252,127.1044041,tree,100.0
TREE_03376,37.50330847,127.097139,tree,100.0
TREE_03377,37.51714455,127.0881142,tree,100.0
TREE_03378,37.50689494,127.0900006,tree,100.0
TREE_03379,37.51647307,127.0878002,tree,100.0
TREE_03380,37.51074863,127.1126819,tree,100.0
TREE_03381,37.52172044,127.107576,tree,100.0
TREE_03382,37.51079602,127.112708,tree,100.0
TREE_03383,37.52182692,127.1073987,tree,100.0
TREE_03384,37.517486199,127.111987011,tree,100.0
TREE_03385,37.51084046,127.1127365,tree,100.0
TREE_03386,37.51713879,127.0880767,tree,100.0
TREE_03387,37.51179043,127.1129801,tree,100.0
TREE_03388,37.50667429,127.0901827,tree,100.0
TREE_03389,37.52177068,127.1075556,tree,100.0
TREE_03390,37.51183415,127.1130043,tree,100.0
TREE_03391,37.51713136,127.0880463,tree,100.0
TREE_03392,37.51749596,127.0882395,tree,100.0
TREE_03393,37.51093165,127.112792,tree,100.0
TREE_03394,37.51712791,127.0880266,tree,100.0
TREE_03395,37.5113446,127.0873388,tree,100.0
TREE_03396,37.51139908,127.1129338,tree,100.0
TREE_03397,37.50794463,127.0889904,tree,100.0
TREE_03398,37.5046938,127.1073335,tree,100.0
TREE_03399,37.50683926,127.0899629,tree,100.0
TREE_03400,37.51143574,127.1129516,tree,100.0
TREE_03401,37.51102284,127.1128476,tree,100.0
TREE_03402,37.51180241,127.0872172,tree,100.0
TREE_03403,37.51146598,127.1129741,tree,100.0
TREE_03404,37.52183515,127.1075432,tree,100.0
TREE_03405,37.51150285,127.1129938,tree,100.0
TREE_03406,37.51646395,127.0876855,tree,100.0
TREE_03407,37.51713566,127.0879869,tree,100.0
TREE_03408,37.50469597,127.1074065,tree,100.0
TREE_03409,37.517162,127.1122632,tree,100.0
TREE_03410,37.51153364,127.1130122,tree,100.0
TREE_03411,37.519458076,127.110658801,tree,100.0
TREE_03412,37.51664002,127.0877437,tree,100.0
TREE_03413,37.51114658,127.1129235,tree,100.0
TREE_03414,37.52306183,127.1046101,tree,100.0
TREE_03415,37.5067989,127.0899224,tree,100.0
TREE_03416,37.51712086,127.0879446,tree,100.0
TREE_03417,37.51121086,127.1129608,tree,100.0
TREE_03418,37.51747303,127.0881279,tree,100.0
TREE_03419,37.50466325,127.1074103,tree,100.0
TREE_03420,37.51161751,127.1130625,tree,100.0
TREE_03421,37.50797879,127.0888727,tree,100.0
TREE_03422,37.51022574,127.1126564,tree,100.0
TREE_03423,37.51125642,127.1129899,tree,100.0
TREE_03424,37.51166113,127.1130894,tree,100.0
TREE_03425,37.50465282,127.1074444,tree,100.0
TREE_03426,37.51168462,127.1131047,tree,100.0
TREE_03427,37.52306075,127.1047413,tree,100.0
TREE_03428,37.5196497,127.110551,tree,100.0
TREE_03429,37.51645182,127.087598,tree,100.0
TREE_03430,37.5118279,127.0871158,tree,100.0
TREE_03431,37.51135226,127.0872132,tree,100.0
TREE_03432,37.51136268,127.1130552,tree,100.0
TREE_03433,37.50314743,127.0971119,tree,100.0
TREE_03434,37.51663588,127.0876608,tree,100.0
TREE_03435,37.52306439,127.1048159,tree,100.0
TREE_03436,37.50462026,127.107448,tree,100.0
TREE_03437,37.51176664,127.1131561,tree,100.0
TREE_03438,37.50675155,127.0898723,tree,100.0
TREE_03439,37.50655431,127.0900709,tree,100.0
TREE_03440,37.519474213,127.11076903,tree,100.0
TREE_03441,37.50323365,127.1036835,tree,100.0
TREE_03442,37.51746028,127.0880247,tree,100.0
TREE_03443,37.50314296,127.0969786,tree,100.0
TREE_03444,37.51966141,127.1106177,tree,100.0
TREE_03445,37.51149541,127.1131402,tree,100.0
TREE_03446,37.5164456,127.0875245,tree,100.0
TREE_03447,37.51225721,127.1132756,tree,100.0
TREE_03448,37.51155199,127.1131653,tree,100.0
TREE_03449,37.51720948,127.1124009,tree,100.0
TREE_03450,37.51135617,127.0871363,tree,100.0
TREE_03451,37.51227783,127.1132931,tree,100.0
TREE_03452,37.51181012,127.0870362,tree,100.0
TREE_03453,37.50670986,127.0898401,tree,100.0
TREE_03454,37.51966898,127.1106542,tree,100.0
TREE_03455,37.50805893,127.088654,tree,100.0
TREE_03456,37.50650454,127.0900266,tree,100.0
TREE_03457,37.51661179,127.0875481,tree,100.0
TREE_03458,37.52306712,127.1050532,tree,100.0
TREE_03459,37.50456993,127.1075243,tree,100.0
TREE_03460,37.51236815,127.1133447,tree,100.0
TREE_03461,37.51709423,127.0877382,tree,100.0
TREE_03462,37.50774057,127.0888519,tree,100.0
TREE_03463,37.51643501,127.0874425,tree,100.0
TREE_03464,37.51240731,127.1133669,tree,100.0
TREE_03465,37.51168163,127.1132594,tree,100.0
TREE_03466,37.519492632,127.110887734,tree,100.0
TREE_03467,37.50278379,127.0992999,tree,100.0
TREE_03468,37.51134898,127.0870692,tree,100.0
TREE_03469,37.51745198,127.087906,tree,100.0
TREE_03470,37.51967902,127.1107221,tree,100.0
TREE_03471,37.51014124,127.112813,tree,100.0
TREE_03472,37.50646347,127.0900078,tree,100.0
TREE_03473,37.50453528,127.1075178,tree,100.0
TREE_03474,37.52306478,127.1051742,tree,100.0
TREE_03475,37.5118076,127.0869553,tree,100.0
TREE_03476,37.50664931,127.0897981,tree,100.0
TREE_03477,37.50990301,127.112735,tree,100.0
TREE_03478,37.50643913,127.0900023,tree,100.0
TREE_03479,37.51709744,127.0876887,tree,100.0
TREE_03480,37.52306553,127.1052601,tree,100.0
TREE_03481,37.5031191,127.1037397,tree,100.0
TREE_03482,37.51215614,127.1133889,tree,100.0
TREE_03483,37.51215555,127.1133942,tree,100.0
TREE_03484,37.51215968,127.1133949,tree,100.0
TREE_03485,37.50810378,127.0885074,tree,100.0
TREE_03486,37.52222316,127.1073178,tree,100.0
TREE_03487,37.51011325,127.1128605,tree,100.0
TREE_03488,37.51253001,127.1134465,tree,100.0
TREE_03489,37.50452298,127.1075935,tree,100.0
TREE_03490,37.51743367,127.0878254,tree,100.0
TREE_03491,37.51135518,127.0869927,tree,100.0
TREE_03492,37.51222022,127.1134309,tree,100.0
TREE_03493,37.51258,127.1134711,tree,100.0
TREE_03494,37.51969357,127.1108084,tree,100.0
TREE_03495,37.51643051,127.087344,tree,100.0
TREE_03496,37.51708369,127.0876237,tree,100.0
TREE_03497,37.52306269,127.105399,tree,100.0
TREE_03498,37.51181508,127.0868763,tree,100.0
TREE_03499,37.51009746,127.1128937,tree,100.0
TREE_03500,37.51660437,127.087401,tree,100.0
TREE_03501,37.50778324,127.0886831,tree,100.0
TREE_03502,37.51135336,127.0869565,tree,100.0
TREE_03503,37.50447095,127.1075827,tree,100.0
TREE_03504,37.51229472,127.1134738,tree,100.0
TREE_03505,37.51197883,127.1134353,tree,100.0
TREE_03506,37.5174233,127.0877604,tree,100.0
TREE_03507,37.52305947,127.1054949,tree,100.0
TREE_03508,37.50638066,127.0899366,tree,100.0
TREE_03509,37.50656791,127.0897213,tree,100.0
TREE_03510,37.50446368,127.1076373,tree,100.0
TREE_03511,37.52224673,127.1074487,tree,100.0
TREE_03512,37.51970626,127.1108782,tree,100.0
TREE_03513,37.51642467,127.0872753,tree,100.0
TREE_03514,37.51236916,127.1135235,tree,100.0
TREE_03515,37.5127059,127.1135553,tree,100.0
TREE_03516,37.51135817,127.0869059,tree,100.0
TREE_03517,37.50983527,127.1128469,tree,100.0
TREE_03518,37.51207239,127.1134917,tree,100.0
TREE_03519,37.51006693,127.1129493,tree,100.0
TREE_03520,37.52233106,127.1073104,tree,100.0
TREE_03521,37.50269003,127.098605,tree,100.0
TREE_03522,37.51182271,127.0867894,tree,100.0
TREE_03523,37.52228778,127.1074263,tree,100.0
TREE_03524,37.52305855,127.105631,tree,100.0
TREE_03525,37.51660153,127.0873142,tree,100.0
TREE_03526,37.51274597,127.1135854,tree,100.0
TREE_03527,37.50817301,127.088309,tree,100.0
TREE_03528,37.50782819,127.0885545,tree,100.0
TREE_03529,37.51775579,127.1123843,tree,100.0
TREE_03530,37.50441839,127.1076272,tree,100.0
TREE_03531,37.51741174,127.087677,tree,100.0
TREE_03532,37.50300753,127.1037983,tree,100.0
TREE_03533,37.51245648,127.1135774,tree,100.0
TREE_03534,37.50633331,127.0898946,tree,100.0
TREE_03535,37.52305997,127.1057024,tree,100.0
TREE_03536,37.512179,127.1135582,tree,100.0
TREE_03537,37.51280549,127.1136282,tree,100.0
TREE_03538,37.5174071,127.0876375,tree,100.0
TREE_03539,37.50786092,127.0884806,tree,100.0
TREE_03540,37.5164248,127.0871931,tree,100.0
TREE_03541,37.50266388,127.0984283,tree,100.0
TREE_03542,37.51972157,127.1109691,tree,100.0
TREE_03543,37.51284204,127.1136438,tree,100.0
TREE_03544,37.50439936,127.1076728,tree,100.0
TREE_03545,37.5223936,127.1073198,tree,100.0
TREE_03546,37.52234988,127.1074168,tree,100.0
TREE_03547,37.52306169,127.1057727,tree,100.0
TREE_03548,37.51002803,127.1130218,tree,100.0
TREE_03549,37.51256105,127.1136376,tree,100.0
TREE_03550,37.50649944,127.0896542,tree,100.0
TREE_03551,37.51181457,127.0867139,tree,100.0
TREE_03552,37.51289139,127.1136679,tree,100.0
TREE_03553,37.50820738,127.0881997,tree,100.0
TREE_03554,37.51739908,127.0875979,tree,100.0
TREE_03555,37.51782124,127.1124372,tree,100.0
TREE_03556,37.51230234,127.1136318,tree,100.0
TREE_03557,37.52306102,127.1058435,tree,100.0
TREE_03558,37.51659188,127.0872148,tree,100.0
TREE_03559,37.50436435,127.1076731,tree,100.0
TREE_03560,37.51263036,127.1136782,tree,100.0
TREE_03561,37.50647303,127.0896329,tree,100.0
TREE_03562,37.51779384,127.1124786,tree,100.0
TREE_03563,37.50789964,127.088373,tree,100.0
TREE_03564,37.50264477,127.0981175,tree,100.0
TREE_03565,37.52240921,127.1074128,tree,100.0
TREE_03566,37.51973814,127.1110424,tree,100.0
TREE_03567,37.50264217,127.0980562,tree,100.0
TREE_03568,37.50999592,127.1130796,tree,100.0
TREE_03569,37.50645313,127.0896136,tree,100.0
TREE_03570,37.51739773,127.0875357,tree,100.0
TREE_03571,37.51269028,127.1137213,tree,100.0
TREE_03572,37.52306269,127.1059622,tree,100.0
TREE_03573,37.51241605,127.1137011,tree,100.0
TREE_03574,37.51659045,127.0871488,tree,100.0
TREE_03575,37.50623989,127.0898183,tree,100.0
TREE_03576,37.50975091,127.1129976,tree,100.0
TREE_03577,37.51182461,127.0866291,tree,100.0
TREE_03578,37.5225032,127.1072897,tree,100.0
TREE_03579,37.51302584,127.1137579,tree,100.0
TREE_03580,37.50793482,127.088294,tree,100.0
TREE_03581,37.51974458,127.1110862,tree,100.0
TREE_03582,37.50830026,127.0880349,tree,100.0
TREE_03583,37.50262731,127.0979135,tree,100.0
TREE_03584,37.52305939,127.1060424,tree,100.0
TREE_03585,37.52246308,127.1074095,tree,100.0
TREE_03586,37.51275701,127.1137636,tree,100.0
TREE_03587,37.50262686,127.097855,tree,100.0
TREE_03588,37.51738626,127.0874763,tree,100.0
TREE_03589,37.50455943,127.1081925,tree,100.0
TREE_03590,37.50996869,127.113131,tree,100.0
TREE_03591,37.50262842,127.0977306,tree,100.0
TREE_03592,37.51717671,127.1129052,tree,100.0
TREE_03593,37.50833013,127.0879743,tree,100.0
TREE_03594,37.52305964,127.106118,tree,100.0
TREE_03595,37.52256102,127.1072809,tree,100.0
TREE_03596,37.50454275,127.108216,tree,100.0
TREE_03597,37.51312477,127.1138197,tree,100.0
TREE_03598,37.50262058,127.0976676,tree,100.0
TREE_03599,37.51256206,127.1137893,tree,100.0
TREE_03600,37.51184996,127.0865566,tree,100.0
TREE_03601,37.5128413,127.113815,tree,100.0
TREE_03602,37.52305796,127.1061682,tree,100.0
TREE_03603,37.5026252,127.0975998,tree,100.0
TREE_03604,37.51257591,127.1137982,tree,100.0
TREE_03605,37.50971036,127.1130582,tree,100.0
TREE_03606,37.51137909,127.0866365,tree,100.0
TREE_03607,37.51659497,127.0870599,tree,100.0
TREE_03608,37.51260443,127.1138146,tree,100.0
TREE_03609,37.51738266,127.0874141,tree,100.0
TREE_03610,37.50451894,127.1082217,tree,100.0
TREE_03611,37.50261948,127.097519,tree,100.0
TREE_03612,37.51263295,127.1138311,tree,100.0
TREE_03613,37.52306072,127.1062388,tree,100.0
TREE_03614,37.5129091,127.1138544,tree,100.0
TREE_03615,37.50837069,127.0878849,tree,100.0
TREE_03616,37.50425723,127.1077815,tree,100.0
TREE_03617,37.51712344,127.1129957,tree,100.0
TREE_03618,37.50282168,127.1038879,tree,100.0
TREE_03619,37.50261447,127.0974443,tree,100.0
TREE_03620,37.51638953,127.086945,tree,100.0
TREE_03621,37.5061597,127.0897458,tree,100.0
TREE_03622,37.50450133,127.1082415,tree,100.0
TREE_03623,37.51267073,127.1138553,tree,100.0
TREE_03624,37.50245183,127.0986862,tree,100.0
TREE_03625,37.51737683,127.0873576,tree,100.0
TREE_03626,37.5230598,127.1063185,tree,100.0
TREE_03627,37.51297115,127.1138917,tree,100.0
TREE_03628,37.51326143,127.113902,tree,100.0
TREE_03629,37.50801444,127.0880722,tree,100.0
TREE_03630,37.50422272,127.1077942,tree,100.0
TREE_03631,37.50448387,127.1082646,tree,100.0
TREE_03632,37.52305261,127.1063683,tree,100.0
TREE_03633,37.50278836,127.1039055,tree,100.0
TREE_03634,37.51977282,127.1112454,tree,100.0
TREE_03635,37.5084141,127.0877954,tree,100.0
TREE_03636,37.50802718,127.0880484,tree,100.0
TREE_03637,37.50966443,127.1131439,tree,100.0
TREE_03638,37.52263635,127.1073555,tree,100.0
TREE_03639,37.51276817,127.1139195,tree,100.0
TREE_03640,37.51711622,127.1130729,tree,100.0
TREE_03641,37.5024313,127.0984751,tree,100.0
TREE_03642,37.51304075,127.1139351,tree,100.0
TREE_03643,37.50446271,127.1082855,tree,100.0
TREE_03644,37.51656637,127.0869391,tree,100.0
TREE_03645,37.51736307,127.0872897,tree,100.0
TREE_03646,37.506288003,127.089507665,tree,100.0
TREE_03647,37.52305533,127.1064592,tree,100.0
TREE_03648,37.50419639,127.1078341,tree,100.0
TREE_03649,37.50275275,127.1039224,tree,100.0
TREE_03650,37.51707374,127.1131258,tree,100.0
TREE_03651,37.51638685,127.0868461,tree,100.0
TREE_03652,37.50844925,127.0877175,tree,100.0
TREE_03653,37.51977944,127.1113069,tree,100.0
TREE_03654,37.51282611,127.1139566,tree,100.0
TREE_03655,37.5044426,127.1083055,tree,100.0
TREE_03656,37.51137165,127.0864967,tree,100.0
TREE_03657,37.51310749,127.1139774,tree,100.0
TREE_03658,37.52268679,127.1073355,tree,100.0
TREE_03659,37.51340372,127.1139824,tree,100.0
TREE_03660,37.50608418,127.0896852,tree,100.0
TREE_03661,37.50963745,127.1131921,tree,100.0
TREE_03662,37.51184358,127.0863905,tree,100.0
TREE_03663,37.52305783,127.1065388,tree,100.0
TREE_03664,37.506257511,127.089481668,tree,100.0
TREE_03665,37.52278091,127.1071733,tree,100.0
TREE_03666,37.50416192,127.1078461,tree,100.0
TREE_03667,37.51711599,127.1131433,tree,100.0
TREE_03668,37.51656805,127.0868746,tree,100.0
TREE_03669,37.50271958,127.1039393,tree,100.0
TREE_03670,37.51289906,127.113998,tree,100.0
TREE_03671,37.50849593,127.0876451,tree,100.0
TREE_03672,37.51735833,127.0872233,tree,100.0
TREE_03673,37.51344549,127.114011,tree,100.0
TREE_03674,37.50240175,127.0981758,tree,100.0
TREE_03675,37.51316529,127.1140138,tree,100.0
TREE_03676,37.50239694,127.098118,tree,100.0
TREE_03677,37.52273523,127.1073321,tree,100.0
TREE_03678,37.51637172,127.0867721,tree,100.0
TREE_03679,37.52305725,127.1066254,tree,100.0
TREE_03680,37.50961691,127.1132348,tree,100.0
TREE_03681,37.51348125,127.1140361,tree,100.0
TREE_03682,37.51712573,127.1131843,tree,100.0
TREE_03683,37.51296995,127.1140398,tree,100.0
TREE_03684,37.506220799,127.089454133,tree,100.0
TREE_03685,37.51705359,127.1132209,tree,100.0
TREE_03686,37.52283629,127.1071543,tree,100.0
TREE_03687,37.50853692,127.0875728,tree,100.0
TREE_03688,37.50268511,127.1039566,tree,100.0
TREE_03689,37.51734914,127.087171,tree,100.0
TREE_03690,37.51979808,127.1113953,tree,100.0
TREE_03691,37.51700266,127.0870046,tree,100.0
TREE_03692,37.51324187,127.1140578,tree,100.0
TREE_03693,37.50238636,127.0979799,tree,100.0
TREE_03694,37.50860647,127.0875026,tree,100.0
TREE_03695,37.50261388,127.0965379,tree,100.0
TREE_03696,37.51302537,127.1140753,tree,100.0
TREE_03697,37.52278646,127.1073232,tree,100.0
TREE_03698,37.50238008,127.0979019,tree,100.0
TREE_03699,37.50411747,127.1079108,tree,100.0
TREE_03700,37.51733435,127.0871315,tree,100.0
TREE_03701,37.51700706,127.0869756,tree,100.0
TREE_03702,37.50983286,127.1133858,tree,100.0
TREE_03703,37.52306494,127.1067267,tree,100.0
TREE_03704,37.51137691,127.0863749,tree,100.0
TREE_03705,37.51655715,127.0867719,tree,100.0
TREE_03706,37.50409616,127.1079093,tree,100.0
TREE_03707,37.51980614,127.111457,tree,100.0
TREE_03708,37.51700753,127.0869487,tree,100.0
TREE_03709,37.51704345,127.113299,tree,100.0
TREE_03710,37.51308709,127.1141148,tree,100.0
TREE_03711,37.51733648,127.0870961,tree,100.0
TREE_03712,37.519613405,127.111638286,tree,100.0
TREE_03713,37.51360056,127.1141185,tree,100.0
TREE_03714,37.52290555,127.1071563,tree,100.0
TREE_03715,37.50867817,127.0874039,tree,100.0
TREE_03716,37.50957256,127.1133152,tree,100.0
TREE_03717,37.50236812,127.0976795,tree,100.0
TREE_03718,37.51336217,127.1141356,tree,100.0
TREE_03719,37.50260056,127.0963723,tree,100.0
TREE_03720,37.52284559,127.1073099,tree,100.0
TREE_03721,37.51700912,127.0869183,tree,100.0
TREE_03722,37.51636983,127.0866554,tree,100.0
TREE_03723,37.51313828,127.1141458,tree,100.0
TREE_03724,37.50260001,127.0963127,tree,100.0
TREE_03725,37.52294287,127.1071429,tree,100.0
TREE_03726,37.50236354,127.0975529,tree,100.0
TREE_03727,37.51343134,127.1141624,tree,100.0
TREE_03728,37.51700565,127.0868928,tree,100.0
TREE_03729,37.52307024,127.1068847,tree,100.0
TREE_03730,37.51733401,127.0870353,tree,100.0
TREE_03731,37.50260117,127.0962336,tree,100.0
TREE_03732,37.51368461,127.1141696,tree,100.0
TREE_03733,37.51319083,127.114183,tree,100.0
TREE_03734,37.51700404,127.1133873,tree,100.0
TREE_03735,37.50236063,127.0974491,tree,100.0
TREE_03736,37.5229057,127.1072757,tree,100.0
TREE_03737,37.5134931,127.1141846,tree,100.0
TREE_03738,37.50405316,127.1079757,tree,100.0
TREE_03739,37.50595055,127.0895599,tree,100.0
TREE_03740,37.51656462,127.0866823,tree,100.0
TREE_03741,37.50260071,127.0961628,tree,100.0
TREE_03742,37.50953571,127.1133748,tree,100.0
TREE_03743,37.50874646,127.0872825,tree,100.0
TREE_03744,37.50819369,127.087618,tree,100.0
TREE_03745,37.50235639,127.0973742,tree,100.0
TREE_03746,37.5040283,127.1079699,tree,100.0
TREE_03747,37.51731695,127.0869873,tree,100.0
TREE_03748,37.51700772,127.0868419,tree,100.0
TREE_03749,37.51182931,127.0861666,tree,100.0
TREE_03750,37.51690016,127.1134671,tree,100.0
TREE_03751,37.5230755,127.1069721,tree,100.0
TREE_03752,37.51354773,127.1142172,tree,100.0
TREE_03753,37.50259429,127.0960974,tree,100.0
TREE_03754,37.51635524,127.0865696,tree,100.0
TREE_03755,37.50976392,127.1134999,tree,100.0
TREE_03756,37.5198278,127.1115827,tree,100.0
TREE_03757,37.51376097,127.1142186,tree,100.0
TREE_03758,37.51328096,127.1142337,tree,100.0
TREE_03759,37.51138232,127.0862294,tree,100.0
TREE_03760,37.519631869,127.111771133,tree,100.0
TREE_03761,37.50590411,127.0895288,tree,100.0
TREE_03762,37.5088183,127.0871894,tree,100.0
TREE_03763,37.50258969,127.0960075,tree,100.0
TREE_03764,37.51698229,127.1134722,tree,100.0
TREE_03765,37.51655874,127.0866088,tree,100.0
TREE_03766,37.51359599,127.1142547,tree,100.0
TREE_03767,37.50608357,127.0893233,tree,100.0
TREE_03768,37.50261254,127.0958891,tree,100.0
TREE_03769,37.50400089,127.1080108,tree,100.0
TREE_03770,37.51730885,127.0869279,tree,100.0
TREE_03771,37.51699963,127.0867825,tree,100.0
TREE_03772,37.50829946,127.0874769,tree,100.0
TREE_03773,37.5025927,127.0959393,tree,100.0
TREE_03774,37.51333477,127.1142717,tree,100.0
TREE_03775,37.51382506,127.1142633,tree,100.0
TREE_03776,37.5039818,127.1080123,tree,100.0
TREE_03777,37.51363701,127.1142764,tree,100.0
TREE_03778,37.50834773,127.0874209,tree,100.0
TREE_03779,37.51694307,127.1135318,tree,100.0
TREE_03780,37.51984127,127.1116571,tree,100.0
TREE_03781,37.50972783,127.1135627,tree,100.0
TREE_03782,37.5169718,127.1135261,tree,100.0
TREE_03783,37.51339593,127.1143037,tree,100.0
TREE_03784,37.5060547,127.0892951,tree,100.0
TREE_03785,37.51699269,127.086733,tree,100.0
TREE_03786,37.51367877,127.1143049,tree,100.0
TREE_03787,37.50263847,127.0956111,tree,100.0
TREE_03788,37.50891223,127.0870673,tree,100.0
TREE_03789,37.51820355,127.112902835,tree,100.0
TREE_03790,37.51634042,127.0864623,tree,100.0
TREE_03791,37.51342203,127.114324,tree,100.0
TREE_03792,37.50264618,127.0955413,tree,100.0
TREE_03793,37.51730407,127.0868501,tree,100.0
TREE_03794,37.51372023,127.1143306,tree,100.0
TREE_03795,37.50395589,127.1080705,tree,100.0
TREE_03796,37.5165652,127.0865183,tree,100.0
TREE_03797,37.50844063,127.0872982,tree,100.0
TREE_03798,37.50393917,127.1080554,tree,100.0
TREE_03799,37.50582627,127.0894782,tree,100.0
TREE_03800,37.51985311,127.1117135,tree,100.0
TREE_03801,37.52301872,127.1073665,tree,100.0
TREE_03802,37.51698912,127.0866765,tree,100.0
TREE_03803,37.51139329,127.086102,tree,100.0
TREE_03804,37.513767,127.1143545,tree,100.0
TREE_03805,37.50600496,127.0892589,tree,100.0
TREE_03806,37.51349806,127.1143745,tree,100.0
TREE_03807,37.50235274,127.0966128,tree,100.0
TREE_03808,37.51691183,127.1136327,tree,100.0
TREE_03809,37.519652637,127.111919525,tree,100.0
TREE_03810,37.51985841,127.1117408,tree,100.0
TREE_03811,37.52302322,127.1074202,tree,100.0
TREE_03812,37.51400415,127.1143662,tree,100.0
TREE_03813,37.51381027,127.1143842,tree,100.0
TREE_03814,37.50901408,127.0869194,tree,100.0
TREE_03815,37.51698217,127.0866228,tree,100.0
TREE_03816,37.51730262,127.0867582,tree,100.0
TREE_03817,37.50578733,127.0894346,tree,100.0
TREE_03818,37.50912631,127.0868453,tree,100.0
TREE_03819,37.51404957,127.1143889,tree,100.0
TREE_03820,37.52302318,127.1074901,tree,100.0
TREE_03821,37.51386173,127.114413,tree,100.0
TREE_03822,37.51359242,127.1144296,tree,100.0
TREE_03823,37.50966027,127.1136755,tree,100.0
TREE_03824,37.51139825,127.0860277,tree,100.0
TREE_03825,37.50235601,127.0963574,tree,100.0
TREE_03826,37.50942067,127.1135748,tree,100.0
TREE_03827,37.518316442,127.112970136,tree,100.0
TREE_03828,37.50267922,127.0950883,tree,100.0
TREE_03829,37.51634126,127.0863379,tree,100.0
TREE_03830,37.51655195,127.0864139,tree,100.0
TREE_03831,37.50595602,127.0892189,tree,100.0
TREE_03832,37.50269106,127.0950314,tree,100.0
TREE_03833,37.5168974,127.1137202,tree,100.0
TREE_03834,37.50238708,127.1041042,tree,100.0
TREE_03835,37.50235811,127.0962832,tree,100.0
TREE_03836,37.51390198,127.1144403,tree,100.0
TREE_03837,37.50924639,127.0867425,tree,100.0
TREE_03838,37.51697746,127.0865662,tree,100.0
TREE_03839,37.5057629,127.0894057,tree,100.0
TREE_03840,37.51410478,127.1144266,tree,100.0
TREE_03841,37.52302562,127.1075659,tree,100.0
TREE_03842,37.51363651,127.1144578,tree,100.0
TREE_03843,37.50236193,127.0961911,tree,100.0
TREE_03844,37.50271137,127.0948743,tree,100.0
TREE_03845,37.51394193,127.1144649,tree,100.0
TREE_03846,37.50272512,127.0948124,tree,100.0
TREE_03847,37.50385241,127.1081422,tree,100.0
TREE_03848,37.50963591,127.1137233,tree,100.0
TREE_03849,37.50236367,127.0961214,tree,100.0
TREE_03850,37.51729445,127.0866748,tree,100.0
TREE_03851,37.51368724,127.1144867,tree,100.0
TREE_03852,37.52302406,127.1076303,tree,100.0
TREE_03853,37.51687454,127.1137719,tree,100.0
TREE_03854,37.50592496,127.0891823,tree,100.0
TREE_03855,37.519671083,127.112046714,tree,100.0
TREE_03856,37.50939259,127.1136302,tree,100.0
TREE_03857,37.50273781,127.0947205,tree,100.0
TREE_03858,37.51696259,127.0865012,tree,100.0
TREE_03859,37.50236635,127.0960244,tree,100.0
TREE_03860,37.50382853,127.1081475,tree,100.0
TREE_03861,37.51372836,127.1145113,tree,100.0
TREE_03862,37.51420306,127.1144773,tree,100.0
TREE_03863,37.51654352,127.0863243,tree,100.0
TREE_03864,37.51399686,127.1145002,tree,100.0
TREE_03865,37.52302329,127.1076917,tree,100.0
TREE_03866,37.5118811,127.0858396,tree,100.0
TREE_03867,37.50961449,127.1137604,tree,100.0
TREE_03868,37.50941575,127.0865847,tree,100.0
TREE_03869,37.50571252,127.0893588,tree,100.0
TREE_03870,37.50232181,127.1041371,tree,100.0
TREE_03871,37.50237306,127.0959063,tree,100.0
TREE_03872,37.5027505,127.0945737,tree,100.0
TREE_03873,37.50273172,127.0946261,tree,100.0
TREE_03874,37.50937041,127.1136704,tree,100.0
TREE_03875,37.51403545,127.1145249,tree,100.0
TREE_03876,37.51631652,127.0862129,tree,100.0
TREE_03877,37.50237679,127.0958417,tree,100.0
TREE_03878,37.50875223,127.0868922,tree,100.0
TREE_03879,37.518415822,127.113040335,tree,100.0
TREE_03880,37.51424118,127.114512,tree,100.0
TREE_03881,37.50277476,127.0944551,tree,100.0
TREE_03882,37.5058754,127.0891434,tree,100.0
TREE_03883,37.50279271,127.0943986,tree,100.0
TREE_03884,37.50380304,127.1081976,tree,100.0
TREE_03885,37.51728286,127.0865843,tree,100.0
TREE_03886,37.52302753,127.1077721,tree,100.0
TREE_03887,37.50950444,127.0865023,tree,100.0
TREE_03888,37.51428229,127.1145296,tree,100.0
TREE_03889,37.50568449,127.089327,tree,100.0
TREE_03890,37.51695555,127.0864221,tree,100.0
TREE_03891,37.51382993,127.1145745,tree,100.0
TREE_03892,37.51652776,127.0862453,tree,100.0
TREE_03893,37.50960035,127.0864339,tree,100.0
TREE_03894,37.50282288,127.0942269,tree,100.0
TREE_03895,37.50377429,127.1081992,tree,100.0
TREE_03896,37.50208716,127.0970394,tree,100.0
TREE_03897,37.50968073,127.0863857,tree,100.0
TREE_03898,37.52302386,127.1078513,tree,100.0
TREE_03899,37.51684015,127.1139136,tree,100.0
TREE_03900,37.5097877,127.0863362,tree,100.0
TREE_03901,37.51433607,127.1145656,tree,100.0
TREE_03902,37.50239751,127.0955458,tree,100.0
TREE_03903,37.50583469,127.0891075,tree,100.0
TREE_03904,37.51125917,127.0858624,tree,100.0
TREE_03905,37.51387869,127.1146093,tree,100.0
TREE_03906,37.50985404,127.0862953,tree,100.0
TREE_03907,37.51695088,127.086374,tree,100.0
TREE_03908,37.50225385,127.1041692,tree,100.0
TREE_03909,37.50209462,127.0968537,tree,100.0
TREE_03910,37.50887459,127.08674,tree,100.0
TREE_03911,37.50282783,127.0941237,tree,100.0
TREE_03912,37.51713724,127.1138132,tree,100.0
TREE_03913,37.5163106,127.0861198,tree,100.0
TREE_03914,37.50932073,127.1137491,tree,100.0
TREE_03915,37.50284722,127.0940504,tree,100.0
TREE_03916,37.5111675,127.0858629,tree,100.0
TREE_03917,37.51005445,127.0861992,tree,100.0
TREE_03918,37.52302787,127.1079141,tree,100.0
TREE_03919,37.50955478,127.1138606,tree,100.0
TREE_03920,37.51088148,127.0859293,tree,100.0
TREE_03921,37.50285505,127.0940079,tree,100.0
TREE_03922,37.51111201,127.0858676,tree,100.0
TREE_03923,37.51099897,127.0858951,tree,100.0
TREE_03924,37.51726787,127.0864854,tree,100.0
TREE_03925,37.50287699,127.0939399,tree,100.0
TREE_03926,37.51105208,127.0858791,tree,100.0
TREE_03927,37.51093903,127.0859066,tree,100.0
TREE_03928,37.51064372,127.0859902,tree,100.0
TREE_03929,37.51439494,127.1145973,tree,100.0
TREE_03930,37.51069322,127.0859738,tree,100.0
TREE_03931,37.51081835,127.0859368,tree,100.0
TREE_03932,37.51393286,127.114644,tree,100.0
TREE_03933,37.50995094,127.0862182,tree,100.0
TREE_03934,37.50893694,127.0866724,tree,100.0
TREE_03935,37.51682123,127.1139778,tree,100.0
TREE_03936,37.50203106,127.097036,tree,100.0
TREE_03937,37.51020454,127.0861193,tree,100.0
TREE_03938,37.50374455,127.1082701,tree,100.0
TREE_03939,37.51075159,127.0859439,tree,100.0
TREE_03940,37.51056301,127.0859997,tree,100.0
TREE_03941,37.50562461,127.0892722,tree,100.0
TREE_03942,37.51012228,127.0861452,tree,100.0
TREE_03943,37.50579544,127.0890703,tree,100.0
TREE_03944,37.50288035,127.093866,tree,100.0
TREE_03945,37.518524233,127.113116582,tree,100.0
TREE_03946,37.51030281,127.0860688,tree,100.0
TREE_03947,37.51652195,127.0861426,tree,100.0
TREE_03948,37.52302775,127.1079954,tree,100.0
TREE_03949,37.51048629,127.0860031,tree,100.0
TREE_03950,37.51711691,127.1138805,tree,100.0
TREE_03951,37.50204607,127.0968498,tree,100.0
TREE_03952,37.51398566,127.1146725,tree,100.0
TREE_03953,37.51443136,127.1146334,tree,100.0
TREE_03954,37.50370746,127.1082598,tree,100.0
TREE_03955,37.50289344,127.0937821,tree,100.0
TREE_03956,37.51692802,127.0862808,tree,100.0
TREE_03957,37.50560253,127.0892475,tree,100.0
TREE_03958,37.50291419,127.0937102,tree,100.0
TREE_03959,37.5144602,127.1146469,tree,100.0
TREE_03960,37.50293369,127.0936546,tree,100.0
TREE_03961,37.50294882,127.0936023,tree,100.0
TREE_03962,37.51681474,127.1140449,tree,100.0
TREE_03963,37.50218156,127.1042066,tree,100.0
TREE_03964,37.50244672,127.0950346,tree,100.0
TREE_03965,37.52302359,127.1080837,tree,100.0
TREE_03966,37.51210917,127.0855987,tree,100.0
TREE_03967,37.5140436,127.1147096,tree,100.0
TREE_03968,37.50197838,127.0970324,tree,100.0
TREE_03969,37.519714737,127.112302693,tree,100.0
TREE_03970,37.50296244,127.0935301,tree,100.0
TREE_03971,37.51725851,127.0863864,tree,100.0
TREE_03972,37.5024528,127.0949707,tree,100.0
TREE_03973,37.51223408,127.0855702,tree,100.0
TREE_03974,37.51215471,127.0855759,tree,100.0
TREE_03975,37.51709181,127.1139568,tree,100.0
TREE_03976,37.50298397,127.093444,tree,100.0
TREE_03977,37.51230446,127.0855529,tree,100.0
TREE_03978,37.50199174,127.096845,tree,100.0
TREE_03979,37.50246338,127.0948926,tree,100.0
TREE_03980,37.50367697,127.1083146,tree,100.0
TREE_03981,37.50573532,127.0890252,tree,100.0
TREE_03982,37.51671929,127.1141257,tree,100.0
TREE_03983,37.51651718,127.0860549,tree,100.0
TREE_03984,37.51678563,127.1141031,tree,100.0
TREE_03985,37.50247013,127.0948327,tree,100.0
TREE_03986,37.50554561,127.0892198,tree,100.0
TREE_03987,37.50301233,127.093312,tree,100.0
TREE_03988,37.50302521,127.0932751,tree,100.0
TREE_03989,37.51258108,127.0854967,tree,100.0
TREE_03990,37.52456289,127.103807,tree,100.0
TREE_03991,37.51250428,127.0855006,tree,100.0
TREE_03992,37.51671578,127.1141493,tree,100.0
TREE_03993,37.52302657,127.1081832,tree,100.0
TREE_03994,37.50313001,127.0930163,tree,100.0
TREE_03995,37.50364767,127.1083148,tree,100.0
TREE_03996,37.51245709,127.0854951,tree,100.0
TREE_03997,37.51726169,127.0863298,tree,100.0
TREE_03998,37.50309874,127.093075,tree,100.0
TREE_03999,37.51670064,127.1141683,tree,100.0
TREE_04000,37.51262814,127.0854752,tree,100.0
TREE_04001,37.51675407,127.1141514,tree,100.0
TREE_04002,37.51707267,127.1140241,tree,100.0
TREE_04003,37.5166914,127.1141803,tree,100.0
TREE_04004,37.52302031,127.1082349,tree,100.0
TREE_04005,37.51267302,127.0854585,tree,100.0
TREE_04006,37.5127213,127.0854469,tree,100.0
TREE_04007,37.51276774,127.0854386,tree,100.0
TREE_04008,37.519735337,127.112400172,tree,100.0
TREE_04009,37.50940328,127.0862692,tree,100.0
TREE_04010,37.5055029,127.0891826,tree,100.0
TREE_04011,37.50946541,127.1140261,tree,100.0
TREE_04012,37.50209779,127.1042494,tree,100.0
TREE_04013,37.51283224,127.0854205,tree,100.0
TREE_04014,37.5230247,127.1082927,tree,100.0
TREE_04015,37.51725245,127.0862648,tree,100.0
TREE_04016,37.51290786,127.0854063,tree,100.0
TREE_04017,37.5165141,127.0859638,tree,100.0
TREE_04018,37.51423172,127.1148278,tree,100.0
TREE_04019,37.51703922,127.1141064,tree,100.0
TREE_04020,37.51297434,127.0853861,tree,100.0
TREE_04021,37.50566044,127.0889623,tree,100.0
TREE_04022,37.52462171,127.1038746,tree,100.0
TREE_04023,37.51669611,127.1142495,tree,100.0
TREE_04024,37.51674908,127.1142295,tree,100.0
TREE_04025,37.50254147,127.0943297,tree,100.0
TREE_04026,37.51303891,127.0853726,tree,100.0
TREE_04027,37.52302359,127.1083665,tree,100.0
TREE_04028,37.51310979,127.0853549,tree,100.0
TREE_04029,37.50256106,127.0942105,tree,100.0
TREE_04030,37.50563851,127.0889373,tree,100.0
TREE_04031,37.519750267,127.112486366,tree,100.0
TREE_04032,37.51650902,127.085899,tree,100.0
TREE_04033,37.50257382,127.0941428,tree,100.0
TREE_04034,37.51317165,127.0853359,tree,100.0
TREE_04035,37.51724657,127.0861941,tree,100.0
TREE_04036,37.51701294,127.1141677,tree,100.0
TREE_04037,37.50357235,127.1083978,tree,100.0
TREE_04038,37.52302706,127.1084312,tree,100.0
TREE_04039,37.50203023,127.1042824,tree,100.0
TREE_04040,37.50543541,127.0891366,tree,100.0
TREE_04041,37.51669034,127.1143102,tree,100.0
TREE_04042,37.50258766,127.0940638,tree,100.0
TREE_04043,37.51672781,127.1142968,tree,100.0
TREE_04044,37.51432916,127.1148854,tree,100.0
TREE_04045,37.50355544,127.1083987,tree,100.0
TREE_04046,37.51847244,127.1134357,tree,100.0
TREE_04047,37.50942162,127.1141124,tree,100.0
TREE_04048,37.51113326,127.0855657,tree,100.0
TREE_04049,37.51124741,127.0855364,tree,100.0
TREE_04050,37.50259717,127.0940077,tree,100.0
TREE_04051,37.51106615,127.0855752,tree,100.0
TREE_04052,37.51098296,127.0855934,tree,100.0
TREE_04053,37.50260541,127.0939615,tree,100.0
TREE_04054,37.51849013,127.1134473,tree,100.0
TREE_04055,37.50326329,127.092392,tree,100.0
TREE_04056,37.51332458,127.0852925,tree,100.0
TREE_04057,37.51086377,127.0856155,tree,100.0
TREE_04058,37.51726934,127.114103,tree,100.0
TREE_04059,37.50261584,127.0939093,tree,100.0
TREE_04060,37.51347309,127.0852884,tree,100.0
TREE_04061,37.5230234,127.1085104,tree,100.0
TREE_04062,37.51437525,127.1149173,tree,100.0
TREE_04063,37.50328214,127.0923202,tree,100.0
TREE_04064,37.51666591,127.114367,tree,100.0
TREE_04065,37.5162681,127.0857516,tree,100.0
TREE_04066,37.51724747,127.0861305,tree,100.0
TREE_04067,37.52469071,127.1039563,tree,100.0
TREE_04068,37.51212646,127.0853462,tree,100.0
TREE_04069,37.51672243,127.1143489,tree,100.0
TREE_04070,37.51698902,127.114244,tree,100.0
TREE_04071,37.51480836,127.1148696,tree,100.0
TREE_04072,37.50177798,127.0970192,tree,100.0
TREE_04073,37.50263556,127.0938058,tree,100.0
TREE_04074,37.519761808,127.112569749,tree,100.0
TREE_04075,37.51996851,127.1124123,tree,100.0
TREE_04076,37.52301997,127.1085814,tree,100.0
TREE_04077,37.51361393,127.085252,tree,100.0
TREE_04078,37.51853124,127.113474,tree,100.0
TREE_04079,37.51233248,127.0852969,tree,100.0
TREE_04080,37.50557468,127.0888771,tree,100.0
TREE_04081,37.50332626,127.0921672,tree,100.0
TREE_04082,37.50266321,127.0936696,tree,100.0
TREE_04083,37.51222205,127.0853005,tree,100.0
TREE_04084,37.518846996,127.11328105,tree,100.0
TREE_04085,37.51650644,127.0857923,tree,100.0
TREE_04086,37.51245251,127.0852677,tree,100.0
TREE_04087,37.51367724,127.0852368,tree,100.0
TREE_04088,37.51662794,127.1144283,tree,100.0
TREE_04089,37.50267549,127.0936048,tree,100.0
TREE_04090,37.51252202,127.0852535,tree,100.0
TREE_04091,37.52301955,127.1086307,tree,100.0
TREE_04092,37.50333759,127.0921023,tree,100.0
TREE_04093,37.50268583,127.0935487,tree,100.0
TREE_04094,37.51256021,127.0852402,tree,100.0
TREE_04095,37.50913003,127.1140876,tree,100.0
TREE_04096,37.51487702,127.1149163,tree,100.0
TREE_04097,37.50194679,127.104323,tree,100.0
TREE_04098,37.51670073,127.1144247,tree,100.0
TREE_04099,37.51695438,127.1143247,tree,100.0
TREE_04100,37.50337353,127.0920088,tree,100.0
TREE_04101,37.50269747,127.0935014,tree,100.0
TREE_04102,37.52473987,127.1040006,tree,100.0
TREE_04103,37.50172458,127.0970179,tree,100.0
TREE_04104,37.51260751,127.0852276,tree,100.0
TREE_04105,37.51997715,127.1124617,tree,100.0
TREE_04106,37.51267766,127.0852172,tree,100.0
TREE_04107,37.5172404,127.0860428,tree,100.0
TREE_04108,37.50270855,127.0934503,tree,100.0
TREE_04109,37.51857845,127.1135035,tree,100.0
TREE_04110,37.51729725,127.1141933,tree,100.0
TREE_04111,37.50174806,127.0968305,tree,100.0
TREE_04112,37.51493288,127.1149273,tree,100.0
TREE_04113,37.51627753,127.0856653,tree,100.0
TREE_04114,37.50340873,127.0918983,tree,100.0
TREE_04115,37.51272095,127.0852007,tree,100.0
TREE_04116,37.519778977,127.112651689,tree,100.0
TREE_04117,37.52301855,127.1087003,tree,100.0
TREE_04118,37.51277433,127.0851916,tree,100.0
TREE_04119,37.51658915,127.1145025,tree,100.0
TREE_04120,37.50272868,127.093349,tree,100.0
TREE_04121,37.50342547,127.0918391,tree,100.0
TREE_04122,37.51860457,127.1135268,tree,100.0
TREE_04123,37.51727642,127.1142378,tree,100.0
TREE_04124,37.50551595,127.088829,tree,100.0
TREE_04125,37.51667251,127.114489,tree,100.0
TREE_04126,37.5247721,127.1040365,tree,100.0
TREE_04127,37.51693644,127.1143905,tree,100.0
TREE_04128,37.51648928,127.0856981,tree,100.0
TREE_04129,37.518914783,127.113337271,tree,100.0
TREE_04130,37.5034356,127.0917823,tree,100.0
TREE_04131,37.51285616,127.0851574,tree,100.0
TREE_04132,37.50909662,127.1141415,tree,100.0
TREE_04133,37.51499148,127.1149621,tree,100.0
TREE_04134,37.50167929,127.0970099,tree,100.0
TREE_04135,37.5199885,127.1125247,tree,100.0
TREE_04136,37.51736633,127.1142146,tree,100.0
TREE_04137,37.51295745,127.0851443,tree,100.0
TREE_04138,37.52301844,127.1087815,tree,100.0
TREE_04139,37.50170136,127.0968264,tree,100.0
TREE_04140,37.51864013,127.1135409,tree,100.0
TREE_04141,37.51665528,127.1145387,tree,100.0
TREE_04142,37.51305847,127.0851111,tree,100.0
TREE_04143,37.52480376,127.1040703,tree,100.0
TREE_04144,37.50529691,127.0890016,tree,100.0
TREE_04145,37.51725278,127.1143058,tree,100.0
TREE_04146,37.51851487,127.1136435,tree,100.0
TREE_04147,37.50164186,127.0970121,tree,100.0
TREE_04148,37.52302038,127.1088407,tree,100.0
TREE_04149,37.519792799,127.112743546,tree,100.0
TREE_04150,37.51866368,127.1135631,tree,100.0
TREE_04151,37.51691253,127.1144623,tree,100.0
TREE_04152,37.50907217,127.1141882,tree,100.0
TREE_04153,37.51999482,127.1125801,tree,100.0
TREE_04154,37.51735151,127.11428,tree,100.0
TREE_04155,37.51315799,127.0850876,tree,100.0
TREE_04156,37.51660573,127.1145861,tree,100.0
TREE_04157,37.51463828,127.1150809,tree,100.0
TREE_04158,37.51627005,127.0855516,tree,100.0
TREE_04159,37.51649429,127.0856274,tree,100.0
TREE_04160,37.50346534,127.0916082,tree,100.0
TREE_04161,37.518977988,127.113370887,tree,100.0
TREE_04162,37.51722869,127.0859142,tree,100.0
TREE_04163,37.51868357,127.1135674,tree,100.0
TREE_04164,37.51323324,127.0850705,tree,100.0
TREE_04165,37.51507476,127.1150226,tree,100.0
TREE_04166,37.50164978,127.0968215,tree,100.0
TREE_04167,37.51184856,127.08518,tree,100.0
TREE_04168,37.52301676,127.1089014,tree,100.0
TREE_04169,37.50527505,127.0889726,tree,100.0
TREE_04170,37.5169014,127.0857604,tree,100.0
TREE_04171,37.50929619,127.1143289,tree,100.0
TREE_04172,37.51869542,127.113583,tree,100.0
TREE_04173,37.51731476,127.1143293,tree,100.0
TREE_04174,37.51723027,127.1143687,tree,100.0
TREE_04175,37.50347629,127.0915414,tree,100.0
TREE_04176,37.51329716,127.0850489,tree,100.0
TREE_04177,37.52484337,127.104121,tree,100.0
TREE_04178,37.51469882,127.1151149,tree,100.0
TREE_04179,37.50354379,127.0913998,tree,100.0
TREE_04180,37.518566,127.1136812,tree,100.0
TREE_04181,37.50541784,127.0887701,tree,100.0
TREE_04182,37.51658194,127.1146504,tree,100.0
TREE_04183,37.50357402,127.0913288,tree,100.0
TREE_04184,37.51871933,127.1135988,tree,100.0
TREE_04185,37.51512032,127.1150627,tree,100.0
TREE_04186,37.51728206,127.1143826,tree,100.0
TREE_04187,37.51688264,127.1145506,tree,100.0
TREE_04188,37.52302084,127.1089786,tree,100.0
TREE_04189,37.51873652,127.1136013,tree,100.0
TREE_04190,37.51186993,127.0851246,tree,100.0
TREE_04191,37.50358281,127.1089725,tree,100.0
TREE_04192,37.519036687,127.113404527,tree,100.0
TREE_04193,37.51720553,127.1144221,tree,100.0
TREE_04194,37.50358619,127.0912741,tree,100.0
TREE_04195,37.51980325,127.112838248,tree,100.0
TREE_04196,37.50523786,127.0889393,tree,100.0
TREE_04197,37.51649608,127.0855527,tree,100.0
TREE_04198,37.50160065,127.0968188,tree,100.0
TREE_04199,37.51335685,127.0850028,tree,100.0
TREE_04200,37.51874349,127.1136142,tree,100.0
TREE_04201,37.51657005,127.1147011,tree,100.0
TREE_04202,37.51861441,127.113718,tree,100.0
TREE_04203,37.51437958,127.0850411,tree,100.0
TREE_04204,37.51718171,127.1144682,tree,100.0
TREE_04205,37.51723283,127.0858095,tree,100.0
TREE_04206,37.52302053,127.1090495,tree,100.0
TREE_04207,37.5134074,127.0849772,tree,100.0
TREE_04208,37.52488751,127.1041816,tree,100.0
TREE_04209,37.51519771,127.1150991,tree,100.0
TREE_04210,37.51346318,127.0849697,tree,100.0
TREE_04211,37.50365691,127.0910755,tree,100.0
TREE_04212,37.50375139,127.0909117,tree,100.0
TREE_04213,37.51446894,127.0850333,tree,100.0
TREE_04214,37.51878766,127.1136329,tree,100.0
TREE_04215,37.51725831,127.1144568,tree,100.0
TREE_04216,37.51652304,127.1147483,tree,100.0
TREE_04217,37.51625626,127.0854214,tree,100.0
TREE_04218,37.50900259,127.1143006,tree,100.0
TREE_04219,37.519090879,127.113438189,tree,100.0
TREE_04220,37.5168468,127.1146343,tree,100.0
TREE_04221,37.51878629,127.1136425,tree,100.0
TREE_04222,37.5017531,127.1044199,tree,100.0
TREE_04223,37.52001995,127.1127359,tree,100.0
TREE_04224,37.50304761,127.092165,tree,100.0
TREE_04225,37.51650761,127.0854886,tree,100.0
TREE_04226,37.50519047,127.0889028,tree,100.0
TREE_04227,37.51524505,127.1151248,tree,100.0
TREE_04228,37.51356781,127.084939,tree,100.0
TREE_04229,37.50923468,127.11443,tree,100.0
TREE_04230,37.51722816,127.0857628,tree,100.0
TREE_04231,37.5036795,127.0909848,tree,100.0
TREE_04232,37.50331888,127.1086375,tree,100.0
TREE_04233,37.51454584,127.0850142,tree,100.0
TREE_04234,37.51866635,127.1137439,tree,100.0
TREE_04235,37.52302149,127.1091269,tree,100.0
TREE_04236,37.50306729,127.0920995,tree,100.0
TREE_04237,37.51188692,127.0850328,tree,100.0
TREE_04238,37.52491698,127.1042352,tree,100.0
TREE_04239,37.51716186,127.1145415,tree,100.0
TREE_04240,37.519821583,127.112931496,tree,100.0
TREE_04241,37.5030849,127.0920358,tree,100.0
TREE_04242,37.51364055,127.0849185,tree,100.0
TREE_04243,37.50369764,127.0909166,tree,100.0
TREE_04244,37.50329658,127.1086361,tree,100.0
TREE_04245,37.51487152,127.115223,tree,100.0
TREE_04246,37.51460634,127.084994,tree,100.0
TREE_04247,37.51723778,127.114524,tree,100.0
TREE_04248,37.50309797,127.0919905,tree,100.0
TREE_04249,37.50897836,127.1143442,tree,100.0
TREE_04250,37.51883897,127.1136648,tree,100.0
TREE_04251,37.51722407,127.0857232,tree,100.0
TREE_04252,37.51369687,127.0849074,tree,100.0
TREE_04253,37.51682409,127.1147001,tree,100.0
TREE_04254,37.51649853,127.1148218,tree,100.0
TREE_04255,37.51884141,127.1136738,tree,100.0
TREE_04256,37.51871003,127.1137581,tree,100.0
TREE_04257,37.52302294,127.1091952,tree,100.0
TREE_04258,37.51467772,127.0849844,tree,100.0
TREE_04259,37.51529687,127.1151653,tree,100.0
TREE_04260,37.5031222,127.0919064,tree,100.0
TREE_04261,37.51713789,127.114593,tree,100.0
TREE_04262,37.51915861,127.11347744,tree,100.0
TREE_04263,37.51491185,127.1152489,tree,100.0
TREE_04264,37.5039083,127.090516,tree,100.0
TREE_04265,37.52003084,127.112814,tree,100.0
TREE_04266,37.50314149,127.0918405,tree,100.0
TREE_04267,37.51474591,127.0849729,tree,100.0
TREE_04268,37.50327671,127.1086862,tree,100.0
TREE_04269,37.50920159,127.1144915,tree,100.0
TREE_04270,37.51720707,127.1145815,tree,100.0
TREE_04271,37.50530261,127.0886684,tree,100.0
TREE_04272,37.503499,127.1090888,tree,100.0
TREE_04273,37.50167807,127.1044057,tree,100.0
TREE_04274,37.50315306,127.0917954,tree,100.0
TREE_04275,37.51719118,127.0856598,tree,100.0
TREE_04276,37.50377299,127.0906964,tree,100.0
TREE_04277,37.51649232,127.085389,tree,100.0
TREE_04278,37.51624736,127.0853056,tree,100.0
TREE_04279,37.51888619,127.1136992,tree,100.0
TREE_04280,37.51495359,127.1152744,tree,100.0
TREE_04281,37.51535743,127.1151956,tree,100.0
TREE_04282,37.51647376,127.1148874,tree,100.0
TREE_04283,37.52302202,127.1092793,tree,100.0
TREE_04284,37.51680376,127.1147689,tree,100.0
TREE_04285,37.50317585,127.0917169,tree,100.0
TREE_04286,37.50383593,127.090572,tree,100.0
TREE_04287,37.51889706,127.1137001,tree,100.0
TREE_04288,37.51189902,127.0849386,tree,100.0
TREE_04289,37.51688026,127.0855144,tree,100.0
TREE_04290,37.519837644,127.113019099,tree,100.0
TREE_04291,37.51711499,127.1146516,tree,100.0
TREE_04292,37.51482716,127.0849498,tree,100.0
TREE_04293,37.50379298,127.0906262,tree,100.0
TREE_04294,37.50324223,127.1086836,tree,100.0
TREE_04295,37.51876389,127.1137967,tree,100.0
TREE_04296,37.519208277,127.113505469,tree,100.0
TREE_04297,37.52003998,127.1128736,tree,100.0
TREE_04298,37.51717996,127.1146441,tree,100.0
TREE_04299,37.50320071,127.0916226,tree,100.0
TREE_04300,37.52499942,127.1042899,tree,100.0
TREE_04301,37.50917448,127.1145419,tree,100.0
TREE_04302,37.51879031,127.1138083,tree,100.0
TREE_04303,37.52301859,127.1093503,tree,100.0
TREE_04304,37.51893023,127.113721,tree,100.0
TREE_04305,37.51490247,127.0849297,tree,100.0
TREE_04306,37.50143111,127.0968048,tree,100.0
TREE_04307,37.50380485,127.0905485,tree,100.0
TREE_04308,37.51502247,127.1153161,tree,100.0
TREE_04309,37.51645484,127.1149464,tree,100.0
TREE_04310,37.51893897,127.113733,tree,100.0
TREE_04311,37.51677866,127.1148377,tree,100.0
TREE_04312,37.51709814,127.1147144,tree,100.0
TREE_04313,37.50323928,127.0914884,tree,100.0
TREE_04314,37.51544776,127.1152472,tree,100.0
TREE_04315,37.51496615,127.0849114,tree,100.0
TREE_04316,37.52301969,127.1094051,tree,100.0
TREE_04317,37.5032573,127.0914296,tree,100.0
TREE_04318,37.50891231,127.1144665,tree,100.0
TREE_04319,37.5188241,127.1138344,tree,100.0
TREE_04320,37.51719252,127.0855607,tree,100.0
TREE_04321,37.51148815,127.0849261,tree,100.0
TREE_04322,37.50136536,127.0969893,tree,100.0
TREE_04323,37.50381637,127.0904674,tree,100.0
TREE_04324,37.50341783,127.1091342,tree,100.0
TREE_04325,37.51643558,127.1149916,tree,100.0
TREE_04326,37.52507172,127.1041792,tree,100.0
TREE_04327,37.51646871,127.0852745,tree,100.0
TREE_04328,37.50914711,127.1145901,tree,100.0
TREE_04329,37.5171649,127.1147223,tree,100.0
TREE_04330,37.51431608,127.0847966,tree,100.0
TREE_04331,37.519271519,127.113550399,tree,100.0
TREE_04332,37.51897287,127.1137544,tree,100.0
TREE_04333,37.519850352,127.113115205,tree,100.0
TREE_04334,37.50327476,127.0913644,tree,100.0
TREE_04335,37.51435508,127.0847954,tree,100.0
TREE_04336,37.51898446,127.1137558,tree,100.0
TREE_04337,37.51502305,127.0848828,tree,100.0
TREE_04338,37.51886048,127.1138432,tree,100.0
TREE_04339,37.51676072,127.1149005,tree,100.0
TREE_04340,37.50329496,127.0913012,tree,100.0
TREE_04341,37.51623951,127.0851785,tree,100.0
TREE_04342,37.50504652,127.0887729,tree,100.0
TREE_04343,37.50389098,127.0903023,tree,100.0
TREE_04344,37.52302011,127.1094838,tree,100.0
TREE_04345,37.51193021,127.0848137,tree,100.0
TREE_04346,37.51707515,127.1147933,tree,100.0
TREE_04347,37.50520656,127.0885794,tree,100.0
TREE_04348,37.50136474,127.0968015,tree,100.0
TREE_04349,37.51718953,127.0855105,tree,100.0
TREE_04350,37.51512449,127.1153796,tree,100.0
TREE_04351,37.5171448,127.1147712,tree,100.0
TREE_04352,37.50156646,127.1044714,tree,100.0
TREE_04353,37.51550963,127.1152997,tree,100.0
TREE_04354,37.50331172,127.0912316,tree,100.0
TREE_04355,37.52507064,127.1043631,tree,100.0
TREE_04356,37.51507283,127.0848628,tree,100.0
TREE_04357,37.50395112,127.0901688,tree,100.0
TREE_04358,37.50332917,127.0911751,tree,100.0
TREE_04359,37.5039151,127.0902182,tree,100.0
TREE_04360,37.51902322,127.1137856,tree,100.0
TREE_04361,37.51687632,127.085356,tree,100.0
TREE_04362,37.51673683,127.1149574,tree,100.0
TREE_04363,37.51903457,127.1137858,tree,100.0
TREE_04364,37.5151417,127.0848538,tree,100.0
TREE_04365,37.51646197,127.0851978,tree,100.0
TREE_04366,37.50887044,127.1145374,tree,100.0
TREE_04367,37.519862987,127.113188682,tree,100.0
TREE_04368,37.51890165,127.1138837,tree,100.0
TREE_04369,37.52301833,127.1095696,tree,100.0
TREE_04370,37.51711405,127.1148257,tree,100.0
TREE_04371,37.51704359,127.1148545,tree,100.0
TREE_04372,37.5144298,127.0847304,tree,100.0
TREE_04373,37.50396335,127.0901062,tree,100.0
TREE_04374,37.50315279,127.1088078,tree,100.0
TREE_04375,37.519330279,127.113601621,tree,100.0
TREE_04376,37.50501449,127.0887288,tree,100.0
TREE_04377,37.50392609,127.0901409,tree,100.0
TREE_04378,37.51623136,127.0850954,tree,100.0
TREE_04379,37.50131371,127.0967968,tree,100.0
TREE_04380,37.5155882,127.1153409,tree,100.0
TREE_04381,37.51520038,127.1154315,tree,100.0
TREE_04382,37.50395343,127.0900773,tree,100.0
TREE_04383,37.51448449,127.0847068,tree,100.0
TREE_04384,37.51718303,127.0854264,tree,100.0
TREE_04385,37.50338442,127.0909781,tree,100.0
TREE_04386,37.52511704,127.1044237,tree,100.0
TREE_04387,37.51908347,127.113816,tree,100.0
TREE_04388,37.51525901,127.0848198,tree,100.0
TREE_04389,37.50333715,127.1092122,tree,100.0
TREE_04390,37.50398432,127.090012,tree,100.0
TREE_04391,37.51671173,127.1150307,tree,100.0
TREE_04392,37.52006884,127.1130834,tree,100.0
TREE_04393,37.5145502,127.0846981,tree,100.0
TREE_04394,37.51711401,127.1148771,tree,100.0
TREE_04395,37.50310545,127.1088081,tree,100.0
TREE_04396,37.51896717,127.1139049,tree,100.0
TREE_04397,37.51702558,127.1149206,tree,100.0
TREE_04398,37.51909245,127.1138262,tree,100.0
TREE_04399,37.50340831,127.0908968,tree,100.0
TREE_04400,37.50400636,127.0899535,tree,100.0
TREE_04401,37.52516841,127.1042869,tree,100.0
TREE_04402,37.51462294,127.0846895,tree,100.0
TREE_04403,37.51643864,127.0851118,tree,100.0
TREE_04404,37.51563334,127.1153785,tree,100.0
TREE_04405,37.50883058,127.1145968,tree,100.0
TREE_04406,37.50907331,127.1147144,tree,100.0
TREE_04407,37.51469853,127.0846973,tree,100.0
TREE_04408,37.50310692,127.1088433,tree,100.0
TREE_04409,37.519874518,127.113269237,tree,100.0
TREE_04410,37.50496778,127.0886903,tree,100.0
TREE_04411,37.51939124,127.113638078,tree,100.0
TREE_04412,37.51687034,127.0852556,tree,100.0
TREE_04413,37.51149498,127.0847594,tree,100.0
TREE_04414,37.52302225,127.1096889,tree,100.0
TREE_04415,37.51532704,127.0847976,tree,100.0
TREE_04416,37.51527299,127.1154731,tree,100.0
TREE_04417,37.50125897,127.0967914,tree,100.0
TREE_04418,37.51912245,127.1138408,tree,100.0
TREE_04419,37.51707152,127.1149368,tree,100.0
TREE_04420,37.50343823,127.0907958,tree,100.0
TREE_04421,37.51566767,127.1154018,tree,100.0
TREE_04422,37.50122058,127.096967,tree,100.0
TREE_04423,37.51668425,127.115095,tree,100.0
TREE_04424,37.51912876,127.1138502,tree,100.0
TREE_04425,37.51900281,127.1139346,tree,100.0
TREE_04426,37.50344708,127.0907616,tree,100.0
TREE_04427,37.51478183,127.0846771,tree,100.0
TREE_04428,37.51529879,127.1154896,tree,100.0
TREE_04429,37.51623097,127.0850052,tree,100.0
TREE_04430,37.50345897,127.0907238,tree,100.0
TREE_04431,37.51540302,127.08478,tree,100.0
TREE_04432,37.51700486,127.1149894,tree,100.0
TREE_04433,37.51569364,127.1154119,tree,100.0
TREE_04434,37.51484417,127.0846732,tree,100.0
TREE_04435,37.50905367,127.1147552,tree,100.0
TREE_04436,37.50880962,127.1146456,tree,100.0
TREE_04437,37.52008369,127.1131606,tree,100.0
TREE_04438,37.5030602,127.1088505,tree,100.0
TREE_04439,37.51717704,127.0853232,tree,100.0
TREE_04440,37.50307341,127.1088866,tree,100.0
TREE_04441,37.52518146,127.1044828,tree,100.0
TREE_04442,37.51572875,127.1154258,tree,100.0
TREE_04443,37.519443188,127.113674581,tree,100.0
TREE_04444,37.51916412,127.1138756,tree,100.0
TREE_04445,37.519887161,127.113345543,tree,100.0
TREE_04446,37.5050893,127.0884551,tree,100.0
TREE_04447,37.51489775,127.0846512,tree,100.0
TREE_04448,37.50491364,127.088651,tree,100.0
TREE_04449,37.50399116,127.0898432,tree,100.0
TREE_04450,37.51917862,127.1138758,tree,100.0
TREE_04451,37.51697251,127.1150486,tree,100.0
TREE_04452,37.52523118,127.1043587,tree,100.0
TREE_04453,37.51536445,127.1155316,tree,100.0
TREE_04454,37.50400362,127.0898009,tree,100.0
TREE_04455,37.51704759,127.1150268,tree,100.0
TREE_04456,37.51905382,127.1139749,tree,100.0
TREE_04457,37.50116328,127.0969676,tree,100.0
TREE_04458,37.51642337,127.0850008,tree,100.0
TREE_04459,37.51494524,127.0846344,tree,100.0
TREE_04460,37.51665317,127.1151817,tree,100.0
TREE_04461,37.51576905,127.1154525,tree,100.0
TREE_04462,37.50488713,127.0886432,tree,100.0
TREE_04463,37.50118348,127.0967868,tree,100.0
TREE_04464,37.51556715,127.0847477,tree,100.0
TREE_04465,37.51685867,127.0851396,tree,100.0
TREE_04466,37.50506111,127.0884355,tree,100.0
TREE_04467,37.51500646,127.0846321,tree,100.0
TREE_04468,37.50877362,127.1146932,tree,100.0
TREE_04469,37.5171647,127.0852596,tree,100.0
TREE_04470,37.51540273,127.1155545,tree,100.0
TREE_04471,37.51194355,127.0845733,tree,100.0
TREE_04472,37.50301606,127.1088883,tree,100.0
TREE_04473,37.50352706,127.0904826,tree,100.0
TREE_04474,37.51696009,127.1150893,tree,100.0
TREE_04475,37.519492855,127.11370261,tree,100.0
TREE_04476,37.52009491,127.1132384,tree,100.0
TREE_04477,37.509012,127.1148207,tree,100.0
TREE_04478,37.51921759,127.1139005,tree,100.0
TREE_04479,37.51621951,127.0849075,tree,100.0
TREE_04480,37.51715166,127.0852363,tree,100.0
TREE_04481,37.51703675,127.1150691,tree,100.0
TREE_04482,37.52522895,127.1045328,tree,100.0
TREE_04483,37.519898641,127.113410541,tree,100.0
TREE_04484,37.50354081,127.0904331,tree,100.0
TREE_04485,37.50302236,127.1089342,tree,100.0
TREE_04486,37.5032311,127.1093112,tree,100.0
TREE_04487,37.52301813,127.1099101,tree,100.0
TREE_04488,37.51922754,127.1139123,tree,100.0
TREE_04489,37.51507906,127.0846068,tree,100.0
TREE_04490,37.50355414,127.090386,tree,100.0
TREE_04491,37.50139658,127.1046875,tree,100.0
TREE_04492,37.50114113,127.0967856,tree,100.0
TREE_04493,37.51716422,127.085203,tree,100.0
TREE_04494,37.50356633,127.09034,tree,100.0
TREE_04495,37.50110333,127.0969565,tree,100.0
TREE_04496,37.51693595,127.1151533,tree,100.0
TREE_04497,37.51572319,127.0847198,tree,100.0
TREE_04498,37.51684941,127.0850704,tree,100.0
TREE_04499,37.519544766,127.1137278,tree,100.0
TREE_04500,37.51513311,127.0845875,tree,100.0
TREE_04501,37.52529455,127.1044383,tree,100.0
TREE_04502,37.50297327,127.108927,tree,100.0
TREE_04503,37.52301921,127.1099824,tree,100.0
TREE_04504,37.50874305,127.1147582,tree,100.0
TREE_04505,37.51927251,127.1139348,tree,100.0
TREE_04506,37.51701484,127.1151392,tree,100.0
TREE_04507,37.5201072,127.1133096,tree,100.0
TREE_04508,37.51913867,127.1140296,tree,100.0
TREE_04509,37.50502841,127.0883632,tree,100.0
TREE_04510,37.52526967,127.1045813,tree,100.0
TREE_04511,37.50897555,127.114883,tree,100.0
TREE_04512,37.50359182,127.0902507,tree,100.0
TREE_04513,37.51927387,127.1139471,tree,100.0
TREE_04514,37.51642279,127.0848902,tree,100.0
TREE_04515,37.51620846,127.0848228,tree,100.0
TREE_04516,37.51149542,127.0845555,tree,100.0
TREE_04517,37.50107575,127.0969525,tree,100.0
TREE_04518,37.51521912,127.0845668,tree,100.0
TREE_04519,37.5171708,127.0851521,tree,100.0
TREE_04520,37.519911326,127.113499575,tree,100.0
TREE_04521,37.52301872,127.1100445,tree,100.0
TREE_04522,37.519585419,127.113755876,tree,100.0
TREE_04523,37.51691772,127.1152168,tree,100.0
TREE_04524,37.5010896,127.0967785,tree,100.0
TREE_04525,37.51194397,127.0844619,tree,100.0
TREE_04526,37.50480354,127.0885732,tree,100.0
TREE_04527,37.50412177,127.0894324,tree,100.0
TREE_04528,37.50361776,127.0901616,tree,100.0
TREE_04529,37.50896313,127.1149121,tree,100.0
TREE_04530,37.51931282,127.1139586,tree,100.0
TREE_04531,37.51699566,127.1151965,tree,100.0
TREE_04532,37.51918242,127.1140528,tree,100.0
TREE_04533,37.50498589,127.0883485,tree,100.0
TREE_04534,37.51555639,127.1156507,tree,100.0
TREE_04535,37.51584242,127.0846777,tree,100.0
TREE_04536,37.5087147,127.1148088,tree,100.0
TREE_04537,37.51931528,127.1139706,tree,100.0
TREE_04538,37.50104427,127.0969493,tree,100.0
TREE_04539,37.50315813,127.1093727,tree,100.0
TREE_04540,37.50363304,127.0901053,tree,100.0
TREE_04541,37.51716274,127.0851026,tree,100.0
TREE_04542,37.51535022,127.0845397,tree,100.0
TREE_04543,37.50130619,127.1047084,tree,100.0
TREE_04544,37.50364947,127.0900474,tree,100.0
TREE_04545,37.52535336,127.1045059,tree,100.0
TREE_04546,37.50893537,127.1149501,tree,100.0
TREE_04547,37.52302,127.110132,tree,100.0
TREE_04548,37.50416284,127.0892999,tree,100.0
TREE_04549,37.51640474,127.0848045,tree,100.0
TREE_04550,37.51935489,127.1139854,tree,100.0
TREE_04551,37.51689598,127.1152836,tree,100.0
TREE_04552,37.519635095,127.113786734,tree,100.0
TREE_04553,37.51592497,127.0846556,tree,100.0
TREE_04554,37.51697239,127.1152656,tree,100.0
TREE_04555,37.50476364,127.0885285,tree,100.0
TREE_04556,37.51936307,127.1139975,tree,100.0
TREE_04557,37.51922271,127.1140961,tree,100.0
TREE_04558,37.51150994,127.0844558,tree,100.0
TREE_04559,37.52533925,127.1046673,tree,100.0
TREE_04560,37.519930776,127.113589989,tree,100.0
TREE_04561,37.51715692,127.0850475,tree,100.0
TREE_04562,37.50368075,127.0899401,tree,100.0
TREE_04563,37.50098936,127.0969515,tree,100.0
TREE_04564,37.51687471,127.1153257,tree,100.0
TREE_04565,37.51598963,127.0846427,tree,100.0
TREE_04566,37.50867743,127.1148745,tree,100.0
TREE_04567,37.52301967,127.1102031,tree,100.0
TREE_04568,37.51565635,127.1157106,tree,100.0
TREE_04569,37.51548469,127.0845077,tree,100.0
TREE_04570,37.51194247,127.0843605,tree,100.0
TREE_04571,37.51619458,127.0846909,tree,100.0
TREE_04572,37.51939675,127.1140112,tree,100.0
TREE_04573,37.50369906,127.0898739,tree,100.0
TREE_04574,37.50309962,127.109421,tree,100.0
TREE_04575,37.51640889,127.0847481,tree,100.0
TREE_04576,37.51603911,127.0846341,tree,100.0
TREE_04577,37.51939942,127.1140215,tree,100.0
TREE_04578,37.519687033,127.113820409,tree,100.0
TREE_04579,37.50287586,127.1090374,tree,100.0
TREE_04580,37.51715563,127.0850022,tree,100.0
TREE_04581,37.52540483,127.1045665,tree,100.0
TREE_04582,37.5041281,127.0892401,tree,100.0
TREE_04583,37.51617125,127.0846567,tree,100.0
TREE_04584,37.51607724,127.0846192,tree,100.0
TREE_04585,37.50489439,127.0882795,tree,100.0
TREE_04586,37.52301888,127.1102758,tree,100.0
TREE_04587,37.51557998,127.084484,tree,100.0
TREE_04588,37.50121573,127.1046845,tree,100.0
TREE_04589,37.50097244,127.0967704,tree,100.0
TREE_04590,37.50373118,127.0897625,tree,100.0
TREE_04591,37.51610415,127.0846129,tree,100.0
TREE_04592,37.51929022,127.1141391,tree,100.0
TREE_04593,37.50284881,127.1090425,tree,100.0
TREE_04594,37.50419722,127.0891057,tree,100.0
TREE_04595,37.51685631,127.1154064,tree,100.0
TREE_04596,37.50888669,127.1150467,tree,100.0
TREE_04597,37.51714534,127.0849584,tree,100.0
TREE_04598,37.50471996,127.0884444,tree,100.0
TREE_04599,37.519945728,127.113683255,tree,100.0
TREE_04600,37.52540147,127.1047419,tree,100.0
TREE_04601,37.51574111,127.1157634,tree,100.0
TREE_04602,37.5037484,127.0897035,tree,100.0
TREE_04603,37.50863804,127.1149358,tree,100.0
TREE_04604,37.51693509,127.1153903,tree,100.0
TREE_04605,37.50091873,127.0969454,tree,100.0
TREE_04606,37.51683841,127.0848272,tree,100.0
TREE_04607,37.519734456,127.113851279,tree,100.0
TREE_04608,37.52014461,127.1135345,tree,100.0
TREE_04609,37.51641969,127.0846818,tree,100.0
TREE_04610,37.52302092,127.1103288,tree,100.0
TREE_04611,37.5194624,127.1140527,tree,100.0
TREE_04612,37.51564714,127.0844596,tree,100.0
TREE_04613,37.50283732,127.1090776,tree,100.0
TREE_04614,37.51151833,127.0843376,tree,100.0
TREE_04615,37.51946486,127.1140648,tree,100.0
TREE_04616,37.50421335,127.0890321,tree,100.0
TREE_04617,37.50093235,127.0967679,tree,100.0
TREE_04618,37.5157706,127.1157835,tree,100.0
TREE_04619,37.51683202,127.115458,tree,100.0
TREE_04620,37.50376884,127.0896304,tree,100.0
TREE_04621,37.51195237,127.0842596,tree,100.0
TREE_04622,37.51714405,127.0849132,tree,100.0
TREE_04623,37.50423535,127.0889827,tree,100.0
TREE_04624,37.51570279,127.0844415,tree,100.0
TREE_04625,37.52014784,127.1135818,tree,100.0
TREE_04626,37.50481496,127.0882616,tree,100.0
TREE_04627,37.50886049,127.1150973,tree,100.0
TREE_04628,37.50861333,127.1149776,tree,100.0
TREE_04629,37.51577135,127.0844491,tree,100.0
TREE_04630,37.51691048,127.1154568,tree,100.0
TREE_04631,37.516394,127.0846224,tree,100.0
TREE_04632,37.51950359,127.114078,tree,100.0
TREE_04633,37.50378756,127.0895599,tree,100.0
TREE_04634,37.50467941,127.0884056,tree,100.0
TREE_04635,37.5255393,127.1043493,tree,100.0
TREE_04636,37.50279748,127.1090881,tree,100.0
TREE_04637,37.51680987,127.1155016,tree,100.0
TREE_04638,37.51950693,127.1140888,tree,100.0
TREE_04639,37.51713151,127.0848708,tree,100.0
TREE_04640,37.519793164,127.113887747,tree,100.0
TREE_04641,37.51683928,127.0847536,tree,100.0
TREE_04642,37.52301957,127.1104512,tree,100.0
TREE_04643,37.50859501,127.1150059,tree,100.0
TREE_04644,37.50883602,127.1151375,tree,100.0
TREE_04645,37.51688629,127.115512,tree,100.0
TREE_04646,37.51195068,127.0841822,tree,100.0
TREE_04647,37.50427004,127.0888335,tree,100.0
TREE_04648,37.50083463,127.0969367,tree,100.0
TREE_04649,37.51640325,127.0845692,tree,100.0
TREE_04650,37.51584269,127.0844085,tree,100.0
TREE_04651,37.51679824,127.1155559,tree,100.0
TREE_04652,37.51955205,127.1141082,tree,100.0
TREE_04653,37.51712684,127.0848256,tree,100.0
TREE_04654,37.52550886,127.1046791,tree,100.0
TREE_04655,37.50299065,127.1095294,tree,100.0
TREE_04656,37.52302241,127.1104982,tree,100.0
TREE_04657,37.50463824,127.0883677,tree,100.0
TREE_04658,37.51955802,127.1141178,tree,100.0
TREE_04659,37.51637573,127.084535,tree,100.0
TREE_04660,37.51686462,127.1155601,tree,100.0
TREE_04661,37.51591607,127.0843957,tree,100.0
TREE_04662,37.52014867,127.1136988,tree,100.0
TREE_04663,37.51678803,127.1155994,tree,100.0
TREE_04664,37.50856323,127.1150624,tree,100.0
TREE_04665,37.51682771,127.0846674,tree,100.0
TREE_04666,37.52561049,127.1044112,tree,100.0
TREE_04667,37.51713117,127.0847746,tree,100.0
TREE_04668,37.50082038,127.0967589,tree,100.0
TREE_04669,37.50879821,127.1151921,tree,100.0
TREE_04670,37.50386921,127.0892741,tree,100.0
TREE_04671,37.51601422,127.0843883,tree,100.0
TREE_04672,37.519608,127.1141414,tree,100.0
TREE_04673,37.5196109,127.1141528,tree,100.0
TREE_04674,37.52014764,127.1137496,tree,100.0
TREE_04675,37.51676444,127.1156567,tree,100.0
TREE_04676,37.50388615,127.0892105,tree,100.0
TREE_04677,37.51683348,127.1156388,tree,100.0
TREE_04678,37.51712423,127.0847223,tree,100.0
TREE_04679,37.51641556,127.084469,tree,100.0
TREE_04680,37.5029273,127.1095867,tree,100.0
TREE_04681,37.52302376,127.1106427,tree,100.0
TREE_04682,37.50103446,127.1047585,tree,100.0
TREE_04683,37.52557561,127.1047622,tree,100.0
TREE_04684,37.50473593,127.0881243,tree,100.0
TREE_04685,37.50074496,127.0969302,tree,100.0
TREE_04686,37.50390683,127.0891436,tree,100.0
TREE_04687,37.51608332,127.084351,tree,100.0
TREE_04688,37.50852738,127.1151336,tree,100.0
TREE_04689,37.50876782,127.1152546,tree,100.0
TREE_04690,37.51680359,127.115689,tree,100.0
TREE_04691,37.51966462,127.1141779,tree,100.0
TREE_04692,37.51151587,127.0841116,tree,100.0
TREE_04693,37.50267833,127.1091948,tree,100.0
TREE_04694,37.51610682,127.0843413,tree,100.0
TREE_04695,37.51674329,127.1157166,tree,100.0
TREE_04696,37.52015486,127.1138122,tree,100.0
TREE_04697,37.51636681,127.0844119,tree,100.0
TREE_04698,37.51966906,127.1141884,tree,100.0
TREE_04699,37.51677104,127.1157199,tree,100.0
TREE_04700,37.52302089,127.1107228,tree,100.0
TREE_04701,37.50436199,127.0884989,tree,100.0
TREE_04702,37.50468838,127.0881125,tree,100.0
TREE_04703,37.51710708,127.0846531,tree,100.0
TREE_04704,37.5256873,127.1044674,tree,100.0
TREE_04705,37.50289196,127.1096263,tree,100.0
TREE_04706,37.51612523,127.0843184,tree,100.0
TREE_04707,37.51955289,127.1142967,tree,100.0
TREE_04708,37.51195111,127.0840074,tree,100.0
TREE_04709,37.5007248,127.0967592,tree,100.0
TREE_04710,37.51970449,127.1142023,tree,100.0
TREE_04711,37.50874477,127.1152993,tree,100.0
TREE_04712,37.50264672,127.1092207,tree,100.0
TREE_04713,37.51970761,127.114212,tree,100.0
TREE_04714,37.50096553,127.1047909,tree,100.0
TREE_04715,37.51672621,127.1157865,tree,100.0
TREE_04716,37.51674818,127.1157794,tree,100.0
TREE_04717,37.519592,127.1143064,tree,100.0
TREE_04718,37.50465912,127.0880777,tree,100.0
TREE_04719,37.52302158,127.1108092,tree,100.0
TREE_04720,37.50263497,127.1092494,tree,100.0
TREE_04721,37.50873002,127.1153235,tree,100.0
TREE_04722,37.5006631,127.096922,tree,100.0
TREE_04723,37.52016664,127.1138962,tree,100.0
TREE_04724,37.52565251,127.1048467,tree,100.0
TREE_04725,37.50068011,127.0967561,tree,100.0
TREE_04726,37.50847427,127.1152182,tree,100.0
TREE_04727,37.51641687,127.0843356,tree,100.0
TREE_04728,37.51709665,127.0845697,tree,100.0
TREE_04729,37.51975471,127.1142327,tree,100.0
TREE_04730,37.5201708,127.1139169,tree,100.0
TREE_04731,37.51615984,127.0842521,tree,100.0
TREE_04732,37.50283956,127.1096744,tree,100.0
TREE_04733,37.50260777,127.1092629,tree,100.0
TREE_04734,37.51194835,127.0839289,tree,100.0
TREE_04735,37.51975828,127.1142445,tree,100.0
TREE_04736,37.50465635,127.0880229,tree,100.0
TREE_04737,37.52302184,127.1108813,tree,100.0
TREE_04738,37.51637157,127.0842905,tree,100.0
TREE_04739,37.51152356,127.0839759,tree,100.0
TREE_04740,37.52575854,127.1045448,tree,100.0
TREE_04741,37.51964859,127.1143459,tree,100.0
TREE_04742,37.50258679,127.1092783,tree,100.0
TREE_04743,37.51978952,127.1142547,tree,100.0
TREE_04744,37.51979241,127.1142633,tree,100.0
TREE_04745,37.50464366,127.0879867,tree,100.0
TREE_04746,37.50062826,127.0967478,tree,100.0
TREE_04747,37.5005995,127.096922,tree,100.0
TREE_04748,37.51618276,127.0841991,tree,100.0
TREE_04749,37.52302346,127.1109423,tree,100.0
TREE_04750,37.51708737,127.0844948,tree,100.0
TREE_04751,37.50256109,127.1092992,tree,100.0
TREE_04752,37.50087573,127.1048408,tree,100.0
TREE_04753,37.51983094,127.1142812,tree,100.0
TREE_04754,37.52571925,127.104927,tree,100.0
TREE_04755,37.51641074,127.0842277,tree,100.0
TREE_04756,37.50255063,127.1093175,tree,100.0
TREE_04757,37.51193757,127.0838413,tree,100.0
TREE_04758,37.51983581,127.114291,tree,100.0
TREE_04759,37.51667046,127.1159557,tree,100.0
TREE_04760,37.50277021,127.1097303,tree,100.0
TREE_04761,37.51972334,127.1143853,tree,100.0
TREE_04762,37.52302405,127.1110322,tree,100.0
TREE_04763,37.51638074,127.0841885,tree,100.0
TREE_04764,37.52582412,127.1046152,tree,100.0
TREE_04765,37.51152761,127.0838665,tree,100.0
TREE_04766,37.50053364,127.0969234,tree,100.0
TREE_04767,37.51987786,127.1143093,tree,100.0
TREE_04768,37.51988207,127.1143188,tree,100.0
TREE_04769,37.50863741,127.1154777,tree,100.0
TREE_04770,37.50251471,127.1093624,tree,100.0
TREE_04771,37.52022183,127.1140758,tree,100.0
TREE_04772,37.50251934,127.1093843,tree,100.0
TREE_04773,37.52302537,127.1111038,tree,100.0
TREE_04774,37.51191501,127.0837575,tree,100.0
TREE_04775,37.51639651,127.0841253,tree,100.0
TREE_04776,37.51616624,127.0840553,tree,100.0
TREE_04777,37.52579051,127.1050087,tree,100.0
TREE_04778,37.51637718,127.0840922,tree,100.0
TREE_04779,37.50046827,127.0969156,tree,100.0
TREE_04780,37.52588518,127.10468,tree,100.0
TREE_04781,37.50270224,127.1098042,tree,100.0
TREE_04782,37.50247787,127.1094065,tree,100.0
TREE_04783,37.50049285,127.0967319,tree,100.0
TREE_04784,37.51996101,127.1143668,tree,100.0
TREE_04785,37.52578214,127.1052011,tree,100.0
TREE_04786,37.5115314,127.0837333,tree,100.0
TREE_04787,37.50833637,127.1154594,tree,100.0
TREE_04788,37.50044324,127.0967332,tree,100.0
TREE_04789,37.5024535,127.109471,tree,100.0
TREE_04790,37.51637707,127.0840209,tree,100.0
TREE_04791,37.51618202,127.0839615,tree,100.0
TREE_04792,37.50041223,127.0969036,tree,100.0
TREE_04793,37.52585045,127.1050762,tree,100.0
TREE_04794,37.51707807,127.084253,tree,100.0
TREE_04795,37.50857309,127.1155982,tree,100.0
TREE_04796,37.52593722,127.1047433,tree,100.0
TREE_04797,37.50042995,127.0967184,tree,100.0
TREE_04798,37.51657891,127.1161932,tree,100.0
TREE_04799,37.52030978,127.1141828,tree,100.0
TREE_04800,37.50038457,127.0969151,tree,100.0
TREE_04801,37.50242191,127.1094776,tree,100.0
TREE_04802,37.51677503,127.0841033,tree,100.0
TREE_04803,37.52583754,127.1052595,tree,100.0
TREE_04804,37.51153285,127.0836622,tree,100.0
TREE_04805,37.50039408,127.096728,tree,100.0
TREE_04806,37.5006734,127.1049538,tree,100.0
TREE_04807,37.51656162,127.1162595,tree,100.0
TREE_04808,37.50035103,127.0969051,tree,100.0
TREE_04809,37.51637623,127.0839387,tree,100.0
TREE_04810,37.516177,127.0838769,tree,100.0
TREE_04811,37.5168764,127.0840942,tree,100.0
TREE_04812,37.51707777,127.0841674,tree,100.0
TREE_04813,37.52590925,127.1051396,tree,100.0
TREE_04814,37.52599264,127.1048067,tree,100.0
TREE_04815,37.52036074,127.1142252,tree,100.0
TREE_04816,37.50258454,127.1098974,tree,100.0
TREE_04817,37.50035502,127.096711,tree,100.0
TREE_04818,37.50852795,127.1156849,tree,100.0
TREE_04819,37.51654087,127.1163082,tree,100.0
TREE_04820,37.52589012,127.1053137,tree,100.0
TREE_04821,37.51153933,127.0835769,tree,100.0
TREE_04822,37.50030419,127.0969049,tree,100.0
TREE_04823,37.51678258,127.0840099,tree,100.0
TREE_04824,37.51708323,127.0841186,tree,100.0
TREE_04825,37.51688184,127.0840405,tree,100.0
TREE_04826,37.50464053,127.0874786,tree,100.0
TREE_04827,37.50254676,127.1099058,tree,100.0
TREE_04828,37.50031044,127.0967216,tree,100.0
TREE_04829,37.52604581,127.1048701,tree,100.0
TREE_04830,37.51617185,127.0837755,tree,100.0
TREE_04831,37.50059012,127.104995,tree,100.0
TREE_04832,37.50825232,127.1156228,tree,100.0
TREE_04833,37.5204098,127.114287,tree,100.0
TREE_04834,37.50465116,127.0874155,tree,100.0
TREE_04835,37.52596919,127.1052058,tree,100.0
TREE_04836,37.50468642,127.0873753,tree,100.0
TREE_04837,37.50251495,127.1099328,tree,100.0
TREE_04838,37.51708581,127.0840521,tree,100.0
TREE_04839,37.51154411,127.0835033,tree,100.0
TREE_04840,37.52594608,127.1053714,tree,100.0
TREE_04841,37.50847733,127.1157727,tree,100.0
TREE_04842,37.50026754,127.0967072,tree,100.0
TREE_04843,37.52302485,127.1116064,tree,100.0
TREE_04844,37.51186886,127.0834322,tree,100.0
TREE_04845,37.5002311,127.0969016,tree,100.0
TREE_04846,37.50025912,127.0967159,tree,100.0
TREE_04847,37.51708338,127.0840026,tree,100.0
TREE_04848,37.52609108,127.1049321,tree,100.0
TREE_04849,37.5047252,127.0872417,tree,100.0
TREE_04850,37.52048586,127.1143141,tree,100.0
TREE_04851,37.51636075,127.0837478,tree,100.0
TREE_04852,37.52302426,127.1116657,tree,100.0
TREE_04853,37.51616364,127.0836887,tree,100.0
TREE_04854,37.52602121,127.1052635,tree,100.0
TREE_04855,37.50820766,127.1156904,tree,100.0
TREE_04856,37.51655134,127.116469,tree,100.0
TREE_04857,37.50247348,127.1099918,tree,100.0
TREE_04858,37.51686779,127.0838892,tree,100.0
TREE_04859,37.5022656,127.1096413,tree,100.0
TREE_04860,37.50017623,127.0968975,tree,100.0
TREE_04861,37.50050443,127.1050334,tree,100.0
TREE_04862,37.51635466,127.0837059,tree,100.0
TREE_04863,37.51188271,127.0833487,tree,100.0
TREE_04864,37.50476867,127.0871257,tree,100.0
TREE_04865,37.50224049,127.1096424,tree,100.0
TREE_04866,37.50818664,127.1157312,tree,100.0
TREE_04867,37.51154568,127.0833906,tree,100.0
TREE_04868,37.52302651,127.1117475,tree,100.0
TREE_04869,37.51707803,127.0839206,tree,100.0
TREE_04870,37.52602294,127.1054446,tree,100.0
TREE_04871,37.50479161,127.0870766,tree,100.0
TREE_04872,37.5165365,127.1165296,tree,100.0
TREE_04873,37.51191755,127.0833196,tree,100.0
TREE_04874,37.52016206,127.1146513,tree,100.0
TREE_04875,37.5205596,127.1143449,tree,100.0
TREE_04876,37.51642922,127.116569,tree,100.0
TREE_04877,37.5008351,127.1063501,tree,100.0
TREE_04878,37.50088675,127.1065185,tree,100.0
TREE_04879,37.50077017,127.1061453,tree,100.0
TREE_04880,37.50081269,127.1062836,tree,100.0
TREE_04881,37.50086319,127.1064431,tree,100.0
TREE_04882,37.50078907,127.1062114,tree,100.0
TREE_04883,37.50071237,127.1059579,tree,100.0
TREE_04884,37.50841532,127.1158838,tree,100.0
TREE_04885,37.50098965,127.1068568,tree,100.0
TREE_04886,37.50100262,127.1068986,tree,100.0
TREE_04887,37.50242149,127.1100342,tree,100.0
TREE_04888,37.50103461,127.1069931,tree,100.0
TREE_04889,37.50221352,127.1096699,tree,100.0
TREE_04890,37.50101857,127.1069611,tree,100.0
TREE_04891,37.50480776,127.0870194,tree,100.0
TREE_04892,37.51616233,127.0835853,tree,100.0
TREE_04893,37.51640244,127.1166047,tree,100.0
TREE_04894,37.50106563,127.1071026,tree,100.0
TREE_04895,37.5022126,127.1096782,tree,100.0
TREE_04896,37.50104513,127.1070498,tree,100.0
TREE_04897,37.50110324,127.107221,tree,100.0
TREE_04898,37.51651092,127.1165789,tree,100.0
TREE_04899,37.51195508,127.0832738,tree,100.0
TREE_04900,37.50112383,127.1072858,tree,100.0
TREE_04901,37.50050167,127.1052896,tree,100.0
TREE_04902,37.50115308,127.1073778,tree,100.0
TREE_04903,37.50815787,127.1157879,tree,100.0
TREE_04904,37.5167625,127.0837469,tree,100.0
TREE_04905,37.50120568,127.1075327,tree,100.0
TREE_04906,37.51636056,127.0836117,tree,100.0
TREE_04907,37.50122117,127.1075842,tree,100.0
TREE_04908,37.50422929,127.0876094,tree,100.0
TREE_04909,37.52021496,127.1146836,tree,100.0
TREE_04910,37.50124551,127.1076527,tree,100.0
TREE_04911,37.50009302,127.0969152,tree,100.0
TREE_04912,37.51686511,127.083769,tree,100.0
TREE_04913,37.51154918,127.0833049,tree,100.0
TREE_04914,37.52302489,127.1118717,tree,100.0
TREE_04915,37.51638749,127.1166512,tree,100.0
TREE_04916,37.50129264,127.1077967,tree,100.0
TREE_04917,37.50218053,127.1096944,tree,100.0
TREE_04918,37.5206166,127.1143859,tree,100.0
TREE_04919,37.50035406,127.1048163,tree,100.0
TREE_04920,37.5083781,127.1159397,tree,100.0
TREE_04921,37.50132357,127.1079044,tree,100.0
TREE_04922,37.50237497,127.1100667,tree,100.0
TREE_04923,37.51707654,127.0838173,tree,100.0
TREE_04924,37.50417297,127.0876325,tree,100.0
TREE_04925,37.51580428,127.1168279,tree,100.0
TREE_04926,37.52609077,127.1055121,tree,100.0
TREE_04927,37.50133974,127.107958,tree,100.0
TREE_04928,37.52302252,127.1119088,tree,100.0
TREE_04929,37.50217085,127.1097135,tree,100.0
TREE_04930,37.51649467,127.1166451,tree,100.0
TREE_04931,37.52037372,127.114606,tree,100.0
TREE_04932,37.50032447,127.1047346,tree,100.0
TREE_04933,37.50135683,127.1080106,tree,100.0
TREE_04934,37.50483909,127.0868957,tree,100.0
TREE_04935,37.50137364,127.1080639,tree,100.0
TREE_04936,37.51677132,127.0836917,tree,100.0
TREE_04937,37.52622216,127.105046,tree,100.0
TREE_04938,37.50138884,127.1081123,tree,100.0
TREE_04939,37.51195118,127.0832003,tree,100.0
TREE_04940,37.51154332,127.083257,tree,100.0
TREE_04941,37.5002405,127.1044285,tree,100.0
TREE_04942,37.51638901,127.1167031,tree,100.0
TREE_04943,37.5023552,127.1100934,tree,100.0
TREE_04944,37.50071144,127.1062944,tree,100.0
TREE_04945,37.50073532,127.1063701,tree,100.0
TREE_04946,37.50075871,127.1064443,tree,100.0
TREE_04947,37.50078919,127.1065409,tree,100.0
TREE_04948,37.50068015,127.1061953,tree,100.0
TREE_04949,37.50081283,127.1066158,tree,100.0
TREE_04950,37.52027155,127.1147231,tree,100.0
TREE_04951,37.50021899,127.1043718,tree,100.0
TREE_04952,37.50085749,127.1067573,tree,100.0
TREE_04953,37.50061829,127.1059992,tree,100.0
TREE_04954,37.50145363,127.1083191,tree,100.0
TREE_04955,37.50003215,127.0969159,tree,100.0
TREE_04956,37.50445329,127.0872535,tree,100.0
TREE_04957,37.500583,127.1058874,tree,100.0
TREE_04958,37.50006368,127.0967016,tree,100.0
TREE_04959,37.51574183,127.116892,tree,100.0
TREE_04960,37.50485135,127.0868306,tree,100.0
TREE_04961,37.51635959,127.0835265,tree,100.0
TREE_04962,37.50094119,127.1070226,tree,100.0
TREE_04963,37.52041219,127.1146309,tree,100.0
TREE_04964,37.50096694,127.1071042,tree,100.0
TREE_04965,37.50019501,127.1043154,tree,100.0
TREE_04966,37.50098674,127.107167,tree,100.0
TREE_04967,37.50147371,127.1083875,tree,100.0
TREE_04968,37.50051584,127.1056745,tree,100.0
TREE_04969,37.5010134,127.1072514,tree,100.0
TREE_04970,37.51615241,127.0834552,tree,100.0
TREE_04971,37.50017333,127.1042366,tree,100.0
TREE_04972,37.52479197,127.1091426,tree,100.0
TREE_04973,37.50149571,127.108455,tree,100.0
TREE_04974,37.50834829,127.1160034,tree,100.0
TREE_04975,37.51707289,127.0837424,tree,100.0
TREE_04976,37.50106743,127.1074227,tree,100.0
TREE_04977,37.50043205,127.105409,tree,100.0
TREE_04978,37.50151678,127.1085272,tree,100.0
TREE_04979,37.51155127,127.0832025,tree,100.0
TREE_04980,37.51646208,127.1167353,tree,100.0
TREE_04981,37.51636736,127.1167625,tree,100.0
TREE_04982,37.52302765,127.1120211,tree,100.0
TREE_04983,37.501127,127.1076115,tree,100.0
TREE_04984,37.52032431,127.1147372,tree,100.0
TREE_04985,37.50013227,127.104132,tree,100.0
TREE_04986,37.52614955,127.1055705,tree,100.0
TREE_04987,37.50115055,127.1076861,tree,100.0
TREE_04988,37.52045182,127.1146506,tree,100.0
TREE_04989,37.50117068,127.10775,tree,100.0
TREE_04990,37.50486539,127.0867537,tree,100.0
TREE_04991,37.50118617,127.1077991,tree,100.0
TREE_04992,37.51195999,127.0831176,tree,100.0
TREE_04993,37.50808164,127.1159089,tree,100.0
TREE_04994,37.51706767,127.0836999,tree,100.0
TREE_04995,37.50009406,127.1040089,tree,100.0
TREE_04996,37.50120653,127.1078636,tree,100.0
TREE_04997,37.52478273,127.1092454,tree,100.0
TREE_04998,37.50028649,127.1049477,tree,100.0
TREE_04999,37.51154358,127.0831671,tree,100.0
TREE_05000,37.50122838,127.1079329,tree,100.0
TREE_05001,37.5000654,127.1039056,tree,100.0
TREE_05002,37.5044949,127.0871059,tree,100.0
TREE_05003,37.51570879,127.116977,tree,100.0
TREE_05004,37.51644659,127.1167829,tree,100.0
TREE_05005,37.51574739,127.116969,tree,100.0
TREE_05006,37.50489672,127.086686,tree,100.0
TREE_05007,37.50126657,127.1080539,tree,100.0
TREE_05008,37.50004088,127.1038343,tree,100.0
TREE_05009,37.50128574,127.1081146,tree,100.0
TREE_05010,37.51635691,127.11682,tree,100.0
TREE_05011,37.50161799,127.1088645,tree,100.0
TREE_05012,37.50831371,127.1160633,tree,100.0
TREE_05013,37.52036541,127.1147686,tree,100.0
TREE_05014,37.52477784,127.1093115,tree,100.0
TREE_05015,37.51635797,127.0834322,tree,100.0
TREE_05016,37.50001982,127.1037693,tree,100.0
TREE_05017,37.501682,127.1090182,tree,100.0
TREE_05018,37.50163942,127.1089351,tree,100.0
TREE_05019,37.5167573,127.0835489,tree,100.0
TREE_05020,37.50174934,127.1091633,tree,100.0
TREE_05021,37.52622144,127.1055051,tree,100.0
TREE_05022,37.49999668,127.1036959,tree,100.0
TREE_05023,37.50170163,127.1090889,tree,100.0
TREE_05024,37.50164496,127.1089773,tree,100.0
TREE_05025,37.52076026,127.1144866,tree,100.0
TREE_05026,37.50013636,127.1044719,tree,100.0
TREE_05027,37.4999732,127.1036217,tree,100.0
TREE_05028,37.51706629,127.0836278,tree,100.0
TREE_05029,37.5157207,127.1170266,tree,100.0
TREE_05030,37.52302595,127.1121578,tree,100.0
TREE_05031,37.50452407,127.0869995,tree,100.0
TREE_05032,37.50402645,127.0875556,tree,100.0
TREE_05033,37.52621002,127.1056303,tree,100.0
TREE_05034,37.49995437,127.1035566,tree,100.0
TREE_05035,37.50804853,127.1159755,tree,100.0
TREE_05036,37.51567033,127.1170484,tree,100.0
TREE_05037,37.50490018,127.0866029,tree,100.0
TREE_05038,37.52040016,127.114801,tree,100.0
TREE_05039,37.4999492,127.0966934,tree,100.0
TREE_05040,37.52632971,127.105201,tree,100.0
TREE_05041,37.51152688,127.0830881,tree,100.0
TREE_05042,37.50143355,127.1085832,tree,100.0
TREE_05043,37.50382751,127.0877719,tree,100.0
TREE_05044,37.50828118,127.1161117,tree,100.0
TREE_05045,37.49992665,127.1034665,tree,100.0
TREE_05046,37.50173511,127.1092314,tree,100.0
TREE_05047,37.5014581,127.108661,tree,100.0
TREE_05048,37.52477558,127.1094433,tree,100.0
TREE_05049,37.51640138,127.1168859,tree,100.0
TREE_05050,37.5014735,127.1087098,tree,100.0
TREE_05051,37.520519,127.11474,tree,100.0
TREE_05052,37.50148763,127.1087546,tree,100.0
TREE_05053,37.52044738,127.1148043,tree,100.0
TREE_05054,37.5163651,127.0833495,tree,100.0
TREE_05055,37.5080291,127.116011,tree,100.0
TREE_05056,37.5017638,127.1093369,tree,100.0
TREE_05057,37.51569684,127.1170846,tree,100.0
TREE_05058,37.51706271,127.0835713,tree,100.0
TREE_05059,37.50151066,127.1088276,tree,100.0
TREE_05060,37.49987824,127.1033451,tree,100.0
TREE_05061,37.50179501,127.1094234,tree,100.0
TREE_05062,37.50455802,127.086886,tree,100.0
TREE_05063,37.52302701,127.1122439,tree,100.0
TREE_05064,37.51631448,127.1169402,tree,100.0
TREE_05065,37.49986424,127.1032816,tree,100.0
TREE_05066,37.50397481,127.0875305,tree,100.0
TREE_05067,37.52477655,127.1095172,tree,100.0
TREE_05068,37.52625413,127.1056796,tree,100.0
TREE_05069,37.5015442,127.1089339,tree,100.0
TREE_05070,37.52628701,127.1055705,tree,100.0
TREE_05071,37.49984353,127.1032178,tree,100.0
TREE_05072,37.5018139,127.1094942,tree,100.0
TREE_05073,37.52083442,127.1145332,tree,100.0
TREE_05074,37.50156026,127.1089848,tree,100.0
TREE_05075,37.51615504,127.0832544,tree,100.0
TREE_05076,37.51565367,127.1171268,tree,100.0
TREE_05077,37.51637384,127.1169454,tree,100.0
TREE_05078,37.50183076,127.109543,tree,100.0
TREE_05079,37.52638169,127.1052446,tree,100.0
TREE_05080,37.51675234,127.0834216,tree,100.0
TREE_05081,37.52048391,127.1148312,tree,100.0
TREE_05082,37.50158361,127.1090597,tree,100.0
TREE_05083,37.50824435,127.116178,tree,100.0
TREE_05084,37.49980841,127.1030929,tree,100.0
TREE_05085,37.50184858,127.1096003,tree,100.0
TREE_05086,37.50188744,127.1096737,tree,100.0
TREE_05087,37.49979491,127.1030256,tree,100.0
TREE_05088,37.5016001,127.1091127,tree,100.0
TREE_05089,37.51567507,127.1171478,tree,100.0
TREE_05090,37.50190368,127.1097187,tree,100.0
TREE_05091,37.49984159,127.0968768,tree,100.0
TREE_05092,37.52302485,127.112321,tree,100.0
TREE_05093,37.51560761,127.117171,tree,100.0
TREE_05094,37.51629049,127.1170022,tree,100.0
TREE_05095,37.52477685,127.1096046,tree,100.0
TREE_05096,37.49987535,127.1036447,tree,100.0
TREE_05097,37.51636734,127.0832703,tree,100.0
TREE_05098,37.50375135,127.0877075,tree,100.0
TREE_05099,37.50164618,127.1092606,tree,100.0
TREE_05100,37.51635569,127.1170015,tree,100.0
TREE_05101,37.52477283,127.1096499,tree,100.0
TREE_05102,37.49975288,127.1029195,tree,100.0
TREE_05103,37.51705899,127.0834751,tree,100.0
TREE_05104,37.50166272,127.1093137,tree,100.0
TREE_05105,37.50823109,127.116218,tree,100.0
TREE_05106,37.49984413,127.0966839,tree,100.0
TREE_05107,37.52088168,127.1145732,tree,100.0
TREE_05108,37.49973553,127.1028652,tree,100.0
TREE_05109,37.51196438,127.0828883,tree,100.0
TREE_05110,37.51625054,127.117053,tree,100.0
TREE_05111,37.49981675,127.103459,tree,100.0
TREE_05112,37.52631176,127.1057302,tree,100.0
TREE_05113,37.50168642,127.1093898,tree,100.0
TREE_05114,37.49979801,127.1033996,tree,100.0
TREE_05115,37.52643817,127.1052896,tree,100.0
TREE_05116,37.51558359,127.1172326,tree,100.0
TREE_05117,37.50170924,127.109463,tree,100.0
TREE_05118,37.51566358,127.1172172,tree,100.0
TREE_05119,37.51614653,127.0831579,tree,100.0
TREE_05120,37.52635368,127.105631,tree,100.0
TREE_05121,37.50214334,127.1102772,tree,100.0
TREE_05122,37.51633778,127.1170594,tree,100.0
TREE_05123,37.49976067,127.1032813,tree,100.0
TREE_05124,37.50174309,127.1095717,tree,100.0
TREE_05125,37.52094153,127.1145849,tree,100.0
TREE_05126,37.52477494,127.109755,tree,100.0
TREE_05127,37.49974527,127.1032325,tree,100.0
TREE_05128,37.51155241,127.0828951,tree,100.0
TREE_05129,37.51555682,127.1172743,tree,100.0
TREE_05130,37.51636159,127.0831828,tree,100.0
TREE_05131,37.5162312,127.117113,tree,100.0
TREE_05132,37.50176544,127.1096435,tree,100.0
TREE_05133,37.49979052,127.0966814,tree,100.0
TREE_05134,37.50795112,127.1161482,tree,100.0
TREE_05135,37.5230222,127.1124636,tree,100.0
TREE_05136,37.51705647,127.0833987,tree,100.0
TREE_05137,37.51675641,127.0832957,tree,100.0
TREE_05138,37.50463359,127.0866063,tree,100.0
TREE_05139,37.50369301,127.087657,tree,100.0
TREE_05140,37.49972106,127.1031558,tree,100.0
TREE_05141,37.51196726,127.0828197,tree,100.0
TREE_05142,37.50178323,127.1097006,tree,100.0
TREE_05143,37.5156461,127.1172768,tree,100.0
TREE_05144,37.52477299,127.1098195,tree,100.0
TREE_05145,37.50179972,127.1097535,tree,100.0
TREE_05146,37.52648225,127.1053304,tree,100.0
TREE_05147,37.52636882,127.1057794,tree,100.0
TREE_05148,37.49968609,127.1030449,tree,100.0
TREE_05149,37.51632066,127.1171265,tree,100.0
TREE_05150,37.4997336,127.0968651,tree,100.0
TREE_05151,37.52099673,127.1146041,tree,100.0
TREE_05152,37.52302434,127.1125183,tree,100.0
TREE_05153,37.52477466,127.1098732,tree,100.0
TREE_05154,37.51561728,127.1173204,tree,100.0
TREE_05155,37.51621274,127.1171792,tree,100.0
TREE_05156,37.52641587,127.1056971,tree,100.0
TREE_05157,37.49964013,127.1028993,tree,100.0
TREE_05158,37.50216684,127.1104901,tree,100.0
TREE_05159,37.49973617,127.0966778,tree,100.0
TREE_05160,37.50365204,127.0876189,tree,100.0
TREE_05161,37.50815567,127.1163325,tree,100.0
TREE_05162,37.50466493,127.0864874,tree,100.0
TREE_05163,37.5018129,127.109873,tree,100.0
TREE_05164,37.51705845,127.0833223,tree,100.0
TREE_05165,37.51636989,127.0830998,tree,100.0
TREE_05166,37.5168238,127.0832373,tree,100.0
TREE_05167,37.51629951,127.1171821,tree,100.0
TREE_05168,37.52652072,127.1053783,tree,100.0
TREE_05169,37.4996085,127.102799,tree,100.0
TREE_05170,37.52477599,127.1099391,tree,100.0
TREE_05171,37.51675043,127.0831981,tree,100.0
TREE_05172,37.52302579,127.1125971,tree,100.0
TREE_05173,37.50504339,127.0860823,tree,100.0
TREE_05174,37.49967459,127.0968652,tree,100.0
TREE_05175,37.51156464,127.082777,tree,100.0
TREE_05176,37.51619995,127.1172436,tree,100.0
TREE_05177,37.51549986,127.1174127,tree,100.0
TREE_05178,37.51196963,127.0827004,tree,100.0
TREE_05179,37.52643381,127.1058435,tree,100.0
TREE_05180,37.49968847,127.0966727,tree,100.0
TREE_05181,37.50812664,127.1163883,tree,100.0
TREE_05182,37.50506374,127.0860153,tree,100.0
TREE_05183,37.5036019,127.087579,tree,100.0
TREE_05184,37.52656028,127.1054149,tree,100.0
TREE_05185,37.51628586,127.1172495,tree,100.0
TREE_05186,37.502208997,127.11069708,tree,100.0
TREE_05187,37.52109409,127.1146549,tree,100.0
TREE_05188,37.4994811,127.1020588,tree,100.0
TREE_05189,37.52301887,127.112684,tree,100.0
TREE_05190,37.5247768,127.1100601,tree,100.0
TREE_05191,37.5264837,127.1057633,tree,100.0
TREE_05192,37.51157809,127.082719,tree,100.0
TREE_05193,37.51705024,127.083229,tree,100.0
TREE_05194,37.502219841,127.110739402,tree,100.0
TREE_05195,37.51556182,127.1174445,tree,100.0
TREE_05196,37.49962902,127.0968574,tree,100.0
TREE_05197,37.50508253,127.0859611,tree,100.0
TREE_05198,37.51636839,127.082995,tree,100.0
TREE_05199,37.51548521,127.1174768,tree,100.0
TREE_05200,37.51617775,127.1173207,tree,100.0
TREE_05201,37.50374831,127.087341,tree,100.0
TREE_05202,37.51625553,127.1173035,tree,100.0
TREE_05203,37.5167467,127.0830992,tree,100.0
TREE_05204,37.52073669,127.1150008,tree,100.0
TREE_05205,37.51681885,127.0831129,tree,100.0
TREE_05206,37.5078525,127.1163124,tree,100.0
TREE_05207,37.50227026,127.1108872,tree,100.0
TREE_05208,37.52659765,127.1054741,tree,100.0
TREE_05209,37.5050973,127.0859015,tree,100.0
TREE_05210,37.50355741,127.0875407,tree,100.0
TREE_05211,37.52477636,127.1101478,tree,100.0
TREE_05212,37.52648977,127.1058969,tree,100.0
TREE_05213,37.49961818,127.096665,tree,100.0
TREE_05214,37.52302337,127.1127707,tree,100.0
TREE_05215,37.51553677,127.1175107,tree,100.0
TREE_05216,37.49958113,127.0968524,tree,100.0
TREE_05217,37.51547215,127.1175303,tree,100.0
TREE_05218,37.51614772,127.1173767,tree,100.0
TREE_05219,37.51705224,127.0831583,tree,100.0
TREE_05220,37.50206449,127.1105969,tree,100.0
TREE_05221,37.49960221,127.0966654,tree,100.0
TREE_05222,37.50206882,127.1106143,tree,100.0
TREE_05223,37.52477588,127.1102114,tree,100.0
TREE_05224,37.50474892,127.0861792,tree,100.0
TREE_05225,37.52654477,127.1058337,tree,100.0
TREE_05226,37.51623239,127.1173855,tree,100.0
TREE_05227,37.50209989,127.1107066,tree,100.0
TREE_05228,37.52302198,127.1128348,tree,100.0
TREE_05229,37.50806501,127.1164956,tree,100.0
TREE_05230,37.50512763,127.0858023,tree,100.0
TREE_05231,37.51613891,127.0828426,tree,100.0
TREE_05232,37.51552741,127.1175586,tree,100.0
TREE_05233,37.51156371,127.0826119,tree,100.0
TREE_05234,37.50230269,127.1110546,tree,100.0
TREE_05235,37.49957191,127.0966628,tree,100.0
TREE_05236,37.51637256,127.0828986,tree,100.0
TREE_05237,37.50211712,127.1107544,tree,100.0
TREE_05238,37.50476235,127.0861343,tree,100.0
TREE_05239,37.52477349,127.1102708,tree,100.0
TREE_05240,37.51612245,127.1174276,tree,100.0
TREE_05241,37.50781407,127.1163774,tree,100.0
TREE_05242,37.50201034,127.1105769,tree,100.0
TREE_05243,37.50351068,127.087502,tree,100.0
TREE_05244,37.52078892,127.115063,tree,100.0
TREE_05245,37.51543894,127.1175938,tree,100.0
TREE_05246,37.52654289,127.105949,tree,100.0
TREE_05247,37.50213862,127.1108164,tree,100.0
TREE_05248,37.52302256,127.1128794,tree,100.0
TREE_05249,37.50477349,127.0860946,tree,100.0
TREE_05250,37.52120947,127.114743,tree,100.0
TREE_05251,37.50513565,127.0857465,tree,100.0
TREE_05252,37.49931678,127.1015371,tree,100.0
TREE_05253,37.50237792,127.1112333,tree,100.0
TREE_05254,37.51619574,127.1174505,tree,100.0
TREE_05255,37.50232018,127.1111539,tree,100.0
TREE_05256,37.52477305,127.1103431,tree,100.0
TREE_05257,37.51674849,127.0829676,tree,100.0
TREE_05258,37.49933453,127.1019309,tree,100.0
TREE_05259,37.50478786,127.0860523,tree,100.0
TREE_05260,37.52083261,127.1150771,tree,100.0
TREE_05261,37.49929925,127.1014748,tree,100.0
TREE_05262,37.50347714,127.0874747,tree,100.0
TREE_05263,37.5155148,127.1176237,tree,100.0
TREE_05264,37.49932003,127.1018849,tree,100.0
TREE_05265,37.52301823,127.1129382,tree,100.0
TREE_05266,37.51579471,127.1175773,tree,100.0
TREE_05267,37.52660021,127.1059027,tree,100.0
TREE_05268,37.51610916,127.117503,tree,100.0
TREE_05269,37.52477397,127.1103928,tree,100.0
TREE_05270,37.50238263,127.1113006,tree,100.0
TREE_05271,37.50802988,127.116568,tree,100.0
TREE_05272,37.50778023,127.1164373,tree,100.0
TREE_05273,37.51543412,127.1176619,tree,100.0
TREE_05274,37.50241609,127.1113625,tree,100.0
TREE_05275,37.50480525,127.0859931,tree,100.0
TREE_05276,37.51613567,127.0827522,tree,100.0
TREE_05277,37.51617398,127.1175054,tree,100.0
TREE_05278,37.5208709,127.1150986,tree,100.0
TREE_05279,37.49946643,127.0968475,tree,100.0
TREE_05280,37.51637633,127.0828031,tree,100.0
TREE_05281,37.52660677,127.1060081,tree,100.0
TREE_05282,37.51547952,127.1176875,tree,100.0
TREE_05283,37.52127759,127.1147909,tree,100.0
TREE_05284,37.52477335,127.1104768,tree,100.0
TREE_05285,37.51608835,127.1175622,tree,100.0
TREE_05286,37.49946981,127.0966562,tree,100.0
TREE_05287,37.5167572,127.0828841,tree,100.0
TREE_05288,37.49924381,127.1016434,tree,100.0
TREE_05289,37.5154171,127.117721,tree,100.0
TREE_05290,37.51576603,127.1176506,tree,100.0
TREE_05291,37.51703918,127.0829688,tree,100.0
TREE_05292,37.50245532,127.1115099,tree,100.0
TREE_05293,37.51615246,127.1175577,tree,100.0
TREE_05294,37.5051861,127.0855722,tree,100.0
TREE_05295,37.50342126,127.0874249,tree,100.0
TREE_05296,37.52092653,127.1151318,tree,100.0
TREE_05297,37.52665564,127.1059689,tree,100.0
TREE_05298,37.49941547,127.096843,tree,100.0
TREE_05299,37.50248239,127.1115867,tree,100.0
TREE_05300,37.52477388,127.1105457,tree,100.0
TREE_05301,37.52301805,127.1130816,tree,100.0
TREE_05302,37.51606977,127.1176108,tree,100.0
TREE_05303,37.50253098,127.1116834,tree,100.0
TREE_05304,37.51545365,127.1177605,tree,100.0
TREE_05305,37.51637274,127.0827153,tree,100.0
TREE_05306,37.5033896,127.0874013,tree,100.0
TREE_05307,37.50520128,127.0855007,tree,100.0
TREE_05308,37.51539689,127.1177764,tree,100.0
TREE_05309,37.52665988,127.1060608,tree,100.0
TREE_05310,37.51613204,127.117621,tree,100.0
TREE_05311,37.50486239,127.0857972,tree,100.0
TREE_05312,37.51199156,127.0823524,tree,100.0
TREE_05313,37.52477337,127.110605,tree,100.0
TREE_05314,37.51614875,127.082635,tree,100.0
TREE_05315,37.50522937,127.0854576,tree,100.0
TREE_05316,37.50161982,127.1102227,tree,100.0
TREE_05317,37.51704345,127.0829023,tree,100.0
TREE_05318,37.49940936,127.0966512,tree,100.0
TREE_05319,37.51573795,127.1177254,tree,100.0
TREE_05320,37.50258725,127.1118116,tree,100.0
TREE_05321,37.50237275,127.1114938,tree,100.0
TREE_05322,37.50264179,127.1118985,tree,100.0
TREE_05323,37.52301751,127.1131471,tree,100.0
TREE_05324,37.50238489,127.11153,tree,100.0
TREE_05325,37.52098032,127.1151613,tree,100.0
TREE_05326,37.507027186,127.116160074,tree,100.0
TREE_05327,37.506976384,127.116129225,tree,100.0
TREE_05328,37.507269911,127.11630872,tree,100.0
TREE_05329,37.52136521,127.1148408,tree,100.0
TREE_05330,37.506751704,127.115986144,tree,100.0
TREE_05331,37.506861227,127.116057699,tree,100.0
TREE_05332,37.506909776,127.116088559,tree,100.0
TREE_05333,37.50270679,127.1120145,tree,100.0
TREE_05334,37.507075753,127.11619659,tree,100.0
TREE_05335,37.507416674,127.116399969,tree,100.0
TREE_05336,37.51604534,127.1176776,tree,100.0
TREE_05337,37.507186393,127.116265312,tree,100.0
TREE_05338,37.507477639,127.116437837,tree,100.0
TREE_05339,37.51157347,127.0823735,tree,100.0
TREE_05340,37.51675118,127.0827738,tree,100.0
TREE_05341,37.515372,127.117831,tree,100.0
TREE_05342,37.507534098,127.116475727,tree,100.0
TREE_05343,37.52477445,127.1106696,tree,100.0
TREE_05344,37.49935307,127.0968358,tree,100.0
TREE_05345,37.50710418,127.1162269,tree,100.0
TREE_05346,37.51544068,127.1178258,tree,100.0
TREE_05347,37.506513537,127.115851508,tree,100.0
TREE_05348,37.52671107,127.1060365,tree,100.0
TREE_05349,37.51611479,127.1176899,tree,100.0
TREE_05350,37.506451477,127.115823545,tree,100.0
TREE_05351,37.51681087,127.082765,tree,100.0
TREE_05352,37.50640067,127.115791283,tree,100.0
TREE_05353,37.50489598,127.0856825,tree,100.0
TREE_05354,37.49936124,127.0966476,tree,100.0
TREE_05355,37.51637223,127.0826306,tree,100.0
TREE_05356,37.506311478,127.115735179,tree,100.0
TREE_05357,37.506356651,127.11576747,tree,100.0
TREE_05358,37.51571583,127.1177942,tree,100.0
TREE_05359,37.50280119,127.1122102,tree,100.0
TREE_05360,37.506268567,127.115705704,tree,100.0
TREE_05361,37.50273877,127.1121252,tree,100.0
TREE_05362,37.50246522,127.1117336,tree,100.0
TREE_05363,37.52102142,127.1151927,tree,100.0
TREE_05364,37.506226806,127.115683294,tree,100.0
TREE_05365,37.52477309,127.1107386,tree,100.0
TREE_05366,37.506186158,127.115656636,tree,100.0
TREE_05367,37.51603066,127.1177322,tree,100.0
TREE_05368,37.50332399,127.087345,tree,100.0
TREE_05369,37.51614119,127.0825439,tree,100.0
TREE_05370,37.51534252,127.1178896,tree,100.0
TREE_05371,37.50831279,127.116935,tree,100.0
TREE_05372,37.50614323,127.1156397,tree,100.0
TREE_05373,37.51704877,127.0828132,tree,100.0
TREE_05374,37.506046163,127.115569684,tree,100.0
TREE_05375,37.50827467,127.116923,tree,100.0
TREE_05376,37.50249548,127.1118147,tree,100.0
TREE_05377,37.49908764,127.1011485,tree,100.0
TREE_05378,37.50607988,127.1155987,tree,100.0
TREE_05379,37.52672773,127.1061291,tree,100.0
TREE_05380,37.52302383,127.1132558,tree,100.0
TREE_05381,37.50837038,127.1169736,tree,100.0
TREE_05382,37.50817287,127.1168815,tree,100.0
TREE_05383,37.49930143,127.0968324,tree,100.0
TREE_05384,37.5080882,127.1168414,tree,100.0
TREE_05385,37.51608523,127.1177439,tree,100.0
TREE_05386,37.51542259,127.1178915,tree,100.0
TREE_05387,37.50282934,127.1123052,tree,100.0
TREE_05388,37.50251606,127.1118638,tree,100.0
TREE_05389,37.505914078,127.115489762,tree,100.0
TREE_05390,37.50491442,127.0856033,tree,100.0
TREE_05391,37.50286322,127.112362,tree,100.0
TREE_05392,37.52143704,127.1148911,tree,100.0
TREE_05393,37.505866665,127.115461725,tree,100.0
TREE_05394,37.49906474,127.1010759,tree,100.0
TREE_05395,37.52477438,127.1108113,tree,100.0
TREE_05396,37.49931353,127.0966463,tree,100.0
TREE_05397,37.50840985,127.1170179,tree,100.0
TREE_05398,37.50254123,127.111927,tree,100.0
TREE_05399,37.50857926,127.1170972,tree,100.0
TREE_05400,37.505804577,127.115425279,tree,100.0
TREE_05401,37.51158774,127.0822756,tree,100.0
TREE_05402,37.505715343,127.11535645,tree,100.0
TREE_05403,37.50575133,127.1153867,tree,100.0
TREE_05404,37.52106525,127.1152251,tree,100.0
TREE_05405,37.52676593,127.1061006,tree,100.0
TREE_05406,37.50853994,127.117086,tree,100.0
TREE_05407,37.50863223,127.1171307,tree,100.0
TREE_05408,37.50288091,127.1124278,tree,100.0
TREE_05409,37.505652143,127.115324252,tree,100.0
TREE_05410,37.50845699,127.1170603,tree,100.0
TREE_05411,37.51600974,127.1178083,tree,100.0
TREE_05412,37.51637206,127.0825405,tree,100.0
TREE_05413,37.506673134,127.116078458,tree,100.0
TREE_05414,37.50173507,127.110693,tree,100.0
TREE_05415,37.50293707,127.1125203,tree,100.0
TREE_05416,37.50289766,127.1124681,tree,100.0
TREE_05417,37.506865094,127.116207567,tree,100.0
TREE_05418,37.506818803,127.116178109,tree,100.0
TREE_05419,37.50493565,127.0855305,tree,100.0
TREE_05420,37.506907,127.1162365,tree,100.0
TREE_05421,37.51606471,127.1178045,tree,100.0
TREE_05422,37.505577648,127.115283629,tree,100.0
TREE_05423,37.507053651,127.116329623,tree,100.0
TREE_05424,37.50678387,127.1161616,tree,100.0
TREE_05425,37.50709321,127.1163549,tree,100.0
TREE_05426,37.50869531,127.1171845,tree,100.0
TREE_05427,37.50259259,127.1120565,tree,100.0
TREE_05428,37.51532125,127.1179688,tree,100.0
TREE_05429,37.51540273,127.117955,tree,100.0
TREE_05430,37.50877534,127.1172244,tree,100.0
TREE_05431,37.507216243,127.116436258,tree,100.0
TREE_05432,37.49924941,127.0968304,tree,100.0
TREE_05433,37.5052867,127.0852053,tree,100.0
TREE_05434,37.505535892,127.115262633,tree,100.0
TREE_05435,37.507128201,127.116387217,tree,100.0
TREE_05436,37.505504266,127.115238757,tree,100.0
TREE_05437,37.507352848,127.116521904,tree,100.0
TREE_05438,37.503029,127.1126713,tree,100.0
TREE_05439,37.52120919,127.1151594,tree,100.0
TREE_05440,37.50298566,127.1126169,tree,100.0
TREE_05441,37.52110989,127.1152456,tree,100.0
TREE_05442,37.5161445,127.0824509,tree,100.0
TREE_05443,37.505460238,127.115212117,tree,100.0
TREE_05444,37.51681267,127.0826377,tree,100.0
TREE_05445,37.49900393,127.1008832,tree,100.0
TREE_05446,37.5230211,127.1133808,tree,100.0
TREE_05447,37.51705066,127.0827099,tree,100.0
TREE_05448,37.505403797,127.115179884,tree,100.0
TREE_05449,37.52679411,127.1061821,tree,100.0
TREE_05450,37.5088285,127.1172771,tree,100.0
TREE_05451,37.506352613,127.115911722,tree,100.0
TREE_05452,37.49925295,127.0966407,tree,100.0
TREE_05453,37.51200023,127.0821487,tree,100.0
TREE_05454,37.52680556,127.1061598,tree,100.0
TREE_05455,37.51675508,127.0826012,tree,100.0
TREE_05456,37.50579857,127.1155118,tree,100.0
TREE_05457,37.502664133,127.11222235,tree,100.0
TREE_05458,37.502719,127.1122999,tree,100.0
TREE_05459,37.506311993,127.115893547,tree,100.0
TREE_05460,37.50496283,127.0854434,tree,100.0
TREE_05461,37.51599162,127.117874,tree,100.0
TREE_05462,37.506243684,127.115849699,tree,100.0
TREE_05463,37.506274738,127.115871114,tree,100.0
TREE_05464,37.49898326,127.1008178,tree,100.0
TREE_05465,37.505253051,127.115076766,tree,100.0
TREE_05466,37.51537579,127.118009,tree,100.0
TREE_05467,37.50575326,127.1154869,tree,100.0
TREE_05468,37.51566024,127.1179534,tree,100.0
TREE_05469,37.5030758,127.1127892,tree,100.0
TREE_05470,37.506216034,127.115835698,tree,100.0
TREE_05471,37.506193454,127.115821671,tree,100.0
TREE_05472,37.49923869,127.0966398,tree,100.0
TREE_05473,37.505208443,127.11504518,tree,100.0
TREE_05474,37.50530042,127.0851347,tree,100.0
TREE_05475,37.50887905,127.117322,tree,100.0
TREE_05476,37.5014891,127.1103671,tree,100.0
TREE_05477,37.50799074,127.1169183,tree,100.0
TREE_05478,37.50321281,127.1129698,tree,100.0
TREE_05479,37.50750332,127.1166591,tree,100.0
TREE_05480,37.506135874,127.115785194,tree,100.0
TREE_05481,37.506169754,127.115809435,tree,100.0
TREE_05482,37.50315535,127.1129019,tree,100.0
TREE_05483,37.50278627,127.1124195,tree,100.0
TREE_05484,37.51637213,127.0824654,tree,100.0
TREE_05485,37.505149154,127.115003064,tree,100.0
TREE_05486,37.52152604,127.114947,tree,100.0
TREE_05487,37.50897596,127.1173695,tree,100.0
TREE_05488,37.51604647,127.1178796,tree,100.0
TREE_05489,37.49896178,127.1004119,tree,100.0
TREE_05490,37.505103403,127.114966535,tree,100.0
TREE_05491,37.50598569,127.115683116,tree,100.0
TREE_05492,37.50555295,127.1153493,tree,100.0
TREE_05493,37.52479109,127.1109688,tree,100.0
TREE_05494,37.51531495,127.1180392,tree,100.0
TREE_05495,37.52303268,127.1134289,tree,100.0
TREE_05496,37.52116633,127.1152669,tree,100.0
TREE_05497,37.50336977,127.1131864,tree,100.0
TREE_05498,37.505931507,127.115652285,tree,100.0
TREE_05499,37.50794792,127.1169162,tree,100.0
TREE_05500,37.50847418,127.1171672,tree,100.0
TREE_05501,37.50551025,127.1153221,tree,100.0
TREE_05502,37.504978596,127.114872419,tree,100.0
TREE_05503,37.50901985,127.1174039,tree,100.0
TREE_05504,37.5085179,127.1171955,tree,100.0
TREE_05505,37.50286725,127.1125648,tree,100.0
TREE_05506,37.504939637,127.114845753,tree,100.0
TREE_05507,37.505876207,127.115624288,tree,100.0
TREE_05508,37.51157577,127.0821541,tree,100.0
TREE_05509,37.49894224,127.1003436,tree,100.0
TREE_05510,37.505825387,127.115587784,tree,100.0
TREE_05511,37.50797839,127.1169471,tree,100.0
TREE_05512,37.503384003,127.113227346,tree,100.0
TREE_05513,37.503419633,127.113269035,tree,100.0
TREE_05514,37.504907451,127.114822588,tree,100.0
TREE_05515,37.51535799,127.1180595,tree,100.0
TREE_05516,37.49894092,127.1006836,tree,100.0
TREE_05517,37.50346548,127.113334305,tree,100.0
TREE_05518,37.50753732,127.1167239,tree,100.0
TREE_05519,37.51614652,127.0823665,tree,100.0
TREE_05520,37.5268368,127.1062367,tree,100.0
TREE_05521,37.50907945,127.117449,tree,100.0
TREE_05522,37.504841381,127.11477415,tree,100.0
TREE_05523,37.51603465,127.1179204,tree,100.0
TREE_05524,37.5053117,127.1151935,tree,100.0
TREE_05525,37.50319424,127.0872457,tree,100.0
TREE_05526,37.5029396,127.1126899,tree,100.0
TREE_05527,37.5159646,127.1179434,tree,100.0
TREE_05528,37.503498329,127.113387866,tree,100.0
TREE_05529,37.50856905,127.1172488,tree,100.0
TREE_05530,37.504783225,127.11473415,tree,100.0
TREE_05531,37.49919226,127.0966378,tree,100.0
TREE_05532,37.52128655,127.1152122,tree,100.0
TREE_05533,37.50913009,127.1174812,tree,100.0
TREE_05534,37.503536803,127.113438571,tree,100.0
TREE_05535,37.505675256,127.115502299,tree,100.0
TREE_05536,37.52685421,127.1062183,tree,100.0
TREE_05537,37.50486323,127.1148141,tree,100.0
TREE_05538,37.52119651,127.1152948,tree,100.0
TREE_05539,37.505460638,127.115335134,tree,100.0
TREE_05540,37.52302575,127.1135027,tree,100.0
TREE_05541,37.50471093,127.114677255,tree,100.0
TREE_05542,37.503567382,127.113484809,tree,100.0
TREE_05543,37.51529097,127.1180974,tree,100.0
TREE_05544,37.50389493,127.1138567,tree,100.0
TREE_05545,37.49891639,127.1006058,tree,100.0
TREE_05546,37.503595109,127.113522851,tree,100.0
TREE_05547,37.503629599,127.113562523,tree,100.0
TREE_05548,37.505409827,127.115301458,tree,100.0
TREE_05549,37.50533638,127.0850187,tree,100.0
TREE_05550,37.51704239,127.0826024,tree,100.0
TREE_05551,37.50917683,127.1175155,tree,100.0
TREE_05552,37.50876946,127.1173531,tree,100.0
TREE_05553,37.50871124,127.117329,tree,100.0
TREE_05554,37.504638635,127.114620359,tree,100.0
TREE_05555,37.52159236,127.1149732,tree,100.0
TREE_05556,37.5213319,127.1151993,tree,100.0
TREE_05557,37.503768728,127.113728655,tree,100.0
TREE_05558,37.503677137,127.113628735,tree,100.0
TREE_05559,37.504364563,127.114360642,tree,100.0
TREE_05560,37.503724643,127.113685049,tree,100.0
TREE_05561,37.50393349,127.1139158,tree,100.0
TREE_05562,37.504392832,127.114391605,tree,100.0
TREE_05563,37.505339829,127.115257983,tree,100.0
TREE_05564,37.5078874,127.1169547,tree,100.0
TREE_05565,37.51675246,127.0824966,tree,100.0
TREE_05566,37.50888554,127.1174129,tree,100.0
TREE_05567,37.50927838,127.1175663,tree,100.0
TREE_05568,37.49913979,127.0968224,tree,100.0
TREE_05569,37.52131272,127.1152278,tree,100.0
TREE_05570,37.50141977,127.1103966,tree,100.0
TREE_05571,37.505258515,127.115197636,tree,100.0
TREE_05572,37.504279826,127.114288965,tree,100.0
TREE_05573,37.50897093,127.1174537,tree,100.0
TREE_05574,37.50866058,127.1173272,tree,100.0
TREE_05575,37.503966675,127.113965235,tree,100.0
TREE_05576,37.50501085,127.0852737,tree,100.0
TREE_05577,37.51199117,127.0820376,tree,100.0
TREE_05578,37.5030643,127.1129121,tree,100.0
TREE_05579,37.504011908,127.114015905,tree,100.0
TREE_05580,37.504236891,127.114252422,tree,100.0
TREE_05581,37.505206009,127.115162555,tree,100.0
TREE_05582,37.504091068,127.114104579,tree,100.0
TREE_05583,37.504128378,127.114143979,tree,100.0
TREE_05584,37.50859215,127.1173035,tree,100.0
TREE_05585,37.51561602,127.1180735,tree,100.0
TREE_05586,37.51634952,127.0823597,tree,100.0
TREE_05587,37.5159403,127.1180027,tree,100.0
TREE_05588,37.505154064,127.115126765,tree,100.0
TREE_05589,37.50311232,127.112994,tree,100.0
TREE_05590,37.5049753,127.1149727,tree,100.0
TREE_05591,37.50512754,127.115112761,tree,100.0
TREE_05592,37.50315356,127.1130524,tree,100.0
TREE_05593,37.51601192,127.1179964,tree,100.0
TREE_05594,37.49887781,127.1004836,tree,100.0
TREE_05595,37.50535023,127.0849528,tree,100.0
TREE_05596,37.49914465,127.0966258,tree,100.0
TREE_05597,37.503186,127.1131,tree,100.0
TREE_05598,37.51525454,127.1181575,tree,100.0
TREE_05599,37.505079555,127.115081899,tree,100.0
TREE_05600,37.50789143,127.1169971,tree,100.0
TREE_05601,37.515346,127.1181444,tree,100.0
TREE_05602,37.50902417,127.1175089,tree,100.0
TREE_05603,37.5092861,127.1176109,tree,100.0
TREE_05604,37.49886434,127.1000956,tree,100.0
TREE_05605,37.52125126,127.1153307,tree,100.0
TREE_05606,37.50325365,127.1132003,tree,100.0
TREE_05607,37.505027614,127.115047523,tree,100.0
TREE_05608,37.52137868,127.115225,tree,100.0
TREE_05609,37.50502962,127.0852073,tree,100.0
TREE_05610,37.50912221,127.1175567,tree,100.0
TREE_05611,37.51704555,127.0825388,tree,100.0
TREE_05612,37.50907392,127.1175412,tree,100.0
TREE_05613,37.50328451,127.1132456,tree,100.0
TREE_05614,37.50313378,127.0871968,tree,100.0
TREE_05615,37.5092202,127.1175997,tree,100.0
TREE_05616,37.52690511,127.1062788,tree,100.0
TREE_05617,37.52486007,127.1110667,tree,100.0
TREE_05618,37.50331772,127.1132952,tree,100.0
TREE_05619,37.52136113,127.1152544,tree,100.0
TREE_05620,37.504919757,127.114968173,tree,100.0
TREE_05621,37.52690124,127.1063057,tree,100.0
TREE_05622,37.51616134,127.0822673,tree,100.0
TREE_05623,37.504874006,127.114931644,tree,100.0
TREE_05624,37.50160154,127.1108286,tree,100.0
TREE_05625,37.50537649,127.0848844,tree,100.0
TREE_05626,37.504829399,127.1149009,tree,100.0
TREE_05627,37.49908403,127.0968171,tree,100.0
TREE_05628,37.5159068,127.1180684,tree,100.0
TREE_05629,37.504759927,127.114845269,tree,100.0
TREE_05630,37.50950625,127.1177291,tree,100.0
TREE_05631,37.50342743,127.1134564,tree,100.0
TREE_05632,37.51158939,127.0820174,tree,100.0
TREE_05633,37.5155945,127.1181408,tree,100.0
TREE_05634,37.51675329,127.0824131,tree,100.0
TREE_05635,37.504713043,127.114806606,tree,100.0
TREE_05636,37.50136502,127.1104332,tree,100.0
TREE_05637,37.50468219,127.1147788,tree,100.0
TREE_05638,37.503452473,127.113491323,tree,100.0
TREE_05639,37.51680516,127.0824255,tree,100.0
TREE_05640,37.51598815,127.1180604,tree,100.0
TREE_05641,37.50504587,127.0851444,tree,100.0
TREE_05642,37.52165953,127.1150309,tree,100.0
TREE_05643,37.51522592,127.1182164,tree,100.0
TREE_05644,37.50935737,127.1176866,tree,100.0
TREE_05645,37.51531671,127.1182053,tree,100.0
TREE_05646,37.504643586,127.114756059,tree,100.0
TREE_05647,37.50756727,127.1168889,tree,100.0
TREE_05648,37.52142121,127.1152503,tree,100.0
TREE_05649,37.49909177,127.0966257,tree,100.0
TREE_05650,37.52130586,127.1153484,tree,100.0
TREE_05651,37.50390624,127.1140282,tree,100.0
TREE_05652,37.50368206,127.1137837,tree,100.0
TREE_05653,37.50358335,127.1136738,tree,100.0
TREE_05654,37.50396883,127.1140979,tree,100.0
TREE_05655,37.50402682,127.1141633,tree,100.0
TREE_05656,37.5040519,127.1141921,tree,100.0
TREE_05657,37.50408606,127.114227,tree,100.0
TREE_05658,37.51587703,127.1181131,tree,100.0
TREE_05659,37.50412874,127.1142751,tree,100.0
TREE_05660,37.51703515,127.0824667,tree,100.0
TREE_05661,37.50420051,127.1143532,tree,100.0
TREE_05662,37.50422954,127.1143837,tree,100.0
TREE_05663,37.50966052,127.1178239,tree,100.0
TREE_05664,37.50778882,127.1170392,tree,100.0
TREE_05665,37.50429052,127.1144529,tree,100.0
TREE_05666,37.5032741,127.0869214,tree,100.0
TREE_05667,37.52141839,127.1152885,tree,100.0
TREE_05668,37.50307905,127.0871534,tree,100.0
TREE_05669,37.49903257,127.0968141,tree,100.0
TREE_05670,37.5163408,127.0822377,tree,100.0
TREE_05671,37.50949219,127.1177826,tree,100.0
TREE_05672,37.51520046,127.1182712,tree,100.0
TREE_05673,37.50544425,127.0847443,tree,100.0
TREE_05674,37.51596242,127.1181217,tree,100.0
TREE_05675,37.51529384,127.1182598,tree,100.0
TREE_05676,37.51556701,127.1182096,tree,100.0
TREE_05677,37.5095383,127.1178124,tree,100.0
TREE_05678,37.504524015,127.114712779,tree,100.0
TREE_05679,37.52304073,127.1137215,tree,100.0
TREE_05680,37.51158784,127.0819415,tree,100.0
TREE_05681,37.51615938,127.0821682,tree,100.0
TREE_05682,37.51674737,127.0823325,tree,100.0
TREE_05683,37.49903959,127.0966187,tree,100.0
TREE_05684,37.50130963,127.110476,tree,100.0
TREE_05685,37.52134437,127.1153971,tree,100.0
TREE_05686,37.50433838,127.1145534,tree,100.0
TREE_05687,37.504478871,127.11468968,tree,100.0
TREE_05688,37.52147912,127.1152871,tree,100.0
TREE_05689,37.50547243,127.084686,tree,100.0
TREE_05690,37.50153363,127.1108888,tree,100.0
TREE_05691,37.51585776,127.1181778,tree,100.0
TREE_05692,37.50958073,127.1178537,tree,100.0
TREE_05693,37.50975058,127.1179142,tree,100.0
TREE_05694,37.50777435,127.1170951,tree,100.0
TREE_05695,37.51593928,127.1181697,tree,100.0
TREE_05696,37.50440578,127.1146427,tree,100.0
TREE_05697,37.50323336,127.086887,tree,100.0
TREE_05698,37.52173041,127.115091,tree,100.0
TREE_05699,37.51517305,127.1183286,tree,100.0
TREE_05700,37.50963796,127.1178922,tree,100.0
TREE_05701,37.51525809,127.1183244,tree,100.0
TREE_05702,37.49897986,127.0968092,tree,100.0
TREE_05703,37.49874247,127.0997336,tree,100.0
TREE_05704,37.52148382,127.1153275,tree,100.0
TREE_05705,37.50302727,127.0871059,tree,100.0
TREE_05706,37.50510617,127.0849379,tree,100.0
TREE_05707,37.5155431,127.1182859,tree,100.0
TREE_05708,37.52139809,127.1154176,tree,100.0
TREE_05709,37.50995023,127.1180156,tree,100.0
TREE_05710,37.49872447,127.0996569,tree,100.0
TREE_05711,37.52701315,127.1064098,tree,100.0
TREE_05712,37.50987995,127.1180058,tree,100.0
TREE_05713,37.51637751,127.0821504,tree,100.0
TREE_05714,37.49898492,127.0966091,tree,100.0
TREE_05715,37.49871384,127.099964,tree,100.0
TREE_05716,37.50751306,127.1170122,tree,100.0
TREE_05717,37.51524039,127.1183648,tree,100.0
TREE_05718,37.50773067,127.1171362,tree,100.0
TREE_05719,37.50125582,127.1105171,tree,100.0
TREE_05720,37.50546925,127.0846009,tree,100.0
TREE_05721,37.52154389,127.1153234,tree,100.0
TREE_05722,37.51583593,127.1182548,tree,100.0
TREE_05723,37.50319305,127.0868478,tree,100.0
TREE_05724,37.52498281,127.1111864,tree,100.0
TREE_05725,37.49870594,127.0995903,tree,100.0
TREE_05726,37.51591701,127.1182448,tree,100.0
TREE_05727,37.5151532,127.1183952,tree,100.0
TREE_05728,37.50971908,127.1179823,tree,100.0
TREE_05729,37.49869131,127.0998926,tree,100.0
TREE_05730,37.5218088,127.1151144,tree,100.0
TREE_05731,37.51157844,127.0818329,tree,100.0
TREE_05732,37.52153878,127.1153581,tree,100.0
TREE_05733,37.49892585,127.0968046,tree,100.0
TREE_05734,37.50435157,127.1147003,tree,100.0
TREE_05735,37.50773787,127.117177,tree,100.0
TREE_05736,37.51200937,127.0817628,tree,100.0
TREE_05737,37.51551442,127.1183577,tree,100.0
TREE_05738,37.51616289,127.0820443,tree,100.0
TREE_05739,37.51702834,127.082292,tree,100.0
TREE_05740,37.50979788,127.1180378,tree,100.0
TREE_05741,37.50297966,127.0870598,tree,100.0
TREE_05742,37.51675141,127.0822009,tree,100.0
TREE_05743,37.50427369,127.1146423,tree,100.0
TREE_05744,37.52144022,127.1154644,tree,100.0
TREE_05745,37.51581189,127.1183085,tree,100.0
TREE_05746,37.49866972,127.0998243,tree,100.0
TREE_05747,37.52301679,127.1139408,tree,100.0
TREE_05748,37.50514437,127.0848049,tree,100.0
TREE_05749,37.51520719,127.1184334,tree,100.0
TREE_05750,37.49893158,127.0966002,tree,100.0
TREE_05751,37.51589566,127.118302,tree,100.0
TREE_05752,37.50748621,127.1170747,tree,100.0
TREE_05753,37.51014574,127.1181615,tree,100.0
TREE_05754,37.5270635,127.1064732,tree,100.0
TREE_05755,37.52160115,127.1153575,tree,100.0
TREE_05756,37.51513823,127.1184573,tree,100.0
TREE_05757,37.50985431,127.1180849,tree,100.0
TREE_05758,37.49864811,127.0997558,tree,100.0
TREE_05759,37.50120043,127.1105535,tree,100.0
TREE_05760,37.50143692,127.1109794,tree,100.0
TREE_05761,37.50772174,127.1172196,tree,100.0
TREE_05762,37.52477476,127.1116519,tree,100.0
TREE_05763,37.5042518,127.1146754,tree,100.0
TREE_05764,37.52707459,127.106499,tree,100.0
TREE_05765,37.49887354,127.0968016,tree,100.0
TREE_05766,37.50769559,127.11722,tree,100.0
TREE_05767,37.50313468,127.0867976,tree,100.0
TREE_05768,37.51637219,127.0820388,tree,100.0
TREE_05769,37.52503974,127.1112389,tree,100.0
TREE_05770,37.50431463,127.1147554,tree,100.0
TREE_05771,37.52160191,127.1153935,tree,100.0
TREE_05772,37.50989349,127.118127,tree,100.0
TREE_05773,37.50516597,127.084729,tree,100.0
TREE_05774,37.51702699,127.0822284,tree,100.0
TREE_05775,37.51518458,127.1184881,tree,100.0
TREE_05776,37.51548454,127.1184355,tree,100.0
TREE_05777,37.52186856,127.1151674,tree,100.0
TREE_05778,37.5074708,127.1171185,tree,100.0
TREE_05779,37.49862368,127.0996784,tree,100.0
TREE_05780,37.50292947,127.0870248,tree,100.0
TREE_05781,37.51159194,127.0817403,tree,100.0
TREE_05782,37.50551471,127.084425,tree,100.0
TREE_05783,37.52150404,127.1155002,tree,100.0
TREE_05784,37.51587344,127.1183695,tree,100.0
TREE_05785,37.51005565,127.1182005,tree,100.0
TREE_05786,37.52165492,127.115389,tree,100.0
TREE_05787,37.4988698,127.0965925,tree,100.0
TREE_05788,37.5167567,127.0821033,tree,100.0
TREE_05789,37.51037742,127.118303,tree,100.0
TREE_05790,37.51617245,127.081939,tree,100.0
TREE_05791,37.51013179,127.1182383,tree,100.0
TREE_05792,37.5120117,127.0816422,tree,100.0
TREE_05793,37.52712064,127.1065472,tree,100.0
TREE_05794,37.51022594,127.1182813,tree,100.0
TREE_05795,37.51017519,127.1182699,tree,100.0
TREE_05796,37.52302114,127.1140817,tree,100.0
TREE_05797,37.50427939,127.1147988,tree,100.0
TREE_05798,37.52165324,127.1154253,tree,100.0
TREE_05799,37.51041199,127.1183364,tree,100.0
TREE_05800,37.49881487,127.0967957,tree,100.0
TREE_05801,37.50137351,127.1110154,tree,100.0
TREE_05802,37.52477738,127.1117771,tree,100.0
TREE_05803,37.50308341,127.0867546,tree,100.0
TREE_05804,37.50420887,127.1147398,tree,100.0
TREE_05805,37.5170318,127.0821569,tree,100.0
TREE_05806,37.50553477,127.0843457,tree,100.0
TREE_05807,37.51026929,127.1183081,tree,100.0
TREE_05808,37.50519473,127.0846185,tree,100.0
TREE_05809,37.50744618,127.117176,tree,100.0
TREE_05810,37.52154875,127.1155298,tree,100.0
TREE_05811,37.51633259,127.0819454,tree,100.0
TREE_05812,37.51545943,127.1185132,tree,100.0
TREE_05813,37.50113396,127.1106136,tree,100.0
TREE_05814,37.50768826,127.1173107,tree,100.0
TREE_05815,37.52169323,127.1154135,tree,100.0
TREE_05816,37.52194696,127.1151908,tree,100.0
TREE_05817,37.51032364,127.1183376,tree,100.0
TREE_05818,37.51046548,127.118373,tree,100.0
TREE_05819,37.5028773,127.0869817,tree,100.0
TREE_05820,37.51040492,127.1183654,tree,100.0
TREE_05821,37.52168359,127.1154399,tree,100.0
TREE_05822,37.52714108,127.1065959,tree,100.0
TREE_05823,37.51051555,127.118404,tree,100.0
TREE_05824,37.49881236,127.0965869,tree,100.0
TREE_05825,37.50554438,127.0842949,tree,100.0
TREE_05826,37.50521412,127.0845596,tree,100.0
TREE_05827,37.49854533,127.0994301,tree,100.0
TREE_05828,37.52302142,127.1141546,tree,100.0
TREE_05829,37.50425127,127.1148431,tree,100.0
TREE_05830,37.52172468,127.1154329,tree,100.0
TREE_05831,37.50133674,127.111054,tree,100.0
TREE_05832,37.51506965,127.1186261,tree,100.0
TREE_05833,37.51044297,127.1184072,tree,100.0
TREE_05834,37.51160287,127.0816221,tree,100.0
TREE_05835,37.52159347,127.1155594,tree,100.0
TREE_05836,37.52478155,127.1118767,tree,100.0
TREE_05837,37.49875896,127.0967935,tree,100.0
TREE_05838,37.50742449,127.1172304,tree,100.0
TREE_05839,37.52171629,127.1154597,tree,100.0
TREE_05840,37.52716761,127.106612,tree,100.0
TREE_05841,37.51703268,127.0820869,tree,100.0
TREE_05842,37.51543553,127.1185805,tree,100.0
TREE_05843,37.51061332,127.1184649,tree,100.0
TREE_05844,37.5251303,127.1113316,tree,100.0
TREE_05845,37.51047954,127.1184362,tree,100.0
TREE_05846,37.50764019,127.1173608,tree,100.0
TREE_05847,37.50522985,127.0844964,tree,100.0
TREE_05848,37.51066821,127.1184895,tree,100.0
TREE_05849,37.5055702,127.0842198,tree,100.0
TREE_05850,37.51617147,127.0818215,tree,100.0
TREE_05851,37.51674837,127.0819789,tree,100.0
TREE_05852,37.50108173,127.1106627,tree,100.0
TREE_05853,37.52201232,127.1152267,tree,100.0
TREE_05854,37.49876717,127.0965861,tree,100.0
TREE_05855,37.52162807,127.1155737,tree,100.0
TREE_05856,37.50282448,127.0869346,tree,100.0
TREE_05857,37.50422179,127.11488,tree,100.0
TREE_05858,37.51637621,127.0818585,tree,100.0
TREE_05859,37.51683517,127.0819897,tree,100.0
TREE_05860,37.52176941,127.1154596,tree,100.0
TREE_05861,37.51054044,127.1184791,tree,100.0
TREE_05862,37.5150529,127.1186845,tree,100.0
TREE_05863,37.52301829,127.1142455,tree,100.0
TREE_05864,37.52175877,127.115485,tree,100.0
TREE_05865,37.52478041,127.1119647,tree,100.0
TREE_05866,37.51077734,127.1185552,tree,100.0
TREE_05867,37.50525292,127.0844238,tree,100.0
TREE_05868,37.50559523,127.0841501,tree,100.0
TREE_05869,37.4987073,127.0967884,tree,100.0
TREE_05870,37.51062791,127.1185271,tree,100.0
TREE_05871,37.51540923,127.1186508,tree,100.0
TREE_05872,37.50420247,127.1149136,tree,100.0
TREE_05873,37.52478062,127.1120045,tree,100.0
TREE_05874,37.51068616,127.1185527,tree,100.0
TREE_05875,37.52721625,127.1066691,tree,100.0
TREE_05876,37.51568358,127.1186066,tree,100.0
TREE_05877,37.5108679,127.1185971,tree,100.0
TREE_05878,37.51071883,127.1185686,tree,100.0
TREE_05879,37.50739597,127.1173101,tree,100.0
TREE_05880,37.51074556,127.1185769,tree,100.0
TREE_05881,37.51575718,127.1186012,tree,100.0
TREE_05882,37.51198825,127.0814702,tree,100.0
TREE_05883,37.5230223,127.114302,tree,100.0
TREE_05884,37.52722086,127.1067002,tree,100.0
TREE_05885,37.51501145,127.1187394,tree,100.0
TREE_05886,37.52181972,127.1154895,tree,100.0
TREE_05887,37.51161907,127.0815109,tree,100.0
TREE_05888,37.5216792,127.1156114,tree,100.0
TREE_05889,37.50527045,127.084362,tree,100.0
TREE_05890,37.50275929,127.086921,tree,100.0
TREE_05891,37.49870697,127.0965835,tree,100.0
TREE_05892,37.51092579,127.1186316,tree,100.0
TREE_05893,37.50296741,127.086658,tree,100.0
TREE_05894,37.51617029,127.0817348,tree,100.0
TREE_05895,37.5151276,127.1187342,tree,100.0
TREE_05896,37.52519472,127.1113974,tree,100.0
TREE_05897,37.50103109,127.1107197,tree,100.0
TREE_05898,37.51098134,127.118657,tree,100.0
TREE_05899,37.50763087,127.1174697,tree,100.0
TREE_05900,37.50417841,127.1149464,tree,100.0
TREE_05901,37.52181624,127.1155208,tree,100.0
TREE_05902,37.52478068,127.1120766,tree,100.0
TREE_05903,37.50561564,127.0840628,tree,100.0
TREE_05904,37.52208786,127.1152794,tree,100.0
TREE_05905,37.49844089,127.0990992,tree,100.0
TREE_05906,37.515662,127.1186611,tree,100.0
TREE_05907,37.51104357,127.118682,tree,100.0
TREE_05908,37.51080704,127.1186358,tree,100.0
TREE_05909,37.51703558,127.0819518,tree,100.0
TREE_05910,37.51574384,127.118652,tree,100.0
TREE_05911,37.51538413,127.1187226,tree,100.0
TREE_05912,37.49864764,127.0967842,tree,100.0
TREE_05913,37.5217175,127.1156329,tree,100.0
TREE_05914,37.51086092,127.118664,tree,100.0
TREE_05915,37.52186399,127.1155144,tree,100.0
TREE_05916,37.52726377,127.1067282,tree,100.0
TREE_05917,37.50409454,127.1149079,tree,100.0
TREE_05918,37.51675126,127.0818388,tree,100.0
TREE_05919,37.51684598,127.0818623,tree,100.0
TREE_05920,37.50292567,127.086621,tree,100.0
TREE_05921,37.49865493,127.0965819,tree,100.0
TREE_05922,37.52185314,127.1155428,tree,100.0
TREE_05923,37.50415808,127.114987,tree,100.0
TREE_05924,37.51510022,127.1188008,tree,100.0
TREE_05925,37.49841161,127.0990064,tree,100.0
TREE_05926,37.5119984,127.0813927,tree,100.0
TREE_05927,37.51498898,127.1188199,tree,100.0
TREE_05928,37.50562134,127.0840021,tree,100.0
TREE_05929,37.51572456,127.1187004,tree,100.0
TREE_05930,37.50272521,127.0868521,tree,100.0
TREE_05931,37.5053068,127.084233,tree,100.0
TREE_05932,37.51565181,127.1187266,tree,100.0
TREE_05933,37.52175313,127.1156625,tree,100.0
TREE_05934,37.51094328,127.1187261,tree,100.0
TREE_05935,37.52190043,127.1155346,tree,100.0
TREE_05936,37.51703988,127.0818924,tree,100.0
TREE_05937,37.52525529,127.1114368,tree,100.0
TREE_05938,37.50407497,127.1149422,tree,100.0
TREE_05939,37.50735228,127.1174068,tree,100.0
TREE_05940,37.52477993,127.1121979,tree,100.0
TREE_05941,37.51617632,127.0816413,tree,100.0
TREE_05942,37.51535784,127.1187944,tree,100.0
TREE_05943,37.49859544,127.0967808,tree,100.0
TREE_05944,37.50757272,127.1175318,tree,100.0
TREE_05945,37.50413639,127.1150202,tree,100.0
TREE_05946,37.50760345,127.1175548,tree,100.0
TREE_05947,37.52216065,127.1153199,tree,100.0
TREE_05948,37.51161057,127.0813962,tree,100.0
TREE_05949,37.51100625,127.1187635,tree,100.0
TREE_05950,37.5056353,127.083938,tree,100.0
TREE_05951,37.49837699,127.0988967,tree,100.0
TREE_05952,37.52189852,127.1155683,tree,100.0
TREE_05953,37.51499904,127.1188699,tree,100.0
TREE_05954,37.52730173,127.1067903,tree,100.0
TREE_05955,37.51674989,127.0817723,tree,100.0
TREE_05956,37.51507738,127.1188607,tree,100.0
TREE_05957,37.50095354,127.110783,tree,100.0
TREE_05958,37.50532611,127.0841652,tree,100.0
TREE_05959,37.51107424,127.11879,tree,100.0
TREE_05960,37.49860175,127.0965832,tree,100.0
TREE_05961,37.52301776,127.1144983,tree,100.0
TREE_05962,37.51124302,127.1188305,tree,100.0
TREE_05963,37.51704872,127.0818442,tree,100.0
TREE_05964,37.51561852,127.1187924,tree,100.0
TREE_05965,37.52732428,127.1067979,tree,100.0
TREE_05966,37.52478356,127.1122774,tree,100.0
TREE_05967,37.52194451,127.11557,tree,100.0
TREE_05968,37.50411199,127.1150554,tree,100.0
TREE_05969,37.51570288,127.1187842,tree,100.0
TREE_05970,37.50564661,127.0838832,tree,100.0
TREE_05971,37.52180515,127.1156975,tree,100.0
TREE_05972,37.50754878,127.1175808,tree,100.0
TREE_05973,37.51129284,127.1188629,tree,100.0
TREE_05974,37.50264856,127.0868282,tree,100.0
TREE_05975,37.50732676,127.1174699,tree,100.0
TREE_05976,37.49854132,127.0967785,tree,100.0
TREE_05977,37.51133674,127.1188802,tree,100.0
TREE_05978,37.52530263,127.1114887,tree,100.0
TREE_05979,37.50534651,127.0840945,tree,100.0
TREE_05980,37.50115344,127.1112288,tree,100.0
TREE_05981,37.51533153,127.1188737,tree,100.0
TREE_05982,37.51684556,127.0817435,tree,100.0
TREE_05983,37.51617898,127.0815526,tree,100.0
TREE_05984,37.50410081,127.1150829,tree,100.0
TREE_05985,37.52195376,127.1156027,tree,100.0
TREE_05986,37.51506012,127.1189276,tree,100.0
TREE_05987,37.51705758,127.0817989,tree,100.0
TREE_05988,37.5222167,127.1153707,tree,100.0
TREE_05989,37.50566219,127.0838279,tree,100.0
TREE_05990,37.50264823,127.0867834,tree,100.0
TREE_05991,37.49834123,127.0984333,tree,100.0
TREE_05992,37.50402324,127.1150217,tree,100.0
TREE_05993,37.51497402,127.1189547,tree,100.0
TREE_05994,37.5112286,127.118892,tree,100.0
TREE_05995,37.49854335,127.0965794,tree,100.0
TREE_05996,37.50757502,127.1176468,tree,100.0
TREE_05997,37.51138243,127.1189255,tree,100.0
TREE_05998,37.50282496,127.0865377,tree,100.0
TREE_05999,37.50536433,127.0840296,tree,100.0
TREE_06000,37.5156802,127.1188522,tree,100.0
TREE_06001,37.50730671,127.1175176,tree,100.0
TREE_06002,37.52736228,127.1068762,tree,100.0
TREE_06003,37.50089024,127.1108352,tree,100.0
TREE_06004,37.52199351,127.1156098,tree,100.0
TREE_06005,37.52737067,127.1068564,tree,100.0
TREE_06006,37.52187252,127.1157224,tree,100.0
TREE_06007,37.51559886,127.1188767,tree,100.0
TREE_06008,37.50407031,127.1151099,tree,100.0
TREE_06009,37.51128223,127.1189316,tree,100.0
TREE_06010,37.49848841,127.0967724,tree,100.0
TREE_06011,37.50400366,127.1150545,tree,100.0
TREE_06012,37.50752243,127.1176547,tree,100.0
TREE_06013,37.52478194,127.1124163,tree,100.0
TREE_06014,37.5150428,127.1189836,tree,100.0
TREE_06015,37.51530643,127.1189439,tree,100.0
TREE_06016,37.51144532,127.1189723,tree,100.0
TREE_06017,37.5053741,127.0839872,tree,100.0
TREE_06018,37.50568246,127.0837526,tree,100.0
TREE_06019,37.51132179,127.1189543,tree,100.0
TREE_06020,37.51706128,127.0817324,tree,100.0
TREE_06021,37.51135135,127.1189662,tree,100.0
TREE_06022,37.5220021,127.1156437,tree,100.0
TREE_06023,37.52535659,127.1115417,tree,100.0
TREE_06024,37.51684976,127.0816572,tree,100.0
TREE_06025,37.52228302,127.1153968,tree,100.0
TREE_06026,37.51494548,127.119022,tree,100.0
TREE_06027,37.52301506,127.1146704,tree,100.0
TREE_06028,37.50260124,127.086741,tree,100.0
TREE_06029,37.50729139,127.1175614,tree,100.0
TREE_06030,37.50404931,127.1151384,tree,100.0
TREE_06031,37.50754944,127.1177063,tree,100.0
TREE_06032,37.50571893,127.0836885,tree,100.0
TREE_06033,37.51618182,127.0814569,tree,100.0
TREE_06034,37.51199445,127.0811796,tree,100.0
TREE_06035,37.50278203,127.0864952,tree,100.0
TREE_06036,37.51489873,127.1190463,tree,100.0
TREE_06037,37.51566162,127.1189228,tree,100.0
TREE_06038,37.51557109,127.1189476,tree,100.0
TREE_06039,37.52204408,127.115652,tree,100.0
TREE_06040,37.51140457,127.119013,tree,100.0
TREE_06041,37.51160579,127.0812126,tree,100.0
TREE_06042,37.49825448,127.0985086,tree,100.0
TREE_06043,37.50539509,127.0839009,tree,100.0
TREE_06044,37.51144098,127.1190319,tree,100.0
TREE_06045,37.51675373,127.0815828,tree,100.0
TREE_06046,37.52742271,127.1069198,tree,100.0
TREE_06047,37.51706334,127.0816758,tree,100.0
TREE_06048,37.52194453,127.1157609,tree,100.0
TREE_06049,37.52478037,127.112526,tree,100.0
TREE_06050,37.5223345,127.1154137,tree,100.0
TREE_06051,37.51162594,127.1190741,tree,100.0
TREE_06052,37.50749251,127.1177265,tree,100.0
TREE_06053,37.51527893,127.1190292,tree,100.0
TREE_06054,37.49826046,127.0981747,tree,100.0
TREE_06055,37.5072727,127.1176127,tree,100.0
TREE_06056,37.50402118,127.1151827,tree,100.0
TREE_06057,37.52539788,127.1115898,tree,100.0
TREE_06058,37.50572051,127.0836269,tree,100.0
TREE_06059,37.50752885,127.1177559,tree,100.0
TREE_06060,37.5220625,127.1156872,tree,100.0
TREE_06061,37.50255438,127.0867035,tree,100.0
TREE_06062,37.50541646,127.083847,tree,100.0
TREE_06063,37.50274212,127.0864659,tree,100.0
TREE_06064,37.51564015,127.1189809,tree,100.0
TREE_06065,37.51554801,127.1189998,tree,100.0
TREE_06066,37.50081902,127.1109191,tree,100.0
TREE_06067,37.50748482,127.117748,tree,100.0
TREE_06068,37.5274392,127.1069685,tree,100.0
TREE_06069,37.52197198,127.1157879,tree,100.0
TREE_06070,37.51706543,127.081632,tree,100.0
TREE_06071,37.51199859,127.0811051,tree,100.0
TREE_06072,37.49824157,127.09811,tree,100.0
TREE_06073,37.52246353,127.1153448,tree,100.0
TREE_06074,37.51171207,127.1191264,tree,100.0
TREE_06075,37.50574374,127.0835728,tree,100.0
TREE_06076,37.52249064,127.115328,tree,100.0
TREE_06077,37.5040022,127.1152139,tree,100.0
TREE_06078,37.51488847,127.1191368,tree,100.0
TREE_06079,37.51157782,127.1191175,tree,100.0
TREE_06080,37.50543176,127.0837901,tree,100.0
TREE_06081,37.52478094,127.1126339,tree,100.0
TREE_06082,37.49822083,127.0980426,tree,100.0
TREE_06083,37.5225799,127.1152736,tree,100.0
TREE_06084,37.51525502,127.1191025,tree,100.0
TREE_06085,37.51162249,127.1191446,tree,100.0
TREE_06086,37.50751029,127.117812,tree,100.0
TREE_06087,37.52747587,127.1069825,tree,100.0
TREE_06088,37.5155276,127.1190583,tree,100.0
TREE_06089,37.51686393,127.0815228,tree,100.0
TREE_06090,37.51562195,127.1190458,tree,100.0
TREE_06091,37.51707035,127.0815867,tree,100.0
TREE_06092,37.51676129,127.0814894,tree,100.0
TREE_06093,37.5254447,127.1116281,tree,100.0
TREE_06094,37.52300022,127.1148622,tree,100.0
TREE_06095,37.5072437,127.1176802,tree,100.0
TREE_06096,37.5026968,127.0864275,tree,100.0
TREE_06097,37.5226391,127.1152365,tree,100.0
TREE_06098,37.51166588,127.1191691,tree,100.0
TREE_06099,37.50397814,127.1152467,tree,100.0
TREE_06100,37.52212356,127.1157296,tree,100.0
TREE_06101,37.52202938,127.1158155,tree,100.0
TREE_06102,37.50745573,127.1178175,tree,100.0
TREE_06103,37.51180278,127.1192007,tree,100.0
TREE_06104,37.52268816,127.1152089,tree,100.0
TREE_06105,37.52478046,127.112705,tree,100.0
TREE_06106,37.51488605,127.1191977,tree,100.0
TREE_06107,37.51200808,127.0810263,tree,100.0
TREE_06108,37.51551644,127.1191015,tree,100.0
TREE_06109,37.52273536,127.1151791,tree,100.0
TREE_06110,37.52297667,127.1149374,tree,100.0
TREE_06111,37.50749664,127.1178626,tree,100.0
TREE_06112,37.52749753,127.107058,tree,100.0
TREE_06113,37.51185891,127.1192328,tree,100.0
TREE_06114,37.50074305,127.110965,tree,100.0
TREE_06115,37.51707242,127.081535,tree,100.0
TREE_06116,37.52205587,127.1158362,tree,100.0
TREE_06117,37.52279817,127.1151438,tree,100.0
TREE_06118,37.50265725,127.0863935,tree,100.0
TREE_06119,37.52477695,127.1127697,tree,100.0
TREE_06120,37.50546976,127.0836551,tree,100.0
TREE_06121,37.50577667,127.0834287,tree,100.0
TREE_06122,37.51161864,127.0810379,tree,100.0
TREE_06123,37.51560127,127.1191196,tree,100.0
TREE_06124,37.52291073,127.115043,tree,100.0
TREE_06125,37.50394934,127.1152958,tree,100.0
TREE_06126,37.50721942,127.1177439,tree,100.0
TREE_06127,37.52285831,127.1151002,tree,100.0
TREE_06128,37.51182574,127.1192565,tree,100.0
TREE_06129,37.52753127,127.1070402,tree,100.0
TREE_06130,37.51494701,127.1192424,tree,100.0
TREE_06131,37.52549808,127.1116782,tree,100.0
TREE_06132,37.51520961,127.1192102,tree,100.0
TREE_06133,37.52209144,127.1158568,tree,100.0
TREE_06134,37.51485918,127.119266,tree,100.0
TREE_06135,37.51677108,127.0813931,tree,100.0
TREE_06136,37.51548991,127.1191704,tree,100.0
TREE_06137,37.51619545,127.0812361,tree,100.0
TREE_06138,37.51707729,127.0814798,tree,100.0
TREE_06139,37.52478025,127.1128273,tree,100.0
TREE_06140,37.50243824,127.0866042,tree,100.0
TREE_06141,37.51686464,127.0814053,tree,100.0
TREE_06142,37.51200073,127.119315,tree,100.0
TREE_06143,37.5054891,127.0835856,tree,100.0
TREE_06144,37.5074207,127.1178987,tree,100.0
TREE_06145,37.5118788,127.1193025,tree,100.0
TREE_06146,37.49814084,127.097797,tree,100.0
TREE_06147,37.51201205,127.0809393,tree,100.0
TREE_06148,37.51546403,127.1192082,tree,100.0
TREE_06149,37.51491934,127.1192947,tree,100.0
TREE_06150,37.50719669,127.1178008,tree,100.0
TREE_06151,37.51484296,127.119315,tree,100.0
TREE_06152,37.51557494,127.1192034,tree,100.0
TREE_06153,37.52756368,127.1071298,tree,100.0
TREE_06154,37.5247804,127.1128962,tree,100.0
TREE_06155,37.49811794,127.0977281,tree,100.0
TREE_06156,37.50550718,127.0835243,tree,100.0
TREE_06157,37.51708048,127.0814268,tree,100.0
TREE_06158,37.52758384,127.1070929,tree,100.0
TREE_06159,37.51677648,127.0813252,tree,100.0
TREE_06160,37.51197996,127.1193662,tree,100.0
TREE_06161,37.50089514,127.1114445,tree,100.0
TREE_06162,37.52555074,127.1117308,tree,100.0
TREE_06163,37.51211109,127.1193867,tree,100.0
TREE_06164,37.50382901,127.1153079,tree,100.0
TREE_06165,37.50239275,127.0865668,tree,100.0
TREE_06166,37.51687681,127.0813402,tree,100.0
TREE_06167,37.50739819,127.1179618,tree,100.0
TREE_06168,37.50065759,127.111052,tree,100.0
TREE_06169,37.51555262,127.1192492,tree,100.0
TREE_06170,37.49807225,127.0979311,tree,100.0
TREE_06171,37.49809579,127.0976544,tree,100.0
TREE_06172,37.50552716,127.0834593,tree,100.0
TREE_06173,37.51620004,127.0811344,tree,100.0
TREE_06174,37.51160667,127.0809038,tree,100.0
TREE_06175,37.51217683,127.1194218,tree,100.0
TREE_06176,37.50388156,127.1153974,tree,100.0
TREE_06177,37.51677633,127.0812828,tree,100.0
TREE_06178,37.51544885,127.1192878,tree,100.0
TREE_06179,37.52478115,127.1129774,tree,100.0
TREE_06180,37.5119969,127.0808473,tree,100.0
TREE_06181,37.51481521,127.1193888,tree,100.0
TREE_06182,37.51489242,127.1193808,tree,100.0
TREE_06183,37.51221992,127.1194393,tree,100.0
TREE_06184,37.49807952,127.0976006,tree,100.0
TREE_06185,37.51708475,127.0813603,tree,100.0
TREE_06186,37.49817824,127.09675,tree,100.0
TREE_06187,37.50716388,127.1178801,tree,100.0
TREE_06188,37.52761513,127.1071862,tree,100.0
TREE_06189,37.50737986,127.1180108,tree,100.0
TREE_06190,37.49803987,127.0978286,tree,100.0
TREE_06191,37.52478016,127.113033,tree,100.0
TREE_06192,37.51552412,127.1193115,tree,100.0
TREE_06193,37.50234714,127.0865293,tree,100.0
TREE_06194,37.51687205,127.0812709,tree,100.0
TREE_06195,37.51677617,127.0812375,tree,100.0
TREE_06196,37.52764375,127.1071521,tree,100.0
TREE_06197,37.49805894,127.0975311,tree,100.0
TREE_06198,37.50385398,127.1154317,tree,100.0
TREE_06199,37.50379157,127.1153729,tree,100.0
TREE_06200,37.51542539,127.1193561,tree,100.0
TREE_06201,37.50082377,127.1114984,tree,100.0
TREE_06202,37.51488045,127.1194469,tree,100.0
TREE_06203,37.51479209,127.1194579,tree,100.0
TREE_06204,37.49801642,127.0977543,tree,100.0
TREE_06205,37.5123306,127.1195124,tree,100.0
TREE_06206,37.5247788,127.1130935,tree,100.0
TREE_06207,37.51217488,127.119501,tree,100.0
TREE_06208,37.49803833,127.0974676,tree,100.0
TREE_06209,37.51550529,127.1193604,tree,100.0
TREE_06210,37.50555987,127.083329,tree,100.0
TREE_06211,37.51201446,127.0807629,tree,100.0
TREE_06212,37.50383382,127.1154621,tree,100.0
TREE_06213,37.51621038,127.0810415,tree,100.0
TREE_06214,37.50377196,127.1154028,tree,100.0
TREE_06215,37.51708787,127.081286,tree,100.0
TREE_06216,37.52563469,127.1118021,tree,100.0
TREE_06217,37.51677711,127.0811866,tree,100.0
TREE_06218,37.52766492,127.1072326,tree,100.0
TREE_06219,37.51222149,127.1195355,tree,100.0
TREE_06220,37.49810486,127.0967435,tree,100.0
TREE_06221,37.49801842,127.0974035,tree,100.0
TREE_06222,37.51512831,127.1194569,tree,100.0
TREE_06223,37.51162467,127.0807803,tree,100.0
TREE_06224,37.50712964,127.1179691,tree,100.0
TREE_06225,37.51540725,127.119419,tree,100.0
TREE_06226,37.50381538,127.1154928,tree,100.0
TREE_06227,37.5037515,127.1154344,tree,100.0
TREE_06228,37.51486541,127.1195079,tree,100.0
TREE_06229,37.50055789,127.1111359,tree,100.0
TREE_06230,37.51480517,127.1195162,tree,100.0
TREE_06231,37.52264346,127.115651,tree,100.0
TREE_06232,37.52478247,127.113173,tree,100.0
TREE_06233,37.52263634,127.1156584,tree,100.0
TREE_06234,37.52770085,127.1072126,tree,100.0
TREE_06235,37.49811217,127.0965536,tree,100.0
TREE_06236,37.51687846,127.0811719,tree,100.0
TREE_06237,37.500786,127.1115593,tree,100.0
TREE_06238,37.51548346,127.1194251,tree,100.0
TREE_06239,37.51233466,127.1195851,tree,100.0
TREE_06240,37.51677804,127.08113,tree,100.0
TREE_06241,37.49799882,127.0973383,tree,100.0
TREE_06242,37.51709553,127.0812216,tree,100.0
TREE_06243,37.51228738,127.1195914,tree,100.0
TREE_06244,37.51244598,127.1196027,tree,100.0
TREE_06245,37.52770332,127.107272,tree,100.0
TREE_06246,37.51200899,127.0806902,tree,100.0
TREE_06247,37.50379743,127.1155201,tree,100.0
TREE_06248,37.50560051,127.0832004,tree,100.0
TREE_06249,37.51483699,127.1195589,tree,100.0
TREE_06250,37.51249126,127.1196317,tree,100.0
TREE_06251,37.49797747,127.0972735,tree,100.0
TREE_06252,37.51621546,127.0809426,tree,100.0
TREE_06253,37.49794612,127.0975315,tree,100.0
TREE_06254,37.50372136,127.11548,tree,100.0
TREE_06255,37.5154604,127.1194763,tree,100.0
TREE_06256,37.5247728,127.1132734,tree,100.0
TREE_06257,37.52569708,127.1118701,tree,100.0
TREE_06258,37.52236658,127.1159853,tree,100.0
TREE_06259,37.52269316,127.1156812,tree,100.0
TREE_06260,37.51539431,127.1194947,tree,100.0
TREE_06261,37.52269589,127.1156818,tree,100.0
TREE_06262,37.49802938,127.0967864,tree,100.0
TREE_06263,37.51474871,127.1195946,tree,100.0
TREE_06264,37.50074354,127.1115947,tree,100.0
TREE_06265,37.50733816,127.1181751,tree,100.0
TREE_06266,37.5125287,127.1196597,tree,100.0
TREE_06267,37.50377457,127.1155572,tree,100.0
TREE_06268,37.49793197,127.0974867,tree,100.0
TREE_06269,37.51710152,127.0811621,tree,100.0
TREE_06270,37.4980494,127.0965498,tree,100.0
TREE_06271,37.52775512,127.1072689,tree,100.0
TREE_06272,37.50241352,127.0861886,tree,100.0
TREE_06273,37.52246877,127.1159232,tree,100.0
TREE_06274,37.49795438,127.0972003,tree,100.0
TREE_06275,37.50562365,127.0831159,tree,100.0
TREE_06276,37.51163375,127.0806638,tree,100.0
TREE_06277,37.51543432,127.1195231,tree,100.0
TREE_06278,37.51677661,127.0810451,tree,100.0
TREE_06279,37.5277491,127.1073248,tree,100.0
TREE_06280,37.50598143,127.0828576,tree,100.0
TREE_06281,37.49798887,127.0968468,tree,100.0
TREE_06282,37.51251845,127.1196911,tree,100.0
TREE_06283,37.52273391,127.1157026,tree,100.0
TREE_06284,37.51507692,127.119593,tree,100.0
TREE_06285,37.51689273,127.0810657,tree,100.0
TREE_06286,37.5126104,127.1197026,tree,100.0
TREE_06287,37.49791074,127.0974194,tree,100.0
TREE_06288,37.50729844,127.1182022,tree,100.0
TREE_06289,37.51200874,127.0806002,tree,100.0
TREE_06290,37.5147385,127.1196477,tree,100.0
TREE_06291,37.50374949,127.1155975,tree,100.0
TREE_06292,37.51537462,127.1195643,tree,100.0
TREE_06293,37.49793225,127.0971294,tree,100.0
TREE_06294,37.51156914,127.0806404,tree,100.0
TREE_06295,37.52250657,127.1159487,tree,100.0
TREE_06296,37.49795518,127.0968993,tree,100.0
TREE_06297,37.52273713,127.1157346,tree,100.0
TREE_06298,37.52477477,127.1133906,tree,100.0
TREE_06299,37.50731572,127.1182453,tree,100.0
TREE_06300,37.50706963,127.1181151,tree,100.0
TREE_06301,37.5006935,127.1116435,tree,100.0
TREE_06302,37.52244317,127.1160283,tree,100.0
TREE_06303,37.51472583,127.1196868,tree,100.0
TREE_06304,37.50236691,127.0861449,tree,100.0
TREE_06305,37.51622933,127.0808379,tree,100.0
TREE_06306,37.50599649,127.0827832,tree,100.0
TREE_06307,37.50217822,127.0863818,tree,100.0
TREE_06308,37.4979868,127.0965456,tree,100.0
TREE_06309,37.52277578,127.1157255,tree,100.0
TREE_06310,37.49791161,127.0970677,tree,100.0
TREE_06311,37.527806,127.1073224,tree,100.0
TREE_06312,37.50372294,127.1156235,tree,100.0
TREE_06313,37.51541502,127.1195977,tree,100.0
TREE_06314,37.50727925,127.1182512,tree,100.0
TREE_06315,37.49792166,127.0969561,tree,100.0
TREE_06316,37.49787738,127.0973137,tree,100.0
TREE_06317,37.51536156,127.1196131,tree,100.0
TREE_06318,37.51710794,127.0810673,tree,100.0
TREE_06319,37.516791,127.0809715,tree,100.0
TREE_06320,37.5278062,127.1073733,tree,100.0
TREE_06321,37.52577712,127.1119403,tree,100.0
TREE_06322,37.51504465,127.1196753,tree,100.0
TREE_06323,37.50729981,127.1182825,tree,100.0
TREE_06324,37.51477557,127.1197193,tree,100.0
TREE_06325,37.50364742,127.1155889,tree,100.0
TREE_06326,37.52279685,127.1157528,tree,100.0
TREE_06327,37.50043445,127.1112641,tree,100.0
TREE_06328,37.50370696,127.1156493,tree,100.0
TREE_06329,37.52255845,127.1159812,tree,100.0
TREE_06330,37.51283177,127.1198059,tree,100.0
TREE_06331,37.50726675,127.1182862,tree,100.0
TREE_06332,37.51157612,127.0805573,tree,100.0
TREE_06333,37.50601037,127.0827145,tree,100.0
TREE_06334,37.51164067,127.0805463,tree,100.0
TREE_06335,37.52282436,127.1157543,tree,100.0
TREE_06336,37.51540268,127.1196582,tree,100.0
TREE_06337,37.51689682,127.0809469,tree,100.0
TREE_06338,37.49793286,127.09654,tree,100.0
TREE_06339,37.51287203,127.1198349,tree,100.0
TREE_06340,37.50212666,127.0863378,tree,100.0
TREE_06341,37.50231252,127.0861006,tree,100.0
TREE_06342,37.5146862,127.1197716,tree,100.0
TREE_06343,37.50568296,127.0829079,tree,100.0
TREE_06344,37.51678398,127.0808994,tree,100.0
TREE_06345,37.50368287,127.1156827,tree,100.0
TREE_06346,37.51710655,127.0809938,tree,100.0
TREE_06347,37.52252699,127.1160676,tree,100.0
TREE_06348,37.5278625,127.107373,tree,100.0
TREE_06349,37.50727741,127.1183381,tree,100.0
TREE_06350,37.51622417,127.0807366,tree,100.0
TREE_06351,37.52261054,127.1160107,tree,100.0
TREE_06352,37.51156692,127.0805042,tree,100.0
TREE_06353,37.52285247,127.1157877,tree,100.0
TREE_06354,37.50603287,127.0826343,tree,100.0
TREE_06355,37.5127948,127.1198723,tree,100.0
TREE_06356,37.51291785,127.1198766,tree,100.0
TREE_06357,37.52786384,127.1074324,tree,100.0
TREE_06358,37.51472936,127.1198025,tree,100.0
TREE_06359,37.50366836,127.1157105,tree,100.0
TREE_06360,37.51202785,127.0804367,tree,100.0
TREE_06361,37.50360794,127.1156521,tree,100.0
TREE_06362,37.51163934,127.0804811,tree,100.0
TREE_06363,37.50570124,127.0828449,tree,100.0
TREE_06364,37.52583821,127.1120079,tree,100.0
TREE_06365,37.52288108,127.1157909,tree,100.0
TREE_06366,37.51285347,127.1198955,tree,100.0
TREE_06367,37.49787969,127.0965369,tree,100.0
TREE_06368,37.5072602,127.1183767,tree,100.0
TREE_06369,37.50365312,127.1157311,tree,100.0
TREE_06370,37.51711422,127.0809329,tree,100.0
TREE_06371,37.50207459,127.0862945,tree,100.0
TREE_06372,37.50605575,127.0825684,tree,100.0
TREE_06373,37.50225984,127.0860546,tree,100.0
TREE_06374,37.49779133,127.0970411,tree,100.0
TREE_06375,37.52257096,127.116118,tree,100.0
TREE_06376,37.50571781,127.0827895,tree,100.0
TREE_06377,37.51462684,127.1198636,tree,100.0
TREE_06378,37.51289484,127.1199282,tree,100.0
TREE_06379,37.52791789,127.1074279,tree,100.0
TREE_06380,37.51679603,127.0808032,tree,100.0
TREE_06381,37.5120146,127.0803739,tree,100.0
TREE_06382,37.5115762,127.080428,tree,100.0
TREE_06383,37.51499067,127.1198382,tree,100.0
TREE_06384,37.51469885,127.1198812,tree,100.0
TREE_06385,37.51624362,127.0806477,tree,100.0
TREE_06386,37.52267786,127.1160553,tree,100.0
TREE_06387,37.52293074,127.1158175,tree,100.0
TREE_06388,37.50363123,127.1157736,tree,100.0
TREE_06389,37.52293594,127.1158217,tree,100.0
TREE_06390,37.5116514,127.0803983,tree,100.0
TREE_06391,37.49782146,127.0965326,tree,100.0
TREE_06392,37.50607529,127.0824965,tree,100.0
TREE_06393,37.51306234,127.1199799,tree,100.0
TREE_06394,37.52792716,127.1075071,tree,100.0
TREE_06395,37.50355876,127.1157265,tree,100.0
TREE_06396,37.52262475,127.1161476,tree,100.0
TREE_06397,37.49775298,127.0969196,tree,100.0
TREE_06398,37.51711506,127.0808509,tree,100.0
TREE_06399,37.51497345,127.1198896,tree,100.0
TREE_06400,37.51310454,127.1200036,tree,100.0
TREE_06401,37.50220645,127.0860119,tree,100.0
TREE_06402,37.50360763,127.1158036,tree,100.0
TREE_06403,37.51467699,127.1199339,tree,100.0
TREE_06404,37.51639876,127.080634,tree,100.0
TREE_06405,37.51302954,127.120009,tree,100.0
TREE_06406,37.52591581,127.1120718,tree,100.0
TREE_06407,37.50201243,127.0862435,tree,100.0
TREE_06408,37.52297828,127.1158461,tree,100.0
TREE_06409,37.51159011,127.0803495,tree,100.0
TREE_06410,37.52797383,127.1074771,tree,100.0
TREE_06411,37.522736,127.11609,tree,100.0
TREE_06412,37.50353205,127.115768,tree,100.0
TREE_06413,37.52265316,127.1161809,tree,100.0
TREE_06414,37.5130996,127.1200415,tree,100.0
TREE_06415,37.50607472,127.0824233,tree,100.0
TREE_06416,37.51624404,127.0805622,tree,100.0
TREE_06417,37.49776852,127.0965269,tree,100.0
TREE_06418,37.51680245,127.0807069,tree,100.0
TREE_06419,37.51165224,127.0803182,tree,100.0
TREE_06420,37.51691522,127.0807346,tree,100.0
TREE_06421,37.52300027,127.1158612,tree,100.0
TREE_06422,37.50576525,127.0826214,tree,100.0
TREE_06423,37.50358354,127.115837,tree,100.0
TREE_06424,37.51320142,127.1200534,tree,100.0
TREE_06425,37.5279724,127.1075542,tree,100.0
TREE_06426,37.51495051,127.1199506,tree,100.0
TREE_06427,37.51523293,127.1199181,tree,100.0
TREE_06428,37.5146735,127.1199939,tree,100.0
TREE_06429,37.51529633,127.1199141,tree,100.0
TREE_06430,37.49884301,127.0920336,tree,100.0
TREE_06431,37.49879886,127.0921586,tree,100.0
TREE_06432,37.50608619,127.082375,tree,100.0
TREE_06433,37.51712828,127.0807674,tree,100.0
TREE_06434,37.50215582,127.0859664,tree,100.0
TREE_06435,37.523026,127.1158771,tree,100.0
TREE_06436,37.49894583,127.0917261,tree,100.0
TREE_06437,37.49898701,127.0916137,tree,100.0
TREE_06438,37.51158322,127.0802871,tree,100.0
TREE_06439,37.4990605,127.0914063,tree,100.0
TREE_06440,37.49900881,127.0915408,tree,100.0
TREE_06441,37.50578385,127.0825593,tree,100.0
TREE_06442,37.4987483,127.0922652,tree,100.0
TREE_06443,37.4987707,127.0921963,tree,100.0
TREE_06444,37.49876515,127.0922141,tree,100.0
TREE_06445,37.4990354,127.0914641,tree,100.0
TREE_06446,37.49873121,127.0923112,tree,100.0
TREE_06447,37.50716889,127.1185364,tree,100.0
TREE_06448,37.49867161,127.0924821,tree,100.0
TREE_06449,37.49865207,127.0925417,tree,100.0
TREE_06450,37.49907928,127.0913431,tree,100.0
TREE_06451,37.49860899,127.092672,tree,100.0
TREE_06452,37.49912368,127.0912256,tree,100.0
TREE_06453,37.49862787,127.0926123,tree,100.0
TREE_06454,37.52279302,127.116124,tree,100.0
TREE_06455,37.51165966,127.0802643,tree,100.0
TREE_06456,37.51639201,127.0805387,tree,100.0
TREE_06457,37.50355552,127.1158733,tree,100.0
TREE_06458,37.49909608,127.0912901,tree,100.0
TREE_06459,37.4991459,127.0911532,tree,100.0
TREE_06460,37.49854661,127.0928458,tree,100.0
TREE_06461,37.52271329,127.1162095,tree,100.0
TREE_06462,37.49771235,127.0965226,tree,100.0
TREE_06463,37.49849633,127.0929948,tree,100.0
TREE_06464,37.52803203,127.1075313,tree,100.0
TREE_06465,37.4984755,127.093057,tree,100.0
TREE_06466,37.5149266,127.120014,tree,100.0
TREE_06467,37.49843406,127.0931862,tree,100.0
TREE_06468,37.49845249,127.0931193,tree,100.0
TREE_06469,37.49920931,127.0909604,tree,100.0
TREE_06470,37.49840895,127.0932516,tree,100.0
TREE_06471,37.51330895,127.12013,tree,100.0
TREE_06472,37.51528491,127.1199747,tree,100.0
TREE_06473,37.51324006,127.1201327,tree,100.0
TREE_06474,37.49838693,127.0933128,tree,100.0
TREE_06475,37.51204531,127.0801874,tree,100.0
TREE_06476,37.51459355,127.1200681,tree,100.0
TREE_06477,37.49836489,127.0933831,tree,100.0
TREE_06478,37.51521277,127.119993,tree,100.0
TREE_06479,37.49924648,127.0908417,tree,100.0
TREE_06480,37.52306979,127.1159049,tree,100.0
TREE_06481,37.52802892,127.1076112,tree,100.0
TREE_06482,37.49832259,127.09351,tree,100.0
TREE_06483,37.51712803,127.080698,tree,100.0
TREE_06484,37.51681222,127.0806022,tree,100.0
TREE_06485,37.51463438,127.1200797,tree,100.0
TREE_06486,37.49829689,127.0935809,tree,100.0
TREE_06487,37.52308427,127.115907,tree,100.0
TREE_06488,37.52283551,127.1161493,tree,100.0
TREE_06489,37.50192103,127.0861636,tree,100.0
TREE_06490,37.49827828,127.0936365,tree,100.0
TREE_06491,37.51329099,127.1201564,tree,100.0
TREE_06492,37.52275159,127.116231,tree,100.0
TREE_06493,37.50210627,127.0859222,tree,100.0
TREE_06494,37.51692044,127.0806186,tree,100.0
TREE_06495,37.5163887,127.0804731,tree,100.0
TREE_06496,37.51624755,127.0804384,tree,100.0
TREE_06497,37.50352233,127.1159212,tree,100.0
TREE_06498,37.49823456,127.0937575,tree,100.0
TREE_06499,37.49937094,127.0904828,tree,100.0
TREE_06500,37.49939979,127.0904076,tree,100.0
TREE_06501,37.49821301,127.0938166,tree,100.0
TREE_06502,37.49942293,127.0903433,tree,100.0
TREE_06503,37.50581897,127.0824361,tree,100.0
TREE_06504,37.50345756,127.1158794,tree,100.0
TREE_06505,37.51517893,127.1200453,tree,100.0
TREE_06506,37.51333405,127.120186,tree,100.0
TREE_06507,37.49944608,127.0902754,tree,100.0
TREE_06508,37.49814842,127.0940089,tree,100.0
TREE_06509,37.51459879,127.1201281,tree,100.0
TREE_06510,37.51526536,127.1200427,tree,100.0
TREE_06511,37.49946735,127.0902099,tree,100.0
TREE_06512,37.4976471,127.0965189,tree,100.0
TREE_06513,37.49812908,127.0940707,tree,100.0
TREE_06514,37.52287174,127.1161724,tree,100.0
TREE_06515,37.51489505,127.120099,tree,100.0
TREE_06516,37.52806623,127.1076492,tree,100.0
TREE_06517,37.51340796,127.1202045,tree,100.0
TREE_06518,37.49949507,127.0901341,tree,100.0
TREE_06519,37.51713573,127.0806428,tree,100.0
TREE_06520,37.52809135,127.1075819,tree,100.0
TREE_06521,37.51338427,127.1202073,tree,100.0
TREE_06522,37.51206234,127.080111,tree,100.0
TREE_06523,37.52312782,127.1159377,tree,100.0
TREE_06524,37.49951923,127.0900558,tree,100.0
TREE_06525,37.49807893,127.0942071,tree,100.0
TREE_06526,37.52280087,127.1162651,tree,100.0
TREE_06527,37.50613375,127.0821844,tree,100.0
TREE_06528,37.49806146,127.0942608,tree,100.0
TREE_06529,37.51682097,127.0805286,tree,100.0
TREE_06530,37.50349135,127.1159659,tree,100.0
TREE_06531,37.51515268,127.1200906,tree,100.0
TREE_06532,37.49955564,127.0899529,tree,100.0
TREE_06533,37.52313349,127.1159578,tree,100.0
TREE_06534,37.49803472,127.0943392,tree,100.0
TREE_06535,37.50583845,127.0823658,tree,100.0
TREE_06536,37.49956838,127.0899168,tree,100.0
TREE_06537,37.51461312,127.1201693,tree,100.0
TREE_06538,37.51344681,127.1202395,tree,100.0
TREE_06539,37.49801466,127.094398,tree,100.0
TREE_06540,37.5229064,127.116193,tree,100.0
TREE_06541,37.51641435,127.0803986,tree,100.0
TREE_06542,37.49799641,127.0944551,tree,100.0
TREE_06543,37.49958924,127.0898414,tree,100.0
TREE_06544,37.51457032,127.1201911,tree,100.0
TREE_06545,37.50185181,127.0861074,tree,100.0
TREE_06546,37.49759548,127.0965137,tree,100.0
TREE_06547,37.51524359,127.1201126,tree,100.0
TREE_06548,37.50689144,127.1185691,tree,100.0
TREE_06549,37.52811031,127.1076914,tree,100.0
TREE_06550,37.4979369,127.0946317,tree,100.0
TREE_06551,37.49965845,127.0896555,tree,100.0
TREE_06552,37.50585421,127.0823115,tree,100.0
TREE_06553,37.51349507,127.1202737,tree,100.0
TREE_06554,37.50614849,127.0821167,tree,100.0
TREE_06555,37.52318305,127.1159675,tree,100.0
TREE_06556,37.49791691,127.0946841,tree,100.0
TREE_06557,37.51486826,127.1201815,tree,100.0
TREE_06558,37.52285732,127.1162864,tree,100.0
TREE_06559,37.52293994,127.116213,tree,100.0
TREE_06560,37.51459214,127.1202195,tree,100.0
TREE_06561,37.52608923,127.1122397,tree,100.0
TREE_06562,37.497894,127.0947521,tree,100.0
TREE_06563,37.50201703,127.085848,tree,100.0
TREE_06564,37.4997094,127.089502,tree,100.0
TREE_06565,37.5151274,127.1201651,tree,100.0
TREE_06566,37.49787245,127.0948113,tree,100.0
TREE_06567,37.52815574,127.1076325,tree,100.0
TREE_06568,37.51682633,127.0804508,tree,100.0
TREE_06569,37.51355891,127.1203008,tree,100.0
TREE_06570,37.4978546,127.0948727,tree,100.0
TREE_06571,37.51521822,127.1201626,tree,100.0
TREE_06572,37.51207325,127.0800076,tree,100.0
TREE_06573,37.51355236,127.1203095,tree,100.0
TREE_06574,37.51455545,127.120251,tree,100.0
TREE_06575,37.52321467,127.115983,tree,100.0
TREE_06576,37.50587111,127.0822513,tree,100.0
TREE_06577,37.49975335,127.0893755,tree,100.0
TREE_06578,37.51359575,127.120316,tree,100.0
TREE_06579,37.49782803,127.0949413,tree,100.0
TREE_06580,37.49754806,127.0965139,tree,100.0
TREE_06581,37.50180491,127.0860717,tree,100.0
TREE_06582,37.52322555,127.1159863,tree,100.0
TREE_06583,37.49780931,127.0950004,tree,100.0
TREE_06584,37.51693677,127.0804572,tree,100.0
TREE_06585,37.5247811,127.1142248,tree,100.0
TREE_06586,37.50618248,127.0820353,tree,100.0
TREE_06587,37.52290196,127.1163069,tree,100.0
TREE_06588,37.51359955,127.120327,tree,100.0
TREE_06589,37.50686759,127.1186285,tree,100.0
TREE_06590,37.49977005,127.0893128,tree,100.0
TREE_06591,37.49979058,127.0892689,tree,100.0
TREE_06592,37.49779126,127.0950596,tree,100.0
TREE_06593,37.52816003,127.1077364,tree,100.0
TREE_06594,37.51457369,127.1202818,tree,100.0
TREE_06595,37.50197923,127.085817,tree,100.0
TREE_06596,37.51484149,127.1202533,tree,100.0
TREE_06597,37.51364432,127.1203433,tree,100.0
TREE_06598,37.49776817,127.0951163,tree,100.0
TREE_06599,37.5229907,127.1162448,tree,100.0
TREE_06600,37.49980619,127.0892116,tree,100.0
TREE_06601,37.5058858,127.0822008,tree,100.0
TREE_06602,37.51646587,127.0803016,tree,100.0
TREE_06603,37.49774852,127.0951794,tree,100.0
TREE_06604,37.51520198,127.1202229,tree,100.0
TREE_06605,37.50028636,127.1119662,tree,100.0
TREE_06606,37.51364725,127.1203668,tree,100.0
TREE_06607,37.49772246,127.0952488,tree,100.0
TREE_06608,37.51512577,127.1202432,tree,100.0
TREE_06609,37.51368786,127.1203705,tree,100.0
TREE_06610,37.49985874,127.0890525,tree,100.0
TREE_06611,37.49770484,127.0953032,tree,100.0
TREE_06612,37.51627641,127.0802274,tree,100.0
TREE_06613,37.5229466,127.1163274,tree,100.0
TREE_06614,37.51683504,127.0803659,tree,100.0
TREE_06615,37.50621168,127.0819524,tree,100.0
TREE_06616,37.52477751,127.1143145,tree,100.0
TREE_06617,37.51449363,127.1203328,tree,100.0
TREE_06618,37.50590182,127.0821468,tree,100.0
TREE_06619,37.49987622,127.0890008,tree,100.0
TREE_06620,37.52821843,127.1076803,tree,100.0
TREE_06621,37.49767586,127.0953881,tree,100.0
TREE_06622,37.49989979,127.0889402,tree,100.0
TREE_06623,37.50706702,127.1188092,tree,100.0
TREE_06624,37.50174546,127.0860407,tree,100.0
TREE_06625,37.49749203,127.0964425,tree,100.0
TREE_06626,37.51207375,127.079915,tree,100.0
TREE_06627,37.49991743,127.0888947,tree,100.0
TREE_06628,37.52616334,127.112311,tree,100.0
TREE_06629,37.49765565,127.0954476,tree,100.0
TREE_06630,37.5169376,127.0803738,tree,100.0
TREE_06631,37.52297752,127.1163345,tree,100.0
TREE_06632,37.51454877,127.1203492,tree,100.0
TREE_06633,37.51370452,127.1204052,tree,100.0
TREE_06634,37.51374092,127.1204055,tree,100.0
TREE_06635,37.49763695,127.0954975,tree,100.0
TREE_06636,37.51481567,127.1203299,tree,100.0
TREE_06637,37.50192914,127.0857725,tree,100.0
TREE_06638,37.49993908,127.0888218,tree,100.0
TREE_06639,37.50347848,127.1162028,tree,100.0
TREE_06640,37.49996172,127.0887744,tree,100.0
TREE_06641,37.51518108,127.1202875,tree,100.0
TREE_06642,37.49761792,127.095558,tree,100.0
TREE_06643,37.52305376,127.1162838,tree,100.0
TREE_06644,37.52821429,127.1077913,tree,100.0
TREE_06645,37.50624778,127.0818846,tree,100.0
TREE_06646,37.50591627,127.0820941,tree,100.0
TREE_06647,37.5144655,127.1203752,tree,100.0
TREE_06648,37.50023983,127.111995,tree,100.0
TREE_06649,37.51510631,127.1203064,tree,100.0
TREE_06650,37.5164671,127.0802164,tree,100.0
TREE_06651,37.51375005,127.1204325,tree,100.0
TREE_06652,37.49759376,127.0956313,tree,100.0
TREE_06653,37.51379505,127.1204324,tree,100.0
TREE_06654,37.49997927,127.0887091,tree,100.0
TREE_06655,37.49746617,127.0963974,tree,100.0
TREE_06656,37.51452131,127.1203929,tree,100.0
TREE_06657,37.5230077,127.1163624,tree,100.0
TREE_06658,37.49999911,127.08865,tree,100.0
TREE_06659,37.52477642,127.1144172,tree,100.0
TREE_06660,37.50681966,127.1187412,tree,100.0
TREE_06661,37.49756693,127.0956893,tree,100.0
TREE_06662,37.51384163,127.1204517,tree,100.0
TREE_06663,37.5000194,127.0885985,tree,100.0
TREE_06664,37.50168973,127.0860179,tree,100.0
TREE_06665,37.49755195,127.0957469,tree,100.0
TREE_06666,37.50593056,127.082039,tree,100.0
TREE_06667,37.51380517,127.1204608,tree,100.0
TREE_06668,37.50344333,127.1162276,tree,100.0
TREE_06669,37.49753422,127.0958176,tree,100.0
TREE_06670,37.50003769,127.0885444,tree,100.0
TREE_06671,37.51388941,127.1204641,tree,100.0
TREE_06672,37.52827999,127.1077273,tree,100.0
TREE_06673,37.50006166,127.088485,tree,100.0
TREE_06674,37.5147889,127.1203993,tree,100.0
TREE_06675,37.51684483,127.0802682,tree,100.0
TREE_06676,37.49744018,127.096336,tree,100.0
TREE_06677,37.50188423,127.0857377,tree,100.0
TREE_06678,37.52621818,127.1123558,tree,100.0
TREE_06679,37.51508394,127.1203642,tree,100.0
TREE_06680,37.49751223,127.0958728,tree,100.0
TREE_06681,37.52310453,127.1163156,tree,100.0
TREE_06682,37.52304953,127.1163729,tree,100.0
TREE_06683,37.49749507,127.0959469,tree,100.0
TREE_06684,37.5070314,127.1188961,tree,100.0
TREE_06685,37.51445371,127.1204481,tree,100.0
TREE_06686,37.51516152,127.1203645,tree,100.0
TREE_06687,37.50007634,127.0884276,tree,100.0
TREE_06688,37.52477374,127.1144872,tree,100.0
TREE_06689,37.51647179,127.0801469,tree,100.0
TREE_06690,37.50019231,127.1120434,tree,100.0
TREE_06691,37.50594555,127.0819858,tree,100.0
TREE_06692,37.51627897,127.0800981,tree,100.0
TREE_06693,37.51452064,127.1204508,tree,100.0
TREE_06694,37.49747027,127.0960042,tree,100.0
TREE_06695,37.50009092,127.0883744,tree,100.0
TREE_06696,37.51385734,127.1205104,tree,100.0
TREE_06697,37.50340057,127.1162566,tree,100.0
TREE_06698,37.50011268,127.0883187,tree,100.0
TREE_06699,37.49741176,127.0962801,tree,100.0
TREE_06700,37.49744406,127.0960671,tree,100.0
TREE_06701,37.5282866,127.1078518,tree,100.0
TREE_06702,37.51514715,127.1204084,tree,100.0
TREE_06703,37.5001309,127.0882614,tree,100.0
TREE_06704,37.49742456,127.0961179,tree,100.0
TREE_06705,37.5067845,127.1188224,tree,100.0
TREE_06706,37.51507227,127.1204301,tree,100.0
TREE_06707,37.50700733,127.1189465,tree,100.0
TREE_06708,37.50015451,127.0881956,tree,100.0
TREE_06709,37.51389104,127.1205466,tree,100.0
TREE_06710,37.52833647,127.1077709,tree,100.0
TREE_06711,37.50631578,127.0816923,tree,100.0
TREE_06712,37.5231678,127.1163518,tree,100.0
TREE_06713,37.51445386,127.1205165,tree,100.0
TREE_06714,37.50017533,127.0881324,tree,100.0
TREE_06715,37.52310886,127.1164133,tree,100.0
TREE_06716,37.50184049,127.0856716,tree,100.0
TREE_06717,37.50158036,127.085999,tree,100.0
TREE_06718,37.51684448,127.0801692,tree,100.0
TREE_06719,37.50597509,127.0818836,tree,100.0
TREE_06720,37.51475256,127.120501,tree,100.0
TREE_06721,37.50020225,127.0880643,tree,100.0
TREE_06722,37.51207234,127.0797324,tree,100.0
TREE_06723,37.51647138,127.0800669,tree,100.0
TREE_06724,37.52628166,127.1124199,tree,100.0
TREE_06725,37.49737623,127.096208,tree,100.0
TREE_06726,37.50013731,127.1120894,tree,100.0
TREE_06727,37.52477769,127.1146206,tree,100.0
TREE_06728,37.50022123,127.0879998,tree,100.0
TREE_06729,37.50699068,127.1189968,tree,100.0
TREE_06730,37.51410499,127.1205843,tree,100.0
TREE_06731,37.5139432,127.1205974,tree,100.0
TREE_06732,37.51513009,127.120484,tree,100.0
TREE_06733,37.5033414,127.1163142,tree,100.0
TREE_06734,37.50598949,127.0818338,tree,100.0
TREE_06735,37.52320917,127.1163764,tree,100.0
TREE_06736,37.51437965,127.1205768,tree,100.0
TREE_06737,37.50676597,127.1188931,tree,100.0
TREE_06738,37.50010365,127.1120984,tree,100.0
TREE_06739,37.51628088,127.0799731,tree,100.0
TREE_06740,37.51414834,127.1206044,tree,100.0
TREE_06741,37.51505042,127.1205135,tree,100.0
TREE_06742,37.50632557,127.0816055,tree,100.0
TREE_06743,37.50182188,127.0856054,tree,100.0
TREE_06744,37.52477534,127.1146792,tree,100.0
TREE_06745,37.52839182,127.107813,tree,100.0
TREE_06746,37.50151451,127.0859916,tree,100.0
TREE_06747,37.51398821,127.1206274,tree,100.0
TREE_06748,37.52317268,127.1164491,tree,100.0
TREE_06749,37.50028964,127.0878066,tree,100.0
TREE_06750,37.5141699,127.1206273,tree,100.0
TREE_06751,37.51472673,127.1205788,tree,100.0
TREE_06752,37.52324561,127.1163966,tree,100.0
TREE_06753,37.51424576,127.1206341,tree,100.0
TREE_06754,37.50031152,127.0877336,tree,100.0
TREE_06755,37.50696696,127.1190538,tree,100.0
TREE_06756,37.51511266,127.1205471,tree,100.0
TREE_06757,37.51502207,127.1205628,tree,100.0
TREE_06758,37.51403625,127.1206569,tree,100.0
TREE_06759,37.52838378,127.1079362,tree,100.0
TREE_06760,37.50634535,127.0815397,tree,100.0
TREE_06761,37.50033272,127.0876756,tree,100.0
TREE_06762,37.51685538,127.0800645,tree,100.0
TREE_06763,37.50313625,127.1162013,tree,100.0
TREE_06764,37.50818231,127.1196523,tree,100.0
TREE_06765,37.50673605,127.1189527,tree,100.0
TREE_06766,37.52321009,127.1164733,tree,100.0
TREE_06767,37.50853027,127.1197995,tree,100.0
TREE_06768,37.50145017,127.0859909,tree,100.0
TREE_06769,37.50035666,127.0876092,tree,100.0
TREE_06770,37.51409487,127.1206803,tree,100.0
TREE_06771,37.51508546,127.1205887,tree,100.0
TREE_06772,37.50037411,127.0875618,tree,100.0
TREE_06773,37.51498865,127.1206072,tree,100.0
TREE_06774,37.52844549,127.1078573,tree,100.0
TREE_06775,37.52329102,127.1164297,tree,100.0
TREE_06776,37.50039207,127.0875124,tree,100.0
TREE_06777,37.50004598,127.1121638,tree,100.0
TREE_06778,37.52637498,127.1125078,tree,100.0
TREE_06779,37.51411917,127.1207141,tree,100.0
TREE_06780,37.52323303,127.1165049,tree,100.0
TREE_06781,37.51630786,127.0798633,tree,100.0
TREE_06782,37.50860613,127.1198824,tree,100.0
TREE_06783,37.50138847,127.0859991,tree,100.0
TREE_06784,37.50042345,127.0874142,tree,100.0
TREE_06785,37.50604344,127.0816438,tree,100.0
TREE_06786,37.51165159,127.0796063,tree,100.0
TREE_06787,37.50324505,127.1163987,tree,100.0
TREE_06788,37.50694381,127.1191369,tree,100.0
TREE_06789,37.51468943,127.1206876,tree,100.0
TREE_06790,37.50671413,127.1190145,tree,100.0
TREE_06791,37.50178269,127.0854753,tree,100.0
TREE_06792,37.50636625,127.0814368,tree,100.0
TREE_06793,37.51505965,127.1206479,tree,100.0
TREE_06794,37.51415768,127.1207451,tree,100.0
TREE_06795,37.50815792,127.1197254,tree,100.0
TREE_06796,37.50044783,127.0873445,tree,100.0
TREE_06797,37.51496956,127.1206674,tree,100.0
TREE_06798,37.50637986,127.0814107,tree,100.0
TREE_06799,37.51696441,127.0799917,tree,100.0
TREE_06800,37.52328306,127.1165181,tree,100.0
TREE_06801,37.52477683,127.1148856,tree,100.0
TREE_06802,37.51686063,127.0799569,tree,100.0
TREE_06803,37.50047418,127.0872624,tree,100.0
TREE_06804,37.50886153,127.1200277,tree,100.0
TREE_06805,37.50606235,127.0815791,tree,100.0
TREE_06806,37.52850311,127.1079072,tree,100.0
TREE_06807,37.50832105,127.1198327,tree,100.0
TREE_06808,37.50893634,127.1200665,tree,100.0
TREE_06809,37.52847752,127.108005,tree,100.0
TREE_06810,37.5004966,127.0871967,tree,100.0
TREE_06811,37.50837961,127.1198634,tree,100.0
TREE_06812,37.50669048,127.1190635,tree,100.0
TREE_06813,37.51714588,127.0800133,tree,100.0
TREE_06814,37.50899496,127.1200939,tree,100.0
TREE_06815,37.50827546,127.1198266,tree,100.0
TREE_06816,37.51649328,127.0798286,tree,100.0
TREE_06817,37.51165221,127.0795393,tree,100.0
TREE_06818,37.51494548,127.1207231,tree,100.0
TREE_06819,37.51465789,127.120757,tree,100.0
TREE_06820,37.50843508,127.1198982,tree,100.0
TREE_06821,37.50905507,127.1201257,tree,100.0
TREE_06822,37.5150399,127.1207165,tree,100.0
TREE_06823,37.50129194,127.0860139,tree,100.0
TREE_06824,37.50319149,127.1164394,tree,100.0
TREE_06825,37.50175932,127.0854017,tree,100.0
TREE_06826,37.50051913,127.087132,tree,100.0
TREE_06827,37.50908624,127.1201423,tree,100.0
TREE_06828,37.50607635,127.0815294,tree,100.0
TREE_06829,37.50911907,127.1201595,tree,100.0
TREE_06830,37.52477418,127.1149632,tree,100.0
TREE_06831,37.51631453,127.0797655,tree,100.0
TREE_06832,37.50125012,127.086052,tree,100.0
TREE_06833,37.50850469,127.1199449,tree,100.0
TREE_06834,37.50822058,127.1198328,tree,100.0
TREE_06835,37.52644612,127.1125797,tree,100.0
TREE_06836,37.50812751,127.1197964,tree,100.0
TREE_06837,37.50855154,127.1199758,tree,100.0
TREE_06838,37.49995097,127.1122369,tree,100.0
TREE_06839,37.50056939,127.0869909,tree,100.0
TREE_06840,37.50861654,127.1200159,tree,100.0
TREE_06841,37.51686709,127.079872,tree,100.0
TREE_06842,37.51697309,127.0798983,tree,100.0
TREE_06843,37.51502047,127.1207703,tree,100.0
TREE_06844,37.50117321,127.0860999,tree,100.0
TREE_06845,37.51208596,127.0794315,tree,100.0
TREE_06846,37.50689229,127.1192494,tree,100.0
TREE_06847,37.50609461,127.0814641,tree,100.0
TREE_06848,37.50867519,127.1200524,tree,100.0
TREE_06849,37.51649785,127.0797587,tree,100.0
TREE_06850,37.51492369,127.1207938,tree,100.0
TREE_06851,37.51464161,127.1208252,tree,100.0
TREE_06852,37.5285641,127.1079515,tree,100.0
TREE_06853,37.50059417,127.0869136,tree,100.0
TREE_06854,37.50873024,127.1200895,tree,100.0
TREE_06855,37.50820033,127.1198882,tree,100.0
TREE_06856,37.51715907,127.0799199,tree,100.0
TREE_06857,37.50665432,127.1191502,tree,100.0
TREE_06858,37.50878746,127.1201211,tree,100.0
TREE_06859,37.50886175,127.1201488,tree,100.0
TREE_06860,37.51165658,127.0794449,tree,100.0
TREE_06861,37.5031305,127.116498,tree,100.0
TREE_06862,37.50938857,127.1203357,tree,100.0
TREE_06863,37.50296974,127.1163442,tree,100.0
TREE_06864,37.50108429,127.0861472,tree,100.0
TREE_06865,37.52855776,127.1080767,tree,100.0
TREE_06866,37.50611079,127.0813994,tree,100.0
TREE_06867,37.52477661,127.1150945,tree,100.0
TREE_06868,37.50947827,127.1203733,tree,100.0
TREE_06869,37.51498626,127.1208343,tree,100.0
TREE_06870,37.50064298,127.086767,tree,100.0
TREE_06871,37.5081012,127.119888,tree,100.0
TREE_06872,37.52651143,127.1126373,tree,100.0
TREE_06873,37.51632313,127.0796548,tree,100.0
TREE_06874,37.51687019,127.0797928,tree,100.0
TREE_06875,37.51490063,127.120859,tree,100.0
TREE_06876,37.51716793,127.079876,tree,100.0
TREE_06877,37.50066486,127.0867033,tree,100.0
TREE_06878,37.51207837,127.0793478,tree,100.0
TREE_06879,37.50100822,127.0861936,tree,100.0
TREE_06880,37.50902452,127.1202638,tree,100.0
TREE_06881,37.52477224,127.1151495,tree,100.0
TREE_06882,37.5116592,127.0793854,tree,100.0
TREE_06883,37.51460242,127.1209173,tree,100.0
TREE_06884,37.50662991,127.1192108,tree,100.0
TREE_06885,37.5095915,127.1204527,tree,100.0
TREE_06886,37.5006907,127.0866312,tree,100.0
TREE_06887,37.51698623,127.0797921,tree,100.0
TREE_06888,37.52862793,127.1080021,tree,100.0
TREE_06889,37.50645373,127.0811365,tree,100.0
TREE_06890,37.51650966,127.0796569,tree,100.0
TREE_06891,37.503076,127.1165407,tree,100.0
TREE_06892,37.50685565,127.1193516,tree,100.0
TREE_06893,37.50964482,127.1204862,tree,100.0
TREE_06894,37.50818861,127.1199817,tree,100.0
TREE_06895,37.51717114,127.0798293,tree,100.0
TREE_06896,37.50094605,127.0862302,tree,100.0
TREE_06897,37.50809516,127.1199483,tree,100.0
TREE_06898,37.51497776,127.1209048,tree,100.0
TREE_06899,37.50071847,127.0865538,tree,100.0
TREE_06900,37.5148732,127.1209186,tree,100.0
TREE_06901,37.50645646,127.0811062,tree,100.0
TREE_06902,37.51687895,127.0797234,tree,100.0
TREE_06903,37.50074289,127.0864883,tree,100.0
TREE_06904,37.51167562,127.0793259,tree,100.0
TREE_06905,37.51458711,127.1209712,tree,100.0
TREE_06906,37.52477612,127.115229,tree,100.0
TREE_06907,37.50090273,127.0862465,tree,100.0
TREE_06908,37.50926704,127.1204097,tree,100.0
TREE_06909,37.52766263,127.110609,tree,100.0
TREE_06910,37.52762128,127.1106978,tree,100.0
TREE_06911,37.50085763,127.0863004,tree,100.0
TREE_06912,37.50078022,127.0864122,tree,100.0
TREE_06913,37.52773633,127.1104529,tree,100.0
TREE_06914,37.50289198,127.1164143,tree,100.0
TREE_06915,37.52776317,127.1103944,tree,100.0
TREE_06916,37.52758527,127.1107836,tree,100.0
TREE_06917,37.50660843,127.1192683,tree,100.0
TREE_06918,37.50081832,127.0863494,tree,100.0
TREE_06919,37.50980256,127.1205788,tree,100.0
TREE_06920,37.52770248,127.1105363,tree,100.0
TREE_06921,37.52863461,127.1081471,tree,100.0
TREE_06922,37.5278402,127.1102317,tree,100.0
TREE_06923,37.51718224,127.0797826,tree,100.0
TREE_06924,37.5278083,127.1103082,tree,100.0
TREE_06925,37.52787588,127.1101578,tree,100.0
TREE_06926,37.50931715,127.1204481,tree,100.0
TREE_06927,37.52807827,127.1096895,tree,100.0
TREE_06928,37.52794915,127.1100001,tree,100.0
TREE_06929,37.52811188,127.1096104,tree,100.0
TREE_06930,37.52791806,127.1100767,tree,100.0
TREE_06931,37.50984678,127.1206058,tree,100.0
TREE_06932,37.52801486,127.1098487,tree,100.0
TREE_06933,37.52798122,127.1099292,tree,100.0
TREE_06934,37.50168765,127.0851682,tree,100.0
TREE_06935,37.51484764,127.1209783,tree,100.0
TREE_06936,37.5280503,127.1097721,tree,100.0
TREE_06937,37.51209689,127.0792415,tree,100.0
TREE_06938,37.50644026,127.0810562,tree,100.0
TREE_06939,37.50939203,127.1204854,tree,100.0
TREE_06940,37.51493757,127.120978,tree,100.0
TREE_06941,37.51167546,127.079277,tree,100.0
TREE_06942,37.50815886,127.1200535,tree,100.0
TREE_06943,37.50992006,127.1206452,tree,100.0
TREE_06944,37.5273784,127.1112851,tree,100.0
TREE_06945,37.52660023,127.1127113,tree,100.0
TREE_06946,37.51653112,127.0795667,tree,100.0
TREE_06947,37.50681907,127.1194335,tree,100.0
TREE_06948,37.51718435,127.0797415,tree,100.0
TREE_06949,37.50805606,127.1200246,tree,100.0
TREE_06950,37.52477235,127.1153213,tree,100.0
TREE_06951,37.52870082,127.1080689,tree,100.0
TREE_06952,37.52735848,127.1113519,tree,100.0
TREE_06953,37.51688883,127.0796484,tree,100.0
TREE_06954,37.51000361,127.1206853,tree,100.0
TREE_06955,37.50950227,127.1205531,tree,100.0
TREE_06956,37.51699312,127.079669,tree,100.0
TREE_06957,37.52732892,127.1114356,tree,100.0
TREE_06958,37.51160646,127.0792522,tree,100.0
TREE_06959,37.50658538,127.1193326,tree,100.0
TREE_06960,37.51480991,127.1210365,tree,100.0
TREE_06961,37.50299763,127.1166178,tree,100.0
TREE_06962,37.51492265,127.1210256,tree,100.0
TREE_06963,37.50649404,127.0809668,tree,100.0
TREE_06964,37.51455554,127.1210681,tree,100.0
TREE_06965,37.5273015,127.1115248,tree,100.0
TREE_06966,37.50955698,127.1205983,tree,100.0
TREE_06967,37.52477951,127.1153675,tree,100.0
TREE_06968,37.51157768,127.0792315,tree,100.0
TREE_06969,37.51718982,127.0796948,tree,100.0
TREE_06970,37.51167406,127.0792151,tree,100.0
TREE_06971,37.51421085,127.121113,tree,100.0
TREE_06972,37.51010286,127.1207565,tree,100.0
TREE_06973,37.51015796,127.1207708,tree,100.0
TREE_06974,37.52727967,127.1115983,tree,100.0
TREE_06975,37.50961873,127.1206307,tree,100.0
TREE_06976,37.50812316,127.120117,tree,100.0
TREE_06977,37.5067975,127.1194922,tree,100.0
TREE_06978,37.5287047,127.1082188,tree,100.0
TREE_06979,37.51210335,127.0791506,tree,100.0
TREE_06980,37.51479943,127.121081,tree,100.0
TREE_06981,37.52725175,127.1116849,tree,100.0
TREE_06982,37.50280782,127.1164835,tree,100.0
TREE_06983,37.50967779,127.120665,tree,100.0
TREE_06984,37.51192681,127.0791566,tree,100.0
TREE_06985,37.5080193,127.1200926,tree,100.0
TREE_06986,37.51654305,127.0794804,tree,100.0
TREE_06987,37.51689644,127.079572,tree,100.0
TREE_06988,37.50620494,127.081075,tree,100.0
TREE_06989,37.51489579,127.1210881,tree,100.0
TREE_06990,37.52666016,127.1127772,tree,100.0
TREE_06991,37.52477563,127.1154388,tree,100.0
TREE_06992,37.51719415,127.0796467,tree,100.0
TREE_06993,37.51428677,127.1211572,tree,100.0
TREE_06994,37.52722345,127.111786,tree,100.0
TREE_06995,37.50975058,127.1207136,tree,100.0
TREE_06996,37.5287697,127.1081138,tree,100.0
TREE_06997,37.50655414,127.119405,tree,100.0
TREE_06998,37.51028238,127.1208553,tree,100.0
TREE_06999,37.51167921,127.0791542,tree,100.0
TREE_07000,37.51418514,127.1211809,tree,100.0
TREE_07001,37.51451826,127.1211602,tree,100.0
TREE_07002,37.50980563,127.1207506,tree,100.0
TREE_07003,37.52719607,127.1118812,tree,100.0
TREE_07004,37.50292634,127.1166749,tree,100.0
TREE_07005,37.50806804,127.1201681,tree,100.0
TREE_07006,37.52477157,127.1154999,tree,100.0
TREE_07007,37.51701017,127.079553,tree,100.0
TREE_07008,37.50677382,127.1195567,tree,100.0
TREE_07009,37.51477531,127.1211499,tree,100.0
TREE_07010,37.50986285,127.1207822,tree,100.0
TREE_07011,37.51488278,127.121145,tree,100.0
TREE_07012,37.51031856,127.1209025,tree,100.0
TREE_07013,37.51719734,127.0795929,tree,100.0
TREE_07014,37.52716721,127.1119817,tree,100.0
TREE_07015,37.50989648,127.1208025,tree,100.0
TREE_07016,37.50654604,127.0808073,tree,100.0
TREE_07017,37.51167721,127.0791118,tree,100.0
TREE_07018,37.51158604,127.0791213,tree,100.0
TREE_07019,37.5287618,127.1082787,tree,100.0
TREE_07020,37.50162768,127.0849758,tree,100.0
TREE_07021,37.50653793,127.1194574,tree,100.0
TREE_07022,37.51655379,127.0793978,tree,100.0
TREE_07023,37.51636234,127.079351,tree,100.0
TREE_07024,37.51211007,127.0790492,tree,100.0
TREE_07025,37.50798647,127.1201716,tree,100.0
TREE_07026,37.51415872,127.1212369,tree,100.0
TREE_07027,37.5142564,127.1212312,tree,100.0
TREE_07028,37.51018448,127.1208959,tree,100.0
TREE_07029,37.52715245,127.1120523,tree,100.0
TREE_07030,37.52477511,127.1155662,tree,100.0
TREE_07031,37.52672257,127.1128383,tree,100.0
TREE_07032,37.51024413,127.1209305,tree,100.0
TREE_07033,37.51449721,127.1212332,tree,100.0
TREE_07034,37.51720618,127.0795448,tree,100.0
TREE_07035,37.50675195,127.1196162,tree,100.0
TREE_07036,37.51690728,127.0794531,tree,100.0
TREE_07037,37.5065675,127.0807392,tree,100.0
TREE_07038,37.51049331,127.1210003,tree,100.0
TREE_07039,37.50285859,127.1167073,tree,100.0
TREE_07040,37.51476396,127.1212236,tree,100.0
TREE_07041,37.51485777,127.1212137,tree,100.0
TREE_07042,37.50651889,127.1194996,tree,100.0
TREE_07043,37.52884538,127.1081714,tree,100.0
TREE_07044,37.52713557,127.1121512,tree,100.0
TREE_07045,37.50804107,127.1202501,tree,100.0
TREE_07046,37.52880757,127.1083216,tree,100.0
TREE_07047,37.5141217,127.1212987,tree,100.0
TREE_07048,37.51702559,127.0794553,tree,100.0
TREE_07049,37.50658111,127.08069,tree,100.0
TREE_07050,37.51032076,127.1210002,tree,100.0
TREE_07051,37.51212104,127.0789721,tree,100.0
TREE_07052,37.51422402,127.1213088,tree,100.0
TREE_07053,37.51169155,127.0790126,tree,100.0
TREE_07054,37.5271163,127.1122508,tree,100.0
TREE_07055,37.50796075,127.1202457,tree,100.0
TREE_07056,37.50159776,127.0848851,tree,100.0
TREE_07057,37.51163593,127.0790123,tree,100.0
TREE_07058,37.51721161,127.0794853,tree,100.0
TREE_07059,37.51655692,127.0793044,tree,100.0
TREE_07060,37.51483388,127.1212683,tree,100.0
TREE_07061,37.51446757,127.121311,tree,100.0
TREE_07062,37.5026689,127.1165964,tree,100.0
TREE_07063,37.51636231,127.0792389,tree,100.0
TREE_07064,37.52709867,127.1123343,tree,100.0
TREE_07065,37.50672193,127.1196903,tree,100.0
TREE_07066,37.52884824,127.1083553,tree,100.0
TREE_07067,37.50280909,127.1167591,tree,100.0
TREE_07068,37.5065931,127.0806286,tree,100.0
TREE_07069,37.50649385,127.1195748,tree,100.0
TREE_07070,37.5142137,127.1213585,tree,100.0
TREE_07071,37.51410406,127.1213708,tree,100.0
TREE_07072,37.51165037,127.0789647,tree,100.0
TREE_07073,37.5080232,127.1203387,tree,100.0
TREE_07074,37.52707845,127.1124322,tree,100.0
TREE_07075,37.51472632,127.1213342,tree,100.0
TREE_07076,37.50158065,127.0848179,tree,100.0
TREE_07077,37.52681011,127.1129182,tree,100.0
TREE_07078,37.51039525,127.1211049,tree,100.0
TREE_07079,37.50792481,127.1203146,tree,100.0
TREE_07080,37.51422391,127.1213955,tree,100.0
TREE_07081,37.50659263,127.0805807,tree,100.0
TREE_07082,37.51443316,127.1213851,tree,100.0
TREE_07083,37.52893347,127.1082332,tree,100.0
TREE_07084,37.51210781,127.0788779,tree,100.0
TREE_07085,37.51722145,127.0794033,tree,100.0
TREE_07086,37.52888329,127.1083905,tree,100.0
TREE_07087,37.50669761,127.1197489,tree,100.0
TREE_07088,37.51087429,127.1212262,tree,100.0
TREE_07089,37.52706156,127.1125311,tree,100.0
TREE_07090,37.51160915,127.0789151,tree,100.0
TREE_07091,37.51656038,127.0792032,tree,100.0
TREE_07092,37.50260525,127.1166508,tree,100.0
TREE_07093,37.51408408,127.1214361,tree,100.0
TREE_07094,37.50646496,127.1196454,tree,100.0
TREE_07095,37.51470369,127.1213994,tree,100.0
TREE_07096,37.51636868,127.0791313,tree,100.0
TREE_07097,37.50660393,127.0805199,tree,100.0
TREE_07098,37.51094136,127.1212728,tree,100.0
TREE_07099,37.50668373,127.1197869,tree,100.0
TREE_07100,37.50155466,127.084742,tree,100.0
TREE_07101,37.52704854,127.1126238,tree,100.0
TREE_07102,37.52892057,127.1084214,tree,100.0
TREE_07103,37.51040128,127.1211783,tree,100.0
TREE_07104,37.51406187,127.1214734,tree,100.0
TREE_07105,37.50799585,127.1204224,tree,100.0
TREE_07106,37.51157114,127.0788698,tree,100.0
TREE_07107,37.507896,127.1203891,tree,100.0
TREE_07108,37.51440924,127.1214617,tree,100.0
TREE_07109,37.51083828,127.1212792,tree,100.0
TREE_07110,37.51068677,127.1212548,tree,100.0
TREE_07111,37.51468999,127.121442,tree,100.0
TREE_07112,37.51100121,127.1213146,tree,100.0
TREE_07113,37.52477065,127.1158905,tree,100.0
TREE_07114,37.52703719,127.1126949,tree,100.0
TREE_07115,37.51077831,127.1212851,tree,100.0
TREE_07116,37.51416636,127.1215,tree,100.0
TREE_07117,37.50644032,127.1197,tree,100.0
TREE_07118,37.51656205,127.0791246,tree,100.0
TREE_07119,37.50663309,127.0804417,tree,100.0
TREE_07120,37.52895333,127.1084481,tree,100.0
TREE_07121,37.51705865,127.0792472,tree,100.0
TREE_07122,37.52900913,127.1082852,tree,100.0
TREE_07123,37.51476505,127.1214663,tree,100.0
TREE_07124,37.51404803,127.1215281,tree,100.0
TREE_07125,37.50634427,127.0805881,tree,100.0
TREE_07126,37.51723454,127.0792801,tree,100.0
TREE_07127,37.51061958,127.1212893,tree,100.0
TREE_07128,37.50268506,127.1168613,tree,100.0
TREE_07129,37.50797532,127.120481,tree,100.0
TREE_07130,37.52477293,127.1159528,tree,100.0
TREE_07131,37.5116877,127.0787919,tree,100.0
TREE_07132,37.51468021,127.1214929,tree,100.0
TREE_07133,37.51107302,127.1213792,tree,100.0
TREE_07134,37.51040372,127.121254,tree,100.0
TREE_07135,37.50665967,127.1198676,tree,100.0
TREE_07136,37.51438438,127.1215335,tree,100.0
TREE_07137,37.50786323,127.1204572,tree,100.0
TREE_07138,37.52898049,127.1084834,tree,100.0
TREE_07139,37.50665798,127.0803744,tree,100.0
TREE_07140,37.50641883,127.1197574,tree,100.0
TREE_07141,37.50635626,127.0805332,tree,100.0
TREE_07142,37.51103228,127.1214039,tree,100.0
TREE_07143,37.51476186,127.1215258,tree,100.0
TREE_07144,37.51056063,127.1213236,tree,100.0
TREE_07145,37.51402614,127.1215875,tree,100.0
TREE_07146,37.51040994,127.0789577,tree,100.0
TREE_07147,37.51465887,127.1215454,tree,100.0
TREE_07148,37.51073315,127.0788888,tree,100.0
TREE_07149,37.52805369,127.1109005,tree,100.0
TREE_07150,37.51048702,127.0789377,tree,100.0
TREE_07151,37.5280279,127.1109584,tree,100.0
TREE_07152,37.52900309,127.1085045,tree,100.0
TREE_07153,37.52799307,127.1110368,tree,100.0
TREE_07154,37.52795619,127.1111208,tree,100.0
TREE_07155,37.51638947,127.0789862,tree,100.0
TREE_07156,37.5279275,127.1111916,tree,100.0
TREE_07157,37.51010851,127.0790096,tree,100.0
TREE_07158,37.50988683,127.0790651,tree,100.0
TREE_07159,37.50982404,127.0790807,tree,100.0
TREE_07160,37.50249293,127.1167565,tree,100.0
TREE_07161,37.52477405,127.1160431,tree,100.0
TREE_07162,37.51103077,127.0788194,tree,100.0
TREE_07163,37.5112292,127.0787857,tree,100.0
TREE_07164,37.51110144,127.0788068,tree,100.0
TREE_07165,37.51656845,127.0790222,tree,100.0
TREE_07166,37.51067166,127.078883,tree,100.0
TREE_07167,37.50967859,127.079117,tree,100.0
TREE_07168,37.52789087,127.1112808,tree,100.0
TREE_07169,37.51003574,127.0790226,tree,100.0
TREE_07170,37.5098026,127.0790828,tree,100.0
TREE_07171,37.52785331,127.1113607,tree,100.0
TREE_07172,37.51062311,127.0788895,tree,100.0
TREE_07173,37.51097241,127.0788223,tree,100.0
TREE_07174,37.50640587,127.1197993,tree,100.0
TREE_07175,37.51118634,127.0787861,tree,100.0
TREE_07176,37.50263556,127.1169131,tree,100.0
TREE_07177,37.51706731,127.0791481,tree,100.0
TREE_07178,37.51057883,127.0788941,tree,100.0
TREE_07179,37.51409997,127.1216167,tree,100.0
TREE_07180,37.5110949,127.1214602,tree,100.0
TREE_07181,37.50637801,127.0804673,tree,100.0
TREE_07182,37.51126525,127.0787695,tree,100.0
TREE_07183,37.52908028,127.1083364,tree,100.0
TREE_07184,37.52828375,127.1104406,tree,100.0
TREE_07185,37.51124489,127.1214872,tree,100.0
TREE_07186,37.50963199,127.0791175,tree,100.0
TREE_07187,37.51087585,127.0788289,tree,100.0
TREE_07188,37.51092655,127.0788191,tree,100.0
TREE_07189,37.50972829,127.0790871,tree,100.0
TREE_07190,37.51435951,127.1216077,tree,100.0
TREE_07191,37.50998004,127.0790207,tree,100.0
TREE_07192,37.52831962,127.1103726,tree,100.0
TREE_07193,37.52782391,127.1114512,tree,100.0
TREE_07194,37.50783692,127.1205181,tree,100.0
TREE_07195,37.50793824,127.1205627,tree,100.0
TREE_07196,37.51083381,127.0788291,tree,100.0
TREE_07197,37.51472737,127.1215809,tree,100.0
TREE_07198,37.51725673,127.0791838,tree,100.0
TREE_07199,37.52835821,127.1103058,tree,100.0
TREE_07200,37.52903471,127.1085241,tree,100.0
TREE_07201,37.52779607,127.1115326,tree,100.0
TREE_07202,37.50958532,127.0791119,tree,100.0
TREE_07203,37.52813374,127.1108275,tree,100.0
TREE_07204,37.51464653,127.1216011,tree,100.0
TREE_07205,37.52477923,127.1160932,tree,100.0
TREE_07206,37.52839971,127.1102294,tree,100.0
TREE_07207,37.52818393,127.1107275,tree,100.0
TREE_07208,37.52815882,127.1107827,tree,100.0
TREE_07209,37.5099585,127.0790025,tree,100.0
TREE_07210,37.50953405,127.0791153,tree,100.0
TREE_07211,37.5105294,127.1213882,tree,100.0
TREE_07212,37.50974597,127.0790552,tree,100.0
TREE_07213,37.5282068,127.1106835,tree,100.0
TREE_07214,37.51004384,127.078977,tree,100.0
TREE_07215,37.50638967,127.0804225,tree,100.0
TREE_07216,37.52822908,127.1106391,tree,100.0
TREE_07217,37.509812,127.0790324,tree,100.0
TREE_07218,37.52776086,127.1116362,tree,100.0
TREE_07219,37.51036999,127.0788961,tree,100.0
TREE_07220,37.50245571,127.116785,tree,100.0
TREE_07221,37.51016971,127.0789409,tree,100.0
TREE_07222,37.50967902,127.0790648,tree,100.0
TREE_07223,37.51400043,127.1216661,tree,100.0
TREE_07224,37.50999795,127.0789785,tree,100.0
TREE_07225,37.51044302,127.0788737,tree,100.0
TREE_07226,37.52844486,127.1101598,tree,100.0
TREE_07227,37.51046788,127.0788639,tree,100.0
TREE_07228,37.51007949,127.0789518,tree,100.0
TREE_07229,37.51050903,127.0788535,tree,100.0
TREE_07230,37.51041245,127.0788748,tree,100.0
TREE_07231,37.52773308,127.1117174,tree,100.0
TREE_07232,37.5106895,127.0788145,tree,100.0
TREE_07233,37.51093132,127.0787676,tree,100.0
TREE_07234,37.51096973,127.0787587,tree,100.0
TREE_07235,37.51075112,127.0787989,tree,100.0
TREE_07236,37.50961977,127.0790639,tree,100.0
TREE_07237,37.51058131,127.0788312,tree,100.0
TREE_07238,37.51407814,127.1216818,tree,100.0
TREE_07239,37.51460821,127.1216426,tree,100.0
TREE_07240,37.51082341,127.0787797,tree,100.0
TREE_07241,37.52848818,127.110094,tree,100.0
TREE_07242,37.51115355,127.0787216,tree,100.0
TREE_07243,37.51109766,127.0787302,tree,100.0
TREE_07244,37.51101604,127.0787434,tree,100.0
TREE_07245,37.50637731,127.1198626,tree,100.0
TREE_07246,37.51130095,127.0786969,tree,100.0
TREE_07247,37.52770578,127.1118012,tree,100.0
TREE_07248,37.52906637,127.1085579,tree,100.0
TREE_07249,37.50957817,127.0790618,tree,100.0
TREE_07250,37.5014964,127.0845009,tree,100.0
TREE_07251,37.52477496,127.1161556,tree,100.0
TREE_07252,37.50953639,127.0790732,tree,100.0
TREE_07253,37.50640477,127.0803727,tree,100.0
TREE_07254,37.5108935,127.0787568,tree,100.0
TREE_07255,37.51639437,127.0788943,tree,100.0
TREE_07256,37.51118603,127.0787057,tree,100.0
TREE_07257,37.50791251,127.12062,tree,100.0
TREE_07258,37.51141021,127.1215906,tree,100.0
TREE_07259,37.50948339,127.0790767,tree,100.0
TREE_07260,37.51122132,127.0786916,tree,100.0
TREE_07261,37.50667025,127.1200414,tree,100.0
TREE_07262,37.51154112,127.0786458,tree,100.0
TREE_07263,37.51471363,127.1216539,tree,100.0
TREE_07264,37.51125248,127.1215719,tree,100.0
TREE_07265,37.51050915,127.1214396,tree,100.0
TREE_07266,37.527681,127.1118867,tree,100.0
TREE_07267,37.52854067,127.1100247,tree,100.0
TREE_07268,37.51432127,127.1216998,tree,100.0
TREE_07269,37.51708273,127.0790462,tree,100.0
TREE_07270,37.52915031,127.1083884,tree,100.0
TREE_07271,37.50779768,127.1206025,tree,100.0
TREE_07272,37.50874367,127.0792861,tree,100.0
TREE_07273,37.50672781,127.0801605,tree,100.0
TREE_07274,37.51397765,127.1217363,tree,100.0
TREE_07275,37.52765425,127.1119778,tree,100.0
TREE_07276,37.50672921,127.1201009,tree,100.0
TREE_07277,37.51146523,127.1216305,tree,100.0
TREE_07278,37.50255042,127.1169787,tree,100.0
TREE_07279,37.50149144,127.0844395,tree,100.0
TREE_07280,37.52909803,127.1085945,tree,100.0
TREE_07281,37.52859249,127.1099653,tree,100.0
TREE_07282,37.50678829,127.1201456,tree,100.0
TREE_07283,37.52762883,127.1120553,tree,100.0
TREE_07284,37.51727323,127.0790734,tree,100.0
TREE_07285,37.5063547,127.1199225,tree,100.0
TREE_07286,37.51469324,127.1217052,tree,100.0
TREE_07287,37.51459837,127.1217144,tree,100.0
TREE_07288,37.5247683,127.116248,tree,100.0
TREE_07289,37.51128445,127.1216316,tree,100.0
TREE_07290,37.51134801,127.1216461,tree,100.0
TREE_07291,37.50692033,127.1202369,tree,100.0
TREE_07292,37.52760373,127.1121461,tree,100.0
TREE_07293,37.50676168,127.0800905,tree,100.0
TREE_07294,37.51151883,127.1216831,tree,100.0
TREE_07295,37.51158685,127.1216944,tree,100.0
TREE_07296,37.51048569,127.1215128,tree,100.0
TREE_07297,37.50643597,127.0802566,tree,100.0
TREE_07298,37.51165276,127.1217072,tree,100.0
TREE_07299,37.51397711,127.121792,tree,100.0
TREE_07300,37.5163988,127.0787997,tree,100.0
TREE_07301,37.50720616,127.1204043,tree,100.0
TREE_07302,37.50708112,127.1203463,tree,100.0
TREE_07303,37.51406498,127.1217945,tree,100.0
TREE_07304,37.52758134,127.112231,tree,100.0
TREE_07305,37.51031848,127.1214881,tree,100.0
TREE_07306,37.50634038,127.1199609,tree,100.0
TREE_07307,37.50724944,127.1204321,tree,100.0
TREE_07308,37.51466785,127.1217534,tree,100.0
TREE_07309,37.51142559,127.1216919,tree,100.0
TREE_07310,37.50713975,127.1203819,tree,100.0
TREE_07311,37.50773476,127.1206578,tree,100.0
TREE_07312,37.5117075,127.1217355,tree,100.0
TREE_07313,37.50148648,127.0843497,tree,100.0
TREE_07314,37.51457019,127.1217737,tree,100.0
TREE_07315,37.50843312,127.079313,tree,100.0
TREE_07316,37.50731523,127.1204772,tree,100.0
TREE_07317,37.50848796,127.0792879,tree,100.0
TREE_07318,37.50854441,127.0792654,tree,100.0
TREE_07319,37.50737299,127.1205107,tree,100.0
TREE_07320,37.50836037,127.0793239,tree,100.0
TREE_07321,37.50672705,127.120203,tree,100.0
TREE_07322,37.50677864,127.1202325,tree,100.0
TREE_07323,37.52922373,127.1084439,tree,100.0
TREE_07324,37.50741863,127.1205461,tree,100.0
TREE_07325,37.51403559,127.1218363,tree,100.0
TREE_07326,37.50829617,127.079336,tree,100.0
TREE_07327,37.50824924,127.0793528,tree,100.0
TREE_07328,37.5114773,127.1217387,tree,100.0
TREE_07329,37.50645601,127.080186,tree,100.0
TREE_07330,37.52753371,127.1124023,tree,100.0
TREE_07331,37.50826947,127.0793427,tree,100.0
TREE_07332,37.50747448,127.1205823,tree,100.0
TREE_07333,37.50632629,127.1200052,tree,100.0
TREE_07334,37.50820185,127.0793648,tree,100.0
TREE_07335,37.50822148,127.0793566,tree,100.0
TREE_07336,37.5170958,127.0789216,tree,100.0
TREE_07337,37.51729204,127.0789771,tree,100.0
TREE_07338,37.5139613,127.121854,tree,100.0
TREE_07339,37.50662355,127.1201723,tree,100.0
TREE_07340,37.50816293,127.0793751,tree,100.0
TREE_07341,37.50753028,127.1206161,tree,100.0
TREE_07342,37.5117396,127.1217857,tree,100.0
TREE_07343,37.52698189,127.1133858,tree,100.0
TREE_07344,37.50812972,127.0793814,tree,100.0
TREE_07345,37.51464287,127.1218155,tree,100.0
TREE_07346,37.52478451,127.1163702,tree,100.0
TREE_07347,37.50810528,127.0793851,tree,100.0
TREE_07348,37.51641727,127.0787292,tree,100.0
TREE_07349,37.50756793,127.1206477,tree,100.0
TREE_07350,37.50682034,127.1202944,tree,100.0
TREE_07351,37.51454611,127.121833,tree,100.0
TREE_07352,37.52751241,127.11249,tree,100.0
TREE_07353,37.51225738,127.0784072,tree,100.0
TREE_07354,37.51045996,127.121594,tree,100.0
TREE_07355,37.5076676,127.1206974,tree,100.0
TREE_07356,37.50804654,127.079398,tree,100.0
TREE_07357,37.50686018,127.1203212,tree,100.0
TREE_07358,37.50148126,127.0842631,tree,100.0
TREE_07359,37.51244872,127.0783841,tree,100.0
TREE_07360,37.50801411,127.0794037,tree,100.0
TREE_07361,37.5076182,127.1206881,tree,100.0
TREE_07362,37.51258753,127.0783729,tree,100.0
TREE_07363,37.51251616,127.0783759,tree,100.0
TREE_07364,37.50647362,127.0801278,tree,100.0
TREE_07365,37.51402575,127.1218908,tree,100.0
TREE_07366,37.51235881,127.0783796,tree,100.0
TREE_07367,37.50701042,127.1204142,tree,100.0
TREE_07368,37.51273984,127.0783532,tree,100.0
TREE_07369,37.50794947,127.0794129,tree,100.0
TREE_07370,37.5078987,127.0794314,tree,100.0
TREE_07371,37.50784963,127.1208054,tree,100.0
TREE_07372,37.51178615,127.1218357,tree,100.0
TREE_07373,37.52748973,127.1125909,tree,100.0
TREE_07374,37.50705158,127.1204482,tree,100.0
TREE_07375,37.51640872,127.078686,tree,100.0
TREE_07376,37.52479368,127.1164232,tree,100.0
TREE_07377,37.51268892,127.078341,tree,100.0
TREE_07378,37.51730196,127.0789148,tree,100.0
TREE_07379,37.52697275,127.1134991,tree,100.0
TREE_07380,37.50710114,127.120488,tree,100.0
TREE_07381,37.50782519,127.0794416,tree,100.0
TREE_07382,37.51462323,127.1218792,tree,100.0
TREE_07383,37.51395062,127.121929,tree,100.0
TREE_07384,37.50629989,127.1200769,tree,100.0
TREE_07385,37.51452441,127.1218912,tree,100.0
TREE_07386,37.51280678,127.0783209,tree,100.0
TREE_07387,37.52747263,127.1126646,tree,100.0
TREE_07388,37.51043577,127.1216515,tree,100.0
TREE_07389,37.50148454,127.0841853,tree,100.0
TREE_07390,37.50765569,127.0794977,tree,100.0
TREE_07391,37.50761424,127.0795132,tree,100.0
TREE_07392,37.51289276,127.0783049,tree,100.0
TREE_07393,37.51296428,127.0783015,tree,100.0
TREE_07394,37.50759132,127.0795189,tree,100.0
TREE_07395,37.50755745,127.0795323,tree,100.0
TREE_07396,37.51168533,127.1218727,tree,100.0
TREE_07397,37.50743967,127.0795749,tree,100.0
TREE_07398,37.5071768,127.1205622,tree,100.0
TREE_07399,37.50651398,127.1202292,tree,100.0
TREE_07400,37.50726937,127.1206106,tree,100.0
TREE_07401,37.51304101,127.0782788,tree,100.0
TREE_07402,37.50738846,127.0795835,tree,100.0
TREE_07403,37.50733915,127.079602,tree,100.0
TREE_07404,37.52481772,127.1164809,tree,100.0
TREE_07405,37.52696889,127.113604,tree,100.0
TREE_07406,37.51459167,127.1219395,tree,100.0
TREE_07407,37.51196016,127.121934,tree,100.0
TREE_07408,37.51711334,127.0787857,tree,100.0
TREE_07409,37.51641777,127.0786064,tree,100.0
TREE_07410,37.50149337,127.0840999,tree,100.0
TREE_07411,37.50744914,127.1207244,tree,100.0
TREE_07412,37.51731972,127.0788397,tree,100.0
TREE_07413,37.51450486,127.1219596,tree,100.0
TREE_07414,37.51025643,127.1216728,tree,100.0
TREE_07415,37.5274375,127.1128386,tree,100.0
TREE_07416,37.50727946,127.0795972,tree,100.0
TREE_07417,37.50751599,127.1207685,tree,100.0
TREE_07418,37.51313693,127.0782289,tree,100.0
TREE_07419,37.50771148,127.1208642,tree,100.0
TREE_07420,37.50722688,127.0796094,tree,100.0
TREE_07421,37.50757408,127.1208075,tree,100.0
TREE_07422,37.50764284,127.1208408,tree,100.0
TREE_07423,37.51322338,127.0782187,tree,100.0
TREE_07424,37.52483976,127.1165201,tree,100.0
TREE_07425,37.51389162,127.1220279,tree,100.0
TREE_07426,37.50718719,127.0796188,tree,100.0
TREE_07427,37.51205956,127.1219882,tree,100.0
TREE_07428,37.51022691,127.0785582,tree,100.0
TREE_07429,37.52696146,127.1136971,tree,100.0
TREE_07430,37.52742005,127.1129286,tree,100.0
TREE_07431,37.5133072,127.0782066,tree,100.0
TREE_07432,37.50652482,127.0799399,tree,100.0
TREE_07433,37.50249418,127.1173028,tree,100.0
TREE_07434,37.51183159,127.1219785,tree,100.0
TREE_07435,37.50961709,127.0786992,tree,100.0
TREE_07436,37.51072138,127.0784418,tree,100.0
TREE_07437,37.50952039,127.078724,tree,100.0
TREE_07438,37.50947334,127.0787357,tree,100.0
TREE_07439,37.51448363,127.1220118,tree,100.0
TREE_07440,37.52455879,127.1168587,tree,100.0
TREE_07441,37.51457073,127.1220062,tree,100.0
TREE_07442,37.50941559,127.0787484,tree,100.0
TREE_07443,37.51088798,127.0784048,tree,100.0
TREE_07444,37.51045047,127.0784878,tree,100.0
TREE_07445,37.50936474,127.0787587,tree,100.0
TREE_07446,37.51094025,127.0783906,tree,100.0
TREE_07447,37.51066592,127.0784413,tree,100.0
TREE_07448,37.51029015,127.078519,tree,100.0
TREE_07449,37.50625444,127.1201907,tree,100.0
TREE_07450,37.51056242,127.0784591,tree,100.0
TREE_07451,37.50930402,127.0787727,tree,100.0
TREE_07452,37.51336896,127.0781853,tree,100.0
TREE_07453,37.51039312,127.121765,tree,100.0
TREE_07454,37.51099462,127.0783786,tree,100.0
TREE_07455,37.51060762,127.0784492,tree,100.0
TREE_07456,37.51050772,127.0784697,tree,100.0
TREE_07457,37.5110415,127.0783673,tree,100.0
TREE_07458,37.50924438,127.0787855,tree,100.0
TREE_07459,37.51107568,127.0783583,tree,100.0
TREE_07460,37.50918867,127.0788001,tree,100.0
TREE_07461,37.50152278,127.0839634,tree,100.0
TREE_07462,37.51732848,127.0787675,tree,100.0
TREE_07463,37.52694799,127.1137768,tree,100.0
TREE_07464,37.52740533,127.1130157,tree,100.0
TREE_07465,37.51114397,127.0783438,tree,100.0
TREE_07466,37.50913418,127.0788121,tree,100.0
TREE_07467,37.51642346,127.078527,tree,100.0
TREE_07468,37.50254471,127.1173941,tree,100.0
TREE_07469,37.51119671,127.078332,tree,100.0
TREE_07470,37.50908955,127.0788211,tree,100.0
TREE_07471,37.5138823,127.1220777,tree,100.0
TREE_07472,37.50904131,127.0788355,tree,100.0
TREE_07473,37.51124364,127.0783188,tree,100.0
TREE_07474,37.50898737,127.0788475,tree,100.0
TREE_07475,37.51130874,127.0783049,tree,100.0
TREE_07476,37.513916,127.1220864,tree,100.0
TREE_07477,37.51218809,127.1220557,tree,100.0
TREE_07478,37.50892355,127.0788618,tree,100.0
TREE_07479,37.50887391,127.0788756,tree,100.0
TREE_07480,37.50257728,127.1174545,tree,100.0
TREE_07481,37.50881629,127.0788877,tree,100.0
TREE_07482,37.51455047,127.1220633,tree,100.0
TREE_07483,37.52739044,127.1131062,tree,100.0
TREE_07484,37.52693237,127.1138676,tree,100.0
TREE_07485,37.50867852,127.0789197,tree,100.0
TREE_07486,37.51021481,127.1217798,tree,100.0
TREE_07487,37.50262067,127.1175208,tree,100.0
TREE_07488,37.50864656,127.078926,tree,100.0
TREE_07489,37.52924614,127.1090889,tree,100.0
TREE_07490,37.50860537,127.0789355,tree,100.0
TREE_07491,37.50854753,127.0789544,tree,100.0
TREE_07492,37.50154371,127.0838602,tree,100.0
TREE_07493,37.50622588,127.120254,tree,100.0
TREE_07494,37.50645098,127.1203787,tree,100.0
TREE_07495,37.51703839,127.0786192,tree,100.0
TREE_07496,37.51200652,127.1220868,tree,100.0
TREE_07497,37.50849355,127.078961,tree,100.0
TREE_07498,37.51037013,127.1218371,tree,100.0
TREE_07499,37.51446764,127.1221024,tree,100.0
TREE_07500,37.50844996,127.0789734,tree,100.0
TREE_07501,37.51385336,127.1221412,tree,100.0
TREE_07502,37.51390075,127.1221412,tree,100.0
TREE_07503,37.50839178,127.0789878,tree,100.0
TREE_07504,37.5026638,127.1176028,tree,100.0
TREE_07505,37.52737824,127.1131962,tree,100.0
TREE_07506,37.50827885,127.079023,tree,100.0
TREE_07507,37.51125721,127.0782425,tree,100.0
TREE_07508,37.51345172,127.078089,tree,100.0
TREE_07509,37.50833691,127.0789982,tree,100.0
TREE_07510,37.50269516,127.1176458,tree,100.0
TREE_07511,37.51130144,127.0782313,tree,100.0
TREE_07512,37.50656804,127.0797876,tree,100.0
TREE_07513,37.51686011,127.0785453,tree,100.0
TREE_07514,37.51133157,127.0782223,tree,100.0
TREE_07515,37.5269158,127.1139759,tree,100.0
TREE_07516,37.50156507,127.0837861,tree,100.0
TREE_07517,37.51451892,127.1221271,tree,100.0
TREE_07518,37.52465097,127.1169166,tree,100.0
TREE_07519,37.51644307,127.0784311,tree,100.0
TREE_07520,37.50822526,127.0790238,tree,100.0
TREE_07521,37.50817095,127.0790426,tree,100.0
TREE_07522,37.51211642,127.1221356,tree,100.0
TREE_07523,37.51352687,127.0780697,tree,100.0
TREE_07524,37.51734613,127.0786614,tree,100.0
TREE_07525,37.50273354,127.1177127,tree,100.0
TREE_07526,37.51366493,127.0780684,tree,100.0
TREE_07527,37.5081171,127.0790562,tree,100.0
TREE_07528,37.51380908,127.0780703,tree,100.0
TREE_07529,37.51237879,127.1221654,tree,100.0
TREE_07530,37.51349147,127.0780611,tree,100.0
TREE_07531,37.51357288,127.0780629,tree,100.0
TREE_07532,37.50806607,127.0790702,tree,100.0
TREE_07533,37.52736497,127.1132843,tree,100.0
TREE_07534,37.52690146,127.1140376,tree,100.0
TREE_07535,37.5015834,127.0837291,tree,100.0
TREE_07536,37.52492396,127.1166481,tree,100.0
TREE_07537,37.50642905,127.1204329,tree,100.0
TREE_07538,37.50620563,127.120312,tree,100.0
TREE_07539,37.51018689,127.121857,tree,100.0
TREE_07540,37.51383676,127.1222004,tree,100.0
TREE_07541,37.50801343,127.0790785,tree,100.0
TREE_07542,37.52467266,127.1169302,tree,100.0
TREE_07543,37.5138834,127.1222001,tree,100.0
TREE_07544,37.50240035,127.1174125,tree,100.0
TREE_07545,37.51443943,127.1221722,tree,100.0
TREE_07546,37.51373005,127.0780424,tree,100.0
TREE_07547,37.50796089,127.0790888,tree,100.0
TREE_07548,37.51704939,127.0785442,tree,100.0
TREE_07549,37.510345,127.1219083,tree,100.0
TREE_07550,37.5121885,127.1221817,tree,100.0
TREE_07551,37.50790803,127.0791043,tree,100.0
TREE_07552,37.50244312,127.1174773,tree,100.0
TREE_07553,37.50160147,127.0836629,tree,100.0
TREE_07554,37.50641703,127.120462,tree,100.0
TREE_07555,37.5078531,127.0791137,tree,100.0
TREE_07556,37.51451881,127.1221877,tree,100.0
TREE_07557,37.52688132,127.114134,tree,100.0
TREE_07558,37.50276769,127.1178085,tree,100.0
TREE_07559,37.50779343,127.0791314,tree,100.0
TREE_07560,37.51239709,127.0780402,tree,100.0
TREE_07561,37.51220014,127.078054,tree,100.0
TREE_07562,37.51734367,127.0786034,tree,100.0
TREE_07563,37.52932521,127.1091479,tree,100.0
TREE_07564,37.50248806,127.1175475,tree,100.0
TREE_07565,37.51223981,127.0780455,tree,100.0
TREE_07566,37.50774587,127.0791433,tree,100.0
TREE_07567,37.51249271,127.0780264,tree,100.0
TREE_07568,37.51254212,127.0780197,tree,100.0
TREE_07569,37.51217175,127.0780437,tree,100.0
TREE_07570,37.51228422,127.0780345,tree,100.0
TREE_07571,37.51213158,127.0780454,tree,100.0
TREE_07572,37.51246411,127.1222378,tree,100.0
TREE_07573,37.51381727,127.1222566,tree,100.0
TREE_07574,37.51441306,127.1222222,tree,100.0
TREE_07575,37.51386528,127.1222553,tree,100.0
TREE_07576,37.50767791,127.0791577,tree,100.0
TREE_07577,37.50162272,127.0835996,tree,100.0
TREE_07578,37.51261021,127.0780043,tree,100.0
TREE_07579,37.5076243,127.0791707,tree,100.0
TREE_07580,37.5247337,127.1169535,tree,100.0
TREE_07581,37.51032259,127.1219588,tree,100.0
TREE_07582,37.52734174,127.1134618,tree,100.0
TREE_07583,37.51267365,127.0779873,tree,100.0
TREE_07584,37.50282619,127.1179179,tree,100.0
TREE_07585,37.502524,127.1176303,tree,100.0
TREE_07586,37.51212842,127.078018,tree,100.0
TREE_07587,37.51706042,127.0784791,tree,100.0
TREE_07588,37.50755735,127.0791854,tree,100.0
TREE_07589,37.51251394,127.1222716,tree,100.0
TREE_07590,37.51239231,127.0779914,tree,100.0
TREE_07591,37.51274821,127.077972,tree,100.0
TREE_07592,37.51688332,127.07842,tree,100.0
TREE_07593,37.51279451,127.0779611,tree,100.0
TREE_07594,37.50749573,127.0791968,tree,100.0
TREE_07595,37.52682448,127.1143222,tree,100.0
TREE_07596,37.52497621,127.1167252,tree,100.0
TREE_07597,37.51215833,127.0779945,tree,100.0
TREE_07598,37.51234495,127.1222777,tree,100.0
TREE_07599,37.52733047,127.1135314,tree,100.0
TREE_07600,37.50255829,127.117698,tree,100.0
TREE_07601,37.51645218,127.0782993,tree,100.0
TREE_07602,37.51222263,127.0779833,tree,100.0
TREE_07603,37.51218841,127.077983,tree,100.0
TREE_07604,37.51383964,127.1223147,tree,100.0
TREE_07605,37.51735579,127.0785269,tree,100.0
TREE_07606,37.50737866,127.079227,tree,100.0
TREE_07607,37.5267915,127.1144097,tree,100.0
TREE_07608,37.51206354,127.0779801,tree,100.0
TREE_07609,37.50259916,127.1177616,tree,100.0
TREE_07610,37.51377735,127.1223267,tree,100.0
TREE_07611,37.51286541,127.0779287,tree,100.0
TREE_07612,37.51449034,127.1222858,tree,100.0
TREE_07613,37.50733152,127.0792348,tree,100.0
TREE_07614,37.51292611,127.0779202,tree,100.0
TREE_07615,37.51433975,127.0779516,tree,100.0
TREE_07616,37.50726779,127.0792542,tree,100.0
TREE_07617,37.51238323,127.0779381,tree,100.0
TREE_07618,37.52499987,127.1167564,tree,100.0
TREE_07619,37.52676043,127.1144946,tree,100.0
TREE_07620,37.51298272,127.0779046,tree,100.0
TREE_07621,37.51251257,127.1223355,tree,100.0
TREE_07622,37.51305312,127.0778996,tree,100.0
TREE_07623,37.51203601,127.0779546,tree,100.0
TREE_07624,37.51708271,127.0784111,tree,100.0
TREE_07625,37.50721582,127.0792622,tree,100.0
TREE_07626,37.50716118,127.0792834,tree,100.0
TREE_07627,37.50263947,127.1178424,tree,100.0
TREE_07628,37.52480759,127.1169923,tree,100.0
TREE_07629,37.50166903,127.0834123,tree,100.0
TREE_07630,37.51270303,127.1223575,tree,100.0
TREE_07631,37.50297701,127.1181601,tree,100.0
TREE_07632,37.52940659,127.1092239,tree,100.0
TREE_07633,37.51318766,127.0778845,tree,100.0
TREE_07634,37.52673047,127.1145755,tree,100.0
TREE_07635,37.51374938,127.1223768,tree,100.0
TREE_07636,37.50197659,127.1171963,tree,100.0
TREE_07637,37.51379594,127.1223763,tree,100.0
TREE_07638,37.5071129,127.0792862,tree,100.0
TREE_07639,37.52959306,127.1087164,tree,100.0
TREE_07640,37.51313018,127.0778701,tree,100.0
TREE_07641,37.51450765,127.0779206,tree,100.0
TREE_07642,37.51334813,127.0778669,tree,100.0
TREE_07643,37.51256222,127.1223711,tree,100.0
TREE_07644,37.51441041,127.0779091,tree,100.0
TREE_07645,37.50211234,127.1173493,tree,100.0
TREE_07646,37.50613666,127.1204779,tree,100.0
TREE_07647,37.5026759,127.1179101,tree,100.0
TREE_07648,37.52670794,127.1146343,tree,100.0
TREE_07649,37.50705711,127.0793012,tree,100.0
TREE_07650,37.5132578,127.0778585,tree,100.0
TREE_07651,37.51737018,127.0784547,tree,100.0
TREE_07652,37.51462269,127.0779181,tree,100.0
TREE_07653,37.5016865,127.083337,tree,100.0
TREE_07654,37.52503402,127.1168038,tree,100.0
TREE_07655,37.51275758,127.1224046,tree,100.0
TREE_07656,37.52485778,127.1170087,tree,100.0
TREE_07657,37.50635393,127.1206282,tree,100.0
TREE_07658,37.51645037,127.0781887,tree,100.0
TREE_07659,37.5134332,127.0778333,tree,100.0
TREE_07660,37.50313885,127.0818719,tree,100.0
TREE_07661,37.51235677,127.0778524,tree,100.0
TREE_07662,37.51026696,127.1221103,tree,100.0
TREE_07663,37.51709032,127.0783318,tree,100.0
TREE_07664,37.50309096,127.1183505,tree,100.0
TREE_07665,37.52729937,127.1137942,tree,100.0
TREE_07666,37.51370976,127.1224383,tree,100.0
TREE_07667,37.51691267,127.0782776,tree,100.0
TREE_07668,37.50611798,127.1205292,tree,100.0
TREE_07669,37.50170248,127.0832653,tree,100.0
TREE_07670,37.51349109,127.0777996,tree,100.0
TREE_07671,37.51376464,127.1224522,tree,100.0
TREE_07672,37.50308356,127.0818915,tree,100.0
TREE_07673,37.51266868,127.1224469,tree,100.0
TREE_07674,37.50312472,127.1184157,tree,100.0
TREE_07675,37.51356548,127.0777849,tree,100.0
TREE_07676,37.50278499,127.1181199,tree,100.0
TREE_07677,37.52728596,127.1138856,tree,100.0
TREE_07678,37.51009241,127.1221165,tree,100.0
TREE_07679,37.51473332,127.0778414,tree,100.0
TREE_07680,37.5173879,127.0783683,tree,100.0
TREE_07681,37.5296698,127.1087556,tree,100.0
TREE_07682,37.50301779,127.0819123,tree,100.0
TREE_07683,37.51233565,127.0777984,tree,100.0
TREE_07684,37.50320111,127.0817461,tree,100.0
TREE_07685,37.50633002,127.1206953,tree,100.0
TREE_07686,37.50610501,127.1205711,tree,100.0
TREE_07687,37.52949243,127.1092885,tree,100.0
TREE_07688,37.50282171,127.1181791,tree,100.0
TREE_07689,37.50171953,127.0831801,tree,100.0
TREE_07690,37.51364395,127.0777557,tree,100.0
TREE_07691,37.50316124,127.1184904,tree,100.0
TREE_07692,37.52491604,127.1170605,tree,100.0
TREE_07693,37.51375955,127.1225083,tree,100.0
TREE_07694,37.51480516,127.0778185,tree,100.0
TREE_07695,37.50296074,127.081927,tree,100.0
TREE_07696,37.52727188,127.1139668,tree,100.0
TREE_07697,37.51292258,127.1225206,tree,100.0
TREE_07698,37.50285507,127.1182425,tree,100.0
TREE_07699,37.5102398,127.1221948,tree,100.0
TREE_07700,37.50321031,127.1185717,tree,100.0
TREE_07701,37.50173476,127.0831109,tree,100.0
TREE_07702,37.50321775,127.081665,tree,100.0
TREE_07703,37.50290075,127.0819478,tree,100.0
TREE_07704,37.51386527,127.0777186,tree,100.0
TREE_07705,37.51646611,127.0780646,tree,100.0
TREE_07706,37.50631142,127.1207459,tree,100.0
TREE_07707,37.50289875,127.1183134,tree,100.0
TREE_07708,37.51281221,127.1225437,tree,100.0
TREE_07709,37.51379374,127.0777124,tree,100.0
TREE_07710,37.5128736,127.1225506,tree,100.0
TREE_07711,37.51230968,127.0777346,tree,100.0
TREE_07712,37.52725629,127.1140588,tree,100.0
TREE_07713,37.50326449,127.1186566,tree,100.0
TREE_07714,37.50292821,127.1183668,tree,100.0
TREE_07715,37.50284039,127.0819687,tree,100.0
TREE_07716,37.50331431,127.1187114,tree,100.0
TREE_07717,37.51370187,127.1225732,tree,100.0
TREE_07718,37.51022325,127.1222466,tree,100.0
TREE_07719,37.51398513,127.0776884,tree,100.0
TREE_07720,37.51373433,127.1225795,tree,100.0
TREE_07721,37.50607165,127.1206516,tree,100.0
TREE_07722,37.50302979,127.0817801,tree,100.0
TREE_07723,37.50306412,127.0817465,tree,100.0
TREE_07724,37.5017529,127.0830263,tree,100.0
TREE_07725,37.52974431,127.1087977,tree,100.0
TREE_07726,37.51489576,127.0777512,tree,100.0
TREE_07727,37.5140731,127.0776799,tree,100.0
TREE_07728,37.50323496,127.0815876,tree,100.0
TREE_07729,37.50278825,127.0819822,tree,100.0
TREE_07730,37.50297237,127.1184418,tree,100.0
TREE_07731,37.52955803,127.1093674,tree,100.0
TREE_07732,37.50308846,127.0817094,tree,100.0
TREE_07733,37.50297943,127.0818052,tree,100.0
TREE_07734,37.51295245,127.1226052,tree,100.0
TREE_07735,37.50334089,127.1187718,tree,100.0
TREE_07736,37.50338148,127.118812,tree,100.0
TREE_07737,37.51694362,127.0781091,tree,100.0
TREE_07738,37.52500279,127.117115,tree,100.0
TREE_07739,37.51163368,127.0777341,tree,100.0
TREE_07740,37.50311243,127.0816578,tree,100.0
TREE_07741,37.50293377,127.081817,tree,100.0
TREE_07742,37.51366864,127.1226269,tree,100.0
TREE_07743,37.51315448,127.1226301,tree,100.0
TREE_07744,37.50301183,127.118514,tree,100.0
TREE_07745,37.51509832,127.0777355,tree,100.0
TREE_07746,37.50176964,127.0829521,tree,100.0
TREE_07747,37.50343658,127.1188843,tree,100.0
TREE_07748,37.50272,127.0820009,tree,100.0
TREE_07749,37.51495096,127.0777127,tree,100.0
TREE_07750,37.52721494,127.114248,tree,100.0
TREE_07751,37.50350168,127.1189489,tree,100.0
TREE_07752,37.50355421,127.1189922,tree,100.0
TREE_07753,37.51502865,127.0777158,tree,100.0
TREE_07754,37.50289302,127.0818325,tree,100.0
TREE_07755,37.50605568,127.1207101,tree,100.0
TREE_07756,37.51372351,127.1226429,tree,100.0
TREE_07757,37.5030438,127.1185667,tree,100.0
TREE_07758,37.50626585,127.1208321,tree,100.0
TREE_07759,37.50360769,127.1190472,tree,100.0
TREE_07760,37.51298268,127.1226513,tree,100.0
TREE_07761,37.51520379,127.0777293,tree,100.0
TREE_07762,37.5041751,127.1194924,tree,100.0
TREE_07763,37.51647072,127.0779585,tree,100.0
TREE_07764,37.50325034,127.0815072,tree,100.0
TREE_07765,37.50422587,127.1195333,tree,100.0
TREE_07766,37.50412976,127.1194651,tree,100.0
TREE_07767,37.50312858,127.0816046,tree,100.0
TREE_07768,37.51019394,127.1223185,tree,100.0
TREE_07769,37.50365404,127.1190951,tree,100.0
TREE_07770,37.50395991,127.1193373,tree,100.0
TREE_07771,37.50401592,127.1193815,tree,100.0
TREE_07772,37.50284957,127.081844,tree,100.0
TREE_07773,37.50390429,127.1193043,tree,100.0
TREE_07774,37.52719414,127.1143304,tree,100.0
TREE_07775,37.50378525,127.1192149,tree,100.0
TREE_07776,37.50386003,127.1192765,tree,100.0
TREE_07777,37.5040709,127.1194402,tree,100.0
TREE_07778,37.50644209,127.079302,tree,100.0
TREE_07779,37.52627525,127.1156655,tree,100.0
TREE_07780,37.51427141,127.0776082,tree,100.0
TREE_07781,37.51307502,127.1226813,tree,100.0
TREE_07782,37.50178576,127.0828729,tree,100.0
TREE_07783,37.5027924,127.0818637,tree,100.0
TREE_07784,37.50430457,127.1196379,tree,100.0
TREE_07785,37.52982105,127.1088383,tree,100.0
TREE_07786,37.50314658,127.1187213,tree,100.0
TREE_07787,37.51418971,127.0775789,tree,100.0
TREE_07788,37.5296281,127.1094307,tree,100.0
TREE_07789,37.50314541,127.0815279,tree,100.0
TREE_07790,37.50275183,127.0818774,tree,100.0
TREE_07791,37.5120942,127.0775934,tree,100.0
TREE_07792,37.51161503,127.077637,tree,100.0
TREE_07793,37.51205776,127.0775884,tree,100.0
TREE_07794,37.50180233,127.0827983,tree,100.0
TREE_07795,37.51142179,127.0776524,tree,100.0
TREE_07796,37.50319297,127.1187962,tree,100.0
TREE_07797,37.51202652,127.0775807,tree,100.0
TREE_07798,37.50270782,127.0818911,tree,100.0
TREE_07799,37.51001856,127.1223544,tree,100.0
TREE_07800,37.5164862,127.0778736,tree,100.0
TREE_07801,37.51696573,127.0779909,tree,100.0
TREE_07802,37.51016654,127.1223976,tree,100.0
TREE_07803,37.51316778,127.1227501,tree,100.0
TREE_07804,37.50172103,127.1174071,tree,100.0
TREE_07805,37.50640273,127.0792435,tree,100.0
TREE_07806,37.50323525,127.1188571,tree,100.0
TREE_07807,37.52712,127.1145764,tree,100.0
TREE_07808,37.5026636,127.081906,tree,100.0
TREE_07809,37.50316114,127.0814574,tree,100.0
TREE_07810,37.5136253,127.1227632,tree,100.0
TREE_07811,37.50181814,127.0827209,tree,100.0
TREE_07812,37.52709485,127.1146479,tree,100.0
TREE_07813,37.51000279,127.1223926,tree,100.0
TREE_07814,37.50327947,127.1189242,tree,100.0
TREE_07815,37.50262169,127.0819183,tree,100.0
TREE_07816,37.50662037,127.0790967,tree,100.0
TREE_07817,37.5034124,127.1190461,tree,100.0
TREE_07818,37.51141147,127.0775941,tree,100.0
TREE_07819,37.52609133,127.1160701,tree,100.0
TREE_07820,37.51457216,127.0775149,tree,100.0
TREE_07821,37.51136465,127.0775916,tree,100.0
TREE_07822,37.50329945,127.0812909,tree,100.0
TREE_07823,37.50239169,127.0821104,tree,100.0
TREE_07824,37.5033249,127.1189893,tree,100.0
TREE_07825,37.50257548,127.0819317,tree,100.0
TREE_07826,37.52706046,127.1147435,tree,100.0
TREE_07827,37.50317843,127.0813803,tree,100.0
TREE_07828,37.51460823,127.0775046,tree,100.0
TREE_07829,37.5016771,127.1174399,tree,100.0
TREE_07830,37.5164814,127.0778004,tree,100.0
TREE_07831,37.51448549,127.0774897,tree,100.0
TREE_07832,37.51698237,127.077918,tree,100.0
TREE_07833,37.50183412,127.0826445,tree,100.0
TREE_07834,37.51013818,127.1224674,tree,100.0
TREE_07835,37.50635904,127.0791941,tree,100.0
TREE_07836,37.50598859,127.1208619,tree,100.0
TREE_07837,37.50253304,127.0819443,tree,100.0
TREE_07838,37.5146781,127.0774963,tree,100.0
TREE_07839,37.52703013,127.1148222,tree,100.0
TREE_07840,37.51743854,127.0780356,tree,100.0
TREE_07841,37.52970271,127.1095067,tree,100.0
TREE_07842,37.50232335,127.082131,tree,100.0
TREE_07843,37.50619426,127.121,tree,100.0
TREE_07844,37.51159853,127.0775158,tree,100.0
TREE_07845,37.50248933,127.0819619,tree,100.0
TREE_07846,37.52602025,127.1162275,tree,100.0
TREE_07847,37.51135774,127.0775455,tree,100.0
TREE_07848,37.51455674,127.0774646,tree,100.0
TREE_07849,37.51445549,127.0774525,tree,100.0
TREE_07850,37.50180182,127.1176225,tree,100.0
TREE_07851,37.50368869,127.119348,tree,100.0
TREE_07852,37.51192401,127.0774721,tree,100.0
TREE_07853,37.50658164,127.0790428,tree,100.0
TREE_07854,37.50515585,127.1204036,tree,100.0
TREE_07855,37.51140121,127.0775264,tree,100.0
TREE_07856,37.50997036,127.1224674,tree,100.0
TREE_07857,37.50331682,127.0812046,tree,100.0
TREE_07858,37.51477328,127.0774707,tree,100.0
TREE_07859,37.50164877,127.1174723,tree,100.0
TREE_07860,37.5024502,127.0819752,tree,100.0
TREE_07861,37.52695717,127.1149861,tree,100.0
TREE_07862,37.5031932,127.0813023,tree,100.0
TREE_07863,37.50185141,127.0825661,tree,100.0
TREE_07864,37.50226281,127.0821508,tree,100.0
TREE_07865,37.52598449,127.116307,tree,100.0
TREE_07866,37.51458453,127.0774441,tree,100.0
TREE_07867,37.50408453,127.1196748,tree,100.0
TREE_07868,37.50375177,127.1194207,tree,100.0
TREE_07869,37.50417535,127.1197457,tree,100.0
TREE_07870,37.50402617,127.1196331,tree,100.0
TREE_07871,37.51461976,127.0774402,tree,100.0
TREE_07872,37.50413392,127.1197194,tree,100.0
TREE_07873,37.51487636,127.0774647,tree,100.0
TREE_07874,37.5148371,127.0774589,tree,100.0
TREE_07875,37.50595323,127.1209071,tree,100.0
TREE_07876,37.50395755,127.1195905,tree,100.0
TREE_07877,37.52692729,127.1150569,tree,100.0
TREE_07878,37.50241256,127.0819858,tree,100.0
TREE_07879,37.50178043,127.1176396,tree,100.0
TREE_07880,37.50422503,127.1197935,tree,100.0
TREE_07881,37.51347399,127.1228855,tree,100.0
TREE_07882,37.50383878,127.1195078,tree,100.0
TREE_07883,37.50389594,127.1195514,tree,100.0
TREE_07884,37.51668048,127.07777,tree,100.0
TREE_07885,37.5169917,127.0778486,tree,100.0
TREE_07886,37.50379251,127.1194739,tree,100.0
TREE_07887,37.50428635,127.1198495,tree,100.0
TREE_07888,37.50432825,127.1198815,tree,100.0
TREE_07889,37.51745295,127.0779691,tree,100.0
TREE_07890,37.50542073,127.1206133,tree,100.0
TREE_07891,37.50529397,127.1205358,tree,100.0
TREE_07892,37.50220149,127.0821689,tree,100.0
TREE_07893,37.5043872,127.119931,tree,100.0
TREE_07894,37.50535531,127.1205759,tree,100.0
TREE_07895,37.51649699,127.0777111,tree,100.0
TREE_07896,37.52593815,127.1164122,tree,100.0
TREE_07897,37.50176411,127.1176508,tree,100.0
TREE_07898,37.51134711,127.0774873,tree,100.0
TREE_07899,37.5268841,127.1151554,tree,100.0
TREE_07900,37.50236753,127.0819981,tree,100.0
TREE_07901,37.50443616,127.1199763,tree,100.0
TREE_07902,37.50552276,127.1206897,tree,100.0
TREE_07903,37.50563195,127.1207547,tree,100.0
TREE_07904,37.50545844,127.1206521,tree,100.0
TREE_07905,37.5055776,127.1207234,tree,100.0
TREE_07906,37.50450032,127.1200251,tree,100.0
TREE_07907,37.50332899,127.0811304,tree,100.0
TREE_07908,37.5056881,127.1207911,tree,100.0
TREE_07909,37.50654599,127.0789959,tree,100.0
TREE_07910,37.5146822,127.0774049,tree,100.0
TREE_07911,37.52685294,127.1152212,tree,100.0
TREE_07912,37.51578595,127.0775534,tree,100.0
TREE_07913,37.50187001,127.0824781,tree,100.0
TREE_07914,37.51494004,127.0774302,tree,100.0
TREE_07915,37.50321167,127.0812193,tree,100.0
TREE_07916,37.50580813,127.1208711,tree,100.0
TREE_07917,37.52590834,127.1164764,tree,100.0
TREE_07918,37.51139008,127.0774602,tree,100.0
TREE_07919,37.50456076,127.1200864,tree,100.0
TREE_07920,37.50232244,127.0820128,tree,100.0
TREE_07921,37.50213573,127.0821942,tree,100.0
TREE_07922,37.51473627,127.0773964,tree,100.0
TREE_07923,37.50575256,127.1208483,tree,100.0
TREE_07924,37.51478067,127.0773996,tree,100.0
TREE_07925,37.52977165,127.10957,tree,100.0
TREE_07926,37.50462007,127.1201385,tree,100.0
TREE_07927,37.50629102,127.0791011,tree,100.0
TREE_07928,37.51157879,127.077419,tree,100.0
TREE_07929,37.50466983,127.1201779,tree,100.0
TREE_07930,37.51191473,127.077382,tree,100.0
TREE_07931,37.51602345,127.077571,tree,100.0
TREE_07932,37.50470048,127.1202021,tree,100.0
TREE_07933,37.50588256,127.1209401,tree,100.0
TREE_07934,37.52586437,127.1165671,tree,100.0
TREE_07935,37.51700556,127.0777863,tree,100.0
TREE_07936,37.50227912,127.0820267,tree,100.0
TREE_07937,37.51352979,127.1229542,tree,100.0
TREE_07938,37.517464,127.077911,tree,100.0
TREE_07939,37.51499583,127.0773977,tree,100.0
TREE_07940,37.50477759,127.1202689,tree,100.0
TREE_07941,37.51133788,127.0774324,tree,100.0
TREE_07942,37.52677156,127.1154018,tree,100.0
TREE_07943,37.50207204,127.0822147,tree,100.0
TREE_07944,37.50188696,127.0824016,tree,100.0
TREE_07945,37.50334881,127.0810512,tree,100.0
TREE_07946,37.51481862,127.0773698,tree,100.0
TREE_07947,37.5158615,127.0775156,tree,100.0
TREE_07948,37.50322759,127.0811476,tree,100.0
TREE_07949,37.50171668,127.1176882,tree,100.0
TREE_07950,37.5258308,127.1166387,tree,100.0
TREE_07951,37.50644798,127.1212742,tree,100.0
TREE_07952,37.50482116,127.1203139,tree,100.0
TREE_07953,37.51594488,127.0775266,tree,100.0
TREE_07954,37.51486034,127.0773667,tree,100.0
TREE_07955,37.50650734,127.078947,tree,100.0
TREE_07956,37.50222377,127.0820465,tree,100.0
TREE_07957,37.52674261,127.1154702,tree,100.0
TREE_07958,37.51492889,127.0773654,tree,100.0
TREE_07959,37.51489357,127.0773602,tree,100.0
TREE_07960,37.51137959,127.077401,tree,100.0
TREE_07961,37.50492659,127.1204095,tree,100.0
TREE_07962,37.51496771,127.0773545,tree,100.0
TREE_07963,37.51649767,127.0776134,tree,100.0
TREE_07964,37.50200177,127.0822386,tree,100.0
TREE_07965,37.52670841,127.1155503,tree,100.0
TREE_07966,37.50190856,127.082329,tree,100.0
TREE_07967,37.51498933,127.0773503,tree,100.0
TREE_07968,37.50497441,127.1204523,tree,100.0
TREE_07969,37.50217495,127.0820597,tree,100.0
TREE_07970,37.50667465,127.1214276,tree,100.0
TREE_07971,37.52579911,127.1167278,tree,100.0
TREE_07972,37.50336482,127.080979,tree,100.0
TREE_07973,37.50194952,127.0822704,tree,100.0
TREE_07974,37.51132789,127.0773755,tree,100.0
TREE_07975,37.50501959,127.1204967,tree,100.0
TREE_07976,37.5032437,127.0810731,tree,100.0
TREE_07977,37.51606002,127.0774994,tree,100.0
TREE_07978,37.5150238,127.0773351,tree,100.0
TREE_07979,37.50167928,127.1177179,tree,100.0
TREE_07980,37.50676788,127.1214917,tree,100.0
TREE_07981,37.52667084,127.1156352,tree,100.0
TREE_07982,37.51189487,127.0773001,tree,100.0
TREE_07983,37.50507413,127.1205443,tree,100.0
TREE_07984,37.51521894,127.0773524,tree,100.0
TREE_07985,37.52575822,127.1168075,tree,100.0
TREE_07986,37.50211821,127.0820772,tree,100.0
TREE_07987,37.50512126,127.1205903,tree,100.0
TREE_07988,37.52984734,127.1096319,tree,100.0
TREE_07989,37.51509044,127.0773204,tree,100.0
TREE_07990,37.51701987,127.0776921,tree,100.0
TREE_07991,37.50517684,127.1206329,tree,100.0
TREE_07992,37.50683061,127.1215507,tree,100.0
TREE_07993,37.52572553,127.116876,tree,100.0
TREE_07994,37.51136862,127.0773341,tree,100.0
TREE_07995,37.50522851,127.1206695,tree,100.0
TREE_07996,37.50527822,127.1207032,tree,100.0
TREE_07997,37.5151231,127.0773124,tree,100.0
TREE_07998,37.50533484,127.1207408,tree,100.0
TREE_07999,37.50542841,127.1207991,tree,100.0
TREE_08000,37.51610973,127.0774636,tree,100.0
TREE_08001,37.5062136,127.0790032,tree,100.0
TREE_08002,37.50338267,127.0808989,tree,100.0
TREE_08003,37.51515488,127.0773058,tree,100.0
TREE_08004,37.51006494,127.122705,tree,100.0
TREE_08005,37.50989798,127.1226737,tree,100.0
TREE_08006,37.50149802,127.1175993,tree,100.0
TREE_08007,37.50580309,127.1210428,tree,100.0
TREE_08008,37.51131721,127.0773111,tree,100.0
TREE_08009,37.51748495,127.0777822,tree,100.0
TREE_08010,37.52656606,127.1158676,tree,100.0
TREE_08011,37.51410514,127.1230717,tree,100.0
TREE_08012,37.51622918,127.0774526,tree,100.0
TREE_08013,37.51643123,127.0774885,tree,100.0
TREE_08014,37.52565645,127.1170323,tree,100.0
TREE_08015,37.50642898,127.0788429,tree,100.0
TREE_08016,37.51416358,127.1230898,tree,100.0
TREE_08017,37.51647166,127.0774885,tree,100.0
TREE_08018,37.51135837,127.0772703,tree,100.0
TREE_08019,37.51524066,127.0772673,tree,100.0
TREE_08020,37.51188286,127.077208,tree,100.0
TREE_08021,37.50339701,127.0808243,tree,100.0
TREE_08022,37.50161916,127.1177815,tree,100.0
TREE_08023,37.50618073,127.0789613,tree,100.0
TREE_08024,37.51644136,127.0774757,tree,100.0
TREE_08025,37.52650709,127.1160059,tree,100.0
TREE_08026,37.51414277,127.1231074,tree,100.0
TREE_08027,37.50327377,127.0809154,tree,100.0
TREE_08028,37.50584226,127.1211197,tree,100.0
TREE_08029,37.50745234,127.1219168,tree,100.0
TREE_08030,37.50146121,127.1176312,tree,100.0
TREE_08031,37.52562445,127.1171044,tree,100.0
TREE_08032,37.50632402,127.1213924,tree,100.0
TREE_08033,37.52648341,127.1160572,tree,100.0
TREE_08034,37.50752159,127.1219651,tree,100.0
TREE_08035,37.50644521,127.121467,tree,100.0
TREE_08036,37.51408298,127.1231325,tree,100.0
TREE_08037,37.5113046,127.0772376,tree,100.0
TREE_08038,37.50651051,127.1215081,tree,100.0
TREE_08039,37.51345761,127.1231654,tree,100.0
TREE_08040,37.5063931,127.0787988,tree,100.0
TREE_08041,37.50761542,127.1220258,tree,100.0
TREE_08042,37.50656945,127.1215533,tree,100.0
TREE_08043,37.51002908,127.1228061,tree,100.0
TREE_08044,37.50329198,127.0808417,tree,100.0
TREE_08045,37.52642388,127.1161898,tree,100.0
TREE_08046,37.50668857,127.1216248,tree,100.0
TREE_08047,37.50769203,127.1220775,tree,100.0
TREE_08048,37.51134635,127.0772,tree,100.0
TREE_08049,37.51404528,127.1231761,tree,100.0
TREE_08050,37.50583521,127.1211882,tree,100.0
TREE_08051,37.52638709,127.1162784,tree,100.0
TREE_08052,37.50774662,127.1221203,tree,100.0
TREE_08053,37.51186602,127.0771191,tree,100.0
TREE_08054,37.51129655,127.0771871,tree,100.0
TREE_08055,37.50685603,127.121735,tree,100.0
TREE_08056,37.51564591,127.0772298,tree,100.0
TREE_08057,37.5155019,127.0772078,tree,100.0
TREE_08058,37.50140786,127.1176809,tree,100.0
TREE_08059,37.51703785,127.077523,tree,100.0
TREE_08060,37.50155199,127.1178392,tree,100.0
TREE_08061,37.50697492,127.1217997,tree,100.0
TREE_08062,37.50690847,127.1217692,tree,100.0
TREE_08063,37.51343269,127.1232243,tree,100.0
TREE_08064,37.5078145,127.1221638,tree,100.0
TREE_08065,37.51410354,127.123208,tree,100.0
TREE_08066,37.51574793,127.0772332,tree,100.0
TREE_08067,37.50325358,127.0808128,tree,100.0
TREE_08068,37.52635752,127.116348,tree,100.0
TREE_08069,37.51153414,127.0771335,tree,100.0
TREE_08070,37.50786501,127.1221934,tree,100.0
TREE_08071,37.50635517,127.078748,tree,100.0
TREE_08072,37.50703805,127.121846,tree,100.0
TREE_08073,37.51348595,127.1232415,tree,100.0
TREE_08074,37.50343711,127.0806458,tree,100.0
TREE_08075,37.50708798,127.1218764,tree,100.0
TREE_08076,37.50794129,127.1222354,tree,100.0
TREE_08077,37.50712973,127.1218983,tree,100.0
TREE_08078,37.51402062,127.1232328,tree,100.0
TREE_08079,37.52632168,127.1164226,tree,100.0
TREE_08080,37.51133628,127.0771382,tree,100.0
TREE_08081,37.51581664,127.0772199,tree,100.0
TREE_08082,37.50610314,127.0788588,tree,100.0
TREE_08083,37.51128779,127.0771402,tree,100.0
TREE_08084,37.50725113,127.1219668,tree,100.0
TREE_08085,37.5071967,127.1219422,tree,100.0
TREE_08086,37.51586151,127.0772079,tree,100.0
TREE_08087,37.50799612,127.1222854,tree,100.0
TREE_08088,37.51341284,127.1232775,tree,100.0
TREE_08089,37.52628948,127.1165012,tree,100.0
TREE_08090,37.50326017,127.0807465,tree,100.0
TREE_08091,37.50804052,127.1223128,tree,100.0
TREE_08092,37.50135574,127.1177203,tree,100.0
TREE_08093,37.50734266,127.1220357,tree,100.0
TREE_08094,37.50150044,127.117876,tree,100.0
TREE_08095,37.50632101,127.0787034,tree,100.0
TREE_08096,37.51590177,127.0771936,tree,100.0
TREE_08097,37.51344683,127.1232967,tree,100.0
TREE_08098,37.51408338,127.123277,tree,100.0
TREE_08099,37.50344763,127.0805751,tree,100.0
TREE_08100,37.51185285,127.0770316,tree,100.0
TREE_08101,37.50603453,127.1214097,tree,100.0
TREE_08102,37.52625437,127.1165818,tree,100.0
TREE_08103,37.50808326,127.1223545,tree,100.0
TREE_08104,37.51400002,127.1232937,tree,100.0
TREE_08105,37.51128035,127.0770885,tree,100.0
TREE_08106,37.50814006,127.1223798,tree,100.0
TREE_08107,37.50818214,127.1223948,tree,100.0
TREE_08108,37.51596514,127.0771867,tree,100.0
TREE_08109,37.50998668,127.1229365,tree,100.0
TREE_08110,37.50749762,127.1221332,tree,100.0
TREE_08111,37.51132559,127.0770728,tree,100.0
TREE_08112,37.50579336,127.1213007,tree,100.0
TREE_08113,37.51602026,127.077185,tree,100.0
TREE_08114,37.50821931,127.1224225,tree,100.0
TREE_08115,37.5262189,127.1166573,tree,100.0
TREE_08116,37.51606022,127.0771893,tree,100.0
TREE_08117,37.50830198,127.1224595,tree,100.0
TREE_08118,37.50757117,127.1221832,tree,100.0
TREE_08119,37.51609547,127.0771866,tree,100.0
TREE_08120,37.51338947,127.1233397,tree,100.0
TREE_08121,37.5172562,127.0774581,tree,100.0
TREE_08122,37.5032802,127.0806607,tree,100.0
TREE_08123,37.51752801,127.0775344,tree,100.0
TREE_08124,37.51612815,127.0771865,tree,100.0
TREE_08125,37.52619109,127.1167229,tree,100.0
TREE_08126,37.51707459,127.0773997,tree,100.0
TREE_08127,37.50765028,127.1222292,tree,100.0
TREE_08128,37.51616341,127.0771801,tree,100.0
TREE_08129,37.51127201,127.0770399,tree,100.0
TREE_08130,37.50628135,127.0786519,tree,100.0
TREE_08131,37.50130717,127.1177628,tree,100.0
TREE_08132,37.50601067,127.1214699,tree,100.0
TREE_08133,37.51341036,127.1233704,tree,100.0
TREE_08134,37.50603613,127.0787692,tree,100.0
TREE_08135,37.50772731,127.1222835,tree,100.0
TREE_08136,37.52615386,127.1168052,tree,100.0
TREE_08137,37.5099687,127.1229916,tree,100.0
TREE_08138,37.5140641,127.1233613,tree,100.0
TREE_08139,37.516227,127.0771689,tree,100.0
TREE_08140,37.51398278,127.1233715,tree,100.0
TREE_08141,37.50329389,127.0805918,tree,100.0
TREE_08142,37.5057702,127.1213619,tree,100.0
TREE_08143,37.5113124,127.0770039,tree,100.0
TREE_08144,37.51151093,127.0769774,tree,100.0
TREE_08145,37.51166504,127.0769546,tree,100.0
TREE_08146,37.53021073,127.1094644,tree,100.0
TREE_08147,37.51126587,127.0770022,tree,100.0
TREE_08148,37.52612164,127.1168775,tree,100.0
TREE_08149,37.50348183,127.0804272,tree,100.0
TREE_08150,37.50788913,127.1223798,tree,100.0
TREE_08151,37.50846661,127.1225937,tree,100.0
TREE_08152,37.5133796,127.1234189,tree,100.0
TREE_08153,37.51754688,127.0774551,tree,100.0
TREE_08154,37.50624346,127.0786016,tree,100.0
TREE_08155,37.52608571,127.1169592,tree,100.0
TREE_08156,37.50801645,127.1224552,tree,100.0
TREE_08157,37.51567162,127.0770168,tree,100.0
TREE_08158,37.50851147,127.1226344,tree,100.0
TREE_08159,37.50125875,127.1178049,tree,100.0
TREE_08160,37.50994761,127.1230478,tree,100.0
TREE_08161,37.51184639,127.0768936,tree,100.0
TREE_08162,37.51339646,127.1234375,tree,100.0
TREE_08163,37.51130462,127.0769544,tree,100.0
TREE_08164,37.50331231,127.0805137,tree,100.0
TREE_08165,37.51571502,127.0770123,tree,100.0
TREE_08166,37.50854988,127.1226632,tree,100.0
TREE_08167,37.51404305,127.1234284,tree,100.0
TREE_08168,37.50599039,127.078711,tree,100.0
TREE_08169,37.51395515,127.123438,tree,100.0
TREE_08170,37.50349498,127.0803558,tree,100.0
TREE_08171,37.50978285,127.1230262,tree,100.0
TREE_08172,37.52605025,127.1170385,tree,100.0
TREE_08173,37.5080813,127.122505,tree,100.0
TREE_08174,37.50859311,127.1226919,tree,100.0
TREE_08175,37.51575742,127.0770011,tree,100.0
TREE_08176,37.51125521,127.0769378,tree,100.0
TREE_08177,37.51636557,127.0771132,tree,100.0
TREE_08178,37.51563997,127.0769729,tree,100.0
TREE_08179,37.50574199,127.1214342,tree,100.0
TREE_08180,37.51755911,127.0774111,tree,100.0
TREE_08181,37.51336728,127.1234752,tree,100.0
TREE_08182,37.51579296,127.0769902,tree,100.0
TREE_08183,37.50814242,127.1225525,tree,100.0
TREE_08184,37.52601185,127.1171235,tree,100.0
TREE_08185,37.51641556,127.0771069,tree,100.0
TREE_08186,37.53027172,127.1095101,tree,100.0
TREE_08187,37.5086514,127.122737,tree,100.0
TREE_08188,37.50620513,127.0785523,tree,100.0
TREE_08189,37.50818709,127.1225792,tree,100.0
TREE_08190,37.5156078,127.076944,tree,100.0
TREE_08191,37.50871051,127.1227711,tree,100.0
TREE_08192,37.51646124,127.0770973,tree,100.0
TREE_08193,37.50332881,127.0804287,tree,100.0
TREE_08194,37.51582743,127.076972,tree,100.0
TREE_08195,37.51393276,127.1234919,tree,100.0
TREE_08196,37.52598035,127.1171969,tree,100.0
TREE_08197,37.50351087,127.0802752,tree,100.0
TREE_08198,37.50875611,127.1227985,tree,100.0
TREE_08199,37.50595256,127.0786605,tree,100.0
TREE_08200,37.51162955,127.0768356,tree,100.0
TREE_08201,37.51182868,127.0768128,tree,100.0
TREE_08202,37.51332612,127.1235222,tree,100.0
TREE_08203,37.51402297,127.123506,tree,100.0
TREE_08204,37.5097589,127.1230947,tree,100.0
TREE_08205,37.51128944,127.0768683,tree,100.0
TREE_08206,37.51757638,127.0773559,tree,100.0
TREE_08207,37.52595004,127.1172631,tree,100.0
TREE_08208,37.51335778,127.1235421,tree,100.0
TREE_08209,37.51657377,127.0770769,tree,100.0
TREE_08210,37.50616736,127.0785038,tree,100.0
TREE_08211,37.50353062,127.0802039,tree,100.0
TREE_08212,37.50334171,127.080348,tree,100.0
TREE_08213,37.51390248,127.1235506,tree,100.0
TREE_08214,37.50592134,127.0786235,tree,100.0
TREE_08215,37.5259155,127.1173513,tree,100.0
TREE_08216,37.49592171,127.1084385,tree,100.0
TREE_08217,37.5139967,127.1235519,tree,100.0
TREE_08218,37.49589887,127.1083681,tree,100.0
TREE_08219,37.49594119,127.1085107,tree,100.0
TREE_08220,37.53033213,127.1095515,tree,100.0
TREE_08221,37.49616672,127.1092305,tree,100.0
TREE_08222,37.50841512,127.1227483,tree,100.0
TREE_08223,37.51123734,127.0768294,tree,100.0
TREE_08224,37.5166176,127.0770575,tree,100.0
TREE_08225,37.49582466,127.1081358,tree,100.0
TREE_08226,37.49618632,127.1092976,tree,100.0
TREE_08227,37.49584329,127.1082066,tree,100.0
TREE_08228,37.49586667,127.1082897,tree,100.0
TREE_08229,37.50896869,127.1229337,tree,100.0
TREE_08230,37.51730833,127.0772273,tree,100.0
TREE_08231,37.4962593,127.1095205,tree,100.0
TREE_08232,37.49580179,127.1080744,tree,100.0
TREE_08233,37.49621238,127.1093871,tree,100.0
TREE_08234,37.49623296,127.1094507,tree,100.0
TREE_08235,37.51181837,127.0767491,tree,100.0
TREE_08236,37.51664861,127.0770505,tree,100.0
TREE_08237,37.50974035,127.1231557,tree,100.0
TREE_08238,37.49628095,127.1096066,tree,100.0
TREE_08239,37.5300515,127.1103652,tree,100.0
TREE_08240,37.51330636,127.1235925,tree,100.0
TREE_08241,37.51758855,127.0772936,tree,100.0
TREE_08242,37.50988963,127.1231962,tree,100.0
TREE_08243,37.49571582,127.1078028,tree,100.0
TREE_08244,37.49573274,127.107867,tree,100.0
TREE_08245,37.49577286,127.1080095,tree,100.0
TREE_08246,37.50907974,127.122982,tree,100.0
TREE_08247,37.50846435,127.1227863,tree,100.0
TREE_08248,37.5090271,127.1229667,tree,100.0
TREE_08249,37.5085008,127.1228026,tree,100.0
TREE_08250,37.51334529,127.1236011,tree,100.0
TREE_08251,37.49574674,127.1079408,tree,100.0
TREE_08252,37.51161631,127.0767518,tree,100.0
TREE_08253,37.51127696,127.0767932,tree,100.0
TREE_08254,37.5091112,127.1230033,tree,100.0
TREE_08255,37.49641653,127.1100328,tree,100.0
TREE_08256,37.5061308,127.0784551,tree,100.0
TREE_08257,37.50335251,127.0802769,tree,100.0
TREE_08258,37.51667287,127.0770264,tree,100.0
TREE_08259,37.49567397,127.1077269,tree,100.0
TREE_08260,37.50854173,127.1228389,tree,100.0
TREE_08261,37.4956342,127.1075842,tree,100.0
TREE_08262,37.49564955,127.107642,tree,100.0
TREE_08263,37.51387974,127.1236093,tree,100.0
TREE_08264,37.49561619,127.1075172,tree,100.0
TREE_08265,37.49643202,127.1101092,tree,100.0
TREE_08266,37.50861395,127.1228734,tree,100.0
TREE_08267,37.50865564,127.1229006,tree,100.0
TREE_08268,37.49651559,127.1103744,tree,100.0
TREE_08269,37.51181313,127.0766887,tree,100.0
TREE_08270,37.51326929,127.1236457,tree,100.0
TREE_08271,37.50590922,127.1217198,tree,100.0
TREE_08272,37.51395367,127.1236357,tree,100.0
TREE_08273,37.51759906,127.0772391,tree,100.0
TREE_08274,37.50869108,127.1229205,tree,100.0
TREE_08275,37.51332722,127.1236511,tree,100.0
TREE_08276,37.49654475,127.1104673,tree,100.0
TREE_08277,37.53039194,127.1095809,tree,100.0
TREE_08278,37.49557308,127.1074624,tree,100.0
TREE_08279,37.49656785,127.1105355,tree,100.0
TREE_08280,37.50567426,127.1216007,tree,100.0
TREE_08281,37.52585019,127.1175521,tree,100.0
TREE_08282,37.51670902,127.0769916,tree,100.0
TREE_08283,37.51126953,127.076737,tree,100.0
TREE_08284,37.50337641,127.0801982,tree,100.0
TREE_08285,37.49550982,127.1072434,tree,100.0
TREE_08286,37.49658798,127.1106101,tree,100.0
TREE_08287,37.49548808,127.1071689,tree,100.0
TREE_08288,37.51714052,127.0770889,tree,100.0
TREE_08289,37.49545312,127.1070539,tree,100.0
TREE_08290,37.49660721,127.1106853,tree,100.0
TREE_08291,37.50609263,127.0784057,tree,100.0
TREE_08292,37.51384875,127.1236696,tree,100.0
TREE_08293,37.49542903,127.1069723,tree,100.0
TREE_08294,37.51161183,127.0766719,tree,100.0
TREE_08295,37.49531429,127.106494,tree,100.0
TREE_08296,37.49532921,127.1065714,tree,100.0
TREE_08297,37.51760906,127.0772008,tree,100.0
TREE_08298,37.50588844,127.1217549,tree,100.0
TREE_08299,37.49540206,127.1068989,tree,100.0
TREE_08300,37.49662409,127.1107584,tree,100.0
TREE_08301,37.51121887,127.0767111,tree,100.0
TREE_08302,37.50885864,127.1230207,tree,100.0
TREE_08303,37.4953388,127.1066507,tree,100.0
TREE_08304,37.53012633,127.1104213,tree,100.0
TREE_08305,37.49528588,127.1064243,tree,100.0
TREE_08306,37.51325141,127.1237039,tree,100.0
TREE_08307,37.50584012,127.0785135,tree,100.0
TREE_08308,37.49537245,127.1068229,tree,100.0
TREE_08309,37.5139325,127.1236947,tree,100.0
TREE_08310,37.49534881,127.1067375,tree,100.0
TREE_08311,37.5089017,127.1230477,tree,100.0
TREE_08312,37.51330448,127.1237116,tree,100.0
TREE_08313,37.49669365,127.1109761,tree,100.0
TREE_08314,37.49663655,127.1108373,tree,100.0
TREE_08315,37.50893753,127.123066,tree,100.0
TREE_08316,37.49671841,127.1110507,tree,100.0
TREE_08317,37.51761572,127.0771718,tree,100.0
TREE_08318,37.50338719,127.0801233,tree,100.0
TREE_08319,37.49666369,127.1109201,tree,100.0
TREE_08320,37.50565346,127.12166,tree,100.0
TREE_08321,37.5089747,127.1230918,tree,100.0
TREE_08322,37.50606019,127.0783629,tree,100.0
TREE_08323,37.49673543,127.111125,tree,100.0
TREE_08324,37.5112558,127.0766622,tree,100.0
TREE_08325,37.5304529,127.1096174,tree,100.0
TREE_08326,37.51676578,127.0769229,tree,100.0
TREE_08327,37.49675552,127.1111932,tree,100.0
TREE_08328,37.50586853,127.1218044,tree,100.0
TREE_08329,37.5138264,127.1237362,tree,100.0
TREE_08330,37.50119816,127.1181503,tree,100.0
TREE_08331,37.50902698,127.1231215,tree,100.0
TREE_08332,37.52587946,127.1176402,tree,100.0
TREE_08333,37.51762407,127.0771434,tree,100.0
TREE_08334,37.51715657,127.0770089,tree,100.0
TREE_08335,37.51144112,127.0766199,tree,100.0
TREE_08336,37.49678328,127.1112836,tree,100.0
TREE_08337,37.50907525,127.1231463,tree,100.0
TREE_08338,37.49522169,127.1063519,tree,100.0
TREE_08339,37.49514069,127.105974,tree,100.0
TREE_08340,37.51391148,127.123752,tree,100.0
TREE_08341,37.4951181,127.105891,tree,100.0
TREE_08342,37.50580082,127.0784623,tree,100.0
TREE_08343,37.50340924,127.0800454,tree,100.0
TREE_08344,37.50913656,127.123181,tree,100.0
TREE_08345,37.49508233,127.1057283,tree,100.0
TREE_08346,37.51323203,127.1237763,tree,100.0
TREE_08347,37.4950977,127.1058165,tree,100.0
TREE_08348,37.49680104,127.1113672,tree,100.0
TREE_08349,37.51159416,127.0765781,tree,100.0
TREE_08350,37.49506255,127.1056458,tree,100.0
TREE_08351,37.51327373,127.1237824,tree,100.0
TREE_08352,37.53018576,127.1104552,tree,100.0
TREE_08353,37.50919946,127.1232126,tree,100.0
TREE_08354,37.49682468,127.111449,tree,100.0
TREE_08355,37.5168035,127.0768816,tree,100.0
TREE_08356,37.51763236,127.0771002,tree,100.0
TREE_08357,37.51124625,127.0766056,tree,100.0
TREE_08358,37.49684695,127.1115141,tree,100.0
TREE_08359,37.50922894,127.1232333,tree,100.0
TREE_08360,37.51380552,127.1237909,tree,100.0
TREE_08361,37.51178066,127.0765367,tree,100.0
TREE_08362,37.50101042,127.1180199,tree,100.0
TREE_08363,37.51389341,127.1237914,tree,100.0
TREE_08364,37.50926942,127.1232529,tree,100.0
TREE_08365,37.5060155,127.078307,tree,100.0
TREE_08366,37.49501682,127.1055284,tree,100.0
TREE_08367,37.50115662,127.1181907,tree,100.0
TREE_08368,37.50360378,127.0798461,tree,100.0
TREE_08369,37.53051101,127.1096425,tree,100.0
TREE_08370,37.50561829,127.1217411,tree,100.0
TREE_08371,37.49686594,127.1116038,tree,100.0
TREE_08372,37.51717099,127.0769451,tree,100.0
TREE_08373,37.51320511,127.1238214,tree,100.0
TREE_08374,37.5173503,127.0769908,tree,100.0
TREE_08375,37.49498557,127.1054268,tree,100.0
TREE_08376,37.49697384,127.1118573,tree,100.0
TREE_08377,37.49497,127.105358,tree,100.0
TREE_08378,37.50576992,127.0784171,tree,100.0
TREE_08379,37.49693308,127.1117814,tree,100.0
TREE_08380,37.49700123,127.1119328,tree,100.0
TREE_08381,37.49688232,127.1116769,tree,100.0
TREE_08382,37.49494995,127.1052882,tree,100.0
TREE_08383,37.51324559,127.1238381,tree,100.0
TREE_08384,37.5168255,127.0768373,tree,100.0
TREE_08385,37.51764347,127.0770556,tree,100.0
TREE_08386,37.50583813,127.1218918,tree,100.0
TREE_08387,37.51377214,127.1238373,tree,100.0
TREE_08388,37.49772593,127.1134211,tree,100.0
TREE_08389,37.49689501,127.1117254,tree,100.0
TREE_08390,37.51119117,127.076551,tree,100.0
TREE_08391,37.51123567,127.0765421,tree,100.0
TREE_08392,37.50361717,127.0797822,tree,100.0
TREE_08393,37.49769963,127.1134016,tree,100.0
TREE_08394,37.5138672,127.1238554,tree,100.0
TREE_08395,37.49772078,127.1134491,tree,100.0
TREE_08396,37.50559769,127.12179,tree,100.0
TREE_08397,37.50598016,127.0782565,tree,100.0
TREE_08398,37.51177062,127.0764614,tree,100.0
TREE_08399,37.51157406,127.076478,tree,100.0
TREE_08400,37.50109918,127.1182245,tree,100.0
TREE_08401,37.50573145,127.0783715,tree,100.0
TREE_08402,37.5176478,127.0770061,tree,100.0
TREE_08403,37.4976877,127.1134375,tree,100.0
TREE_08404,37.50094139,127.1180766,tree,100.0
TREE_08405,37.51375203,127.1238941,tree,100.0
TREE_08406,37.50344393,127.0798646,tree,100.0
TREE_08407,37.50581519,127.1219471,tree,100.0
TREE_08408,37.51718307,127.0768588,tree,100.0
TREE_08409,37.53079461,127.1090313,tree,100.0
TREE_08410,37.52599706,127.1177222,tree,100.0
TREE_08411,37.5036321,127.0797082,tree,100.0
TREE_08412,37.51384771,127.1239056,tree,100.0
TREE_08413,37.51736913,127.0769002,tree,100.0
TREE_08414,37.5309941,127.0918138,tree,100.0
TREE_08415,37.52996515,127.0889159,tree,100.0
TREE_08416,37.49516396,127.1067428,tree,100.0
TREE_08417,37.50594134,127.0782058,tree,100.0
TREE_08418,37.49516707,127.1067777,tree,100.0
TREE_08419,37.5112217,127.076461,tree,100.0
TREE_08420,37.51689471,127.0767456,tree,100.0
TREE_08421,37.50557364,127.1218598,tree,100.0
TREE_08422,37.5010541,127.1182601,tree,100.0
TREE_08423,37.51765887,127.0769509,tree,100.0
TREE_08424,37.49513335,127.1066558,tree,100.0
TREE_08425,37.51315252,127.1239484,tree,100.0
TREE_08426,37.50345546,127.0797985,tree,100.0
TREE_08427,37.49511791,127.1066008,tree,100.0
TREE_08428,37.51371713,127.1239566,tree,100.0
TREE_08429,37.50568847,127.0783153,tree,100.0
TREE_08430,37.49507363,127.1064394,tree,100.0
TREE_08431,37.49510068,127.1065654,tree,100.0
TREE_08432,37.49508318,127.1065071,tree,100.0
TREE_08433,37.50364856,127.0796304,tree,100.0
TREE_08434,37.51174763,127.0763658,tree,100.0
TREE_08435,37.52604857,127.1177523,tree,100.0
TREE_08436,37.51156054,127.0763848,tree,100.0
TREE_08437,37.50088576,127.1181218,tree,100.0
TREE_08438,37.497272657,127.087461734,tree,100.0
TREE_08439,37.50577911,127.1220168,tree,100.0
TREE_08440,37.49502991,127.1063236,tree,100.0
TREE_08441,37.49503918,127.1063685,tree,100.0
TREE_08442,37.49501935,127.1062841,tree,100.0
TREE_08443,37.49471865,127.1046377,tree,100.0
TREE_08444,37.49470142,127.1045604,tree,100.0
TREE_08445,37.497304288,127.087369279,tree,100.0
TREE_08446,37.50590537,127.0781598,tree,100.0
TREE_08447,37.49468883,127.1044873,tree,100.0
TREE_08448,37.51309644,127.1239985,tree,100.0
TREE_08449,37.53086679,127.109055,tree,100.0
TREE_08450,37.5034708,127.0797256,tree,100.0
TREE_08451,37.51738794,127.0768067,tree,100.0
TREE_08452,37.50101609,127.1183052,tree,100.0
TREE_08453,37.51315957,127.124013,tree,100.0
TREE_08454,37.51116662,127.0763958,tree,100.0
TREE_08455,37.51140103,127.0763642,tree,100.0
TREE_08456,37.53106571,127.0918053,tree,100.0
TREE_08457,37.49466231,127.104411,tree,100.0
TREE_08458,37.50085735,127.1181429,tree,100.0
TREE_08459,37.50554644,127.1219266,tree,100.0
TREE_08460,37.51120872,127.0763811,tree,100.0
TREE_08461,37.51766986,127.0768744,tree,100.0
TREE_08462,37.50366624,127.0795526,tree,100.0
TREE_08463,37.51692683,127.0766695,tree,100.0
TREE_08464,37.50564552,127.0782661,tree,100.0
TREE_08465,37.50982721,127.1236255,tree,100.0
TREE_08466,37.53041176,127.1104348,tree,100.0
TREE_08467,37.497376787,127.087156977,tree,100.0
TREE_08468,37.49463922,127.1043481,tree,100.0
TREE_08469,37.53000117,127.08878,tree,100.0
TREE_08470,37.495939107,127.09050972,tree,100.0
TREE_08471,37.495887469,127.090658252,tree,100.0
TREE_08472,37.49580269,127.1093485,tree,100.0
TREE_08473,37.51370731,127.1240385,tree,100.0
TREE_08474,37.495955244,127.090457645,tree,100.0
TREE_08475,37.495927942,127.09053692,tree,100.0
TREE_08476,37.495914774,127.090575089,tree,100.0
TREE_08477,37.495858308,127.090739858,tree,100.0
TREE_08478,37.495745842,127.091074355,tree,100.0
TREE_08479,37.495898025,127.090617055,tree,100.0
TREE_08480,37.495831012,127.090811358,tree,100.0
TREE_08481,37.49577191,127.090989636,tree,100.0
TREE_08482,37.495758259,127.091030051,tree,100.0
TREE_08483,37.497397195,127.087095469,tree,100.0
TREE_08484,37.495871349,127.090688556,tree,100.0
TREE_08485,37.495844665,127.090769387,tree,100.0
TREE_08486,37.495814262,127.090855657,tree,100.0
TREE_08487,37.495786337,127.090940374,tree,100.0
TREE_08488,37.495731579,127.091105439,tree,100.0
TREE_08489,37.495716064,127.091153627,tree,100.0
TREE_08490,37.49881949,127.1155806,tree,100.0
TREE_08491,37.5099058,127.1236642,tree,100.0
TREE_08492,37.51307602,127.1240508,tree,100.0
TREE_08493,37.495685039,127.091243783,tree,100.0
TREE_08494,37.49565587,127.091335497,tree,100.0
TREE_08495,37.495701179,127.091187821,tree,100.0
TREE_08496,37.51174068,127.0762838,tree,100.0
TREE_08497,37.51377958,127.1240498,tree,100.0
TREE_08498,37.495670154,127.091277199,tree,100.0
TREE_08499,37.495642848,127.091362694,tree,100.0
TREE_08500,37.495590546,127.091530835,tree,100.0
TREE_08501,37.49890086,127.1157136,tree,100.0
TREE_08502,37.495615542,127.091446635,tree,100.0
TREE_08503,37.495577512,127.091572806,tree,100.0
TREE_08504,37.51154992,127.0763005,tree,100.0
TREE_08505,37.51030217,127.1237583,tree,100.0
TREE_08506,37.497421847,127.087021327,tree,100.0
TREE_08507,37.49884501,127.1156355,tree,100.0
TREE_08508,37.49581462,127.1094376,tree,100.0
TREE_08509,37.50575388,127.1220878,tree,100.0
TREE_08510,37.495548971,127.091652857,tree,100.0
TREE_08511,37.50348787,127.0796428,tree,100.0
TREE_08512,37.495559524,127.091616326,tree,100.0
TREE_08513,37.49583121,127.1094961,tree,100.0
TREE_08514,37.495531602,127.091697155,tree,100.0
TREE_08515,37.494737161,127.095111746,tree,100.0
TREE_08516,37.50586072,127.0781054,tree,100.0
TREE_08517,37.53092261,127.1090702,tree,100.0
TREE_08518,37.495504293,127.091784205,tree,100.0
TREE_08519,37.51120105,127.0763325,tree,100.0
TREE_08520,37.4989352,127.1157864,tree,100.0
TREE_08521,37.4958473,127.109566,tree,100.0
TREE_08522,37.497447582,127.086944106,tree,100.0
TREE_08523,37.51696471,127.0766266,tree,100.0
TREE_08524,37.49458307,127.1041974,tree,100.0
TREE_08525,37.49589781,127.109724,tree,100.0
TREE_08526,37.49546003,127.1083531,tree,100.0
TREE_08527,37.49587216,127.1096531,tree,100.0
TREE_08528,37.50368203,127.0794738,tree,100.0
TREE_08529,37.494709316,127.095195868,tree,100.0
TREE_08530,37.49470932,127.0951959,tree,100.0
TREE_08531,37.495443377,127.091949143,tree,100.0
TREE_08532,37.52591016,127.1180587,tree,100.0
TREE_08533,37.51115251,127.0763259,tree,100.0
TREE_08534,37.49541905,127.1082259,tree,100.0
TREE_08535,37.49550154,127.1085103,tree,100.0
TREE_08536,37.50552383,127.1219866,tree,100.0
TREE_08537,37.5100078,127.123725,tree,100.0
TREE_08538,37.49543221,127.091978675,tree,100.0
TREE_08539,37.495399931,127.092088267,tree,100.0
TREE_08540,37.49547469,127.1084277,tree,100.0
TREE_08541,37.49552132,127.1085865,tree,100.0
TREE_08542,37.51312652,127.1240903,tree,100.0
TREE_08543,37.496117367,127.089895562,tree,100.0
TREE_08544,37.496144727,127.089820926,tree,100.0
TREE_08545,37.495420421,127.092011317,tree,100.0
TREE_08546,37.495385656,127.092133347,tree,100.0
TREE_08547,37.49558353,127.1087981,tree,100.0
TREE_08548,37.49613037,127.089856782,tree,100.0
TREE_08549,37.49537282,127.1080826,tree,100.0
TREE_08550,37.49555694,127.1087137,tree,100.0
TREE_08551,37.51768314,127.0768065,tree,100.0
TREE_08552,37.495408011,127.092047846,tree,100.0
TREE_08553,37.495379368,127.092147616,tree,100.0
TREE_08554,37.497477472,127.086853898,tree,100.0
TREE_08555,37.49553844,127.1086555,tree,100.0
TREE_08556,37.49616083,127.089769735,tree,100.0
TREE_08557,37.495373247,127.092167543,tree,100.0
TREE_08558,37.50080875,127.1181902,tree,100.0
TREE_08559,37.50096041,127.1183561,tree,100.0
TREE_08560,37.49532906,127.1079305,tree,100.0
TREE_08561,37.49591181,127.1098052,tree,100.0
TREE_08562,37.4959355,127.1098728,tree,100.0
TREE_08563,37.51376252,127.1240906,tree,100.0
TREE_08564,37.49530638,127.1078522,tree,100.0
TREE_08565,37.4953482,127.1080054,tree,100.0
TREE_08566,37.49897983,127.1158866,tree,100.0
TREE_08567,37.51037974,127.1238126,tree,100.0
TREE_08568,37.49455495,127.104114,tree,100.0
TREE_08569,37.53042078,127.1105726,tree,100.0
TREE_08570,37.49538806,127.108157,tree,100.0
TREE_08571,37.51367028,127.1240976,tree,100.0
TREE_08572,37.495355145,127.092216614,tree,100.0
TREE_08573,37.49601076,127.1100957,tree,100.0
TREE_08574,37.496173842,127.089720091,tree,100.0
TREE_08575,37.49528273,127.1077795,tree,100.0
TREE_08576,37.4959562,127.1099465,tree,100.0
TREE_08577,37.49478771,127.1055909,tree,100.0
TREE_08578,37.495360118,127.092190962,tree,100.0
TREE_08579,37.49598377,127.1100302,tree,100.0
TREE_08580,37.4974949,127.086801673,tree,100.0
TREE_08581,37.496186852,127.089672,tree,100.0
TREE_08582,37.4945379,127.1040476,tree,100.0
TREE_08583,37.53047295,127.1104586,tree,100.0
TREE_08584,37.496197382,127.089637096,tree,100.0
TREE_08585,37.49477004,127.1055353,tree,100.0
TREE_08586,37.496236384,127.089532393,tree,100.0
TREE_08587,37.496222147,127.089568845,tree,100.0
TREE_08588,37.49467209,127.0952796,tree,100.0
TREE_08589,37.494672091,127.095279648,tree,100.0
TREE_08590,37.53001259,127.0886502,tree,100.0
TREE_08591,37.496209149,127.089599866,tree,100.0
TREE_08592,37.50349587,127.0795761,tree,100.0
TREE_08593,37.49602852,127.1101775,tree,100.0
TREE_08594,37.49605177,127.1102401,tree,100.0
TREE_08595,37.50970581,127.1236844,tree,100.0
TREE_08596,37.51723079,127.0766548,tree,100.0
TREE_08597,37.51740447,127.0767019,tree,100.0
TREE_08598,37.4960728,127.1103069,tree,100.0
TREE_08599,37.49900212,127.1159514,tree,100.0
TREE_08600,37.51008636,127.1237729,tree,100.0
TREE_08601,37.497517746,127.086732843,tree,100.0
TREE_08602,37.51119333,127.0762855,tree,100.0
TREE_08603,37.53115263,127.0917958,tree,100.0
TREE_08604,37.49451892,127.1039727,tree,100.0
TREE_08605,37.49905268,127.1160289,tree,100.0
TREE_08606,37.49472608,127.1053442,tree,100.0
TREE_08607,37.50573199,127.1221426,tree,100.0
TREE_08608,37.49473805,127.1054186,tree,100.0
TREE_08609,37.49474531,127.1054574,tree,100.0
TREE_08610,37.51304944,127.1241238,tree,100.0
TREE_08611,37.496264409,127.089433721,tree,100.0
TREE_08612,37.50582974,127.0780595,tree,100.0
TREE_08613,37.49519648,127.1075275,tree,100.0
TREE_08614,37.4960974,127.1103893,tree,100.0
TREE_08615,37.49612329,127.1104621,tree,100.0
TREE_08616,37.4961522,127.1105382,tree,100.0
TREE_08617,37.496299698,127.089337548,tree,100.0
TREE_08618,37.49464768,127.0953463,tree,100.0
TREE_08619,37.494647683,127.095346335,tree,100.0
TREE_08620,37.49449506,127.1038457,tree,100.0
TREE_08621,37.497539959,127.086666474,tree,100.0
TREE_08622,37.496339321,127.089227415,tree,100.0
TREE_08623,37.496330657,127.089247578,tree,100.0
TREE_08624,37.51045589,127.1238656,tree,100.0
TREE_08625,37.50369772,127.0794011,tree,100.0
TREE_08626,37.49514851,127.1073715,tree,100.0
TREE_08627,37.49516575,127.1074395,tree,100.0
TREE_08628,37.496317662,127.089273944,tree,100.0
TREE_08629,37.51698872,127.0765725,tree,100.0
TREE_08630,37.49557075,127.1088805,tree,100.0
TREE_08631,37.496354803,127.089180102,tree,100.0
TREE_08632,37.49470387,127.1052897,tree,100.0
TREE_08633,37.50550503,127.1220348,tree,100.0
TREE_08634,37.51014148,127.1238105,tree,100.0
TREE_08635,37.49622837,127.1107731,tree,100.0
TREE_08636,37.51310514,127.1241441,tree,100.0
TREE_08637,37.50955065,127.1236749,tree,100.0
TREE_08638,37.49462151,127.0954269,tree,100.0
TREE_08639,37.494621515,127.095426916,tree,100.0
TREE_08640,37.49512276,127.1073032,tree,100.0
TREE_08641,37.49447191,127.1037617,tree,100.0
TREE_08642,37.51114175,127.0762654,tree,100.0
TREE_08643,37.49510264,127.1072263,tree,100.0
TREE_08644,37.497565604,127.086590058,tree,100.0
TREE_08645,37.5309852,127.1090876,tree,100.0
TREE_08646,37.5055773,127.0781704,tree,100.0
TREE_08647,37.49914848,127.1162111,tree,100.0
TREE_08648,37.53002722,127.0885993,tree,100.0
TREE_08649,37.49500502,127.1068426,tree,100.0
TREE_08650,37.49507829,127.1071514,tree,100.0
TREE_08651,37.49505588,127.107069,tree,100.0
TREE_08652,37.49445651,127.1037046,tree,100.0
TREE_08653,37.51365981,127.1241551,tree,100.0
TREE_08654,37.51770207,127.0767455,tree,100.0
TREE_08655,37.49459939,127.0954912,tree,100.0
TREE_08656,37.494599389,127.095491231,tree,100.0
TREE_08657,37.51374125,127.1241589,tree,100.0
TREE_08658,37.497587998,127.086523037,tree,100.0
TREE_08659,37.51699785,127.0765463,tree,100.0
TREE_08660,37.49501851,127.1069326,tree,100.0
TREE_08661,37.49625745,127.1108934,tree,100.0
TREE_08662,37.49629126,127.1109777,tree,100.0
TREE_08663,37.50089944,127.1183853,tree,100.0
TREE_08664,37.50075884,127.1182338,tree,100.0
TREE_08665,37.49495746,127.1066891,tree,100.0
TREE_08666,37.49497799,127.1067772,tree,100.0
TREE_08667,37.49503339,127.107019,tree,100.0
TREE_08668,37.49493811,127.1066144,tree,100.0
TREE_08669,37.49466678,127.1052387,tree,100.0
TREE_08670,37.52620214,127.1178466,tree,100.0
TREE_08671,37.4963035,127.1110294,tree,100.0
TREE_08672,37.53047995,127.1105945,tree,100.0
TREE_08673,37.50351483,127.07949,tree,100.0
TREE_08674,37.49907782,127.116149,tree,100.0
TREE_08675,37.5037127,127.0793405,tree,100.0
TREE_08676,37.4945732,127.0955673,tree,100.0
TREE_08677,37.494573198,127.095567314,tree,100.0
TREE_08678,37.497610392,127.086456442,tree,100.0
TREE_08679,37.49443088,127.1036445,tree,100.0
TREE_08680,37.49636113,127.1111921,tree,100.0
TREE_08681,37.51304443,127.1241833,tree,100.0
TREE_08682,37.51026095,127.1238772,tree,100.0
TREE_08683,37.49462987,127.1050732,tree,100.0
TREE_08684,37.49641015,127.1113157,tree,100.0
TREE_08685,37.49644394,127.111399,tree,100.0
TREE_08686,37.51056249,127.1239397,tree,100.0
TREE_08687,37.49662261,127.1118204,tree,100.0
TREE_08688,37.49917728,127.1163085,tree,100.0
TREE_08689,37.53053693,127.110478,tree,100.0
TREE_08690,37.53004043,127.0885519,tree,100.0
TREE_08691,37.52599181,127.1181121,tree,100.0
TREE_08692,37.49632315,127.1111176,tree,100.0
TREE_08693,37.50548431,127.1220807,tree,100.0
TREE_08694,37.5111797,127.0762132,tree,100.0
TREE_08695,37.49653228,127.1116208,tree,100.0
TREE_08696,37.49658154,127.1117343,tree,100.0
TREE_08697,37.50570622,127.1222056,tree,100.0
TREE_08698,37.497634591,127.086384447,tree,100.0
TREE_08699,37.50578755,127.0780056,tree,100.0
TREE_08700,37.49920998,127.1163617,tree,100.0
TREE_08701,37.49454565,127.0956471,tree,100.0
TREE_08702,37.494545653,127.095647115,tree,100.0
TREE_08703,37.49655374,127.1116799,tree,100.0
TREE_08704,37.49646534,127.1114749,tree,100.0
TREE_08705,37.49925654,127.1164302,tree,100.0
TREE_08706,37.51306631,127.1241995,tree,100.0
TREE_08707,37.49648825,127.111535,tree,100.0
TREE_08708,37.51030406,127.1239034,tree,100.0
TREE_08709,37.53122026,127.0917875,tree,100.0
TREE_08710,37.49664009,127.1119027,tree,100.0
TREE_08711,37.51062147,127.1239737,tree,100.0
TREE_08712,37.497659965,127.086308708,tree,100.0
TREE_08713,37.50967033,127.1237736,tree,100.0
TREE_08714,37.49666925,127.1119684,tree,100.0
TREE_08715,37.5310365,127.1090965,tree,100.0
TREE_08716,37.494523346,127.095711769,tree,100.0
TREE_08717,37.49452335,127.0957118,tree,100.0
TREE_08718,37.5170217,127.0764998,tree,100.0
TREE_08719,37.51372198,127.1242137,tree,100.0
TREE_08720,37.49458706,127.1049815,tree,100.0
TREE_08721,37.51363401,127.1242215,tree,100.0
TREE_08722,37.51742776,127.0765985,tree,100.0
TREE_08723,37.49928429,127.1165107,tree,100.0
TREE_08724,37.497686964,127.086228209,tree,100.0
TREE_08725,37.4944995,127.095781,tree,100.0
TREE_08726,37.494499503,127.095781044,tree,100.0
TREE_08727,37.50373142,127.0792658,tree,100.0
TREE_08728,37.51771083,127.0766733,tree,100.0
TREE_08729,37.49668216,127.1120387,tree,100.0
TREE_08730,37.49933005,127.1165799,tree,100.0
TREE_08731,37.50553013,127.0781066,tree,100.0
TREE_08732,37.49670811,127.1120994,tree,100.0
TREE_08733,37.51112784,127.0761788,tree,100.0
TREE_08734,37.5103735,127.123951,tree,100.0
TREE_08735,37.50353257,127.0794058,tree,100.0
TREE_08736,37.52625133,127.1178758,tree,100.0
TREE_08737,37.51066711,127.1240106,tree,100.0
TREE_08738,37.49437379,127.1035804,tree,100.0
TREE_08739,37.49936493,127.1166404,tree,100.0
TREE_08740,37.51301977,127.1242421,tree,100.0
TREE_08741,37.50950884,127.1237655,tree,100.0
TREE_08742,37.49475339,127.106013,tree,100.0
TREE_08743,37.53005951,127.0884874,tree,100.0
TREE_08744,37.50070765,127.1182778,tree,100.0
TREE_08745,37.497711795,127.086154292,tree,100.0
TREE_08746,37.495003956,127.093092477,tree,100.0
TREE_08747,37.50084258,127.1184297,tree,100.0
TREE_08748,37.494473944,127.095855093,tree,100.0
TREE_08749,37.49447394,127.0958551,tree,100.0
TREE_08750,37.50575105,127.0779662,tree,100.0
TREE_08751,37.51041587,127.1239766,tree,100.0
TREE_08752,37.49672469,127.1121733,tree,100.0
TREE_08753,37.53054211,127.1106094,tree,100.0
TREE_08754,37.52604222,127.1181391,tree,100.0
TREE_08755,37.50545966,127.1221352,tree,100.0
TREE_08756,37.51303532,127.1242545,tree,100.0
TREE_08757,37.495015422,127.093010552,tree,100.0
TREE_08758,37.49674489,127.1122351,tree,100.0
TREE_08759,37.494451646,127.095930557,tree,100.0
TREE_08760,37.49445165,127.0959306,tree,100.0
TREE_08761,37.51705977,127.0764591,tree,100.0
TREE_08762,37.4947178,127.1059205,tree,100.0
TREE_08763,37.49939613,127.1167176,tree,100.0
TREE_08764,37.5136195,127.1242649,tree,100.0
TREE_08765,37.496754809,127.087989291,tree,100.0
TREE_08766,37.494965247,127.093179142,tree,100.0
TREE_08767,37.50567771,127.1222737,tree,100.0
TREE_08768,37.496778906,127.087920405,tree,100.0
TREE_08769,37.494934757,127.093287296,tree,100.0
TREE_08770,37.50549976,127.078075,tree,100.0
TREE_08771,37.4967632,127.1123067,tree,100.0
TREE_08772,37.50964192,127.1238346,tree,100.0
TREE_08773,37.51048515,127.1240167,tree,100.0
TREE_08774,37.51076536,127.1240667,tree,100.0
TREE_08775,37.51116603,127.0761274,tree,100.0
TREE_08776,37.53128339,127.0917805,tree,100.0
TREE_08777,37.494428423,127.095991059,tree,100.0
TREE_08778,37.49442842,127.0959911,tree,100.0
TREE_08779,37.53061372,127.1104914,tree,100.0
TREE_08780,37.496795592,127.087866997,tree,100.0
TREE_08781,37.496727663,127.088014037,tree,100.0
TREE_08782,37.49945136,127.1168178,tree,100.0
TREE_08783,37.53109233,127.1091175,tree,100.0
TREE_08784,37.497768231,127.085985972,tree,100.0
TREE_08785,37.49464773,127.1056601,tree,100.0
TREE_08786,37.494904926,127.093361243,tree,100.0
TREE_08787,37.50354792,127.079331,tree,100.0
TREE_08788,37.49950429,127.1168958,tree,100.0
TREE_08789,37.50374418,127.0791853,tree,100.0
TREE_08790,37.4946846,127.1058616,tree,100.0
TREE_08791,37.49954908,127.1169564,tree,100.0
TREE_08792,37.51742976,127.0765292,tree,100.0
TREE_08793,37.496819691,127.08779424,tree,100.0
TREE_08794,37.496704832,127.088040337,tree,100.0
TREE_08795,37.49677909,127.1123774,tree,100.0
TREE_08796,37.49465622,127.1057297,tree,100.0
TREE_08797,37.5136851,127.1242926,tree,100.0
TREE_08798,37.5262983,127.117905,tree,100.0
TREE_08799,37.5135904,127.124298,tree,100.0
TREE_08800,37.51707552,127.0764255,tree,100.0
TREE_08801,37.51134895,127.0760813,tree,100.0
TREE_08802,37.49440052,127.096074,tree,100.0
TREE_08803,37.494400515,127.096074037,tree,100.0
TREE_08804,37.494875718,127.09344951,tree,100.0
TREE_08805,37.51301891,127.1243031,tree,100.0
TREE_08806,37.49462362,127.1055936,tree,100.0
TREE_08807,37.51168592,127.0760383,tree,100.0
TREE_08808,37.497796042,127.085903551,tree,100.0
TREE_08809,37.50066493,127.1183153,tree,100.0
TREE_08810,37.49459758,127.1054692,tree,100.0
TREE_08811,37.4967921,127.1124338,tree,100.0
TREE_08812,37.51299288,127.124309,tree,100.0
TREE_08813,37.51771843,127.0765927,tree,100.0
TREE_08814,37.49485779,127.093487038,tree,100.0
TREE_08815,37.51081847,127.1241114,tree,100.0
TREE_08816,37.496840302,127.0877134,tree,100.0
TREE_08817,37.494845083,127.093535549,tree,100.0
TREE_08818,37.49471304,127.094152701,tree,100.0
TREE_08819,37.50571633,127.0779134,tree,100.0
TREE_08820,37.49437613,127.0961476,tree,100.0
TREE_08821,37.494376128,127.096147622,tree,100.0
TREE_08822,37.496856366,127.087668509,tree,100.0
TREE_08823,37.49457922,127.105422,tree,100.0
TREE_08824,37.5054383,127.1221958,tree,100.0
TREE_08825,37.49682727,127.1125307,tree,100.0
TREE_08826,37.52609867,127.1181678,tree,100.0
TREE_08827,37.49680101,127.1124804,tree,100.0
TREE_08828,37.50079897,127.1184845,tree,100.0
TREE_08829,37.51111368,127.076089,tree,100.0
TREE_08830,37.497824485,127.085818669,tree,100.0
TREE_08831,37.496869963,127.087623614,tree,100.0
TREE_08832,37.496884783,127.087591885,tree,100.0
TREE_08833,37.53060546,127.1106213,tree,100.0
TREE_08834,37.494683284,127.094236963,tree,100.0
TREE_08835,37.51057228,127.1240871,tree,100.0
TREE_08836,37.5037548,127.0791281,tree,100.0
TREE_08837,37.51357212,127.1243346,tree,100.0
TREE_08838,37.496901465,127.087543896,tree,100.0
TREE_08839,37.50565378,127.1223321,tree,100.0
TREE_08840,37.51365956,127.1243356,tree,100.0
TREE_08841,37.51087914,127.1241453,tree,100.0
TREE_08842,37.49435228,127.0962212,tree,100.0
TREE_08843,37.494352281,127.096221207,tree,100.0
TREE_08844,37.496913201,127.08751526,tree,100.0
TREE_08845,37.497850761,127.085740656,tree,100.0
TREE_08846,37.496927417,127.08746727,tree,100.0
TREE_08847,37.50546509,127.0780161,tree,100.0
TREE_08848,37.49454752,127.1053737,tree,100.0
TREE_08849,37.494652888,127.094313118,tree,100.0
TREE_08850,37.494746196,127.093852021,tree,100.0
TREE_08851,37.50356411,127.0792495,tree,100.0
TREE_08852,37.53067035,127.110501,tree,100.0
TREE_08853,37.49694348,127.087421604,tree,100.0
TREE_08854,37.53114703,127.1091327,tree,100.0
TREE_08855,37.51093798,127.1241776,tree,100.0
TREE_08856,37.49432202,127.0963149,tree,100.0
TREE_08857,37.494322021,127.096314912,tree,100.0
TREE_08858,37.494721606,127.093932237,tree,100.0
TREE_08859,37.51133851,127.0760211,tree,100.0
TREE_08860,37.51114998,127.0760438,tree,100.0
TREE_08861,37.51330566,127.1243663,tree,100.0
TREE_08862,37.494622481,127.094403863,tree,100.0
TREE_08863,37.49452214,127.1053078,tree,100.0
TREE_08864,37.496960786,127.08736355,tree,100.0
TREE_08865,37.49682231,127.11261,tree,100.0
TREE_08866,37.52635109,127.1179378,tree,100.0
TREE_08867,37.494700249,127.094005972,tree,100.0
TREE_08868,37.497879475,127.085654982,tree,100.0
TREE_08869,37.53095975,127.1097407,tree,100.0
TREE_08870,37.51296864,127.1243705,tree,100.0
TREE_08871,37.49430486,127.096368,tree,100.0
TREE_08872,37.494304859,127.096368038,tree,100.0
TREE_08873,37.496989817,127.087291573,tree,100.0
TREE_08874,37.50541702,127.1222429,tree,100.0
TREE_08875,37.496975002,127.087316333,tree,100.0
TREE_08876,37.531364,127.0917726,tree,100.0
TREE_08877,37.49684388,127.1126751,tree,100.0
TREE_08878,37.50567913,127.0778641,tree,100.0
TREE_08879,37.494594447,127.094485234,tree,100.0
TREE_08880,37.5177317,127.0765247,tree,100.0
TREE_08881,37.4944995,127.1052547,tree,100.0
TREE_08882,37.5129873,127.124381,tree,100.0
TREE_08883,37.51353901,127.1243836,tree,100.0
TREE_08884,37.51363616,127.1243822,tree,100.0
TREE_08885,37.50061031,127.1183577,tree,100.0
TREE_08886,37.51099385,127.1242112,tree,100.0
TREE_08887,37.52614218,127.118203,tree,100.0
TREE_08888,37.496999098,127.087246673,tree,100.0
TREE_08889,37.50377108,127.0790565,tree,100.0
TREE_08890,37.497012395,127.087217777,tree,100.0
TREE_08891,37.49428309,127.0964354,tree,100.0
TREE_08892,37.494283089,127.096435407,tree,100.0
TREE_08893,37.49686876,127.1127549,tree,100.0
TREE_08894,37.497909002,127.085567261,tree,100.0
TREE_08895,37.494568564,127.09456869,tree,100.0
TREE_08896,37.51712252,127.0763416,tree,100.0
TREE_08897,37.51110131,127.0760191,tree,100.0
TREE_08898,37.49974199,127.1173525,tree,100.0
TREE_08899,37.497027229,127.087167464,tree,100.0
TREE_08900,37.4944733,127.105181,tree,100.0
TREE_08901,37.50563141,127.1223895,tree,100.0
TREE_08902,37.51072564,127.1241833,tree,100.0
TREE_08903,37.497042054,127.08712954,tree,100.0
TREE_08904,37.50542617,127.0779767,tree,100.0
TREE_08905,37.494542034,127.094652955,tree,100.0
TREE_08906,37.53119043,127.1091403,tree,100.0
TREE_08907,37.4942578,127.0965128,tree,100.0
TREE_08908,37.494257798,127.096512834,tree,100.0
TREE_08909,37.497054412,127.087091613,tree,100.0
TREE_08910,37.496580746,127.088079328,tree,100.0
TREE_08911,37.51076181,127.124203,tree,100.0
TREE_08912,37.497937084,127.085483709,tree,100.0
TREE_08913,37.50358079,127.0791636,tree,100.0
TREE_08914,37.49688167,127.1128264,tree,100.0
TREE_08915,37.49707171,127.087045174,tree,100.0
TREE_08916,37.497085302,127.087005699,tree,100.0
TREE_08917,37.53073101,127.1105097,tree,100.0
TREE_08918,37.49451228,127.094733164,tree,100.0
TREE_08919,37.52639682,127.1179662,tree,100.0
TREE_08920,37.49436229,127.1046267,tree,100.0
TREE_08921,37.494232716,127.096587072,tree,100.0
TREE_08922,37.49423272,127.0965871,tree,100.0
TREE_08923,37.497100747,127.08696313,tree,100.0
TREE_08924,37.49690652,127.1129077,tree,100.0
TREE_08925,37.49739595,127.1138575,tree,100.0
TREE_08926,37.51714602,127.0763085,tree,100.0
TREE_08927,37.51349892,127.1244347,tree,100.0
TREE_08928,37.51327794,127.1244357,tree,100.0
TREE_08929,37.497114339,127.086925204,tree,100.0
TREE_08930,37.50378519,127.0789886,tree,100.0
TREE_08931,37.5136129,127.1244363,tree,100.0
TREE_08932,37.51081036,127.1242344,tree,100.0
TREE_08933,37.49986071,127.1175561,tree,100.0
TREE_08934,37.51149383,127.0759252,tree,100.0
TREE_08935,37.49738339,127.1138457,tree,100.0
TREE_08936,37.49981231,127.1175002,tree,100.0
TREE_08937,37.51132603,127.0759444,tree,100.0
TREE_08938,37.49436192,127.1047004,tree,100.0
TREE_08939,37.51294546,127.1244397,tree,100.0
TREE_08940,37.49448293,127.094819261,tree,100.0
TREE_08941,37.51113654,127.0759666,tree,100.0
TREE_08942,37.49433852,127.1045616,tree,100.0
TREE_08943,37.50538833,127.1223031,tree,100.0
TREE_08944,37.497129169,127.086880311,tree,100.0
TREE_08945,37.50564062,127.0778127,tree,100.0
TREE_08946,37.50561438,127.1224324,tree,100.0
TREE_08947,37.51774161,127.0764596,tree,100.0
TREE_08948,37.51294671,127.1244459,tree,100.0
TREE_08949,37.49420893,127.0966583,tree,100.0
TREE_08950,37.494208934,127.096658307,tree,100.0
TREE_08951,37.49692713,127.1129899,tree,100.0
TREE_08952,37.497138441,127.086847026,tree,100.0
TREE_08953,37.49738328,127.1138717,tree,100.0
TREE_08954,37.51111782,127.1242987,tree,100.0
TREE_08955,37.5007119,127.1185614,tree,100.0
TREE_08956,37.496547903,127.088060438,tree,100.0
TREE_08957,37.49737157,127.113859,tree,100.0
TREE_08958,37.49445382,127.094901902,tree,100.0
TREE_08959,37.497155738,127.086801361,tree,100.0
TREE_08960,37.53071715,127.110634,tree,100.0
TREE_08961,37.53123497,127.10915,tree,100.0
TREE_08962,37.49776802,127.114575,tree,100.0
TREE_08963,37.49694803,127.1130584,tree,100.0
TREE_08964,37.49418762,127.0967218,tree,100.0
TREE_08965,37.494187619,127.096721831,tree,100.0
TREE_08966,37.497172419,127.086754921,tree,100.0
TREE_08967,37.50359267,127.0790924,tree,100.0
TREE_08968,37.51108967,127.0759473,tree,100.0
TREE_08969,37.4943081,127.1044942,tree,100.0
TREE_08970,37.4969745,127.1131201,tree,100.0
TREE_08971,37.49989065,127.1176408,tree,100.0
TREE_08972,37.51348698,127.124474,tree,100.0
TREE_08973,37.49701835,127.1132149,tree,100.0
TREE_08974,37.50942368,127.1239819,tree,100.0
TREE_08975,37.497185445,127.086714674,tree,100.0
TREE_08976,37.51717055,127.0762694,tree,100.0
TREE_08977,37.494424715,127.094977248,tree,100.0
TREE_08978,37.50956578,127.1240216,tree,100.0
TREE_08979,37.53105105,127.1097529,tree,100.0
TREE_08980,37.497196735,127.086678777,tree,100.0
TREE_08981,37.49703478,127.1132717,tree,100.0
TREE_08982,37.494161514,127.096801958,tree,100.0
TREE_08983,37.49416151,127.096802,tree,100.0
TREE_08984,37.50379983,127.0789187,tree,100.0
TREE_08985,37.5109106,127.1243036,tree,100.0
TREE_08986,37.49428019,127.104421,tree,100.0
TREE_08987,37.49439981,127.09506102,tree,100.0
TREE_08988,37.497210629,127.086636354,tree,100.0
TREE_08989,37.4977658,127.1146199,tree,100.0
TREE_08990,37.49772763,127.1145574,tree,100.0
TREE_08991,37.53079176,127.110518,tree,100.0
TREE_08992,37.51292661,127.124496,tree,100.0
TREE_08993,37.497226255,127.08659611,tree,100.0
TREE_08994,37.51117871,127.124356,tree,100.0
TREE_08995,37.51163985,127.0758421,tree,100.0
TREE_08996,37.4999077,127.1177064,tree,100.0
TREE_08997,37.51131346,127.0758789,tree,100.0
TREE_08998,37.51293269,127.1245049,tree,100.0
TREE_08999,37.496514663,127.08803085,tree,100.0
TREE_09000,37.494137757,127.096875782,tree,100.0
TREE_09001,37.49413776,127.0968758,tree,100.0
TREE_09002,37.50560293,127.0777646,tree,100.0
TREE_09003,37.50536629,127.1223618,tree,100.0
TREE_09004,37.497241018,127.086549335,tree,100.0
TREE_09005,37.50559107,127.1224901,tree,100.0
TREE_09006,37.51776054,127.0763972,tree,100.0
TREE_09007,37.49704381,127.1133376,tree,100.0
TREE_09008,37.51357758,127.1245138,tree,100.0
TREE_09009,37.497257509,127.086511268,tree,100.0
TREE_09010,37.51324829,127.124517,tree,100.0
TREE_09011,37.51719243,127.0762339,tree,100.0
TREE_09012,37.49772803,127.1146007,tree,100.0
TREE_09013,37.50360986,127.0790167,tree,100.0
TREE_09014,37.494358017,127.095160153,tree,100.0
TREE_09015,37.4942456,127.1043627,tree,100.0
TREE_09016,37.498072258,127.085076752,tree,100.0
TREE_09017,37.49411418,127.096949,tree,100.0
TREE_09018,37.494114181,127.096949015,tree,100.0
TREE_09019,37.497270712,127.086461011,tree,100.0
TREE_09020,37.51124755,127.124395,tree,100.0
TREE_09021,37.53128795,127.1091624,tree,100.0
TREE_09022,37.49705909,127.1134005,tree,100.0
TREE_09023,37.49994209,127.1177914,tree,100.0
TREE_09024,37.50381342,127.0788545,tree,100.0
TREE_09025,37.51108001,127.0758811,tree,100.0
TREE_09026,37.497283742,127.086415322,tree,100.0
TREE_09027,37.497295028,127.086383778,tree,100.0
TREE_09028,37.51130339,127.1244187,tree,100.0
TREE_09029,37.494326252,127.095236947,tree,100.0
TREE_09030,37.498099795,127.084998527,tree,100.0
TREE_09031,37.49409033,127.0970219,tree,100.0
TREE_09032,37.494090334,127.097021922,tree,100.0
TREE_09033,37.51104838,127.1243897,tree,100.0
TREE_09034,37.51290933,127.1245517,tree,100.0
TREE_09035,37.497312393,127.08633483,tree,100.0
TREE_09036,37.5000037,127.1178967,tree,100.0
TREE_09037,37.51347896,127.1245613,tree,100.0
TREE_09038,37.496486947,127.087986912,tree,100.0
TREE_09039,37.5006303,127.1186171,tree,100.0
TREE_09040,37.497322817,127.086297844,tree,100.0
TREE_09041,37.50004221,127.1179537,tree,100.0
TREE_09042,37.50556317,127.0777214,tree,100.0
TREE_09043,37.49706435,127.1134772,tree,100.0
TREE_09044,37.5129119,127.1245658,tree,100.0
TREE_09045,37.494293378,127.095309549,tree,100.0
TREE_09046,37.494061888,127.097100375,tree,100.0
TREE_09047,37.49406189,127.0971004,tree,100.0
TREE_09048,37.50361955,127.0789486,tree,100.0
TREE_09049,37.498129144,127.084906734,tree,100.0
TREE_09050,37.50009662,127.1180295,tree,100.0
TREE_09051,37.51111658,127.0758354,tree,100.0
TREE_09052,37.497331508,127.086261944,tree,100.0
TREE_09053,37.49868308,127.1161919,tree,100.0
TREE_09054,37.51137383,127.12446,tree,100.0
TREE_09055,37.49862694,127.1161172,tree,100.0
TREE_09056,37.50534212,127.1224285,tree,100.0
TREE_09057,37.5095217,127.1241179,tree,100.0
TREE_09058,37.51161649,127.0757634,tree,100.0
TREE_09059,37.50382792,127.0787872,tree,100.0
TREE_09060,37.53086716,127.1105268,tree,100.0
TREE_09061,37.496476316,127.087955659,tree,100.0
TREE_09062,37.497353212,127.086203207,tree,100.0
TREE_09063,37.52652106,127.1180407,tree,100.0
TREE_09064,37.50014749,127.1181079,tree,100.0
TREE_09065,37.51356715,127.1245904,tree,100.0
TREE_09066,37.53133589,127.1091813,tree,100.0
TREE_09067,37.49706992,127.1135357,tree,100.0
TREE_09068,37.49403814,127.0971659,tree,100.0
TREE_09069,37.494038138,127.097165931,tree,100.0
TREE_09070,37.5093786,127.1240931,tree,100.0
TREE_09071,37.51146005,127.0757696,tree,100.0
TREE_09072,37.51749969,127.076236,tree,100.0
TREE_09073,37.50018529,127.1181622,tree,100.0
TREE_09074,37.51777601,127.0763137,tree,100.0
TREE_09075,37.498156684,127.084824337,tree,100.0
TREE_09076,37.494260529,127.095372559,tree,100.0
TREE_09077,37.51115207,127.1244553,tree,100.0
TREE_09078,37.51106769,127.0758136,tree,100.0
TREE_09079,37.50530832,127.077818,tree,100.0
TREE_09080,37.5113014,127.075775,tree,100.0
TREE_09081,37.5311548,127.1097807,tree,100.0
TREE_09082,37.51286573,127.124609,tree,100.0
TREE_09083,37.49707267,127.1135751,tree,100.0
TREE_09084,37.497374935,127.086118354,tree,100.0
TREE_09085,37.51345611,127.12462,tree,100.0
TREE_09086,37.496464165,127.087918998,tree,100.0
TREE_09087,37.50027548,127.118296,tree,100.0
TREE_09088,37.497387091,127.086082458,tree,100.0
TREE_09089,37.51142688,127.1245119,tree,100.0
TREE_09090,37.498184404,127.084741915,tree,100.0
TREE_09091,37.51286975,127.1246215,tree,100.0
TREE_09092,37.497397512,127.086050913,tree,100.0
TREE_09093,37.5055492,127.1225951,tree,100.0
TREE_09094,37.494228398,127.09543519,tree,100.0
TREE_09095,37.51355127,127.1246324,tree,100.0
TREE_09096,37.50552487,127.0776679,tree,100.0
TREE_09097,37.50032033,127.1183736,tree,100.0
TREE_09098,37.50363251,127.0788643,tree,100.0
TREE_09099,37.4974098,127.086004989,tree,100.0
TREE_09100,37.52656256,127.1180671,tree,100.0
TREE_09101,37.5038448,127.0787072,tree,100.0
TREE_09102,37.5175091,127.0761886,tree,100.0
TREE_09103,37.51110527,127.0757661,tree,100.0
TREE_09104,37.51151792,127.1245456,tree,100.0
TREE_09105,37.51123895,127.1245128,tree,100.0
TREE_09106,37.498213027,127.084656128,tree,100.0
TREE_09107,37.50949443,127.1241794,tree,100.0
TREE_09108,37.497425429,127.085959303,tree,100.0
TREE_09109,37.49894662,127.116681,tree,100.0
TREE_09110,37.4990346,127.1168065,tree,100.0
TREE_09111,37.53092898,127.1105336,tree,100.0
TREE_09112,37.53159586,127.0917479,tree,100.0
TREE_09113,37.497437584,127.085925584,tree,100.0
TREE_09114,37.51343287,127.1246637,tree,100.0
TREE_09115,37.5053102,127.1224992,tree,100.0
TREE_09116,37.50038243,127.1184773,tree,100.0
TREE_09117,37.5128366,127.1246598,tree,100.0
TREE_09118,37.51318424,127.1246677,tree,100.0
TREE_09119,37.49418824,127.095505645,tree,100.0
TREE_09120,37.50527367,127.077775,tree,100.0
TREE_09121,37.51105748,127.0757478,tree,100.0
TREE_09122,37.51145101,127.0756945,tree,100.0
TREE_09123,37.49897765,127.1167537,tree,100.0
TREE_09124,37.51779151,127.0762358,tree,100.0
TREE_09125,37.498247159,127.084552805,tree,100.0
TREE_09126,37.50385586,127.0786544,tree,100.0
TREE_09127,37.51351434,127.1246862,tree,100.0
TREE_09128,37.49746278,127.085829852,tree,100.0
TREE_09129,37.52660237,127.1180912,tree,100.0
TREE_09130,37.49906094,127.1168964,tree,100.0
TREE_09131,37.51285912,127.1246951,tree,100.0
TREE_09132,37.496432493,127.087826884,tree,100.0
TREE_09133,37.494153444,127.095557082,tree,100.0
TREE_09134,37.50548749,127.0776176,tree,100.0
TREE_09135,37.51134714,127.124582,tree,100.0
TREE_09136,37.50364869,127.0787768,tree,100.0
TREE_09137,37.50933391,127.1241954,tree,100.0
TREE_09138,37.497492302,127.08574392,tree,100.0
TREE_09139,37.498270012,127.084472539,tree,100.0
TREE_09140,37.51160648,127.0756318,tree,100.0
TREE_09141,37.49909366,127.1169741,tree,100.0
TREE_09142,37.51109308,127.0756929,tree,100.0
TREE_09143,37.51127718,127.0756666,tree,100.0
TREE_09144,37.496423992,127.087796286,tree,100.0
TREE_09145,37.51161651,127.1246355,tree,100.0
TREE_09146,37.497520955,127.085660163,tree,100.0
TREE_09147,37.50386766,127.0785904,tree,100.0
TREE_09148,37.51281007,127.1247305,tree,100.0
TREE_09149,37.49916875,127.1171004,tree,100.0
TREE_09150,37.51104689,127.0756839,tree,100.0
TREE_09151,37.51341085,127.12474,tree,100.0
TREE_09152,37.51140918,127.1246241,tree,100.0
TREE_09153,37.494111506,127.095624177,tree,100.0
TREE_09154,37.53126077,127.1097985,tree,100.0
TREE_09155,37.53099805,127.1105432,tree,100.0
TREE_09156,37.49911033,127.1170354,tree,100.0
TREE_09157,37.50526464,127.1225637,tree,100.0
TREE_09158,37.51284018,127.1247441,tree,100.0
TREE_09159,37.51315078,127.1247503,tree,100.0
TREE_09160,37.496414273,127.087765687,tree,100.0
TREE_09161,37.4992137,127.1171773,tree,100.0
TREE_09162,37.531669,127.0917403,tree,100.0
TREE_09163,37.497547006,127.085580755,tree,100.0
TREE_09164,37.51167679,127.1246675,tree,100.0
TREE_09165,37.53019852,127.0877627,tree,100.0
TREE_09166,37.51348953,127.1247574,tree,100.0
TREE_09167,37.49925829,127.1172487,tree,100.0
TREE_09168,37.53096615,127.1106688,tree,100.0
TREE_09169,37.51145813,127.1246526,tree,100.0
TREE_09170,37.5054529,127.0775679,tree,100.0
TREE_09171,37.49832735,127.084298788,tree,100.0
TREE_09172,37.51753403,127.0760703,tree,100.0
TREE_09173,37.51173466,127.1246951,tree,100.0
TREE_09174,37.5178047,127.0761438,tree,100.0
TREE_09175,37.497572193,127.085498082,tree,100.0
TREE_09176,37.494074927,127.09567673,tree,100.0
TREE_09177,37.51142676,127.0755937,tree,100.0
TREE_09178,37.496403338,127.087733557,tree,100.0
TREE_09179,37.51279645,127.1247753,tree,100.0
TREE_09180,37.5036739,127.0786694,tree,100.0
TREE_09181,37.51151073,127.1246835,tree,100.0
TREE_09182,37.50520399,127.077682,tree,100.0
TREE_09183,37.51108302,127.0756274,tree,100.0
TREE_09184,37.51180419,127.1247174,tree,100.0
TREE_09185,37.50930624,127.1242719,tree,100.0
TREE_09186,37.51337957,127.1247943,tree,100.0
TREE_09187,37.497602944,127.085414028,tree,100.0
TREE_09188,37.49704587,127.1138503,tree,100.0
TREE_09189,37.51159563,127.0755565,tree,100.0
TREE_09190,37.498355432,127.084213879,tree,100.0
TREE_09191,37.51279777,127.1247939,tree,100.0
TREE_09192,37.50551646,127.1227695,tree,100.0
TREE_09193,37.496391188,127.087696837,tree,100.0
TREE_09194,37.51154474,127.1247119,tree,100.0
TREE_09195,37.53105379,127.1105504,tree,100.0
TREE_09196,37.497630638,127.085335792,tree,100.0
TREE_09197,37.50057488,127.1188864,tree,100.0
TREE_09198,37.51347294,127.1248166,tree,100.0
TREE_09199,37.53021984,127.0876836,tree,100.0
TREE_09200,37.5110332,127.0756034,tree,100.0
TREE_09201,37.51184263,127.1247522,tree,100.0
TREE_09202,37.494028237,127.09574181,tree,100.0
TREE_09203,37.50063448,127.1189618,tree,100.0
TREE_09204,37.498383694,127.084128316,tree,100.0
TREE_09205,37.51312209,127.1248257,tree,100.0
TREE_09206,37.51126076,127.0755634,tree,100.0
TREE_09207,37.5267048,127.118153,tree,100.0
TREE_09208,37.50521863,127.1226325,tree,100.0
TREE_09209,37.497659422,127.085247349,tree,100.0
TREE_09210,37.53103248,127.1106783,tree,100.0
TREE_09211,37.50072647,127.119084,tree,100.0
TREE_09212,37.496380666,127.087655021,tree,100.0
TREE_09213,37.50368543,127.0785915,tree,100.0
TREE_09214,37.51141995,127.0755236,tree,100.0
TREE_09215,37.53174944,127.0917315,tree,100.0
TREE_09216,37.498412585,127.084045908,tree,100.0
TREE_09217,37.50516407,127.077632,tree,100.0
TREE_09218,37.49702404,127.1139189,tree,100.0
TREE_09219,37.51335566,127.1248597,tree,100.0
TREE_09220,37.49399166,127.095792124,tree,100.0
TREE_09221,37.51106872,127.0755584,tree,100.0
TREE_09222,37.51193056,127.1247996,tree,100.0
TREE_09223,37.496371748,127.087639717,tree,100.0
TREE_09224,37.49769906,127.085137139,tree,100.0
TREE_09225,37.49944925,127.1176466,tree,100.0
TREE_09226,37.50077259,127.1191658,tree,100.0
TREE_09227,37.51345495,127.1248681,tree,100.0
TREE_09228,37.53023801,127.0876158,tree,100.0
TREE_09229,37.49702416,127.1139521,tree,100.0
TREE_09230,37.498439585,127.083961563,tree,100.0
TREE_09231,37.51274761,127.1248741,tree,100.0
TREE_09232,37.51309915,127.1248831,tree,100.0
TREE_09233,37.50940667,127.1243926,tree,100.0
TREE_09234,37.53111588,127.1105586,tree,100.0
TREE_09235,37.496363656,127.087605042,tree,100.0
TREE_09236,37.51169458,127.1248047,tree,100.0
TREE_09237,37.5008532,127.1192784,tree,100.0
TREE_09238,37.50080002,127.1192264,tree,100.0
TREE_09239,37.50391354,127.0783763,tree,100.0
TREE_09240,37.49701779,127.1139776,tree,100.0
TREE_09241,37.50537656,127.0774684,tree,100.0
TREE_09242,37.49951477,127.1177686,tree,100.0
TREE_09243,37.49963476,127.117924,tree,100.0
TREE_09244,37.53138707,127.1098318,tree,100.0
TREE_09245,37.49957878,127.1178608,tree,100.0
TREE_09246,37.50550356,127.1228696,tree,100.0
TREE_09247,37.5120275,127.1248574,tree,100.0
TREE_09248,37.498466676,127.083876551,tree,100.0
TREE_09249,37.493942605,127.095844661,tree,100.0
TREE_09250,37.50370303,127.0785052,tree,100.0
TREE_09251,37.51173264,127.1248327,tree,100.0
TREE_09252,37.53109333,127.1106854,tree,100.0
TREE_09253,37.53180197,127.091726,tree,100.0
TREE_09254,37.50089517,127.1193531,tree,100.0
TREE_09255,37.51333209,127.1249159,tree,100.0
TREE_09256,37.497757307,127.084957989,tree,100.0
TREE_09257,37.500956,127.1194183,tree,100.0
TREE_09258,37.49971086,127.1180385,tree,100.0
TREE_09259,37.49700917,127.1140014,tree,100.0
TREE_09260,37.496350692,127.08757138,tree,100.0
TREE_09261,37.49859778,127.1165848,tree,100.0
TREE_09262,37.51276425,127.1249179,tree,100.0
TREE_09263,37.51105813,127.0754907,tree,100.0
TREE_09264,37.51273473,127.1249224,tree,100.0
TREE_09265,37.50512362,127.0775707,tree,100.0
TREE_09266,37.51177976,127.1248599,tree,100.0
TREE_09267,37.50924747,127.1244027,tree,100.0
TREE_09268,37.49700571,127.114029,tree,100.0
TREE_09269,37.497787717,127.084870228,tree,100.0
TREE_09270,37.498495299,127.083790197,tree,100.0
TREE_09271,37.50100096,127.1194916,tree,100.0
TREE_09272,37.50392837,127.0783147,tree,100.0
TREE_09273,37.53026092,127.0875243,tree,100.0
TREE_09274,37.51342714,127.1249446,tree,100.0
TREE_09275,37.51306952,127.1249453,tree,100.0
TREE_09276,37.51100975,127.0754756,tree,100.0
TREE_09277,37.5311708,127.1105647,tree,100.0
TREE_09278,37.51140615,127.0754211,tree,100.0
TREE_09279,37.493897998,127.095906157,tree,100.0
TREE_09280,37.50550322,127.1229259,tree,100.0
TREE_09281,37.51156536,127.0753971,tree,100.0
TREE_09282,37.51182284,127.1248875,tree,100.0
TREE_09283,37.50533901,127.0774203,tree,100.0
TREE_09284,37.51341809,127.1249607,tree,100.0
TREE_09285,37.50104605,127.1195647,tree,100.0
TREE_09286,37.497810531,127.084794708,tree,100.0
TREE_09287,37.51210463,127.1249163,tree,100.0
TREE_09288,37.50372297,127.0784278,tree,100.0
TREE_09289,37.4997284,127.1181255,tree,100.0
TREE_09290,37.49699187,127.1140532,tree,100.0
TREE_09291,37.498522928,127.083707788,tree,100.0
TREE_09292,37.496331068,127.087506427,tree,100.0
TREE_09293,37.50108395,127.1196236,tree,100.0
TREE_09294,37.51330444,127.1249779,tree,100.0
TREE_09295,37.53027316,127.0874803,tree,100.0
TREE_09296,37.497842017,127.084717157,tree,100.0
TREE_09297,37.51272099,127.1249718,tree,100.0
TREE_09298,37.5039396,127.0782579,tree,100.0
TREE_09299,37.50922426,127.1244465,tree,100.0
TREE_09300,37.50113407,127.1196849,tree,100.0
TREE_09301,37.49698841,127.1140844,tree,100.0
TREE_09302,37.53115331,127.1106938,tree,100.0
TREE_09303,37.49975646,127.1181897,tree,100.0
TREE_09304,37.49632378,127.087481949,tree,100.0
TREE_09305,37.50508817,127.0775245,tree,100.0
TREE_09306,37.50119755,127.1197575,tree,100.0
TREE_09307,37.51104749,127.0754262,tree,100.0
TREE_09308,37.51273934,127.1249855,tree,100.0
TREE_09309,37.53186852,127.0917189,tree,100.0
TREE_09310,37.49854984,127.1166314,tree,100.0
TREE_09311,37.49855119,127.083623104,tree,100.0
TREE_09312,37.50124906,127.1198175,tree,100.0
TREE_09313,37.49697976,127.1141051,tree,100.0
TREE_09314,37.493848951,127.095948622,tree,100.0
TREE_09315,37.5012943,127.1198731,tree,100.0
TREE_09316,37.49786876,127.084620377,tree,100.0
TREE_09317,37.49978597,127.1182617,tree,100.0
TREE_09318,37.5122156,127.1249808,tree,100.0
TREE_09319,37.498577386,127.083553381,tree,100.0
TREE_09320,37.50134421,127.1199336,tree,100.0
TREE_09321,37.50372816,127.0783591,tree,100.0
TREE_09322,37.49697803,127.1141345,tree,100.0
TREE_09323,37.51099778,127.075402,tree,100.0
TREE_09324,37.50935086,127.1245246,tree,100.0
TREE_09325,37.51338806,127.1250298,tree,100.0
TREE_09326,37.51328398,127.1250326,tree,100.0
TREE_09327,37.5119573,127.1249762,tree,100.0
TREE_09328,37.50507555,127.1227762,tree,100.0
TREE_09329,37.53029503,127.0874064,tree,100.0
TREE_09330,37.51302046,127.1250389,tree,100.0
TREE_09331,37.497892666,127.084533289,tree,100.0
TREE_09332,37.50139171,127.1200092,tree,100.0
TREE_09333,37.496303124,127.087421258,tree,100.0
TREE_09334,37.4998377,127.1183672,tree,100.0
TREE_09335,37.498603649,127.08346621,tree,100.0
TREE_09336,37.50504783,127.0774821,tree,100.0
TREE_09337,37.51155468,127.0752997,tree,100.0
TREE_09338,37.51138383,127.0753159,tree,100.0
TREE_09339,37.51201061,127.1250092,tree,100.0
TREE_09340,37.493797213,127.096013465,tree,100.0
TREE_09341,37.497919814,127.084459135,tree,100.0
TREE_09342,37.53121808,127.1107036,tree,100.0
TREE_09343,37.49695764,127.1141687,tree,100.0
TREE_09344,37.49988302,127.1184471,tree,100.0
TREE_09345,37.51274526,127.1250595,tree,100.0
TREE_09346,37.51269596,127.1250591,tree,100.0
TREE_09347,37.50142546,127.1200742,tree,100.0
TREE_09348,37.51103363,127.0753491,tree,100.0
TREE_09349,37.496292238,127.087389408,tree,100.0
TREE_09350,37.50374931,127.0782808,tree,100.0
TREE_09351,37.51335757,127.1250827,tree,100.0
TREE_09352,37.51227578,127.1250494,tree,100.0
TREE_09353,37.52690047,127.1182739,tree,100.0
TREE_09354,37.498634802,127.083368989,tree,100.0
TREE_09355,37.50148789,127.1201558,tree,100.0
TREE_09356,37.50932395,127.1245821,tree,100.0
TREE_09357,37.50396805,127.0781155,tree,100.0
TREE_09358,37.497942739,127.084368407,tree,100.0
TREE_09359,37.51098554,127.0753251,tree,100.0
TREE_09360,37.496279665,127.087355195,tree,100.0
TREE_09361,37.53032149,127.0873314,tree,100.0
TREE_09362,37.49694737,127.1142252,tree,100.0
TREE_09363,37.50918297,127.1245639,tree,100.0
TREE_09364,37.49847414,127.1167002,tree,100.0
TREE_09365,37.49989876,127.1185316,tree,100.0
TREE_09366,37.50551393,127.1231049,tree,100.0
TREE_09367,37.50497585,127.1228039,tree,100.0
TREE_09368,37.498662434,127.083283174,tree,100.0
TREE_09369,37.493745492,127.096055927,tree,100.0
TREE_09370,37.49627318,127.087331197,tree,100.0
TREE_09371,37.49994275,127.1185975,tree,100.0
TREE_09372,37.50152567,127.1202385,tree,100.0
TREE_09373,37.51213183,127.1250852,tree,100.0
TREE_09374,37.497967185,127.08428268,tree,100.0
TREE_09375,37.50157721,127.1202949,tree,100.0
TREE_09376,37.51299495,127.1251319,tree,100.0
TREE_09377,37.51102553,127.0752869,tree,100.0
TREE_09378,37.50397995,127.0780574,tree,100.0
TREE_09379,37.50162648,127.1203425,tree,100.0
TREE_09380,37.53127985,127.110711,tree,100.0
TREE_09381,37.50376333,127.0782029,tree,100.0
TREE_09382,37.51270461,127.1251273,tree,100.0
TREE_09383,37.52694082,127.1182976,tree,100.0
TREE_09384,37.53253809,127.0939858,tree,100.0
TREE_09385,37.51332632,127.1251467,tree,100.0
TREE_09386,37.496164914,127.087515013,tree,100.0
TREE_09387,37.49868835,127.083202345,tree,100.0
TREE_09388,37.51266094,127.1251381,tree,100.0
TREE_09389,37.51137077,127.0752254,tree,100.0
TREE_09390,37.497993795,127.084203082,tree,100.0
TREE_09391,37.511532,127.0752016,tree,100.0
TREE_09392,37.51097715,127.0752714,tree,100.0
TREE_09393,37.50398934,127.0780197,tree,100.0
TREE_09394,37.53034794,127.0872706,tree,100.0
TREE_09395,37.51219655,127.1251296,tree,100.0
TREE_09396,37.50166764,127.1204201,tree,100.0
TREE_09397,37.493698676,127.096107617,tree,100.0
TREE_09398,37.53245406,127.093467,tree,100.0
TREE_09399,37.50915313,127.1246203,tree,100.0
TREE_09400,37.5000466,127.118778,tree,100.0
TREE_09401,37.51323163,127.1251741,tree,100.0
TREE_09402,37.51242222,127.1251499,tree,100.0
TREE_09403,37.53206371,127.0918741,tree,100.0
TREE_09404,37.4961559,127.087478503,tree,100.0
TREE_09405,37.51270655,127.1251697,tree,100.0
TREE_09406,37.49843055,127.1167413,tree,100.0
TREE_09407,37.53257763,127.0940153,tree,100.0
TREE_09408,37.496252099,127.087261755,tree,100.0
TREE_09409,37.498715259,127.083118137,tree,100.0
TREE_09410,37.498023127,127.08410579,tree,100.0
TREE_09411,37.50553505,127.1231936,tree,100.0
TREE_09412,37.50171706,127.1204941,tree,100.0
TREE_09413,37.51297105,127.1251905,tree,100.0
TREE_09414,37.50177807,127.1205522,tree,100.0
TREE_09415,37.52698283,127.1183252,tree,100.0
TREE_09416,37.50378076,127.078124,tree,100.0
TREE_09417,37.4969063,127.1143073,tree,100.0
TREE_09418,37.51791818,127.0757428,tree,100.0
TREE_09419,37.50183784,127.120612,tree,100.0
TREE_09420,37.5125821,127.1251848,tree,100.0
TREE_09421,37.51225984,127.12517,tree,100.0
TREE_09422,37.51101156,127.0752185,tree,100.0
TREE_09423,37.496143653,127.087446044,tree,100.0
TREE_09424,37.53261155,127.0940519,tree,100.0
TREE_09425,37.498741718,127.083032785,tree,100.0
TREE_09426,37.498047031,127.084020744,tree,100.0
TREE_09427,37.51320344,127.1252252,tree,100.0
TREE_09428,37.51330096,127.1252264,tree,100.0
TREE_09429,37.51248588,127.1252076,tree,100.0
TREE_09430,37.493645166,127.096159029,tree,100.0
TREE_09431,37.50489857,127.1228808,tree,100.0
TREE_09432,37.50401135,127.0779239,tree,100.0
TREE_09433,37.51135362,127.0751422,tree,100.0
TREE_09434,37.498066041,127.083960193,tree,100.0
TREE_09435,37.51252428,127.1252207,tree,100.0
TREE_09436,37.496130765,127.087409529,tree,100.0
TREE_09437,37.50493863,127.077337,tree,100.0
TREE_09438,37.53264435,127.0940885,tree,100.0
TREE_09439,37.510963,127.0751839,tree,100.0
TREE_09440,37.51258039,127.1252326,tree,100.0
TREE_09441,37.50033148,127.1191947,tree,100.0
TREE_09442,37.498767817,127.082948564,tree,100.0
TREE_09443,37.50380188,127.0780468,tree,100.0
TREE_09444,37.496124967,127.087390055,tree,100.0
TREE_09445,37.50192846,127.1207654,tree,100.0
TREE_09446,37.50554451,127.123278,tree,100.0
TREE_09447,37.51294427,127.1252623,tree,100.0
TREE_09448,37.53213989,127.0918663,tree,100.0
TREE_09449,37.50037075,127.1192635,tree,100.0
TREE_09450,37.498090631,127.083874902,tree,100.0
TREE_09451,37.50481803,127.1228817,tree,100.0
TREE_09452,37.5326726,127.0941124,tree,100.0
TREE_09453,37.496117241,127.087358413,tree,100.0
TREE_09454,37.5019744,127.1208331,tree,100.0
TREE_09455,37.498794367,127.082862607,tree,100.0
TREE_09456,37.50402332,127.0778578,tree,100.0
TREE_09457,37.49835808,127.1168007,tree,100.0
TREE_09458,37.493590772,127.096202605,tree,100.0
TREE_09459,37.50043198,127.1193556,tree,100.0
TREE_09460,37.496208041,127.087142415,tree,100.0
TREE_09461,37.51099536,127.0751331,tree,100.0
TREE_09462,37.496110466,127.087337174,tree,100.0
TREE_09463,37.50202912,127.1209019,tree,100.0
TREE_09464,37.50381667,127.0779792,tree,100.0
TREE_09465,37.51327822,127.1253034,tree,100.0
TREE_09466,37.498116164,127.083785773,tree,100.0
TREE_09467,37.496202854,127.087119531,tree,100.0
TREE_09468,37.4968447,127.1143945,tree,100.0
TREE_09469,37.53259188,127.0935738,tree,100.0
TREE_09470,37.53246948,127.0930205,tree,100.0
TREE_09471,37.53270989,127.0941447,tree,100.0
TREE_09472,37.50206877,127.1209531,tree,100.0
TREE_09473,37.498820645,127.082778073,tree,100.0
TREE_09474,37.53143263,127.1107314,tree,100.0
TREE_09475,37.51134254,127.0750554,tree,100.0
TREE_09476,37.50044426,127.11942,tree,100.0
TREE_09477,37.51150708,127.0750307,tree,100.0
TREE_09478,37.53202419,127.1089725,tree,100.0
TREE_09479,37.51745513,127.0754692,tree,100.0
TREE_09480,37.50213429,127.1210372,tree,100.0
TREE_09481,37.50476706,127.1229297,tree,100.0
TREE_09482,37.496193129,127.087073764,tree,100.0
TREE_09483,37.498140621,127.083684393,tree,100.0
TREE_09484,37.50557096,127.1233856,tree,100.0
TREE_09485,37.51315521,127.1253472,tree,100.0
TREE_09486,37.53274724,127.0941941,tree,100.0
TREE_09487,37.493539949,127.096237233,tree,100.0
TREE_09488,37.53215725,127.0916881,tree,100.0
TREE_09489,37.50217847,127.1210905,tree,100.0
TREE_09490,37.498846472,127.082694869,tree,100.0
TREE_09491,37.50049237,127.1195081,tree,100.0
TREE_09492,37.53221453,127.0918588,tree,100.0
TREE_09493,37.50383171,127.0779035,tree,100.0
TREE_09494,37.51324609,127.1253632,tree,100.0
TREE_09495,37.51793223,127.0755772,tree,100.0
TREE_09496,37.50922358,127.1248361,tree,100.0
TREE_09497,37.50054157,127.11957,tree,100.0
TREE_09498,37.5129003,127.1253616,tree,100.0
TREE_09499,37.5174477,127.0754359,tree,100.0
TREE_09500,37.496181439,127.087047604,tree,100.0
TREE_09501,37.498174988,127.08357869,tree,100.0
TREE_09502,37.50222296,127.1211679,tree,100.0
TREE_09503,37.49829646,127.116857,tree,100.0
TREE_09504,37.53278906,127.094232,tree,100.0
TREE_09505,37.50059466,127.1196628,tree,100.0
TREE_09506,37.4961717,127.087020629,tree,100.0
TREE_09507,37.50470334,127.1229521,tree,100.0
TREE_09508,37.5055975,127.1234571,tree,100.0
TREE_09509,37.49679337,127.1144613,tree,100.0
TREE_09510,37.51148396,127.0749595,tree,100.0
TREE_09511,37.49348912,127.096278576,tree,100.0
TREE_09512,37.50227299,127.1212389,tree,100.0
TREE_09513,37.5131248,127.1254124,tree,100.0
TREE_09514,37.51745385,127.07539,tree,100.0
TREE_09515,37.4960647,127.08720684,tree,100.0
TREE_09516,37.52715213,127.1184278,tree,100.0
TREE_09517,37.51132272,127.0749646,tree,100.0
TREE_09518,37.50506926,127.0770672,tree,100.0
TREE_09519,37.50234005,127.1213086,tree,100.0
TREE_09520,37.53036442,127.0868132,tree,100.0
TREE_09521,37.498897677,127.082525759,tree,100.0
TREE_09522,37.50064051,127.1197485,tree,100.0
TREE_09523,37.51322904,127.1254253,tree,100.0
TREE_09524,37.53282639,127.0942743,tree,100.0
TREE_09525,37.53222115,127.0916818,tree,100.0
TREE_09526,37.50385273,127.0778102,tree,100.0
TREE_09527,37.50406496,127.0776671,tree,100.0
TREE_09528,37.498176132,127.083492937,tree,100.0
TREE_09529,37.53254881,127.0929124,tree,100.0
TREE_09530,37.496057016,127.087175367,tree,100.0
TREE_09531,37.50919618,127.1249071,tree,100.0
TREE_09532,37.50241994,127.121402,tree,100.0
TREE_09533,37.53069504,127.1127899,tree,100.0
TREE_09534,37.50482616,127.0771802,tree,100.0
TREE_09535,37.51744364,127.0753547,tree,100.0
TREE_09536,37.50905224,127.1248718,tree,100.0
TREE_09537,37.53065804,127.1128752,tree,100.0
TREE_09538,37.53063904,127.1129158,tree,100.0
TREE_09539,37.50069019,127.119829,tree,100.0
TREE_09540,37.51116411,127.0749544,tree,100.0
TREE_09541,37.53067736,127.112836,tree,100.0
TREE_09542,37.53089851,127.1123505,tree,100.0
TREE_09543,37.53097832,127.1121686,tree,100.0
TREE_09544,37.53095104,127.1122322,tree,100.0
TREE_09545,37.53080409,127.1125677,tree,100.0
TREE_09546,37.53074673,127.1126939,tree,100.0
TREE_09547,37.496150285,127.086948702,tree,100.0
TREE_09548,37.498188085,127.083448712,tree,100.0
TREE_09549,37.53084035,127.1124913,tree,100.0
TREE_09550,37.53050181,127.113224,tree,100.0
TREE_09551,37.49989357,127.1189868,tree,100.0
TREE_09552,37.51318659,127.1254572,tree,100.0
TREE_09553,37.53229424,127.0918511,tree,100.0
TREE_09554,37.496048038,127.087155188,tree,100.0
TREE_09555,37.498923506,127.082440292,tree,100.0
TREE_09556,37.50071627,127.1198706,tree,100.0
TREE_09557,37.53048219,127.1132711,tree,100.0
TREE_09558,37.53159883,127.1106094,tree,100.0
TREE_09559,37.50075382,127.1199109,tree,100.0
TREE_09560,37.51309203,127.1254612,tree,100.0
TREE_09561,37.53109998,127.1119004,tree,100.0
TREE_09562,37.53046129,127.1133291,tree,100.0
TREE_09563,37.52718837,127.1184522,tree,100.0
TREE_09564,37.51112154,127.0749388,tree,100.0
TREE_09565,37.53113926,127.1118206,tree,100.0
TREE_09566,37.53035678,127.1135484,tree,100.0
TREE_09567,37.49674717,127.1144972,tree,100.0
TREE_09568,37.50562965,127.1235497,tree,100.0
TREE_09569,37.53043114,127.1133992,tree,100.0
TREE_09570,37.53286932,127.0943094,tree,100.0
TREE_09571,37.498202748,127.08340449,tree,100.0
TREE_09572,37.50463306,127.1229921,tree,100.0
TREE_09573,37.53118113,127.1117245,tree,100.0
TREE_09574,37.53031471,127.1136412,tree,100.0
TREE_09575,37.53039396,127.113484,tree,100.0
TREE_09576,37.493428129,127.096306627,tree,100.0
TREE_09577,37.53036666,127.1135426,tree,100.0
TREE_09578,37.53028361,127.1137092,tree,100.0
TREE_09579,37.5007988,127.1199771,tree,100.0
TREE_09580,37.53026249,127.1137548,tree,100.0
TREE_09581,37.50407904,127.0776045,tree,100.0
TREE_09582,37.49823291,127.1169106,tree,100.0
TREE_09583,37.53122435,127.1116365,tree,100.0
TREE_09584,37.50247229,127.1214887,tree,100.0
TREE_09585,37.5302446,127.1137987,tree,100.0
TREE_09586,37.50086829,127.1200559,tree,100.0
TREE_09587,37.53126069,127.1115559,tree,100.0
TREE_09588,37.50503175,127.0770157,tree,100.0
TREE_09589,37.50386651,127.0777354,tree,100.0
TREE_09590,37.53129379,127.1114805,tree,100.0
TREE_09591,37.53022188,127.1138535,tree,100.0
TREE_09592,37.496037788,127.087118873,tree,100.0
TREE_09593,37.498216328,127.083357545,tree,100.0
TREE_09594,37.5010363,127.1202283,tree,100.0
TREE_09595,37.53017887,127.113945,tree,100.0
TREE_09596,37.53133368,127.1113922,tree,100.0
TREE_09597,37.498949424,127.08235494,tree,100.0
TREE_09598,37.53156723,127.1107818,tree,100.0
TREE_09599,37.50096022,127.1201629,tree,100.0
TREE_09600,37.53015934,127.113993,tree,100.0
TREE_09601,37.51742337,127.0752941,tree,100.0
TREE_09602,37.50109793,127.1202998,tree,100.0
TREE_09603,37.49838689,127.1171648,tree,100.0
TREE_09604,37.50252791,127.1215612,tree,100.0
TREE_09605,37.53010504,127.1141105,tree,100.0
TREE_09606,37.50478668,127.0771365,tree,100.0
TREE_09607,37.498227198,127.083312638,tree,100.0
TREE_09608,37.53140755,127.1112355,tree,100.0
TREE_09609,37.49834987,127.1171197,tree,100.0
TREE_09610,37.53006211,127.1142006,tree,100.0
TREE_09611,37.50902367,127.1249303,tree,100.0
TREE_09612,37.53143706,127.1111669,tree,100.0
TREE_09613,37.53291459,127.0943672,tree,100.0
TREE_09614,37.53290884,127.0943332,tree,100.0
TREE_09615,37.53215296,127.1090709,tree,100.0
TREE_09616,37.49999903,127.1191844,tree,100.0
TREE_09617,37.496026894,127.087083364,tree,100.0
TREE_09618,37.53004226,127.1142541,tree,100.0
TREE_09619,37.53147357,127.1110893,tree,100.0
TREE_09620,37.51795534,127.0754229,tree,100.0
TREE_09621,37.53043082,127.0867611,tree,100.0
TREE_09622,37.49841246,127.1172291,tree,100.0
TREE_09623,37.5011855,127.1204131,tree,100.0
TREE_09624,37.51115401,127.0748783,tree,100.0
TREE_09625,37.53150795,127.1110128,tree,100.0
TREE_09626,37.5045494,127.1230026,tree,100.0
TREE_09627,37.53282605,127.093847,tree,100.0
TREE_09628,37.498238068,127.083267051,tree,100.0
TREE_09629,37.50409063,127.0775416,tree,100.0
TREE_09630,37.50123952,127.1204703,tree,100.0
TREE_09631,37.50263119,127.1216725,tree,100.0
TREE_09632,37.498974711,127.082271395,tree,100.0
TREE_09633,37.5323078,127.091674,tree,100.0
TREE_09634,37.51307858,127.1255315,tree,100.0
TREE_09635,37.51316594,127.1255331,tree,100.0
TREE_09636,37.53003338,127.1142952,tree,100.0
TREE_09637,37.50388681,127.0776687,tree,100.0
TREE_09638,37.51131034,127.074847,tree,100.0
TREE_09639,37.51252281,127.125518,tree,100.0
TREE_09640,37.53261013,127.0928294,tree,100.0
TREE_09641,37.49983839,127.1190326,tree,100.0
TREE_09642,37.53000854,127.1143503,tree,100.0
TREE_09643,37.496119129,127.086853885,tree,100.0
TREE_09644,37.53154887,127.1109327,tree,100.0
TREE_09645,37.498251643,127.083228952,tree,100.0
TREE_09646,37.496017279,127.08705673,tree,100.0
TREE_09647,37.53236412,127.0918439,tree,100.0
TREE_09648,37.51111405,127.0748645,tree,100.0
TREE_09649,37.51281736,127.1255387,tree,100.0
TREE_09650,37.53294851,127.0944024,tree,100.0
TREE_09651,37.50256886,127.1216431,tree,100.0
TREE_09652,37.51255812,127.1255322,tree,100.0
TREE_09653,37.50135263,127.1206019,tree,100.0
TREE_09654,37.53167432,127.1106173,tree,100.0
TREE_09655,37.50499485,127.0769672,tree,100.0
TREE_09656,37.4984482,127.1173172,tree,100.0
TREE_09657,37.50129212,127.1205471,tree,100.0
TREE_09658,37.52995172,127.1144794,tree,100.0
TREE_09659,37.49848313,127.1173663,tree,100.0
TREE_09660,37.493363048,127.096341237,tree,100.0
TREE_09661,37.52725799,127.1184895,tree,100.0
TREE_09662,37.52992563,127.1145354,tree,100.0
TREE_09663,37.50271273,127.1217667,tree,100.0
TREE_09664,37.4981811,127.1169579,tree,100.0
TREE_09665,37.53092776,127.1125097,tree,100.0
TREE_09666,37.496011516,127.087032521,tree,100.0
TREE_09667,37.50914427,127.1250149,tree,100.0
TREE_09668,37.53096052,127.1124366,tree,100.0
TREE_09669,37.53088733,127.1126023,tree,100.0
TREE_09670,37.53085505,127.1126751,tree,100.0
TREE_09671,37.5308223,127.1127475,tree,100.0
TREE_09672,37.53078152,127.1128376,tree,100.0
TREE_09673,37.53099623,127.1123571,tree,100.0
TREE_09674,37.49669071,127.1145588,tree,100.0
TREE_09675,37.53102267,127.1123002,tree,100.0
TREE_09676,37.498999273,127.082192361,tree,100.0
TREE_09677,37.52987197,127.1146517,tree,100.0
TREE_09678,37.50138756,127.1206545,tree,100.0
TREE_09679,37.53059377,127.1132472,tree,100.0
TREE_09680,37.53297229,127.0944362,tree,100.0
TREE_09681,37.52706384,127.1187407,tree,100.0
TREE_09682,37.53050726,127.1134338,tree,100.0
TREE_09683,37.4985181,127.1174422,tree,100.0
TREE_09684,37.530631,127.1131801,tree,100.0
TREE_09685,37.53055379,127.1133417,tree,100.0
TREE_09686,37.498277981,127.083143441,tree,100.0
TREE_09687,37.5047478,127.0770849,tree,100.0
TREE_09688,37.53047861,127.1134977,tree,100.0
TREE_09689,37.51742446,127.075217,tree,100.0
TREE_09690,37.53114519,127.112036,tree,100.0
TREE_09691,37.53043564,127.1135936,tree,100.0
TREE_09692,37.50899928,127.1249934,tree,100.0
TREE_09693,37.53116658,127.1119924,tree,100.0
TREE_09694,37.52983773,127.1147362,tree,100.0
TREE_09695,37.51114115,127.0748231,tree,100.0
TREE_09696,37.5124881,127.1255608,tree,100.0
TREE_09697,37.50410806,127.0774703,tree,100.0
TREE_09698,37.50144722,127.1207299,tree,100.0
TREE_09699,37.49854041,127.1174924,tree,100.0
TREE_09700,37.53124205,127.1118205,tree,100.0
TREE_09701,37.53047644,127.0867259,tree,100.0
TREE_09702,37.52981076,127.1148001,tree,100.0
TREE_09703,37.50284474,127.1219095,tree,100.0
TREE_09704,37.53128179,127.1117388,tree,100.0
TREE_09705,37.50444501,127.1230117,tree,100.0
TREE_09706,37.49865188,127.1176558,tree,100.0
TREE_09707,37.495998055,127.086994588,tree,100.0
TREE_09708,37.53131856,127.1116586,tree,100.0
TREE_09709,37.52978193,127.1148649,tree,100.0
TREE_09710,37.496095757,127.086789309,tree,100.0
TREE_09711,37.51305408,127.1255987,tree,100.0
TREE_09712,37.53300509,127.0944742,tree,100.0
TREE_09713,37.51798436,127.0753478,tree,100.0
TREE_09714,37.50389835,127.0775853,tree,100.0
TREE_09715,37.51253448,127.1255845,tree,100.0
TREE_09716,37.53038307,127.1137449,tree,100.0
TREE_09717,37.53135974,127.1115707,tree,100.0
TREE_09718,37.50290624,127.1219718,tree,100.0
TREE_09719,37.52975283,127.1149313,tree,100.0
TREE_09720,37.499027808,127.082100791,tree,100.0
TREE_09721,37.51109904,127.0748041,tree,100.0
TREE_09722,37.50570311,127.1237356,tree,100.0
TREE_09723,37.51279257,127.1255997,tree,100.0
TREE_09724,37.52972087,127.114993,tree,100.0
TREE_09725,37.5313995,127.1114824,tree,100.0
TREE_09726,37.498303786,127.083053215,tree,100.0
TREE_09727,37.51315111,127.12561,tree,100.0
TREE_09728,37.51152439,127.0747458,tree,100.0
TREE_09729,37.50147488,127.1207916,tree,100.0
TREE_09730,37.5323757,127.0916665,tree,100.0
TREE_09731,37.5049536,127.0769186,tree,100.0
TREE_09732,37.52730491,127.11852,tree,100.0
TREE_09733,37.53021324,127.114104,tree,100.0
TREE_09734,37.493309567,127.096356836,tree,100.0
TREE_09735,37.53270801,127.0929527,tree,100.0
TREE_09736,37.53025886,127.1140237,tree,100.0
TREE_09737,37.49992142,127.1192423,tree,100.0
TREE_09738,37.52966423,127.11512,tree,100.0
TREE_09739,37.53302882,127.0944925,tree,100.0
TREE_09740,37.53148769,127.1112951,tree,100.0
TREE_09741,37.49598459,127.086962303,tree,100.0
TREE_09742,37.49870948,127.1177818,tree,100.0
TREE_09743,37.49870597,127.1177783,tree,100.0
TREE_09744,37.53173965,127.1106278,tree,100.0
TREE_09745,37.52963825,127.1151751,tree,100.0
TREE_09746,37.53266944,127.0927506,tree,100.0
TREE_09747,37.49977323,127.1190845,tree,100.0
TREE_09748,37.53152059,127.1112261,tree,100.0
TREE_09749,37.52961121,127.115228,tree,100.0
TREE_09750,37.53223874,127.1091157,tree,100.0
TREE_09751,37.49823405,127.117144,tree,100.0
TREE_09752,37.53019185,127.1141794,tree,100.0
TREE_09753,37.53064709,127.0869871,tree,100.0
TREE_09754,37.53243985,127.0918363,tree,100.0
TREE_09755,37.50152818,127.1208711,tree,100.0
TREE_09756,37.51247257,127.1256186,tree,100.0
TREE_09757,37.53155761,127.111145,tree,100.0
TREE_09758,37.498324423,127.082978834,tree,100.0
TREE_09759,37.50434989,127.123006,tree,100.0
TREE_09760,37.52958568,127.1152872,tree,100.0
TREE_09761,37.496076933,127.086732909,tree,100.0
TREE_09762,37.49664964,127.1146307,tree,100.0
TREE_09763,37.53159182,127.1110709,tree,100.0
TREE_09764,37.4982658,127.1172086,tree,100.0
TREE_09765,37.50299602,127.1220912,tree,100.0
TREE_09766,37.50391681,127.0775152,tree,100.0
TREE_09767,37.50896531,127.1250595,tree,100.0
TREE_09768,37.52954334,127.1153752,tree,100.0
TREE_09769,37.50293501,127.1220513,tree,100.0
TREE_09770,37.53163062,127.1109885,tree,100.0
TREE_09771,37.50312263,127.1221972,tree,100.0
TREE_09772,37.52951242,127.1154387,tree,100.0
TREE_09773,37.5031786,127.1222394,tree,100.0
TREE_09774,37.51302681,127.1256589,tree,100.0
TREE_09775,37.53306156,127.0945135,tree,100.0
TREE_09776,37.49831412,127.1172971,tree,100.0
TREE_09777,37.495971131,127.08692195,tree,100.0
TREE_09778,37.50156813,127.1209374,tree,100.0
TREE_09779,37.51769991,127.0752023,tree,100.0
TREE_09780,37.51250519,127.1256448,tree,100.0
TREE_09781,37.52948179,127.1155009,tree,100.0
TREE_09782,37.50574638,127.1238235,tree,100.0
TREE_09783,37.52714014,127.1187886,tree,100.0
TREE_09784,37.496068495,127.086705936,tree,100.0
TREE_09785,37.5330763,127.0945403,tree,100.0
TREE_09786,37.51311166,127.125673,tree,100.0
TREE_09787,37.52945266,127.1155625,tree,100.0
TREE_09788,37.53000241,127.1146021,tree,100.0
TREE_09789,37.51799425,127.075277,tree,100.0
TREE_09790,37.51151612,127.0746826,tree,100.0
TREE_09791,37.50162827,127.1210075,tree,100.0
TREE_09792,37.50491858,127.0768726,tree,100.0
TREE_09793,37.52735003,127.1185484,tree,100.0
TREE_09794,37.52943078,127.1156068,tree,100.0
TREE_09795,37.499080906,127.081930664,tree,100.0
TREE_09796,37.49834917,127.117371,tree,100.0
TREE_09797,37.49883454,127.1180176,tree,100.0
TREE_09798,37.52997579,127.1146646,tree,100.0
TREE_09799,37.51128382,127.0747023,tree,100.0
TREE_09800,37.495963996,127.086894416,tree,100.0
TREE_09801,37.52936906,127.1157185,tree,100.0
TREE_09802,37.49973654,127.1191185,tree,100.0
TREE_09803,37.50429396,127.1230244,tree,100.0
TREE_09804,37.51112628,127.0747163,tree,100.0
TREE_09805,37.51275867,127.1256832,tree,100.0
TREE_09806,37.50413564,127.0773295,tree,100.0
TREE_09807,37.52934271,127.1157746,tree,100.0
TREE_09808,37.49987408,127.1192823,tree,100.0
TREE_09809,37.51145039,127.0746707,tree,100.0
TREE_09810,37.50174196,127.1211304,tree,100.0
TREE_09811,37.50323515,127.1223229,tree,100.0
TREE_09812,37.52990441,127.114825,tree,100.0
TREE_09813,37.53310286,127.0945649,tree,100.0
TREE_09814,37.50179312,127.1211868,tree,100.0
TREE_09815,37.49595695,127.086868592,tree,100.0
TREE_09816,37.498375652,127.082810041,tree,100.0
TREE_09817,37.4984213,127.1175107,tree,100.0
TREE_09818,37.53180283,127.1106399,tree,100.0
TREE_09819,37.496053565,127.086661797,tree,100.0
TREE_09820,37.49888119,127.1181194,tree,100.0
TREE_09821,37.53245287,127.0916582,tree,100.0
TREE_09822,37.52985733,127.1149308,tree,100.0
TREE_09823,37.49323024,127.096376878,tree,100.0
TREE_09824,37.51300066,127.1257111,tree,100.0
TREE_09825,37.51107436,127.0746991,tree,100.0
TREE_09826,37.499106913,127.081846203,tree,100.0
TREE_09827,37.49845897,127.1175776,tree,100.0
TREE_09828,37.51309919,127.1257184,tree,100.0
TREE_09829,37.50577991,127.1238955,tree,100.0
TREE_09830,37.53302106,127.0940384,tree,100.0
TREE_09831,37.53272528,127.0926758,tree,100.0
TREE_09832,37.50394112,127.077423,tree,100.0
TREE_09833,37.53312664,127.0945981,tree,100.0
TREE_09834,37.50332183,127.1224146,tree,100.0
TREE_09835,37.50422758,127.1230235,tree,100.0
TREE_09836,37.5032553,127.1223715,tree,100.0
TREE_09837,37.49851299,127.1176682,tree,100.0
TREE_09838,37.496045011,127.086636302,tree,100.0
TREE_09839,37.51800869,127.0752204,tree,100.0
TREE_09840,37.52718291,127.1188263,tree,100.0
TREE_09841,37.495944126,127.086837921,tree,100.0
TREE_09842,37.49895967,127.118256,tree,100.0
TREE_09843,37.51092542,127.0746986,tree,100.0
TREE_09844,37.50908431,127.1251777,tree,100.0
TREE_09845,37.50363344,127.1226506,tree,100.0
TREE_09846,37.51143377,127.0746248,tree,100.0
TREE_09847,37.50337927,127.1224765,tree,100.0
TREE_09848,37.498402381,127.082719365,tree,100.0
TREE_09849,37.49969754,127.11915,tree,100.0
TREE_09850,37.5274009,127.1185799,tree,100.0
TREE_09851,37.50488156,127.0768189,tree,100.0
TREE_09852,37.50356974,127.1226133,tree,100.0
TREE_09853,37.50892974,127.1251464,tree,100.0
TREE_09854,37.52973126,127.1152138,tree,100.0
TREE_09855,37.51111517,127.0746585,tree,100.0
TREE_09856,37.49855762,127.117756,tree,100.0
TREE_09857,37.50369341,127.1227049,tree,100.0
TREE_09858,37.50580803,127.1239451,tree,100.0
TREE_09859,37.51150713,127.0746055,tree,100.0
TREE_09860,37.530592445,127.086646702,tree,100.0
TREE_09861,37.53072767,127.0869262,tree,100.0
TREE_09862,37.52970544,127.115271,tree,100.0
TREE_09863,37.51308469,127.1257555,tree,100.0
TREE_09864,37.50349971,127.1225784,tree,100.0
TREE_09865,37.496035275,127.08660606,tree,100.0
TREE_09866,37.49983183,127.1193231,tree,100.0
TREE_09867,37.50375948,127.1227608,tree,100.0
TREE_09868,37.50414745,127.1230143,tree,100.0
TREE_09869,37.49906137,127.1184221,tree,100.0
TREE_09870,37.50343462,127.1225388,tree,100.0
TREE_09871,37.52967863,127.1153312,tree,100.0
TREE_09872,37.53178755,127.1108258,tree,100.0
TREE_09873,37.53280162,127.0928287,tree,100.0
TREE_09874,37.50395573,127.0773599,tree,100.0
TREE_09875,37.51273968,127.1257587,tree,100.0
TREE_09876,37.49658291,127.1147231,tree,100.0
TREE_09877,37.51127167,127.0746169,tree,100.0
TREE_09878,37.493183901,127.096376819,tree,100.0
TREE_09879,37.52965161,127.1153898,tree,100.0
TREE_09880,37.495930025,127.086796761,tree,100.0
TREE_09881,37.50381681,127.1228116,tree,100.0
TREE_09882,37.53318066,127.0946621,tree,100.0
TREE_09883,37.53234033,127.1091746,tree,100.0
TREE_09884,37.51243005,127.1257546,tree,100.0
TREE_09885,37.49863276,127.1178986,tree,100.0
TREE_09886,37.5296252,127.1154481,tree,100.0
TREE_09887,37.51772317,127.0750904,tree,100.0
TREE_09888,37.50462731,127.0769291,tree,100.0
TREE_09889,37.498422438,127.082637056,tree,100.0
TREE_09890,37.53276375,127.09262,tree,100.0
TREE_09891,37.50386774,127.1228581,tree,100.0
TREE_09892,37.52913043,127.1162612,tree,100.0
TREE_09893,37.496024236,127.086577449,tree,100.0
TREE_09894,37.52959699,127.1155091,tree,100.0
TREE_09895,37.51298298,127.1257852,tree,100.0
TREE_09896,37.50393834,127.12291,tree,100.0
TREE_09897,37.50401656,127.1229624,tree,100.0
TREE_09898,37.499158568,127.081676752,tree,100.0
TREE_09899,37.51245255,127.1257695,tree,100.0
TREE_09900,37.50586797,127.1240185,tree,100.0
TREE_09901,37.52957189,127.1155679,tree,100.0
TREE_09902,37.52910295,127.1163239,tree,100.0
TREE_09903,37.495919769,127.086767706,tree,100.0
TREE_09904,37.50191285,127.121403,tree,100.0
TREE_09905,37.50196733,127.1214501,tree,100.0
TREE_09906,37.49795848,127.1169986,tree,100.0
TREE_09907,37.53187724,127.1106539,tree,100.0
TREE_09908,37.51802649,127.0751552,tree,100.0
TREE_09909,37.50484622,127.0767751,tree,100.0
TREE_09910,37.49790461,127.1169291,tree,100.0
TREE_09911,37.52954306,127.1156269,tree,100.0
TREE_09912,37.49869511,127.1180179,tree,100.0
TREE_09913,37.52723915,127.1188586,tree,100.0
TREE_09914,37.4990967,127.1185259,tree,100.0
TREE_09915,37.52907735,127.1163816,tree,100.0
TREE_09916,37.52745173,127.1186085,tree,100.0
TREE_09917,37.49784451,127.1168543,tree,100.0
TREE_09918,37.50200582,127.1215008,tree,100.0
TREE_09919,37.52950252,127.1157135,tree,100.0
TREE_09920,37.51150777,127.0745413,tree,100.0
TREE_09921,37.49683821,127.1152584,tree,100.0
TREE_09922,37.52905209,127.1164389,tree,100.0
TREE_09923,37.4977903,127.1167878,tree,100.0
TREE_09924,37.49915501,127.1186204,tree,100.0
TREE_09925,37.53312592,127.0941425,tree,100.0
TREE_09926,37.50396767,127.0772868,tree,100.0
TREE_09927,37.495908875,127.086733004,tree,100.0
TREE_09928,37.49873686,127.1181028,tree,100.0
TREE_09929,37.5127044,127.1258167,tree,100.0
TREE_09930,37.51141827,127.0745389,tree,100.0
TREE_09931,37.499184756,127.081590947,tree,100.0
TREE_09932,37.50205762,127.1215643,tree,100.0
TREE_09933,37.50591442,127.1240819,tree,100.0
TREE_09934,37.49977071,127.1193529,tree,100.0
TREE_09935,37.5129532,127.1258304,tree,100.0
TREE_09936,37.52901849,127.1165162,tree,100.0
TREE_09937,37.53224058,127.1096731,tree,100.0
TREE_09938,37.49963791,127.11921,tree,100.0
TREE_09939,37.51305103,127.1258392,tree,100.0
TREE_09940,37.49773076,127.1167299,tree,100.0
TREE_09941,37.496004183,127.086511692,tree,100.0
TREE_09942,37.52899486,127.1165661,tree,100.0
TREE_09943,37.50417825,127.0771293,tree,100.0
TREE_09944,37.51803421,127.0751099,tree,100.0
TREE_09945,37.49864521,127.082242155,tree,100.0
TREE_09946,37.51240195,127.1258268,tree,100.0
TREE_09947,37.53186189,127.1108248,tree,100.0
TREE_09948,37.495899905,127.086703144,tree,100.0
TREE_09949,37.49921389,127.1187341,tree,100.0
TREE_09950,37.493115792,127.096377875,tree,100.0
TREE_09951,37.51125091,127.0745329,tree,100.0
TREE_09952,37.53066082,127.0865874,tree,100.0
TREE_09953,37.52896828,127.1166269,tree,100.0
TREE_09954,37.498461445,127.082466853,tree,100.0
TREE_09955,37.50596826,127.1241418,tree,100.0
TREE_09956,37.51109926,127.0745462,tree,100.0
TREE_09957,37.51243004,127.1258391,tree,100.0
TREE_09958,37.5326268,127.0918225,tree,100.0
TREE_09959,37.499207784,127.081515316,tree,100.0
TREE_09960,37.49886635,127.1183241,tree,100.0
TREE_09961,37.53327449,127.0947536,tree,100.0
TREE_09962,37.52750103,127.1186351,tree,100.0
TREE_09963,37.52894081,127.1166888,tree,100.0
TREE_09964,37.495991955,127.086478849,tree,100.0
TREE_09965,37.50406846,127.0771686,tree,100.0
TREE_09966,37.50211007,127.1216594,tree,100.0
TREE_09967,37.495890912,127.086673098,tree,100.0
TREE_09968,37.50902786,127.1253081,tree,100.0
TREE_09969,37.51105317,127.0745359,tree,100.0
TREE_09970,37.50603723,127.1241948,tree,100.0
TREE_09971,37.52729771,127.1188925,tree,100.0
TREE_09972,37.49872032,127.1181598,tree,100.0
TREE_09973,37.52891531,127.1167438,tree,100.0
TREE_09974,37.51804649,127.0750773,tree,100.0
TREE_09975,37.49974563,127.1193934,tree,100.0
TREE_09976,37.53282946,127.0925323,tree,100.0
TREE_09977,37.49895094,127.1184606,tree,100.0
TREE_09978,37.53081789,127.0868539,tree,100.0
TREE_09979,37.50419159,127.0770725,tree,100.0
TREE_09980,37.498668205,127.082151413,tree,100.0
TREE_09981,37.51141407,127.0744759,tree,100.0
TREE_09982,37.495984622,127.086454219,tree,100.0
TREE_09983,37.51774079,127.0749772,tree,100.0
TREE_09984,37.52889023,127.1168013,tree,100.0
TREE_09985,37.53195665,127.1106672,tree,100.0
TREE_09986,37.5045573,127.0768388,tree,100.0
TREE_09987,37.51237138,127.1258737,tree,100.0
TREE_09988,37.495880659,127.086640009,tree,100.0
TREE_09989,37.49677664,127.1153053,tree,100.0
TREE_09990,37.49898429,127.1185282,tree,100.0
TREE_09991,37.499236321,127.081421823,tree,100.0
TREE_09992,37.49881004,127.1183113,tree,100.0
TREE_09993,37.50610274,127.1242571,tree,100.0
TREE_09994,37.51303069,127.1259076,tree,100.0
TREE_09995,37.52886728,127.1168572,tree,100.0
TREE_09996,37.5110931,127.0744965,tree,100.0
TREE_09997,37.53321035,127.0942029,tree,100.0
TREE_09998,37.50219661,127.1217812,tree,100.0
TREE_09999,37.51240747,127.1258916,tree,100.0
TREE_10000,37.51266875,127.1259044,tree,100.0
TREE_10001,37.5324464,127.1092222,tree,100.0
TREE_10002,37.51125005,127.0744695,tree,100.0
TREE_10003,37.51805086,127.0750405,tree,100.0
TREE_10004,37.495974028,127.086420865,tree,100.0
TREE_10005,37.498686319,127.08208423,tree,100.0
TREE_10006,37.51292776,127.1259193,tree,100.0
TREE_10007,37.50408451,127.0771026,tree,100.0
TREE_10008,37.5061736,127.1243058,tree,100.0
TREE_10009,37.528839,127.1169213,tree,100.0
TREE_10010,37.50622501,127.1243321,tree,100.0
TREE_10011,37.50886735,127.1253134,tree,100.0
TREE_10012,37.49757071,127.1166264,tree,100.0
TREE_10013,37.5108905,127.0745084,tree,100.0
TREE_10014,37.495871688,127.086610957,tree,100.0
TREE_10015,37.4978262,127.1170093,tree,100.0
TREE_10016,37.50637449,127.1244067,tree,100.0
TREE_10017,37.492848,127.0993,tree,100.0
TREE_10018,37.50630094,127.1243776,tree,100.0
TREE_10019,37.53193558,127.1108235,tree,100.0
TREE_10020,37.50476913,127.0766728,tree,100.0
TREE_10021,37.49650432,127.1148749,tree,100.0
TREE_10022,37.493049854,127.096369957,tree,100.0
TREE_10023,37.52881084,127.1169835,tree,100.0
TREE_10024,37.49969628,127.1194111,tree,100.0
TREE_10025,37.49870456,127.1182216,tree,100.0
TREE_10026,37.49877248,127.1183091,tree,100.0
TREE_10027,37.53229725,127.1097747,tree,100.0
TREE_10028,37.50420478,127.0770066,tree,100.0
TREE_10029,37.49786488,127.117081,tree,100.0
TREE_10030,37.495967922,127.086392646,tree,100.0
TREE_10031,37.50224012,127.1218509,tree,100.0
TREE_10032,37.499262238,127.081336909,tree,100.0
TREE_10033,37.49776516,127.1169444,tree,100.0
TREE_10034,37.49770175,127.1168531,tree,100.0
TREE_10035,37.51104521,127.074465,tree,100.0
TREE_10036,37.52936223,127.1161607,tree,100.0
TREE_10037,37.52735129,127.1189277,tree,100.0
TREE_10038,37.51235857,127.1259255,tree,100.0
TREE_10039,37.498717124,127.082000225,tree,100.0
TREE_10040,37.49943858,127.1191359,tree,100.0
TREE_10041,37.53072633,127.0865386,tree,100.0
TREE_10042,37.49907389,127.1187073,tree,100.0
TREE_10043,37.51290006,127.125952,tree,100.0
TREE_10044,37.53335931,127.0948465,tree,100.0
TREE_10045,37.49282866,127.0992451,tree,100.0
TREE_10046,37.52933738,127.1162167,tree,100.0
TREE_10047,37.495859509,127.086577059,tree,100.0
TREE_10048,37.53287727,127.0924721,tree,100.0
TREE_10049,37.5064666,127.1244828,tree,100.0
TREE_10050,37.5065415,127.1245197,tree,100.0
TREE_10051,37.53225956,127.1099617,tree,100.0
TREE_10052,37.51806308,127.0749923,tree,100.0
TREE_10053,37.5326662,127.0916387,tree,100.0
TREE_10054,37.52930931,127.1162797,tree,100.0
TREE_10055,37.51299457,127.1259703,tree,100.0
TREE_10056,37.49673344,127.1153431,tree,100.0
TREE_10057,37.49912452,127.1187939,tree,100.0
TREE_10058,37.50660768,127.1245563,tree,100.0
TREE_10059,37.51140213,127.074394,tree,100.0
TREE_10060,37.50668655,127.1245924,tree,100.0
TREE_10061,37.5123796,127.1259499,tree,100.0
TREE_10062,37.53229086,127.1098879,tree,100.0
TREE_10063,37.495954471,127.086357237,tree,100.0
TREE_10064,37.50409993,127.0770333,tree,100.0
TREE_10065,37.49793005,127.1172299,tree,100.0
TREE_10066,37.5320262,127.1106732,tree,100.0
TREE_10067,37.49281382,127.09919,tree,100.0
TREE_10068,37.49763774,127.1168047,tree,100.0
TREE_10069,37.49750115,127.1166001,tree,100.0
TREE_10070,37.49947299,127.1192146,tree,100.0
TREE_10071,37.51083153,127.0744635,tree,100.0
TREE_10072,37.52928311,127.1163383,tree,100.0
TREE_10073,37.53293901,127.0926512,tree,100.0
TREE_10074,37.498739412,127.081926937,tree,100.0
TREE_10075,37.50421788,127.0769494,tree,100.0
TREE_10076,37.499287704,127.081253603,tree,100.0
TREE_10077,37.50673257,127.1246227,tree,100.0
TREE_10078,37.51123352,127.0744037,tree,100.0
TREE_10079,37.495849898,127.086543972,tree,100.0
TREE_10080,37.51805284,127.0749655,tree,100.0
TREE_10081,37.52925638,127.1163987,tree,100.0
TREE_10082,37.51263734,127.1259817,tree,100.0
TREE_10083,37.49917164,127.1188811,tree,100.0
TREE_10084,37.5108801,127.074441,tree,100.0
TREE_10085,37.50678721,127.1246596,tree,100.0
TREE_10086,37.49279844,127.0991399,tree,100.0
TREE_10087,37.50473009,127.0766246,tree,100.0
TREE_10088,37.50689626,127.1247097,tree,100.0
TREE_10089,37.52738864,127.118952,tree,100.0
TREE_10090,37.52923644,127.1164479,tree,100.0
TREE_10091,37.49594306,127.08632337,tree,100.0
TREE_10092,37.5128701,127.1260033,tree,100.0
TREE_10093,37.53200166,127.1108216,tree,100.0
TREE_10094,37.50682979,127.1246893,tree,100.0
TREE_10095,37.50695392,127.1247436,tree,100.0
TREE_10096,37.49278919,127.0990706,tree,100.0
TREE_10097,37.52921328,127.1165008,tree,100.0
TREE_10098,37.495839645,127.086510884,tree,100.0
TREE_10099,37.498770048,127.081840566,tree,100.0
TREE_10100,37.50443392,127.0767785,tree,100.0
TREE_10101,37.499310821,127.081178524,tree,100.0
TREE_10102,37.49298571,127.096348611,tree,100.0
TREE_10103,37.498551689,127.082115296,tree,100.0
TREE_10104,37.50411567,127.0769707,tree,100.0
TREE_10105,37.53342403,127.0949105,tree,100.0
TREE_10106,37.51082338,127.0744228,tree,100.0
TREE_10107,37.51297443,127.126027,tree,100.0
TREE_10108,37.5291881,127.1165598,tree,100.0
TREE_10109,37.50882472,127.1254075,tree,100.0
TREE_10110,37.51232386,127.1260014,tree,100.0
TREE_10111,37.53091282,127.0867764,tree,100.0
TREE_10112,37.49963843,127.1194689,tree,100.0
TREE_10113,37.51139001,127.0743371,tree,100.0
TREE_10114,37.52864237,127.1173686,tree,100.0
TREE_10115,37.49743514,127.1165829,tree,100.0
TREE_10116,37.49277436,127.0990141,tree,100.0
TREE_10117,37.53333587,127.0943366,tree,100.0
TREE_10118,37.49593206,127.086287451,tree,100.0
TREE_10119,37.50437389,127.0767948,tree,100.0
TREE_10120,37.50265144,127.1222852,tree,100.0
TREE_10121,37.50896384,127.1254555,tree,100.0
TREE_10122,37.52916067,127.1166195,tree,100.0
TREE_10123,37.51235348,127.1260145,tree,100.0
TREE_10124,37.50276631,127.122379,tree,100.0
TREE_10125,37.53277289,127.0918036,tree,100.0
TREE_10126,37.49582926,127.086477691,tree,100.0
TREE_10127,37.50271499,127.1223433,tree,100.0
TREE_10128,37.51107211,127.0743637,tree,100.0
TREE_10129,37.52861869,127.1174252,tree,100.0
TREE_10130,37.5323283,127.1099641,tree,100.0
TREE_10131,37.49931479,127.1191234,tree,100.0
TREE_10132,37.50431963,127.0768122,tree,100.0
TREE_10133,37.52913226,127.116683,tree,100.0
TREE_10134,37.49276067,127.0989661,tree,100.0
TREE_10135,37.53287156,127.092146172,tree,100.0
TREE_10136,37.5070202,127.1248152,tree,100.0
TREE_10137,37.498572853,127.08203857,tree,100.0
TREE_10138,37.52836841,127.117786,tree,100.0
TREE_10139,37.52858444,127.1174887,tree,100.0
TREE_10140,37.50426875,127.0768351,tree,100.0
TREE_10141,37.53273936,127.0916305,tree,100.0
TREE_10142,37.51283865,127.1260546,tree,100.0
TREE_10143,37.49933746,127.08109204,tree,100.0
TREE_10144,37.498793739,127.081747206,tree,100.0
TREE_10145,37.49933406,127.1191637,tree,100.0
TREE_10146,37.50281492,127.1224379,tree,100.0
TREE_10147,37.5320956,127.1106863,tree,100.0
TREE_10148,37.51122762,127.0743259,tree,100.0
TREE_10149,37.51260904,127.1260514,tree,100.0
TREE_10150,37.52835239,127.1178215,tree,100.0
TREE_10151,37.52910855,127.1167431,tree,100.0
TREE_10152,37.495820288,127.086449445,tree,100.0
TREE_10153,37.49274924,127.0989181,tree,100.0
TREE_10154,37.50412546,127.0769101,tree,100.0
TREE_10155,37.52744584,127.1189809,tree,100.0
TREE_10156,37.51086575,127.0743673,tree,100.0
TREE_10157,37.53242778,127.1097231,tree,100.0
TREE_10158,37.495918485,127.086242684,tree,100.0
TREE_10159,37.50713356,127.1248824,tree,100.0
TREE_10160,37.53299729,127.0925752,tree,100.0
TREE_10161,37.5028722,127.1224973,tree,100.0
TREE_10162,37.5283254,127.1178775,tree,100.0
TREE_10163,37.53347887,127.0949668,tree,100.0
TREE_10164,37.532934836,127.092301455,tree,100.0
TREE_10165,37.530820169,127.086484162,tree,100.0
TREE_10166,37.52908289,127.116806,tree,100.0
TREE_10167,37.53339134,127.0944127,tree,100.0
TREE_10168,37.49736235,127.116562,tree,100.0
TREE_10169,37.49745562,127.1167044,tree,100.0
TREE_10170,37.49273554,127.0988658,tree,100.0
TREE_10171,37.52905673,127.1168559,tree,100.0
TREE_10172,37.52853555,127.1176094,tree,100.0
TREE_10173,37.49665687,127.1154147,tree,100.0
TREE_10174,37.51229153,127.1260635,tree,100.0
TREE_10175,37.50292923,127.1225595,tree,100.0
TREE_10176,37.51081327,127.0743531,tree,100.0
TREE_10177,37.49936304,127.1192422,tree,100.0
TREE_10178,37.49866651,127.118397,tree,100.0
TREE_10179,37.51102103,127.0743215,tree,100.0
TREE_10180,37.492927803,127.096327273,tree,100.0
TREE_10181,37.498596247,127.081949286,tree,100.0
TREE_10182,37.51294575,127.1260938,tree,100.0
TREE_10183,37.49580939,127.086421195,tree,100.0
TREE_10184,37.51777838,127.0747775,tree,100.0
TREE_10185,37.499362745,127.081010091,tree,100.0
TREE_10186,37.52829583,127.1179543,tree,100.0
TREE_10187,37.53096443,127.0867371,tree,100.0
TREE_10188,37.50296236,127.122598,tree,100.0
TREE_10189,37.51807611,127.074855,tree,100.0
TREE_10190,37.49272408,127.0988093,tree,100.0
TREE_10191,37.51105975,127.0742994,tree,100.0
TREE_10192,37.49957481,127.1195093,tree,100.0
TREE_10193,37.5113744,127.0742562,tree,100.0
TREE_10194,37.50719808,127.1249498,tree,100.0
TREE_10195,37.51232476,127.1260883,tree,100.0
TREE_10196,37.5328338,127.0917971,tree,100.0
TREE_10197,37.52848732,127.1177176,tree,100.0
TREE_10198,37.49580106,127.086393757,tree,100.0
TREE_10199,37.52899257,127.1170012,tree,100.0
TREE_10200,37.49271376,127.0987556,tree,100.0
TREE_10201,37.5128266,127.1261178,tree,100.0
TREE_10202,37.5072811,127.1249918,tree,100.0
TREE_10203,37.53279389,127.0916238,tree,100.0
TREE_10204,37.50315319,127.1227604,tree,100.0
TREE_10205,37.51085604,127.07431,tree,100.0
TREE_10206,37.52748881,127.1190113,tree,100.0
TREE_10207,37.53240041,127.1099652,tree,100.0
TREE_10208,37.51227496,127.126103,tree,100.0
TREE_10209,37.52846397,127.1177693,tree,100.0
TREE_10210,37.495896891,127.086171872,tree,100.0
TREE_10211,37.49730502,127.1165474,tree,100.0
TREE_10212,37.49739461,127.1166854,tree,100.0
TREE_10213,37.5073197,127.125019,tree,100.0
TREE_10214,37.52895968,127.1170724,tree,100.0
TREE_10215,37.53353539,127.0950217,tree,100.0
TREE_10216,37.53261787,127.1092864,tree,100.0
TREE_10217,37.499392449,127.080920444,tree,100.0
TREE_10218,37.51292208,127.126138,tree,100.0
TREE_10219,37.50320919,127.1228154,tree,100.0
TREE_10220,37.49270008,127.0987076,tree,100.0
TREE_10221,37.53300803,127.0923851,tree,100.0
TREE_10222,37.50739299,127.1250562,tree,100.0
TREE_10223,37.51101647,127.0742625,tree,100.0
TREE_10224,37.51257339,127.1261391,tree,100.0
TREE_10225,37.498859299,127.081535972,tree,100.0
TREE_10226,37.53217253,127.1106984,tree,100.0
TREE_10227,37.495787602,127.086350984,tree,100.0
TREE_10228,37.49268974,127.0986504,tree,100.0
TREE_10229,37.50325193,127.1228673,tree,100.0
TREE_10230,37.50877594,127.1255336,tree,100.0
TREE_10231,37.50746006,127.1251036,tree,100.0
TREE_10232,37.53306722,127.0925483,tree,100.0
TREE_10233,37.51080052,127.0742788,tree,100.0
TREE_10234,37.492871686,127.096296984,tree,100.0
TREE_10235,37.49660701,127.1154625,tree,100.0
TREE_10236,37.49953624,127.1195479,tree,100.0
TREE_10237,37.50345743,127.1230295,tree,100.0
TREE_10238,37.49267717,127.0985967,tree,100.0
TREE_10239,37.51136347,127.0741926,tree,100.0
TREE_10240,37.50339618,127.1229913,tree,100.0
TREE_10241,37.50755095,127.1251517,tree,100.0
TREE_10242,37.49725559,127.1165432,tree,100.0
TREE_10243,37.53357835,127.0950639,tree,100.0
TREE_10244,37.49733361,127.1166663,tree,100.0
TREE_10245,37.51225249,127.1261518,tree,100.0
TREE_10246,37.53101839,127.086699,tree,100.0
TREE_10247,37.52773746,127.1187837,tree,100.0
TREE_10248,37.495775423,127.08631628,tree,100.0
TREE_10249,37.49859886,127.1184444,tree,100.0
TREE_10250,37.498869767,127.081472272,tree,100.0
TREE_10251,37.51778706,127.0746841,tree,100.0
TREE_10252,37.5288558,127.1173098,tree,100.0
TREE_10253,37.49266629,127.0985452,tree,100.0
TREE_10254,37.53252474,127.1097452,tree,100.0
TREE_10255,37.52753956,127.1190402,tree,100.0
TREE_10256,37.50357405,127.1231304,tree,100.0
TREE_10257,37.50362991,127.1231705,tree,100.0
TREE_10258,37.50762994,127.1252008,tree,100.0
TREE_10259,37.50771692,127.1252313,tree,100.0
TREE_10260,37.495869585,127.086094899,tree,100.0
TREE_10261,37.50778304,127.1252616,tree,100.0
TREE_10262,37.51229993,127.1261779,tree,100.0
TREE_10263,37.51281726,127.1262033,tree,100.0
TREE_10264,37.52882855,127.1173714,tree,100.0
TREE_10265,37.53291206,127.0917902,tree,100.0
TREE_10266,37.50369634,127.1232319,tree,100.0
TREE_10267,37.51084153,127.0742265,tree,100.0
TREE_10268,37.5328697,127.0916181,tree,100.0
TREE_10269,37.49851326,127.118378,tree,100.0
TREE_10270,37.52816005,127.1182986,tree,100.0
TREE_10271,37.495763095,127.086280671,tree,100.0
TREE_10272,37.52880162,127.1174304,tree,100.0
TREE_10273,37.53362024,127.0951231,tree,100.0
TREE_10274,37.498907937,127.081374242,tree,100.0
TREE_10275,37.50375109,127.1232822,tree,100.0
TREE_10276,37.49264615,127.0984208,tree,100.0
TREE_10277,37.50416594,127.0767067,tree,100.0
TREE_10278,37.53307845,127.0923795,tree,100.0
TREE_10279,37.50889351,127.1256355,tree,100.0
TREE_10280,37.51226523,127.1262018,tree,100.0
TREE_10281,37.49727926,127.1166623,tree,100.0
TREE_10282,37.495858582,127.086061032,tree,100.0
TREE_10283,37.53249166,127.1099633,tree,100.0
TREE_10284,37.52876979,127.1175015,tree,100.0
TREE_10285,37.50783008,127.1253125,tree,100.0
TREE_10286,37.52813531,127.1183605,tree,100.0
TREE_10287,37.53224576,127.1107063,tree,100.0
TREE_10288,37.49263473,127.0983749,tree,100.0
TREE_10289,37.49655629,127.1155014,tree,100.0
TREE_10290,37.49575284,127.086250003,tree,100.0
TREE_10291,37.51135699,127.0741246,tree,100.0
TREE_10292,37.51078711,127.0742018,tree,100.0
TREE_10293,37.49719505,127.116557,tree,100.0
TREE_10294,37.50381554,127.1233529,tree,100.0
TREE_10295,37.50790011,127.125349,tree,100.0
TREE_10296,37.53313566,127.0925413,tree,100.0
TREE_10297,37.52874399,127.1175603,tree,100.0
TREE_10298,37.492808975,127.096254302,tree,100.0
TREE_10299,37.498931268,127.081307424,tree,100.0
TREE_10300,37.50457935,127.0764238,tree,100.0
TREE_10301,37.50873203,127.1256185,tree,100.0
TREE_10302,37.52779581,127.1188193,tree,100.0
TREE_10303,37.51221887,127.1262291,tree,100.0
TREE_10304,37.49262381,127.0983113,tree,100.0
TREE_10305,37.53107176,127.0866533,tree,100.0
TREE_10306,37.53365979,127.0951554,tree,100.0
TREE_10307,37.495847175,127.086022548,tree,100.0
TREE_10308,37.52871684,127.1176245,tree,100.0
TREE_10309,37.49947261,127.1196076,tree,100.0
TREE_10310,37.51221437,127.126238,tree,100.0
TREE_10311,37.495743227,127.086220143,tree,100.0
TREE_10312,37.53258902,127.1097605,tree,100.0
TREE_10313,37.50418064,127.0766454,tree,100.0
TREE_10314,37.49261465,127.0982689,tree,100.0
TREE_10315,37.49723962,127.1166708,tree,100.0
TREE_10316,37.51287464,127.1262749,tree,100.0
TREE_10317,37.50795439,127.1253956,tree,100.0
TREE_10318,37.51811042,127.0746851,tree,100.0
TREE_10319,37.5108295,127.0741615,tree,100.0
TREE_10320,37.495838922,127.086003608,tree,100.0
TREE_10321,37.495738745,127.086200776,tree,100.0
TREE_10322,37.50801869,127.1254276,tree,100.0
TREE_10323,37.498954606,127.081229466,tree,100.0
TREE_10324,37.51251776,127.126276,tree,100.0
TREE_10325,37.49260544,127.0982124,tree,100.0
TREE_10326,37.50386467,127.1234315,tree,100.0
TREE_10327,37.49846119,127.1184236,tree,100.0
TREE_10328,37.50809201,127.1254627,tree,100.0
TREE_10329,37.53369257,127.0951878,tree,100.0
TREE_10330,37.53298373,127.0917838,tree,100.0
TREE_10331,37.495831687,127.085979955,tree,100.0
TREE_10332,37.49721308,127.1166786,tree,100.0
TREE_10333,37.51077553,127.0741399,tree,100.0
TREE_10334,37.5039224,127.1234889,tree,100.0
TREE_10335,37.49259395,127.098146,tree,100.0
TREE_10336,37.5121838,127.1262827,tree,100.0
TREE_10337,37.495727208,127.086166072,tree,100.0
TREE_10338,37.53295483,127.091609,tree,100.0
TREE_10339,37.50886106,127.1257179,tree,100.0
TREE_10340,37.50590529,127.1246066,tree,100.0
TREE_10341,37.50595252,127.1246292,tree,100.0
TREE_10342,37.50454251,127.0763768,tree,100.0
TREE_10343,37.492756434,127.096210589,tree,100.0
TREE_10344,37.50419059,127.076584,tree,100.0
TREE_10345,37.50600224,127.1246575,tree,100.0
TREE_10346,37.5081521,127.1255104,tree,100.0
TREE_10347,37.50584901,127.124585,tree,100.0
TREE_10348,37.49258473,127.0980839,tree,100.0
TREE_10349,37.498980166,127.081144547,tree,100.0
TREE_10350,37.50398343,127.1235489,tree,100.0
TREE_10351,37.50625915,127.1247805,tree,100.0
TREE_10352,37.53232005,127.1107146,tree,100.0
TREE_10353,37.52817166,127.1184467,tree,100.0
TREE_10354,37.50578461,127.1245594,tree,100.0
TREE_10355,37.50608738,127.124707,tree,100.0
TREE_10356,37.50621007,127.1247637,tree,100.0
TREE_10357,37.53372878,127.0952329,tree,100.0
TREE_10358,37.50631484,127.1248143,tree,100.0
TREE_10359,37.49649494,127.1155543,tree,100.0
TREE_10360,37.50572307,127.1245351,tree,100.0
TREE_10361,37.49711996,127.1165845,tree,100.0
TREE_10362,37.50613044,127.1247346,tree,100.0
TREE_10363,37.51276293,127.1263375,tree,100.0
TREE_10364,37.49257663,127.0980218,tree,100.0
TREE_10365,37.50821052,127.1255504,tree,100.0
TREE_10366,37.50566893,127.1245189,tree,100.0
TREE_10367,37.53258188,127.1099798,tree,100.0
TREE_10368,37.50869895,127.1257024,tree,100.0
TREE_10369,37.51081923,127.0740923,tree,100.0
TREE_10370,37.53317604,127.0923659,tree,100.0
TREE_10371,37.53277587,127.1093648,tree,100.0
TREE_10372,37.49849116,127.1185414,tree,100.0
TREE_10373,37.51138223,127.0740121,tree,100.0
TREE_10374,37.495711179,127.086127331,tree,100.0
TREE_10375,37.5276651,127.119114,tree,100.0
TREE_10376,37.5064013,127.1248785,tree,100.0
TREE_10377,37.50562007,127.124511,tree,100.0
TREE_10378,37.50823884,127.1255779,tree,100.0
TREE_10379,37.49256398,127.0979485,tree,100.0
TREE_10380,37.499002394,127.08106798,tree,100.0
TREE_10381,37.5121957,127.1263342,tree,100.0
TREE_10382,37.52812472,127.1185583,tree,100.0
TREE_10383,37.5279035,127.1188389,tree,100.0
TREE_10384,37.51812362,127.0745959,tree,100.0
TREE_10385,37.50556767,127.124494,tree,100.0
TREE_10386,37.5337661,127.0952723,tree,100.0
TREE_10387,37.50401,127.1236174,tree,100.0
TREE_10388,37.53266796,127.1097841,tree,100.0
TREE_10389,37.51217433,127.1263412,tree,100.0
TREE_10390,37.51076231,127.0740732,tree,100.0
TREE_10391,37.50828777,127.1256094,tree,100.0
TREE_10392,37.50649615,127.1249435,tree,100.0
TREE_10393,37.50658496,127.1249813,tree,100.0
TREE_10394,37.492713688,127.096174722,tree,100.0
TREE_10395,37.53237044,127.1107043,tree,100.0
TREE_10396,37.51139434,127.0739789,tree,100.0
TREE_10397,37.5279315,127.1188316,tree,100.0
TREE_10398,37.50836216,127.1256407,tree,100.0
TREE_10399,37.52851903,127.1180709,tree,100.0
TREE_10400,37.51274029,127.1263831,tree,100.0
TREE_10401,37.50450348,127.0763249,tree,100.0
TREE_10402,37.50417781,127.0765202,tree,100.0
TREE_10403,37.49939356,127.1196789,tree,100.0
TREE_10404,37.49255012,127.0978468,tree,100.0
TREE_10405,37.495699006,127.086084559,tree,100.0
TREE_10406,37.50550572,127.1244904,tree,100.0
TREE_10407,37.52805815,127.1186858,tree,100.0
TREE_10408,37.51283624,127.1263959,tree,100.0
TREE_10409,37.495798536,127.08587018,tree,100.0
TREE_10410,37.49839275,127.1184863,tree,100.0
TREE_10411,37.52849639,127.1181235,tree,100.0
TREE_10412,37.51218512,127.1263698,tree,100.0
TREE_10413,37.50665294,127.1250339,tree,100.0
TREE_10414,37.499021298,127.080988624,tree,100.0
TREE_10415,37.496454,127.1155992,tree,100.0
TREE_10416,37.53302503,127.0916033,tree,100.0
TREE_10417,37.5338,127.0953032,tree,100.0
TREE_10418,37.49712196,127.1167005,tree,100.0
TREE_10419,37.51141267,127.0739507,tree,100.0
TREE_10420,37.52767195,127.1191842,tree,100.0
TREE_10421,37.5084162,127.1256845,tree,100.0
TREE_10422,37.50881597,127.1258042,tree,100.0
TREE_10423,37.5284715,127.1181783,tree,100.0
TREE_10424,37.49568875,127.086055505,tree,100.0
TREE_10425,37.51080734,127.0740258,tree,100.0
TREE_10426,37.50544942,127.124489,tree,100.0
TREE_10427,37.49252948,127.0977422,tree,100.0
TREE_10428,37.53324158,127.0923655,tree,100.0
TREE_10429,37.53382377,127.0953356,tree,100.0
TREE_10430,37.50401579,127.1236866,tree,100.0
TREE_10431,37.51281364,127.126437,tree,100.0
TREE_10432,37.5284437,127.1182475,tree,100.0
TREE_10433,37.492670066,127.096120948,tree,100.0
TREE_10434,37.50670369,127.1250993,tree,100.0
TREE_10435,37.52767917,127.1192232,tree,100.0
TREE_10436,37.51271981,127.1264441,tree,100.0
TREE_10437,37.495787949,127.085799765,tree,100.0
TREE_10438,37.499036876,127.080907872,tree,100.0
TREE_10439,37.50539165,127.1244908,tree,100.0
TREE_10440,37.5107526,127.0740011,tree,100.0
TREE_10441,37.53272721,127.109805,tree,100.0
TREE_10442,37.5044654,127.0762766,tree,100.0
TREE_10443,37.52841592,127.1183054,tree,100.0
TREE_10444,37.53266758,127.110002,tree,100.0
TREE_10445,37.49707945,127.1167092,tree,100.0
TREE_10446,37.4970141,127.1166065,tree,100.0
TREE_10447,37.5067647,127.1251462,tree,100.0
TREE_10448,37.51143871,127.073891,tree,100.0
TREE_10449,37.52838978,127.118365,tree,100.0
TREE_10450,37.50683575,127.1251833,tree,100.0
TREE_10451,37.51079206,127.0739705,tree,100.0
TREE_10452,37.50688935,127.1252102,tree,100.0
TREE_10453,37.50695684,127.1252404,tree,100.0
TREE_10454,37.50533203,127.1244954,tree,100.0
TREE_10455,37.50403574,127.1237562,tree,100.0
TREE_10456,37.52836436,127.1184213,tree,100.0
TREE_10457,37.495774071,127.085754012,tree,100.0
TREE_10458,37.492639815,127.096062715,tree,100.0
TREE_10459,37.51146958,127.0738634,tree,100.0
TREE_10460,37.53314211,127.0917683,tree,100.0
TREE_10461,37.53309885,127.0915958,tree,100.0
TREE_10462,37.50713297,127.1253319,tree,100.0
TREE_10463,37.53110215,127.0862541,tree,100.0
TREE_10464,37.50709018,127.1253179,tree,100.0
TREE_10465,37.52833412,127.1184873,tree,100.0
TREE_10466,37.50704861,127.1253036,tree,100.0
TREE_10467,37.52769603,127.1192877,tree,100.0
TREE_10468,37.50720615,127.1253665,tree,100.0
TREE_10469,37.495767951,127.085730366,tree,100.0
TREE_10470,37.5127858,127.1265073,tree,100.0
TREE_10471,37.49696653,127.1166219,tree,100.0
TREE_10472,37.51074008,127.0739364,tree,100.0
TREE_10473,37.5052785,127.1245034,tree,100.0
TREE_10474,37.49831425,127.1185522,tree,100.0
TREE_10475,37.50442689,127.0762256,tree,100.0
TREE_10476,37.50415139,127.0763919,tree,100.0
TREE_10477,37.49702212,127.116721,tree,100.0
TREE_10478,37.51269925,127.1265137,tree,100.0
TREE_10479,37.50728037,127.1254082,tree,100.0
TREE_10480,37.53278242,127.1098175,tree,100.0
TREE_10481,37.52830986,127.1185432,tree,100.0
TREE_10482,37.53331832,127.0923558,tree,100.0
TREE_10483,37.50888978,127.1259355,tree,100.0
TREE_10484,37.51152027,127.0738203,tree,100.0
TREE_10485,37.50733762,127.1254445,tree,100.0
TREE_10486,37.50524254,127.1245093,tree,100.0
TREE_10487,37.51786809,127.0743456,tree,100.0
TREE_10488,37.50738796,127.1254742,tree,100.0
TREE_10489,37.53292478,127.1094234,tree,100.0
TREE_10490,37.492604229,127.095989926,tree,100.0
TREE_10491,37.51158392,127.0737935,tree,100.0
TREE_10492,37.50894608,127.1259804,tree,100.0
TREE_10493,37.52826045,127.1186529,tree,100.0
TREE_10494,37.50743215,127.125502,tree,100.0
TREE_10495,37.495749987,127.085676386,tree,100.0
TREE_10496,37.50926142,127.0741923,tree,100.0
TREE_10497,37.50921725,127.0742013,tree,100.0
TREE_10498,37.53275546,127.11001,tree,100.0
TREE_10499,37.50405513,127.1238534,tree,100.0
TREE_10500,37.50971389,127.0740831,tree,100.0
TREE_10501,37.50915906,127.0742138,tree,100.0
TREE_10502,37.50982046,127.0740586,tree,100.0
TREE_10503,37.50976612,127.0740705,tree,100.0
TREE_10504,37.50910377,127.0742277,tree,100.0
TREE_10505,37.50905307,127.0742387,tree,100.0
TREE_10506,37.50987489,127.0740444,tree,100.0
TREE_10507,37.50894372,127.0742663,tree,100.0
TREE_10508,37.50992851,127.0740322,tree,100.0
TREE_10509,37.50899762,127.0742518,tree,100.0
TREE_10510,37.49698268,127.1167337,tree,100.0
TREE_10511,37.49692386,127.116642,tree,100.0
TREE_10512,37.52770711,127.1193571,tree,100.0
TREE_10513,37.50998089,127.0740202,tree,100.0
TREE_10514,37.51816574,127.0744033,tree,100.0
TREE_10515,37.50414444,127.0763394,tree,100.0
TREE_10516,37.49633395,127.1156725,tree,100.0
TREE_10517,37.51267072,127.1265634,tree,100.0
TREE_10518,37.51162929,127.0737661,tree,100.0
TREE_10519,37.50882142,127.0742931,tree,100.0
TREE_10520,37.51004217,127.0740039,tree,100.0
TREE_10521,37.51010012,127.0739915,tree,100.0
TREE_10522,37.50876266,127.0743065,tree,100.0
TREE_10523,37.51015139,127.0739786,tree,100.0
TREE_10524,37.495580814,127.085974011,tree,100.0
TREE_10525,37.50871201,127.0743181,tree,100.0
TREE_10526,37.51026061,127.0739546,tree,100.0
TREE_10527,37.51020994,127.0739648,tree,100.0
TREE_10528,37.50866032,127.0743303,tree,100.0
TREE_10529,37.50439034,127.0761793,tree,100.0
TREE_10530,37.50861613,127.07434,tree,100.0
TREE_10531,37.495740598,127.085647084,tree,100.0
TREE_10532,37.5085586,127.0743542,tree,100.0
TREE_10533,37.51031585,127.0739384,tree,100.0
TREE_10534,37.50747637,127.1255491,tree,100.0
TREE_10535,37.51036607,127.0739281,tree,100.0
TREE_10536,37.50851678,127.0743629,tree,100.0
TREE_10537,37.53254132,127.1107241,tree,100.0
TREE_10538,37.5277237,127.1193668,tree,100.0
TREE_10539,37.52767792,127.1194226,tree,100.0
TREE_10540,37.50845394,127.0743795,tree,100.0
TREE_10541,37.51041584,127.0739146,tree,100.0
TREE_10542,37.53283378,127.1098427,tree,100.0
TREE_10543,37.51047263,127.0739038,tree,100.0
TREE_10544,37.50840592,127.0743895,tree,100.0
TREE_10545,37.51052981,127.07389,tree,100.0
TREE_10546,37.50516107,127.1245277,tree,100.0
TREE_10547,37.50835583,127.0744019,tree,100.0
TREE_10548,37.53318246,127.0915874,tree,100.0
TREE_10549,37.51058536,127.0738776,tree,100.0
TREE_10550,37.50829795,127.0744156,tree,100.0
TREE_10551,37.51064294,127.0738634,tree,100.0
TREE_10552,37.50824616,127.074429,tree,100.0
TREE_10553,37.49825236,127.1185993,tree,100.0
TREE_10554,37.52765134,127.1194772,tree,100.0
TREE_10555,37.50409511,127.1239301,tree,100.0
TREE_10556,37.50752287,127.1255893,tree,100.0
TREE_10557,37.49831675,127.1186841,tree,100.0
TREE_10558,37.50818273,127.0744436,tree,100.0
TREE_10559,37.52818572,127.1188273,tree,100.0
TREE_10560,37.495731211,127.085614697,tree,100.0
TREE_10561,37.51206107,127.126571,tree,100.0
TREE_10562,37.50907624,127.1260772,tree,100.0
TREE_10563,37.50812717,127.0744553,tree,100.0
TREE_10564,37.53343875,127.092524,tree,100.0
TREE_10565,37.50806209,127.0744698,tree,100.0
TREE_10566,37.52762724,127.1195255,tree,100.0
TREE_10567,37.50916085,127.1261067,tree,100.0
TREE_10568,37.50510755,127.1245294,tree,100.0
TREE_10569,37.50411527,127.0762947,tree,100.0
TREE_10570,37.50757441,127.1256263,tree,100.0
TREE_10571,37.50801116,127.0744822,tree,100.0
TREE_10572,37.5079558,127.0744956,tree,100.0
TREE_10573,37.50789494,127.074508,tree,100.0
TREE_10574,37.49686942,127.116672,tree,100.0
TREE_10575,37.50762467,127.1256582,tree,100.0
TREE_10576,37.50784056,127.0745225,tree,100.0
TREE_10577,37.53258106,127.1107424,tree,100.0
TREE_10578,37.49692392,127.1167637,tree,100.0
TREE_10579,37.5043529,127.0761296,tree,100.0
TREE_10580,37.5050716,127.1245343,tree,100.0
TREE_10581,37.52759866,127.1195923,tree,100.0
TREE_10582,37.50778825,127.0745349,tree,100.0
TREE_10583,37.51264566,127.1266411,tree,100.0
TREE_10584,37.50921423,127.12615,tree,100.0
TREE_10585,37.5325486,127.1108626,tree,100.0
TREE_10586,37.50773736,127.0745461,tree,100.0
TREE_10587,37.52765588,127.1195374,tree,100.0
TREE_10588,37.532889,127.1098509,tree,100.0
TREE_10589,37.50768133,127.0745591,tree,100.0
TREE_10590,37.51214223,127.1266277,tree,100.0
TREE_10591,37.50762913,127.0745696,tree,100.0
TREE_10592,37.533241194,127.091588141,tree,100.0
TREE_10593,37.53121386,127.0861662,tree,100.0
TREE_10594,37.49821267,127.1186374,tree,100.0
TREE_10595,37.52757045,127.1196578,tree,100.0
TREE_10596,37.5041187,127.1240161,tree,100.0
TREE_10597,37.495472818,127.086007964,tree,100.0
TREE_10598,37.5077777,127.1257452,tree,100.0
TREE_10599,37.50757128,127.0745844,tree,100.0
TREE_10600,37.52763314,127.1195912,tree,100.0
TREE_10601,37.50751966,127.0745943,tree,100.0
TREE_10602,37.53285692,127.1100166,tree,100.0
TREE_10603,37.50747395,127.0746096,tree,100.0
TREE_10604,37.50501683,127.1245463,tree,100.0
TREE_10605,37.53261559,127.1107501,tree,100.0
TREE_10606,37.50932279,127.1262118,tree,100.0
TREE_10607,37.50407403,127.0762525,tree,100.0
TREE_10608,37.51205693,127.1266464,tree,100.0
TREE_10609,37.499615584,127.079927185,tree,100.0
TREE_10610,37.52754198,127.1197267,tree,100.0
TREE_10611,37.51269588,127.1266912,tree,100.0
TREE_10612,37.5276053,127.1196551,tree,100.0
TREE_10613,37.50735256,127.0746367,tree,100.0
TREE_10614,37.51262172,127.1266915,tree,100.0
TREE_10615,37.50784247,127.1258031,tree,100.0
TREE_10616,37.50729792,127.0746495,tree,100.0
TREE_10617,37.495426167,127.086034818,tree,100.0
TREE_10618,37.5181889,127.0742645,tree,100.0
TREE_10619,37.5072433,127.0746627,tree,100.0
TREE_10620,37.50937132,127.0740076,tree,100.0
TREE_10621,37.50431302,127.0760781,tree,100.0
TREE_10622,37.50980479,127.0739084,tree,100.0
TREE_10623,37.531376494,127.086413182,tree,100.0
TREE_10624,37.50414272,127.1240797,tree,100.0
TREE_10625,37.50919969,127.0740468,tree,100.0
TREE_10626,37.53293078,127.109874,tree,100.0
TREE_10627,37.52751976,127.1197783,tree,100.0
TREE_10628,37.50497396,127.1245579,tree,100.0
TREE_10629,37.50975006,127.073917,tree,100.0
TREE_10630,37.50970001,127.0739284,tree,100.0
TREE_10631,37.50925569,127.0740313,tree,100.0
TREE_10632,37.50914732,127.0740593,tree,100.0
TREE_10633,37.50909495,127.0740724,tree,100.0
TREE_10634,37.533280581,127.091580852,tree,100.0
TREE_10635,37.50904113,127.0740852,tree,100.0
TREE_10636,37.5090086,127.074092,tree,100.0
TREE_10637,37.53347693,127.0923433,tree,100.0
TREE_10638,37.50985758,127.0738915,tree,100.0
TREE_10639,37.52758026,127.1197144,tree,100.0
TREE_10640,37.50719236,127.0746738,tree,100.0
TREE_10641,37.49686241,127.1167932,tree,100.0
TREE_10642,37.51007561,127.0738448,tree,100.0
TREE_10643,37.50990944,127.0738775,tree,100.0
TREE_10644,37.51001404,127.0738556,tree,100.0
TREE_10645,37.50996185,127.0738667,tree,100.0
TREE_10646,37.5078928,127.1258388,tree,100.0
TREE_10647,37.50938459,127.1262658,tree,100.0
TREE_10648,37.49817555,127.1186695,tree,100.0
TREE_10649,37.50885295,127.0741258,tree,100.0
TREE_10650,37.50879853,127.0741407,tree,100.0
TREE_10651,37.50874029,127.0741553,tree,100.0
TREE_10652,37.50713326,127.0746866,tree,100.0
TREE_10653,37.50869202,127.0741634,tree,100.0
TREE_10654,37.51023094,127.073804,tree,100.0
TREE_10655,37.51017378,127.0738147,tree,100.0
TREE_10656,37.50864009,127.0741772,tree,100.0
TREE_10657,37.50708659,127.0746995,tree,100.0
TREE_10658,37.50858086,127.0741904,tree,100.0
TREE_10659,37.5102955,127.0737871,tree,100.0
TREE_10660,37.51203056,127.1266941,tree,100.0
TREE_10661,37.51033832,127.0737779,tree,100.0
TREE_10662,37.495683194,127.085470468,tree,100.0
TREE_10663,37.53334449,127.0917487,tree,100.0
TREE_10664,37.52755514,127.1197709,tree,100.0
TREE_10665,37.49678976,127.1167092,tree,100.0
TREE_10666,37.50853207,127.0742016,tree,100.0
TREE_10667,37.50703627,127.0747132,tree,100.0
TREE_10668,37.52748776,127.1198498,tree,100.0
TREE_10669,37.51039458,127.0737635,tree,100.0
TREE_10670,37.499117559,127.080413219,tree,100.0
TREE_10671,37.495517292,127.085783182,tree,100.0
TREE_10672,37.51045842,127.0737502,tree,100.0
TREE_10673,37.50842192,127.0742279,tree,100.0
TREE_10674,37.53262495,127.1108812,tree,100.0
TREE_10675,37.495376366,127.086060877,tree,100.0
TREE_10676,37.4925369,127.0952957,tree,100.0
TREE_10677,37.50796761,127.1258902,tree,100.0
TREE_10678,37.50944484,127.1263076,tree,100.0
TREE_10679,37.50836546,127.0742395,tree,100.0
TREE_10680,37.4990176,127.119742,tree,100.0
TREE_10681,37.5083126,127.0742537,tree,100.0
TREE_10682,37.50696227,127.0747266,tree,100.0
TREE_10683,37.52746606,127.1198945,tree,100.0
TREE_10684,37.49821699,127.1187689,tree,100.0
TREE_10685,37.52752593,127.1198296,tree,100.0
TREE_10686,37.5082575,127.0742656,tree,100.0
TREE_10687,37.51259437,127.1267495,tree,100.0
TREE_10688,37.50491882,127.1245762,tree,100.0
TREE_10689,37.51267261,127.1267545,tree,100.0
TREE_10690,37.50402605,127.0761971,tree,100.0
TREE_10691,37.5082042,127.0742789,tree,100.0
TREE_10692,37.495550765,127.085683185,tree,100.0
TREE_10693,37.5069121,127.0747376,tree,100.0
TREE_10694,37.50814947,127.0742929,tree,100.0
TREE_10695,37.50812294,127.0742992,tree,100.0
TREE_10696,37.53268318,127.1107634,tree,100.0
TREE_10697,37.53308732,127.1095103,tree,100.0
TREE_10698,37.50808838,127.0743074,tree,100.0
TREE_10699,37.5068472,127.0747554,tree,100.0
TREE_10700,37.50804346,127.0743182,tree,100.0
TREE_10701,37.52744231,127.1199459,tree,100.0
TREE_10702,37.5095095,127.126347,tree,100.0
TREE_10703,37.53297592,127.1098928,tree,100.0
TREE_10704,37.50427835,127.0760292,tree,100.0
TREE_10705,37.50802731,127.1259364,tree,100.0
TREE_10706,37.499591222,127.079845396,tree,100.0
TREE_10707,37.51790668,127.0741134,tree,100.0
TREE_10708,37.50799449,127.07433,tree,100.0
TREE_10709,37.495668495,127.085428311,tree,100.0
TREE_10710,37.52749693,127.1198926,tree,100.0
TREE_10711,37.533333484,127.091574905,tree,100.0
TREE_10712,37.53142455,127.086382,tree,100.0
TREE_10713,37.50793768,127.0743435,tree,100.0
TREE_10714,37.49252084,127.0952138,tree,100.0
TREE_10715,37.51207409,127.1267474,tree,100.0
TREE_10716,37.495325937,127.08608377,tree,100.0
TREE_10717,37.50788312,127.0743538,tree,100.0
TREE_10718,37.4968113,127.1168258,tree,100.0
TREE_10719,37.49617217,127.1157709,tree,100.0
TREE_10720,37.50958303,127.1263829,tree,100.0
TREE_10721,37.50782869,127.0743658,tree,100.0
TREE_10722,37.53339092,127.0917444,tree,100.0
TREE_10723,37.495423982,127.085868575,tree,100.0
TREE_10724,37.52741873,127.1200049,tree,100.0
TREE_10725,37.50777497,127.0743802,tree,100.0
TREE_10726,37.51820887,127.0741781,tree,100.0
TREE_10727,37.5329516,127.1100373,tree,100.0
TREE_10728,37.495660742,127.085399525,tree,100.0
TREE_10729,37.52747076,127.1199534,tree,100.0
TREE_10730,37.50414608,127.1241825,tree,100.0
TREE_10731,37.50772185,127.0743932,tree,100.0
TREE_10732,37.53354764,127.0923361,tree,100.0
TREE_10733,37.50965135,127.1264111,tree,100.0
TREE_10734,37.50664762,127.0748013,tree,100.0
TREE_10735,37.50811172,127.1259984,tree,100.0
TREE_10736,37.51200248,127.1267635,tree,100.0
TREE_10737,37.50766998,127.0744039,tree,100.0
TREE_10738,37.52739,127.1200596,tree,100.0
TREE_10739,37.50484978,127.124599,tree,100.0
TREE_10740,37.50659419,127.0748141,tree,100.0
TREE_10741,37.49672704,127.1167326,tree,100.0
TREE_10742,37.50761466,127.0744179,tree,100.0
TREE_10743,37.51266808,127.1268099,tree,100.0
TREE_10744,37.50398882,127.0761575,tree,100.0
TREE_10745,37.5081607,127.1260246,tree,100.0
TREE_10746,37.49250032,127.0951418,tree,100.0
TREE_10747,37.50755953,127.0744294,tree,100.0
TREE_10748,37.50654058,127.074827,tree,100.0
TREE_10749,37.495278658,127.086107457,tree,100.0
TREE_10750,37.50972533,127.1264479,tree,100.0
TREE_10751,37.52744654,127.1200139,tree,100.0
TREE_10752,37.51257113,127.126819,tree,100.0
TREE_10753,37.499123871,127.080290677,tree,100.0
TREE_10754,37.50750605,127.074443,tree,100.0
TREE_10755,37.53301711,127.1099146,tree,100.0
TREE_10756,37.50648674,127.0748393,tree,100.0
TREE_10757,37.495647674,127.085364565,tree,100.0
TREE_10758,37.50745308,127.0744559,tree,100.0
TREE_10759,37.52736056,127.120122,tree,100.0
TREE_10760,37.49677645,127.1168444,tree,100.0
TREE_10761,37.51791435,127.0740525,tree,100.0
TREE_10762,37.53133203,127.0860751,tree,100.0
TREE_10763,37.50740038,127.0744688,tree,100.0
TREE_10764,37.50642888,127.0748538,tree,100.0
TREE_10765,37.49809188,127.1187377,tree,100.0
TREE_10766,37.51202872,127.1268049,tree,100.0
TREE_10767,37.533388668,127.091571774,tree,100.0
TREE_10768,37.52742401,127.1200669,tree,100.0
TREE_10769,37.50735188,127.0744784,tree,100.0
TREE_10770,37.51195326,127.1268019,tree,100.0
TREE_10771,37.5327096,127.1108952,tree,100.0
TREE_10772,37.50638177,127.0748632,tree,100.0
TREE_10773,37.53275651,127.1107743,tree,100.0
TREE_10774,37.49248538,127.0950584,tree,100.0
TREE_10775,37.52733513,127.1201826,tree,100.0
TREE_10776,37.50479946,127.1246219,tree,100.0
TREE_10777,37.50823781,127.1260928,tree,100.0
TREE_10778,37.5097893,127.126497,tree,100.0
TREE_10779,37.495638695,127.085332693,tree,100.0
TREE_10780,37.50632395,127.0748773,tree,100.0
TREE_10781,37.499564612,127.07975614,tree,100.0
TREE_10782,37.53148382,127.08634,tree,100.0
TREE_10783,37.52739399,127.1201267,tree,100.0
TREE_10784,37.52825181,127.1191201,tree,100.0
TREE_10785,37.51823002,127.0741059,tree,100.0
TREE_10786,37.50626953,127.0748902,tree,100.0
TREE_10787,37.51254812,127.1268663,tree,100.0
TREE_10788,37.53305489,127.1099271,tree,100.0
TREE_10789,37.495212752,127.086137546,tree,100.0
TREE_10790,37.52731403,127.1202352,tree,100.0
TREE_10791,37.495314297,127.085922265,tree,100.0
TREE_10792,37.495629715,127.085303391,tree,100.0
TREE_10793,37.50621721,127.0749007,tree,100.0
TREE_10794,37.499132928,127.080201165,tree,100.0
TREE_10795,37.4966746,127.1167663,tree,100.0
TREE_10796,37.50985802,127.1265393,tree,100.0
TREE_10797,37.5126318,127.1268821,tree,100.0
TREE_10798,37.51198988,127.1268458,tree,100.0
TREE_10799,37.53347,127.0917373,tree,100.0
TREE_10800,37.52736933,127.1201879,tree,100.0
TREE_10801,37.49246595,127.0949779,tree,100.0
TREE_10802,37.5041469,127.124283,tree,100.0
TREE_10803,37.49673312,127.1168718,tree,100.0
TREE_10804,37.53362467,127.0923278,tree,100.0
TREE_10805,37.49904533,127.119976,tree,100.0
TREE_10806,37.495510432,127.085499201,tree,100.0
TREE_10807,37.52728405,127.1202995,tree,100.0
TREE_10808,37.49890808,127.1198223,tree,100.0
TREE_10809,37.53303956,127.1100602,tree,100.0
TREE_10810,37.50841882,127.1262005,tree,100.0
TREE_10811,37.52734521,127.1202438,tree,100.0
TREE_10812,37.5179276,127.073976,tree,100.0
TREE_10813,37.495166099,127.086166774,tree,100.0
TREE_10814,37.51192859,127.1268684,tree,100.0
TREE_10815,37.53308423,127.1099397,tree,100.0
TREE_10816,37.495618693,127.085268948,tree,100.0
TREE_10817,37.51070464,127.0735329,tree,100.0
TREE_10818,37.50992422,127.1265872,tree,100.0
TREE_10819,37.50473023,127.1246521,tree,100.0
TREE_10820,37.533453838,127.091568589,tree,100.0
TREE_10821,37.52725534,127.1203592,tree,100.0
TREE_10822,37.49245215,127.094896,tree,100.0
TREE_10823,37.50391418,127.0760762,tree,100.0
TREE_10824,37.52731436,127.1203064,tree,100.0
TREE_10825,37.49803564,127.1187926,tree,100.0
TREE_10826,37.49901294,127.1199906,tree,100.0
TREE_10827,37.51260573,127.1269353,tree,100.0
TREE_10828,37.495607666,127.085240671,tree,100.0
TREE_10829,37.495130799,127.086183353,tree,100.0
TREE_10830,37.53283118,127.1107885,tree,100.0
TREE_10831,37.53279009,127.1109116,tree,100.0
TREE_10832,37.499539621,127.079672202,tree,100.0
TREE_10833,37.51195182,127.1269015,tree,100.0
TREE_10834,37.53140693,127.0860188,tree,100.0
TREE_10835,37.499139912,127.080106435,tree,100.0
TREE_10836,37.52723474,127.1204176,tree,100.0
TREE_10837,37.53154294,127.086295,tree,100.0
TREE_10838,37.49809534,127.1188997,tree,100.0
TREE_10839,37.53311469,127.1099508,tree,100.0
TREE_10840,37.52729,127.1203638,tree,100.0
TREE_10841,37.49662117,127.1167981,tree,100.0
TREE_10842,37.51824887,127.0740209,tree,100.0
TREE_10843,37.50584993,127.074988,tree,100.0
TREE_10844,37.49243387,127.0948211,tree,100.0
TREE_10845,37.495488439,127.085431938,tree,100.0
TREE_10846,37.53322733,127.1096029,tree,100.0
TREE_10847,37.49899867,127.1200133,tree,100.0
TREE_10848,37.51071126,127.0734825,tree,100.0
TREE_10849,37.50467579,127.1246742,tree,100.0
TREE_10850,37.51190393,127.1269211,tree,100.0
TREE_10851,37.50579628,127.075002,tree,100.0
TREE_10852,37.51004461,127.1266715,tree,100.0
TREE_10853,37.50415423,127.1243823,tree,100.0
TREE_10854,37.52720878,127.1204851,tree,100.0
TREE_10855,37.52726396,127.1204268,tree,100.0
TREE_10856,37.506509,127.0746692,tree,100.0
TREE_10857,37.50647127,127.0746858,tree,100.0
TREE_10858,37.495188519,127.085986276,tree,100.0
TREE_10859,37.50387918,127.0760367,tree,100.0
TREE_10860,37.5057435,127.0750143,tree,100.0
TREE_10861,37.49666273,127.1169138,tree,100.0
TREE_10862,37.49242234,127.0947434,tree,100.0
TREE_10863,37.50641837,127.0746962,tree,100.0
TREE_10864,37.53314402,127.1099634,tree,100.0
TREE_10865,37.495069023,127.086210981,tree,100.0
TREE_10866,37.495588479,127.085180524,tree,100.0
TREE_10867,37.51193564,127.1269515,tree,100.0
TREE_10868,37.51257413,127.1269924,tree,100.0
TREE_10869,37.49603981,127.1159005,tree,100.0
TREE_10870,37.49884174,127.1198793,tree,100.0
TREE_10871,37.50636402,127.0747107,tree,100.0
TREE_10872,37.52723566,127.1204878,tree,100.0
TREE_10873,37.52717916,127.1205481,tree,100.0
TREE_10874,37.53311848,127.110076,tree,100.0
TREE_10875,37.49657755,127.1168187,tree,100.0
TREE_10876,37.5063138,127.0747213,tree,100.0
TREE_10877,37.53371933,127.0923191,tree,100.0
TREE_10878,37.51187118,127.1269632,tree,100.0
TREE_10879,37.52836331,127.1191879,tree,100.0
TREE_10880,37.4989682,127.120053,tree,100.0
TREE_10881,37.53159204,127.0862541,tree,100.0
TREE_10882,37.495577865,127.085147109,tree,100.0
TREE_10883,37.499127487,127.080017579,tree,100.0
TREE_10884,37.495026155,127.086235465,tree,100.0
TREE_10885,37.495465371,127.085355271,tree,100.0
TREE_10886,37.52720785,127.1205497,tree,100.0
TREE_10887,37.52715493,127.1206069,tree,100.0
TREE_10888,37.49240292,127.0946685,tree,100.0
TREE_10889,37.53290194,127.1108041,tree,100.0
TREE_10890,37.51014812,127.1267466,tree,100.0
TREE_10891,37.499513911,127.079585435,tree,100.0
TREE_10892,37.53286151,127.1109262,tree,100.0
TREE_10893,37.53146581,127.0859729,tree,100.0
TREE_10894,37.53317786,127.109976,tree,100.0
TREE_10895,37.50413927,127.124443,tree,100.0
TREE_10896,37.51827676,127.0739458,tree,100.0
TREE_10897,37.50616334,127.0747557,tree,100.0
TREE_10898,37.50895835,127.1264908,tree,100.0
TREE_10899,37.51021578,127.1267707,tree,100.0
TREE_10900,37.51069874,127.0734035,tree,100.0
TREE_10901,37.52712463,127.1206647,tree,100.0
TREE_10902,37.50460322,127.1247223,tree,100.0
TREE_10903,37.495567656,127.085118833,tree,100.0
TREE_10904,37.50839963,127.1263426,tree,100.0
TREE_10905,37.52718266,127.1206112,tree,100.0
TREE_10906,37.51254864,127.1270492,tree,100.0
TREE_10907,37.52795048,127.1197481,tree,100.0
TREE_10908,37.495093331,127.086034442,tree,100.0
TREE_10909,37.50902063,127.1265231,tree,100.0
TREE_10910,37.49661079,127.1169494,tree,100.0
TREE_10911,37.50607155,127.0747763,tree,100.0
TREE_10912,37.49238801,127.0945894,tree,100.0
TREE_10913,37.5108953,127.0733551,tree,100.0
TREE_10914,37.51247772,127.1270545,tree,100.0
TREE_10915,37.49879522,127.1199149,tree,100.0
TREE_10916,37.51137716,127.0732921,tree,100.0
TREE_10917,37.51189665,127.1270189,tree,100.0
TREE_10918,37.494978247,127.086257569,tree,100.0
TREE_10919,37.52709916,127.1207204,tree,100.0
TREE_10920,37.53361966,127.091726,tree,100.0
TREE_10921,37.52715509,127.120667,tree,100.0
TREE_10922,37.50601457,127.0747904,tree,100.0
TREE_10923,37.49653219,127.1168475,tree,100.0
TREE_10924,37.5108568,127.073349,tree,100.0
TREE_10925,37.51028688,127.126818,tree,100.0
TREE_10926,37.49598467,127.1159398,tree,100.0
TREE_10927,37.51135153,127.0732819,tree,100.0
TREE_10928,37.50907524,127.12656,tree,100.0
TREE_10929,37.50596199,127.0748029,tree,100.0
TREE_10930,37.52792014,127.11982,tree,100.0
TREE_10931,37.492113731,127.096421919,tree,100.0
TREE_10932,37.53321847,127.1099906,tree,100.0
TREE_10933,37.492107166,127.096479222,tree,100.0
TREE_10934,37.492100341,127.096540135,tree,100.0
TREE_10935,37.5085604,127.1264295,tree,100.0
TREE_10936,37.51182763,127.1270369,tree,100.0
TREE_10937,37.495554188,127.085071025,tree,100.0
TREE_10938,37.499135859,127.079916767,tree,100.0
TREE_10939,37.50591002,127.0748161,tree,100.0
TREE_10940,37.52707252,127.1207828,tree,100.0
TREE_10941,37.5335953,127.0915518,tree,100.0
TREE_10942,37.52712992,127.1207263,tree,100.0
TREE_10943,37.50455667,127.1247511,tree,100.0
TREE_10944,37.4923731,127.0945131,tree,100.0
TREE_10945,37.49799313,127.1189788,tree,100.0
TREE_10946,37.51088751,127.0733205,tree,100.0
TREE_10947,37.53319292,127.1100997,tree,100.0
TREE_10948,37.50524953,127.0751317,tree,100.0
TREE_10949,37.51828669,127.0738863,tree,100.0
TREE_10950,37.50912441,127.1265923,tree,100.0
TREE_10951,37.492084244,127.096594945,tree,100.0
TREE_10952,37.52842849,127.1192281,tree,100.0
TREE_10953,37.51252437,127.1270969,tree,100.0
TREE_10954,37.52789151,127.1198812,tree,100.0
TREE_10955,37.51068833,127.073343,tree,100.0
TREE_10956,37.49891113,127.1201054,tree,100.0
TREE_10957,37.50585023,127.0748301,tree,100.0
TREE_10958,37.49222571,127.0953949,tree,100.0
TREE_10959,37.53165303,127.0862128,tree,100.0
TREE_10960,37.495435894,127.085259236,tree,100.0
TREE_10961,37.492071148,127.096654755,tree,100.0
TREE_10962,37.51034391,127.1268627,tree,100.0
TREE_10963,37.494922773,127.086286787,tree,100.0
TREE_10964,37.5179697,127.0737806,tree,100.0
TREE_10965,37.50519242,127.0751439,tree,100.0
TREE_10966,37.50579881,127.0748432,tree,100.0
TREE_10967,37.492058943,127.096709968,tree,100.0
TREE_10968,37.52704876,127.1208424,tree,100.0
TREE_10969,37.53297461,127.1108231,tree,100.0
TREE_10970,37.49236718,127.0944312,tree,100.0
TREE_10971,37.52710451,127.1207857,tree,100.0
TREE_10972,37.50413329,127.124533,tree,100.0
TREE_10973,37.49222436,127.0953312,tree,100.0
TREE_10974,37.495012948,127.086070814,tree,100.0
TREE_10975,37.52786116,127.1199474,tree,100.0
TREE_10976,37.51128963,127.0732371,tree,100.0
TREE_10977,37.50574594,127.0748545,tree,100.0
TREE_10978,37.53293946,127.1109432,tree,100.0
TREE_10979,37.53381972,127.0923299,tree,100.0
TREE_10980,37.49655833,127.1169786,tree,100.0
TREE_10981,37.5051318,127.0751585,tree,100.0
TREE_10982,37.49789871,127.1189066,tree,100.0
TREE_10983,37.534400988,127.095355157,tree,100.0
TREE_10984,37.49648434,127.1168715,tree,100.0
TREE_10985,37.492038834,127.096760274,tree,100.0
TREE_10986,37.49594814,127.1159823,tree,100.0
TREE_10987,37.51087955,127.073279,tree,100.0
TREE_10988,37.49221688,127.0952861,tree,100.0
TREE_10989,37.51038945,127.1269021,tree,100.0
TREE_10990,37.51242978,127.127131,tree,100.0
TREE_10991,37.52702024,127.1209015,tree,100.0
TREE_10992,37.50507767,127.0751709,tree,100.0
TREE_10993,37.53326135,127.1100088,tree,100.0
TREE_10994,37.50920479,127.1266602,tree,100.0
TREE_10995,37.52707961,127.1208461,tree,100.0
TREE_10996,37.49202601,127.096799229,tree,100.0
TREE_10997,37.50450577,127.1247798,tree,100.0
TREE_10998,37.52783326,127.1200161,tree,100.0
TREE_10999,37.494873267,127.086309765,tree,100.0
TREE_11000,37.495530835,127.084999416,tree,100.0
TREE_11001,37.49220825,127.0952324,tree,100.0
TREE_11002,37.492011453,127.09683873,tree,100.0
TREE_11003,37.499122073,127.079836791,tree,100.0
TREE_11004,37.52699237,127.1209607,tree,100.0
TREE_11005,37.50559115,127.0748908,tree,100.0
TREE_11006,37.51046183,127.1269392,tree,100.0
TREE_11007,37.52705303,127.1209054,tree,100.0
TREE_11008,37.51250003,127.1271646,tree,100.0
TREE_11009,37.50497364,127.0751958,tree,100.0
TREE_11010,37.50929854,127.1267101,tree,100.0
TREE_11011,37.53370714,127.0917243,tree,100.0
TREE_11012,37.50835332,127.1264588,tree,100.0
TREE_11013,37.52798346,127.119876,tree,100.0
TREE_11014,37.491993291,127.096886579,tree,100.0
TREE_11015,37.52780282,127.120089,tree,100.0
TREE_11016,37.51067559,127.073269,tree,100.0
TREE_11017,37.52848909,127.1192637,tree,100.0
TREE_11018,37.50553188,127.0749025,tree,100.0
TREE_11019,37.52829455,127.1195048,tree,100.0
TREE_11020,37.51083757,127.073243,tree,100.0
TREE_11021,37.495521039,127.084966516,tree,100.0
TREE_11022,37.495410905,127.085173694,tree,100.0
TREE_11023,37.52732628,127.1206279,tree,100.0
TREE_11024,37.50492824,127.0752062,tree,100.0
TREE_11025,37.52696301,127.1210202,tree,100.0
TREE_11026,37.53443944,127.095335,tree,100.0
TREE_11027,37.491980754,127.096932867,tree,100.0
TREE_11028,37.49219725,127.0951454,tree,100.0
TREE_11029,37.53326397,127.1101205,tree,100.0
TREE_11030,37.494929734,127.086117411,tree,100.0
TREE_11031,37.51052373,127.1269745,tree,100.0
TREE_11032,37.52702462,127.1209618,tree,100.0
TREE_11033,37.494822208,127.086333448,tree,100.0
TREE_11034,37.50935236,127.1267471,tree,100.0
TREE_11035,37.5048765,127.0752212,tree,100.0
TREE_11036,37.5044643,127.1248098,tree,100.0
TREE_11037,37.51123718,127.0731731,tree,100.0
TREE_11038,37.52795698,127.1199377,tree,100.0
TREE_11039,37.499463298,127.079415761,tree,100.0
TREE_11040,37.5041106,127.1246108,tree,100.0
TREE_11041,37.53330535,127.1100284,tree,100.0
TREE_11042,37.49650494,127.1170167,tree,100.0
TREE_11043,37.50939768,127.1267657,tree,100.0
TREE_11044,37.49219146,127.0951002,tree,100.0
TREE_11045,37.50542755,127.0749254,tree,100.0
TREE_11046,37.495510828,127.084941323,tree,100.0
TREE_11047,37.51830659,127.0737801,tree,100.0
TREE_11048,37.491959467,127.096980713,tree,100.0
TREE_11049,37.50484321,127.075225,tree,100.0
TREE_11050,37.53172281,127.0861638,tree,100.0
TREE_11051,37.53300555,127.1109606,tree,100.0
TREE_11052,37.492028551,127.096297326,tree,100.0
TREE_11053,37.492018732,127.096382122,tree,100.0
TREE_11054,37.52728865,127.1207072,tree,100.0
TREE_11055,37.492008913,127.096465557,tree,100.0
TREE_11056,37.50482467,127.075232,tree,100.0
TREE_11057,37.51058812,127.1270097,tree,100.0
TREE_11058,37.49218574,127.0950762,tree,100.0
TREE_11059,37.491997612,127.09653597,tree,100.0
TREE_11060,37.52699829,127.1210228,tree,100.0
TREE_11061,37.52693862,127.1210846,tree,100.0
TREE_11062,37.49882861,127.1201625,tree,100.0
TREE_11063,37.492032232,127.096212976,tree,100.0
TREE_11064,37.52792757,127.1199986,tree,100.0
TREE_11065,37.53159326,127.0858762,tree,100.0
TREE_11066,37.51241045,127.12721,tree,100.0
TREE_11067,37.51104282,127.073174,tree,100.0
TREE_11068,37.50535731,127.0749434,tree,100.0
TREE_11069,37.499130365,127.079745659,tree,100.0
TREE_11070,37.491944441,127.09701444,tree,100.0
TREE_11071,37.51086778,127.0731942,tree,100.0
TREE_11072,37.491982745,127.096609876,tree,100.0
TREE_11073,37.492033011,127.096143134,tree,100.0
TREE_11074,37.49218112,127.0950423,tree,100.0
TREE_11075,37.49589874,127.1160513,tree,100.0
TREE_11076,37.50476873,127.0752446,tree,100.0
TREE_11077,37.49641235,127.1169095,tree,100.0
TREE_11078,37.49868393,127.1200138,tree,100.0
TREE_11079,37.5053232,127.0749509,tree,100.0
TREE_11080,37.49789656,127.119051,tree,100.0
TREE_11081,37.51066639,127.073214,tree,100.0
TREE_11082,37.51066722,127.1270463,tree,100.0
TREE_11083,37.492033074,127.096065128,tree,100.0
TREE_11084,37.50946621,127.1268175,tree,100.0
TREE_11085,37.52725699,127.120779,tree,100.0
TREE_11086,37.53447909,127.0953106,tree,100.0
TREE_11087,37.52691261,127.1211422,tree,100.0
TREE_11088,37.494762951,127.086363453,tree,100.0
TREE_11089,37.50527014,127.0749637,tree,100.0
TREE_11090,37.52789683,127.1200697,tree,100.0
TREE_11091,37.491960231,127.096679455,tree,100.0
TREE_11092,37.491920647,127.097070916,tree,100.0
TREE_11093,37.52697013,127.1210927,tree,100.0
TREE_11094,37.52834881,127.1195344,tree,100.0
TREE_11095,37.52854034,127.119296,tree,100.0
TREE_11096,37.49217193,127.0949908,tree,100.0
TREE_11097,37.49782159,127.1189769,tree,100.0
TREE_11098,37.50951646,127.1268426,tree,100.0
TREE_11099,37.50848804,127.126583,tree,100.0
TREE_11100,37.50520934,127.0749798,tree,100.0
TREE_11101,37.52786712,127.1201276,tree,100.0
TREE_11102,37.52688594,127.1211997,tree,100.0
TREE_11103,37.51238002,127.127253,tree,100.0
TREE_11104,37.491934757,127.096762088,tree,100.0
TREE_11105,37.51082798,127.0731578,tree,100.0
TREE_11106,37.52722772,127.1208478,tree,100.0
TREE_11107,37.49216497,127.0949327,tree,100.0
TREE_11108,37.495488374,127.084872436,tree,100.0
TREE_11109,37.491899364,127.097113268,tree,100.0
TREE_11110,37.52769707,127.1203329,tree,100.0
TREE_11111,37.49537551,127.085080743,tree,100.0
TREE_11112,37.49645172,127.1170387,tree,100.0
TREE_11113,37.52694566,127.1211509,tree,100.0
TREE_11114,37.53379077,127.0917247,tree,100.0
TREE_11115,37.53333052,127.1101443,tree,100.0
TREE_11116,37.5051452,127.074993,tree,100.0
TREE_11117,37.50955271,127.1268753,tree,100.0
TREE_11118,37.51072687,127.1270952,tree,100.0
TREE_11119,37.50459999,127.0752838,tree,100.0
TREE_11120,37.494720085,127.086385562,tree,100.0
TREE_11121,37.50831236,127.1265532,tree,100.0
TREE_11122,37.51120729,127.0730938,tree,100.0
TREE_11123,37.52783869,127.1201915,tree,100.0
TREE_11124,37.52767657,127.1203766,tree,100.0
TREE_11125,37.499438396,127.079332375,tree,100.0
TREE_11126,37.50458389,127.0752845,tree,100.0
TREE_11127,37.491881201,127.097162687,tree,100.0
TREE_11128,37.49637364,127.1169384,tree,100.0
TREE_11129,37.53163848,127.0858408,tree,100.0
TREE_11130,37.50440559,127.1248764,tree,100.0
TREE_11131,37.491907822,127.096838179,tree,100.0
TREE_11132,37.52686069,127.1212596,tree,100.0
TREE_11133,37.51101881,127.0731045,tree,100.0
TREE_11134,37.53451859,127.0952865,tree,100.0
TREE_11135,37.50454736,127.0752955,tree,100.0
TREE_11136,37.52719845,127.1209151,tree,100.0
TREE_11137,37.495479731,127.08483946,tree,100.0
TREE_11138,37.49877038,127.1202037,tree,100.0
TREE_11139,37.49215457,127.0948568,tree,100.0
TREE_11140,37.51079844,127.1271265,tree,100.0
TREE_11141,37.527654,127.12042,tree,100.0
TREE_11142,37.52692002,127.1212102,tree,100.0
TREE_11143,37.53311623,127.1108617,tree,100.0
TREE_11144,37.499119385,127.07965412,tree,100.0
TREE_11145,37.53307853,127.1109795,tree,100.0
TREE_11146,37.49863329,127.120054,tree,100.0
TREE_11147,37.51832653,127.073688,tree,100.0
TREE_11148,37.50502341,127.0750243,tree,100.0
TREE_11149,37.53377168,127.0915489,tree,100.0
TREE_11150,37.52839126,127.1195632,tree,100.0
TREE_11151,37.50449568,127.0753092,tree,100.0
TREE_11152,37.50961839,127.1269222,tree,100.0
TREE_11153,37.49784777,127.1190944,tree,100.0
TREE_11154,37.49215212,127.0947988,tree,100.0
TREE_11155,37.52779768,127.1202766,tree,100.0
TREE_11156,37.52683143,127.1213213,tree,100.0
TREE_11157,37.50965997,127.1269377,tree,100.0
TREE_11158,37.491880809,127.096902748,tree,100.0
TREE_11159,37.491853486,127.097205148,tree,100.0
TREE_11160,37.49777204,127.1190124,tree,100.0
TREE_11161,37.52762934,127.1204777,tree,100.0
TREE_11162,37.52689681,127.1212649,tree,100.0
TREE_11163,37.52716679,127.1209839,tree,100.0
TREE_11164,37.49582556,127.1160856,tree,100.0
TREE_11165,37.50444278,127.0753206,tree,100.0
TREE_11166,37.495467887,127.084810154,tree,100.0
TREE_11167,37.53400719,127.0924196,tree,100.0
TREE_11168,37.51235583,127.1273176,tree,100.0
TREE_11169,37.495352434,127.085014564,tree,100.0
TREE_11170,37.494758625,127.086201132,tree,100.0
TREE_11171,37.50971046,127.1269683,tree,100.0
TREE_11172,37.51085262,127.1271718,tree,100.0
TREE_11173,37.50491823,127.0750478,tree,100.0
TREE_11174,37.50438787,127.0753356,tree,100.0
TREE_11175,37.49640939,127.117084,tree,100.0
TREE_11176,37.5276009,127.1205365,tree,100.0
TREE_11177,37.49213837,127.0947339,tree,100.0
TREE_11178,37.52680636,127.1213806,tree,100.0
TREE_11179,37.49633979,127.1169768,tree,100.0
TREE_11180,37.52775632,127.1203652,tree,100.0
TREE_11181,37.491852631,127.09697099,tree,100.0
TREE_11182,37.52861145,127.1193425,tree,100.0
TREE_11183,37.49227085,127.0939383,tree,100.0
TREE_11184,37.50845431,127.1266661,tree,100.0
TREE_11185,37.491823456,127.097245919,tree,100.0
TREE_11186,37.51119241,127.0730242,tree,100.0
TREE_11187,37.52686796,127.1213313,tree,100.0
TREE_11188,37.50828548,127.1266192,tree,100.0
TREE_11189,37.52713752,127.1210527,tree,100.0
TREE_11190,37.495458498,127.08477931,tree,100.0
TREE_11191,37.53447469,127.0946607,tree,100.0
TREE_11192,37.50434377,127.0753402,tree,100.0
TREE_11193,37.50976758,127.1270079,tree,100.0
TREE_11194,37.50480829,127.075075,tree,100.0
TREE_11195,37.52772779,127.1204276,tree,100.0
TREE_11196,37.51093052,127.127215,tree,100.0
TREE_11197,37.52757245,127.1206036,tree,100.0
TREE_11198,37.52677972,127.121443,tree,100.0
TREE_11199,37.50435112,127.1249334,tree,100.0
TREE_11200,37.50428654,127.0753617,tree,100.0
TREE_11201,37.49226276,127.0938818,tree,100.0
TREE_11202,37.499412776,127.079245835,tree,100.0
TREE_11203,37.491802801,127.097284348,tree,100.0
TREE_11204,37.52684128,127.1213864,tree,100.0
TREE_11205,37.5334061,127.1101707,tree,100.0
TREE_11206,37.491820703,127.097039227,tree,100.0
TREE_11207,37.534580832,127.095252318,tree,100.0
TREE_11208,37.49212562,127.0946293,tree,100.0
TREE_11209,37.53170108,127.0857939,tree,100.0
TREE_11210,37.50475075,127.0750902,tree,100.0
TREE_11211,37.495447881,127.084750006,tree,100.0
TREE_11212,37.52844979,127.1195953,tree,100.0
TREE_11213,37.51099579,127.0730182,tree,100.0
TREE_11214,37.50979788,127.1270361,tree,100.0
TREE_11215,37.49772977,127.1190503,tree,100.0
TREE_11216,37.50423001,127.0753767,tree,100.0
TREE_11217,37.52770214,127.1204836,tree,100.0
TREE_11218,37.52754879,127.1206553,tree,100.0
TREE_11219,37.499107306,127.079554259,tree,100.0
TREE_11220,37.52709631,127.1211416,tree,100.0
TREE_11221,37.49779676,127.1191427,tree,100.0
TREE_11222,37.49225583,127.0938323,tree,100.0
TREE_11223,37.49468676,127.086238245,tree,100.0
TREE_11224,37.495331929,127.084945161,tree,100.0
TREE_11225,37.50470021,127.0751043,tree,100.0
TREE_11226,37.49857301,127.1201046,tree,100.0
TREE_11227,37.53319067,127.1108808,tree,100.0
TREE_11228,37.51233935,127.127383,tree,100.0
TREE_11229,37.49577472,127.1161232,tree,100.0
TREE_11230,37.52681398,127.1214473,tree,100.0
TREE_11231,37.50984741,127.1270622,tree,100.0
TREE_11232,37.53356072,127.1097391,tree,100.0
TREE_11233,37.491776519,127.097326693,tree,100.0
TREE_11234,37.49636903,127.1171163,tree,100.0
TREE_11235,37.52673901,127.1215254,tree,100.0
TREE_11236,37.51835322,127.0735903,tree,100.0
TREE_11237,37.494568512,127.086461437,tree,100.0
TREE_11238,37.51102267,127.127269,tree,100.0
TREE_11239,37.50417706,127.0753836,tree,100.0
TREE_11240,37.49224781,127.0937928,tree,100.0
TREE_11241,37.491788152,127.097105109,tree,100.0
TREE_11242,37.52866076,127.1193712,tree,100.0
TREE_11243,37.52767279,127.1205485,tree,100.0
TREE_11244,37.495437268,127.084715564,tree,100.0
TREE_11245,37.50464422,127.0751136,tree,100.0
TREE_11246,37.52752125,127.1207192,tree,100.0
TREE_11247,37.50826107,127.1266752,tree,100.0
TREE_11248,37.51149438,127.1273317,tree,100.0
TREE_11249,37.49210949,127.0945261,tree,100.0
TREE_11250,37.52672409,127.1215635,tree,100.0
TREE_11251,37.491753366,127.097363549,tree,100.0
TREE_11252,37.50458965,127.075128,tree,100.0
TREE_11253,37.5084204,127.1267362,tree,100.0
TREE_11254,37.51142934,127.1273395,tree,100.0
TREE_11255,37.52764561,127.1206066,tree,100.0
TREE_11256,37.50431163,127.1249788,tree,100.0
TREE_11257,37.51121362,127.0729405,tree,100.0
TREE_11258,37.49223751,127.0937474,tree,100.0
TREE_11259,37.52748856,127.1207856,tree,100.0
TREE_11260,37.495428696,127.084686262,tree,100.0
TREE_11261,37.53187476,127.0860419,tree,100.0
TREE_11262,37.52704076,127.1212635,tree,100.0
TREE_11263,37.50453752,127.0751407,tree,100.0
TREE_11264,37.52669703,127.1216173,tree,100.0
TREE_11265,37.4957387,127.1161438,tree,100.0
TREE_11266,37.51082425,127.0729774,tree,100.0
TREE_11267,37.494518711,127.086487495,tree,100.0
TREE_11268,37.51115507,127.1273277,tree,100.0
TREE_11269,37.4922295,127.0937093,tree,100.0
TREE_11270,37.5267619,127.1215641,tree,100.0
TREE_11271,37.495308852,127.084880596,tree,100.0
TREE_11272,37.51108612,127.1273233,tree,100.0
TREE_11273,37.49774965,127.1191746,tree,100.0
TREE_11274,37.53360134,127.1097566,tree,100.0
TREE_11275,37.53412326,127.0924722,tree,100.0
TREE_11276,37.52850571,127.1196302,tree,100.0
TREE_11277,37.491745603,127.097170193,tree,100.0
TREE_11278,37.49768326,127.1190925,tree,100.0
TREE_11279,37.52762158,127.1206682,tree,100.0
TREE_11280,37.51131177,127.1273559,tree,100.0
TREE_11281,37.51136668,127.1273628,tree,100.0
TREE_11282,37.53464117,127.0952104,tree,100.0
TREE_11283,37.5044807,127.0751509,tree,100.0
TREE_11284,37.499386615,127.079157725,tree,100.0
TREE_11285,37.51232624,127.1274466,tree,100.0
TREE_11286,37.53175767,127.085751,tree,100.0
TREE_11287,37.5274612,127.1208518,tree,100.0
TREE_11288,37.4920922,127.0944131,tree,100.0
TREE_11289,37.51121682,127.1273491,tree,100.0
TREE_11290,37.494597245,127.086284043,tree,100.0
TREE_11291,37.491680909,127.102330968,tree,100.0
TREE_11292,37.491717706,127.097410591,tree,100.0
TREE_11293,37.52666555,127.1216819,tree,100.0
TREE_11294,37.52701446,127.1213308,tree,100.0
TREE_11295,37.4922226,127.0936682,tree,100.0
TREE_11296,37.53348055,127.1101986,tree,100.0
TREE_11297,37.50823247,127.1267266,tree,100.0
TREE_11298,37.499091914,127.079455781,tree,100.0
TREE_11299,37.49631897,127.1171564,tree,100.0
TREE_11300,37.51120785,127.0728974,tree,100.0
TREE_11301,37.50442822,127.075163,tree,100.0
TREE_11302,37.52673363,127.1216271,tree,100.0
TREE_11303,37.53325911,127.1108988,tree,100.0
TREE_11304,37.53396628,127.091733,tree,100.0
TREE_11305,37.52759638,127.1207323,tree,100.0
TREE_11306,37.5287183,127.1194045,tree,100.0
TREE_11307,37.494472416,127.086510425,tree,100.0
TREE_11308,37.491663918,127.102359724,tree,100.0
TREE_11309,37.4986462,127.1203208,tree,100.0
TREE_11310,37.50437653,127.0751783,tree,100.0
TREE_11311,37.49171243,127.09723215,tree,100.0
TREE_11312,37.50426989,127.1250202,tree,100.0
TREE_11313,37.52663703,127.1217409,tree,100.0
TREE_11314,37.51004496,127.1271953,tree,100.0
TREE_11315,37.491693082,127.097445156,tree,100.0
TREE_11316,37.495407391,127.084622381,tree,100.0
TREE_11317,37.49850755,127.1201686,tree,100.0
TREE_11318,37.510786,127.072928,tree,100.0
TREE_11319,37.49220662,127.0936089,tree,100.0
TREE_11320,37.51837203,127.0734954,tree,100.0
TREE_11321,37.51099368,127.0728936,tree,100.0
TREE_11322,37.52670572,127.1216924,tree,100.0
TREE_11323,37.495288986,127.084817648,tree,100.0
TREE_11324,37.50432288,127.075188,tree,100.0
TREE_11325,37.491649909,127.102395788,tree,100.0
TREE_11326,37.49207597,127.0942802,tree,100.0
TREE_11327,37.51120536,127.0728594,tree,100.0
TREE_11328,37.52757074,127.1207997,tree,100.0
TREE_11329,37.53364761,127.109779,tree,100.0
TREE_11330,37.52855415,127.1196591,tree,100.0
TREE_11331,37.51011496,127.1272376,tree,100.0
TREE_11332,37.53459541,127.0945812,tree,100.0
TREE_11333,37.5266091,127.1218079,tree,100.0
TREE_11334,37.49568098,127.1161756,tree,100.0
TREE_11335,37.53418846,127.092505,tree,100.0
TREE_11336,37.50426616,127.0752027,tree,100.0
TREE_11337,37.49219965,127.0935491,tree,100.0
TREE_11338,37.51231485,127.1275103,tree,100.0
TREE_11339,37.53193735,127.0859982,tree,100.0
TREE_11340,37.49192951,127.0951045,tree,100.0
TREE_11341,37.49628588,127.1171906,tree,100.0
TREE_11342,37.49166118,127.097482001,tree,100.0
TREE_11343,37.50399974,127.1249058,tree,100.0
TREE_11344,37.491634906,127.102418432,tree,100.0
TREE_11345,37.52668055,127.1217482,tree,100.0
TREE_11346,37.50821181,127.1267817,tree,100.0
TREE_11347,37.53325759,127.1110332,tree,100.0
TREE_11348,37.494417572,127.086538061,tree,100.0
TREE_11349,37.52738614,127.1210259,tree,100.0
TREE_11350,37.491670901,127.097294312,tree,100.0
TREE_11351,37.53401467,127.0917384,tree,100.0
TREE_11352,37.52754057,127.1208673,tree,100.0
TREE_11353,37.53396981,127.0915549,tree,100.0
TREE_11354,37.495389425,127.084571486,tree,100.0
TREE_11355,37.499361983,127.079075018,tree,100.0
TREE_11356,37.49219164,127.0935128,tree,100.0
TREE_11357,37.494495365,127.086330719,tree,100.0
TREE_11358,37.499077619,127.079368398,tree,100.0
TREE_11359,37.491617915,127.102447188,tree,100.0
TREE_11360,37.52736339,127.1210774,tree,100.0
TREE_11361,37.49206093,127.0941657,tree,100.0
TREE_11362,37.49192023,127.0950246,tree,100.0
TREE_11363,37.52665225,127.1218082,tree,100.0
TREE_11364,37.53354599,127.1102252,tree,100.0
TREE_11365,37.52657768,127.1218823,tree,100.0
TREE_11366,37.50416083,127.0752258,tree,100.0
TREE_11367,37.53182469,127.0856991,tree,100.0
TREE_11368,37.49218361,127.0934705,tree,100.0
TREE_11369,37.4976761,127.1192394,tree,100.0
TREE_11370,37.5042092,127.1250681,tree,100.0
TREE_11371,37.53332461,127.1109284,tree,100.0
TREE_11372,37.52750911,127.1209397,tree,100.0
TREE_11373,37.495267063,127.084746494,tree,100.0
TREE_11374,37.49191605,127.0949553,tree,100.0
TREE_11375,37.495378813,127.084535501,tree,100.0
TREE_11376,37.53428452,127.0927436,tree,100.0
TREE_11377,37.491603906,127.102483252,tree,100.0
TREE_11378,37.491621773,127.097525899,tree,100.0
TREE_11379,37.50411401,127.0752351,tree,100.0
TREE_11380,37.53404778,127.0917426,tree,100.0
TREE_11381,37.52733638,127.1211378,tree,100.0
TREE_11382,37.494363359,127.086565697,tree,100.0
TREE_11383,37.51022672,127.1273157,tree,100.0
TREE_11384,37.491630861,127.097347627,tree,100.0
TREE_11385,37.53369557,127.1098014,tree,100.0
TREE_11386,37.49844536,127.1202153,tree,100.0
TREE_11387,37.52860377,127.1196889,tree,100.0
TREE_11388,37.53400605,127.091557,tree,100.0
TREE_11389,37.51230647,127.127575,tree,100.0
TREE_11390,37.49624763,127.1172299,tree,100.0
TREE_11391,37.4920493,127.0940597,tree,100.0
TREE_11392,37.52748276,127.1210004,tree,100.0
TREE_11393,37.52685262,127.1216568,tree,100.0
TREE_11394,37.49190792,127.0948861,tree,100.0
TREE_11395,37.49216985,127.0934027,tree,100.0
TREE_11396,37.491587851,127.102511761,tree,100.0
TREE_11397,37.51097037,127.0728046,tree,100.0
TREE_11398,37.491600504,127.09755177,tree,100.0
TREE_11399,37.51806488,127.0733048,tree,100.0
TREE_11400,37.52731128,127.1211959,tree,100.0
TREE_11401,37.53331368,127.1110554,tree,100.0
TREE_11402,37.495365367,127.084496544,tree,100.0
TREE_11403,37.50818161,127.126854,tree,100.0
TREE_11404,37.49934401,127.079004545,tree,100.0
TREE_11405,37.491576512,127.102541269,tree,100.0
TREE_11406,37.51029678,127.1273654,tree,100.0
TREE_11407,37.52745538,127.1210635,tree,100.0
TREE_11408,37.49190146,127.0948105,tree,100.0
TREE_11409,37.53199961,127.0859502,tree,100.0
TREE_11410,37.49855828,127.1203964,tree,100.0
TREE_11411,37.51839303,127.0733821,tree,100.0
TREE_11412,37.494312928,127.086590963,tree,100.0
TREE_11413,37.53433845,127.0928011,tree,100.0
TREE_11414,37.49216056,127.0933226,tree,100.0
TREE_11415,37.494403327,127.086378888,tree,100.0
TREE_11416,37.5272886,127.1212547,tree,100.0
TREE_11417,37.50406649,127.0752018,tree,100.0
TREE_11418,37.49203431,127.093958,tree,100.0
TREE_11419,37.49756537,127.1191927,tree,100.0
TREE_11420,37.51035468,127.1273949,tree,100.0
TREE_11421,37.499056697,127.079282396,tree,100.0
TREE_11422,37.491582064,127.097411133,tree,100.0
TREE_11423,37.5268108,127.121751,tree,100.0
TREE_11424,37.491560993,127.102575676,tree,100.0
TREE_11425,37.49156735,127.097590967,tree,100.0
TREE_11426,37.49189507,127.0947525,tree,100.0
TREE_11427,37.5341002,127.0917482,tree,100.0
TREE_11428,37.495355093,127.084460958,tree,100.0
TREE_11429,37.50416384,127.125126,tree,100.0
TREE_11430,37.52742435,127.1211307,tree,100.0
TREE_11431,37.51059822,127.0728104,tree,100.0
TREE_11432,37.52726791,127.1213015,tree,100.0
TREE_11433,37.53406202,127.0915628,tree,100.0
TREE_11434,37.495238221,127.084659334,tree,100.0
TREE_11435,37.5104131,127.1274209,tree,100.0
TREE_11436,37.52884453,127.1194797,tree,100.0
TREE_11437,37.53361706,127.1102517,tree,100.0
TREE_11438,37.53374636,127.1098294,tree,100.0
TREE_11439,37.49614455,127.1171645,tree,100.0
TREE_11440,37.49189093,127.0946939,tree,100.0
TREE_11441,37.494271654,127.086613128,tree,100.0
TREE_11442,37.52866131,127.119724,tree,100.0
TREE_11443,37.491544092,127.102609974,tree,100.0
TREE_11444,37.51230499,127.1276499,tree,100.0
TREE_11445,37.49202497,127.0938633,tree,100.0
TREE_11446,37.49559512,127.1162721,tree,100.0
TREE_11447,37.49838803,127.1202661,tree,100.0
TREE_11448,37.52739872,127.1211907,tree,100.0
TREE_11449,37.4961966,127.1172785,tree,100.0
TREE_11450,37.495343273,127.084426663,tree,100.0
TREE_11451,37.51096252,127.0727305,tree,100.0
TREE_11452,37.491535453,127.097621533,tree,100.0
TREE_11453,37.49188228,127.0946381,tree,100.0
TREE_11454,37.49213774,127.0932388,tree,100.0
TREE_11455,37.51122826,127.0726919,tree,100.0
TREE_11456,37.52676481,127.1218512,tree,100.0
TREE_11457,37.494342181,127.086407307,tree,100.0
TREE_11458,37.51048594,127.1274639,tree,100.0
TREE_11459,37.53341044,127.1109656,tree,100.0
TREE_11460,37.5184131,127.0733226,tree,100.0
TREE_11461,37.491526897,127.102646828,tree,100.0
TREE_11462,37.491537027,127.097461302,tree,100.0
TREE_11463,37.50402014,127.0751651,tree,100.0
TREE_11464,37.49187931,127.0945935,tree,100.0
TREE_11465,37.53409618,127.0915655,tree,100.0
TREE_11466,37.494228787,127.086635237,tree,100.0
TREE_11467,37.50831818,127.1269802,tree,100.0
TREE_11468,37.52737272,127.1212495,tree,100.0
TREE_11469,37.534413352,127.09288636,tree,100.0
TREE_11470,37.495335823,127.084401429,tree,100.0
TREE_11471,37.53415063,127.0917527,tree,100.0
TREE_11472,37.50391712,127.125044,tree,100.0
TREE_11473,37.50814687,127.1269376,tree,100.0
TREE_11474,37.49187466,127.0945511,tree,100.0
TREE_11475,37.49201113,127.0937714,tree,100.0
TREE_11476,37.50413192,127.1251761,tree,100.0
TREE_11477,37.49212512,127.0931738,tree,100.0
TREE_11478,37.49610488,127.1171926,tree,100.0
TREE_11479,37.49849118,127.1204418,tree,100.0
TREE_11480,37.491502929,127.097654452,tree,100.0
TREE_11481,37.491507668,127.102682218,tree,100.0
TREE_11482,37.53434277,127.0924924,tree,100.0
TREE_11483,37.495213865,127.0845867,tree,100.0
TREE_11484,37.499037986,127.079193622,tree,100.0
TREE_11485,37.49186945,127.0945108,tree,100.0
TREE_11486,37.5344436,127.0929258,tree,100.0
TREE_11487,37.495326058,127.084374252,tree,100.0
TREE_11488,37.53379827,127.1098546,tree,100.0
TREE_11489,37.5105866,127.0727367,tree,100.0
TREE_11490,37.52734007,127.121321,tree,100.0
TREE_11491,37.51055304,127.127517,tree,100.0
TREE_11492,37.49835185,127.1202981,tree,100.0
TREE_11493,37.51121663,127.0726465,tree,100.0
TREE_11494,37.52672478,127.1219477,tree,100.0
TREE_11495,37.52871476,127.1197518,tree,100.0
TREE_11496,37.51127582,127.0726339,tree,100.0
TREE_11497,37.53207429,127.0858903,tree,100.0
TREE_11498,37.51231627,127.1277155,tree,100.0
TREE_11499,37.49186477,127.09446,tree,100.0
TREE_11500,37.49749689,127.1192484,tree,100.0
TREE_11501,37.491492341,127.102715079,tree,100.0
TREE_11502,37.49211252,127.0931117,tree,100.0
TREE_11503,37.494172051,127.086665245,tree,100.0
TREE_11504,37.494269053,127.086449166,tree,100.0
TREE_11505,37.51059163,127.1275429,tree,100.0
TREE_11506,37.491488672,127.097513953,tree,100.0
TREE_11507,37.53368927,127.1102839,tree,100.0
TREE_11508,37.52731356,127.1213832,tree,100.0
TREE_11509,37.491470414,127.097676384,tree,100.0
TREE_11510,37.49613174,127.1173034,tree,100.0
TREE_11511,37.5039956,127.0751085,tree,100.0
TREE_11512,37.52668954,127.1220195,tree,100.0
TREE_11513,37.49185892,127.0943975,tree,100.0
TREE_11514,37.491391022,127.100943662,tree,100.0
TREE_11515,37.51842862,127.0732546,tree,100.0
TREE_11516,37.49199267,127.0936456,tree,100.0
TREE_11517,37.49147535,127.1027438,tree,100.0
TREE_11518,37.491475349,127.102743834,tree,100.0
TREE_11519,37.53448814,127.0929749,tree,100.0
TREE_11520,37.51064301,127.1275706,tree,100.0
TREE_11521,37.49746485,127.1192484,tree,100.0
TREE_11522,37.52892894,127.1195335,tree,100.0
TREE_11523,37.49754121,127.119352,tree,100.0
TREE_11524,37.49709137,127.1187494,tree,100.0
TREE_11525,37.52729431,127.1214286,tree,100.0
TREE_11526,37.50387889,127.1250974,tree,100.0
TREE_11527,37.52642166,127.1222967,tree,100.0
TREE_11528,37.49185646,127.0943353,tree,100.0
TREE_11529,37.495195925,127.084523755,tree,100.0
TREE_11530,37.51120817,127.0726008,tree,100.0
TREE_11531,37.49210099,127.0930354,tree,100.0
TREE_11532,37.53197048,127.0855936,tree,100.0
TREE_11533,37.494131707,127.086684983,tree,100.0
TREE_11534,37.49712258,127.1188035,tree,100.0
TREE_11535,37.495306772,127.084311451,tree,100.0
TREE_11536,37.53438006,127.0924169,tree,100.0
TREE_11537,37.491461465,127.102772483,tree,100.0
TREE_11538,37.49604257,127.1172071,tree,100.0
TREE_11539,37.49717992,127.1188935,tree,100.0
TREE_11540,37.50811794,127.1270119,tree,100.0
TREE_11541,37.50828245,127.1270607,tree,100.0
TREE_11542,37.49722696,127.118958,tree,100.0
TREE_11543,37.52647414,127.1222638,tree,100.0
TREE_11544,37.494216345,127.086476081,tree,100.0
TREE_11545,37.49731197,127.1190769,tree,100.0
TREE_11546,37.52875932,127.1197777,tree,100.0
TREE_11547,37.51057416,127.0726742,tree,100.0
TREE_11548,37.51126776,127.0725749,tree,100.0
TREE_11549,37.5338485,127.1098826,tree,100.0
TREE_11550,37.49198331,127.0935454,tree,100.0
TREE_11551,37.51068068,127.1276065,tree,100.0
TREE_11552,37.51079163,127.127623,tree,100.0
TREE_11553,37.49735257,127.119147,tree,100.0
TREE_11554,37.49742461,127.1192449,tree,100.0
TREE_11555,37.51094395,127.0726077,tree,100.0
TREE_11556,37.499021484,127.079103464,tree,100.0
TREE_11557,37.491439887,127.097562548,tree,100.0
TREE_11558,37.49694049,127.1185876,tree,100.0
TREE_11559,37.52661252,127.1221533,tree,100.0
TREE_11560,37.49184382,127.0942646,tree,100.0
TREE_11561,37.495297264,127.084284274,tree,100.0
TREE_11562,37.491446985,127.102801498,tree,100.0
TREE_11563,37.49842871,127.1204935,tree,100.0
TREE_11564,37.52643235,127.1223326,tree,100.0
TREE_11565,37.49608407,127.1173176,tree,100.0
TREE_11566,37.51231633,127.1277933,tree,100.0
TREE_11567,37.51844873,127.073205,tree,100.0
TREE_11568,37.49689282,127.1185373,tree,100.0
TREE_11569,37.49752145,127.1193966,tree,100.0
TREE_11570,37.51084359,127.127654,tree,100.0
TREE_11571,37.526146,127.1226079,tree,100.0
TREE_11572,37.53454882,127.0930487,tree,100.0
TREE_11573,37.51073134,127.072619,tree,100.0
TREE_11574,37.52654807,127.1222355,tree,100.0
TREE_11575,37.491340936,127.100959483,tree,100.0
TREE_11576,37.51119799,127.0725543,tree,100.0
TREE_11577,37.50406855,127.1252651,tree,100.0
TREE_11578,37.53420811,127.0915788,tree,100.0
TREE_11579,37.491432895,127.102819366,tree,100.0
TREE_11580,37.49183907,127.094194,tree,100.0
TREE_11581,37.50397874,127.0750416,tree,100.0
TREE_11582,37.49208038,127.0929393,tree,100.0
TREE_11583,37.52645977,127.1223297,tree,100.0
TREE_11584,37.51072056,127.1276505,tree,100.0
TREE_11585,37.49598929,127.1172026,tree,100.0
TREE_11586,37.52659459,127.1222102,tree,100.0
TREE_11587,37.51108473,127.0725538,tree,100.0
TREE_11588,37.5289822,127.1195635,tree,100.0
TREE_11589,37.494052896,127.086741871,tree,100.0
TREE_11590,37.49196716,127.0934352,tree,100.0
TREE_11591,37.52661606,127.1221967,tree,100.0
TREE_11592,37.53375809,127.1103104,tree,100.0
TREE_11593,37.51089572,127.1276845,tree,100.0
TREE_11594,37.5265206,127.1222894,tree,100.0
TREE_11595,37.495285276,127.084239707,tree,100.0
TREE_11596,37.53352884,127.111019,tree,100.0
TREE_11597,37.50384585,127.1251571,tree,100.0
TREE_11598,37.5264335,127.1223745,tree,100.0
TREE_11599,37.494152049,127.086503705,tree,100.0
TREE_11600,37.52732373,127.1214951,tree,100.0
TREE_11601,37.491417375,127.102853773,tree,100.0
TREE_11602,37.53389026,127.1099029,tree,100.0
TREE_11603,37.49683244,127.1185072,tree,100.0
TREE_11604,37.49207005,127.0928861,tree,100.0
TREE_11605,37.50405366,127.1252917,tree,100.0
TREE_11606,37.51075856,127.0725808,tree,100.0
TREE_11607,37.51118463,127.0725236,tree,100.0
TREE_11608,37.49516446,127.084437276,tree,100.0
TREE_11609,37.49182975,127.0941049,tree,100.0
TREE_11610,37.51845307,127.0731611,tree,100.0
TREE_11611,37.52881051,127.119813,tree,100.0
TREE_11612,37.49546047,127.1163607,tree,100.0
TREE_11613,37.49927002,127.078761226,tree,100.0
TREE_11614,37.49826076,127.1203771,tree,100.0
TREE_11615,37.51056247,127.0726004,tree,100.0
TREE_11616,37.52722046,127.1216279,tree,100.0
TREE_11617,37.52614773,127.122664,tree,100.0
TREE_11618,37.491386101,127.097612706,tree,100.0
TREE_11619,37.49603057,127.1173244,tree,100.0
TREE_11620,37.51125541,127.0724994,tree,100.0
TREE_11621,37.53351314,127.1111341,tree,100.0
TREE_11622,37.491400474,127.102888072,tree,100.0
TREE_11623,37.51046707,127.0726086,tree,100.0
TREE_11624,37.52646568,127.1223791,tree,100.0
TREE_11625,37.50808694,127.1270946,tree,100.0
TREE_11626,37.52702635,127.1218402,tree,100.0
TREE_11627,37.49594225,127.1171983,tree,100.0
TREE_11628,37.49752484,127.1194874,tree,100.0
TREE_11629,37.52659334,127.1222655,tree,100.0
TREE_11630,37.52654442,127.1223118,tree,100.0
TREE_11631,37.52649669,127.1223582,tree,100.0
TREE_11632,37.49205862,127.0928377,tree,100.0
TREE_11633,37.53449653,127.0925776,tree,100.0
TREE_11634,37.494000303,127.086772684,tree,100.0
TREE_11635,37.49838282,127.1205447,tree,100.0
TREE_11636,37.49900056,127.079020235,tree,100.0
TREE_11637,37.49182044,127.0940187,tree,100.0
TREE_11638,37.49676292,127.1184646,tree,100.0
TREE_11639,37.51845858,127.0731271,tree,100.0
TREE_11640,37.53426933,127.0915888,tree,100.0
TREE_11641,37.495264703,127.084184023,tree,100.0
TREE_11642,37.491370165,127.102755883,tree,100.0
TREE_11643,37.49138328,127.102924925,tree,100.0
TREE_11644,37.52716085,127.1217284,tree,100.0
TREE_11645,37.53392918,127.1099204,tree,100.0
TREE_11646,37.50823602,127.1271673,tree,100.0
TREE_11647,37.52903388,127.1195926,tree,100.0
TREE_11648,37.51117866,127.0724733,tree,100.0
TREE_11649,37.52699943,127.1219025,tree,100.0
TREE_11650,37.491571482,127.095499974,tree,100.0
TREE_11651,37.4976086,127.1196368,tree,100.0
TREE_11652,37.51071108,127.0725324,tree,100.0
TREE_11653,37.49194516,127.0932627,tree,100.0
TREE_11654,37.49204599,127.0927699,tree,100.0
TREE_11655,37.495142665,127.084375133,tree,100.0
TREE_11656,37.49598636,127.1173261,tree,100.0
TREE_11657,37.52614349,127.1227261,tree,100.0
TREE_11658,37.51099309,127.1277719,tree,100.0
TREE_11659,37.49181003,127.0939395,tree,100.0
TREE_11660,37.52737699,127.1215312,tree,100.0
TREE_11661,37.4913686,127.102949356,tree,100.0
TREE_11662,37.49589312,127.1171831,tree,100.0
TREE_11663,37.53433718,127.091773,tree,100.0
TREE_11664,37.50380534,127.1252155,tree,100.0
TREE_11665,37.49701596,127.1188725,tree,100.0
TREE_11666,37.52726562,127.1216582,tree,100.0
TREE_11667,37.53381906,127.1103483,tree,100.0
TREE_11668,37.51123694,127.0724441,tree,100.0
TREE_11669,37.5335951,127.1110388,tree,100.0
TREE_11670,37.4969665,127.1188105,tree,100.0
TREE_11671,37.52712984,127.1218008,tree,100.0
TREE_11672,37.51812684,127.0729911,tree,100.0
TREE_11673,37.51233991,127.1279126,tree,100.0
TREE_11674,37.49835504,127.1205848,tree,100.0
TREE_11675,37.51846631,127.0730818,tree,100.0
TREE_11676,37.494042362,127.086558184,tree,100.0
TREE_11677,37.491353418,127.102978598,tree,100.0
TREE_11678,37.49703619,127.1189259,tree,100.0
TREE_11679,37.49180412,127.093859,tree,100.0
TREE_11680,37.49133897,127.1028192,tree,100.0
TREE_11681,37.49133897,127.102819236,tree,100.0
TREE_11682,37.499246736,127.078683497,tree,100.0
TREE_11683,37.51054871,127.0725213,tree,100.0
TREE_11684,37.491240374,127.100873056,tree,100.0
TREE_11685,37.50805338,127.127159,tree,100.0
TREE_11686,37.49667727,127.1184337,tree,100.0
TREE_11687,37.5335734,127.1111596,tree,100.0
TREE_11688,37.49193129,127.093161,tree,100.0
TREE_11689,37.49708593,127.1190098,tree,100.0
TREE_11690,37.53451912,127.0924182,tree,100.0
TREE_11691,37.53208812,127.0854985,tree,100.0
TREE_11692,37.49769041,127.1198063,tree,100.0
TREE_11693,37.52694237,127.1220223,tree,100.0
TREE_11694,37.53396869,127.1099414,tree,100.0
TREE_11695,37.5039427,127.0749195,tree,100.0
TREE_11696,37.53459092,127.092722,tree,100.0
TREE_11697,37.491524747,127.095545731,tree,100.0
TREE_11698,37.49594123,127.1173263,tree,100.0
TREE_11699,37.52613687,127.1227875,tree,100.0
TREE_11700,37.491340386,127.103015368,tree,100.0
TREE_11701,37.52907433,127.1196224,tree,100.0
TREE_11702,37.49713688,127.1190929,tree,100.0
TREE_11703,37.52709383,127.1218792,tree,100.0
TREE_11704,37.49584502,127.117177,tree,100.0
TREE_11705,37.49538586,127.1164083,tree,100.0
TREE_11706,37.49202424,127.092671,tree,100.0
TREE_11707,37.51106529,127.0724246,tree,100.0
TREE_11708,37.510748,127.0724663,tree,100.0
TREE_11709,37.498975224,127.078930067,tree,100.0
TREE_11710,37.50399098,127.1253869,tree,100.0
TREE_11711,37.49179143,127.0937742,tree,100.0
TREE_11712,37.49716643,127.1191557,tree,100.0
TREE_11713,37.51847856,127.0730436,tree,100.0
TREE_11714,37.49773435,127.1198967,tree,100.0
TREE_11715,37.51235628,127.1279642,tree,100.0
TREE_11716,37.51105786,127.1278465,tree,100.0
TREE_11717,37.53452765,127.0923473,tree,100.0
TREE_11718,37.491324783,127.103041773,tree,100.0
TREE_11719,37.49682292,127.1186909,tree,100.0
TREE_11720,37.52692618,127.122075,tree,100.0
TREE_11721,37.53439469,127.0917814,tree,100.0
TREE_11722,37.5273095,127.1216909,tree,100.0
TREE_11723,37.491307648,127.1028767,tree,100.0
TREE_11724,37.495232268,127.084081673,tree,100.0
TREE_11725,37.49191749,127.093079,tree,100.0
TREE_11726,37.51045273,127.0724905,tree,100.0
TREE_11727,37.52613146,127.1228331,tree,100.0
TREE_11728,37.5274321,127.1215715,tree,100.0
TREE_11729,37.491485283,127.095622652,tree,100.0
TREE_11730,37.49721056,127.1192414,tree,100.0
TREE_11731,37.53387265,127.1103713,tree,100.0
TREE_11732,37.491310021,127.103069766,tree,100.0
TREE_11733,37.53436241,127.0915926,tree,100.0
TREE_11734,37.493966088,127.086593709,tree,100.0
TREE_11735,37.53464444,127.092783,tree,100.0
TREE_11736,37.491195671,127.101018005,tree,100.0
TREE_11737,37.52689432,127.1221355,tree,100.0
TREE_11738,37.52704511,127.1219881,tree,100.0
TREE_11739,37.49200818,127.0925866,tree,100.0
TREE_11740,37.49588161,127.1173126,tree,100.0
TREE_11741,37.50376189,127.1252887,tree,100.0
TREE_11742,37.49777328,127.1199889,tree,100.0
TREE_11743,37.49178094,127.0936724,tree,100.0
TREE_11744,37.495222495,127.084056421,tree,100.0
TREE_11745,37.51053784,127.0724546,tree,100.0
TREE_11746,37.49726484,127.1193409,tree,100.0
TREE_11747,37.49578841,127.1171705,tree,100.0
TREE_11748,37.53401046,127.1099667,tree,100.0
TREE_11749,37.5184801,127.0730011,tree,100.0
TREE_11750,37.50818749,127.1272742,tree,100.0
TREE_11751,37.491453117,127.095697749,tree,100.0
TREE_11752,37.51116036,127.0723576,tree,100.0
TREE_11753,37.52645893,127.1225717,tree,100.0
TREE_11754,37.49780452,127.1200465,tree,100.0
TREE_11755,37.51815074,127.0729012,tree,100.0
TREE_11756,37.49675711,127.1186647,tree,100.0
TREE_11757,37.49190479,127.0929928,tree,100.0
TREE_11758,37.53443565,127.0918071,tree,100.0
TREE_11759,37.491292163,127.10309019,tree,100.0
TREE_11760,37.50392097,127.074852,tree,100.0
TREE_11761,37.52912949,127.1196502,tree,100.0
TREE_11762,37.49748464,127.1196511,tree,100.0
TREE_11763,37.53445313,127.0918685,tree,100.0
TREE_11764,37.53363598,127.1111826,tree,100.0
TREE_11765,37.52612843,127.1228847,tree,100.0
TREE_11766,37.499219584,127.078594807,tree,100.0
TREE_11767,37.51104926,127.0723607,tree,100.0
TREE_11768,37.52648039,127.122565,tree,100.0
TREE_11769,37.5289433,127.1198922,tree,100.0
TREE_11770,37.491276308,127.102953799,tree,100.0
TREE_11771,37.49127631,127.1029538,tree,100.0
TREE_11772,37.51109804,127.1279046,tree,100.0
TREE_11773,37.51090307,127.0723791,tree,100.0
TREE_11774,37.52734697,127.1217145,tree,100.0
TREE_11775,37.50801987,127.1272375,tree,100.0
TREE_11776,37.52701728,127.1220497,tree,100.0
TREE_11777,37.51238072,127.1280225,tree,100.0
TREE_11778,37.49785187,127.1201274,tree,100.0
TREE_11779,37.49789929,127.1201887,tree,100.0
TREE_11780,37.49672428,127.1186397,tree,100.0
TREE_11781,37.51068935,127.0724016,tree,100.0
TREE_11782,37.53215148,127.0854551,tree,100.0
TREE_11783,37.491426798,127.095760026,tree,100.0
TREE_11784,37.49726879,127.1193927,tree,100.0
TREE_11785,37.52686847,127.1222094,tree,100.0
TREE_11786,37.49177051,127.0935862,tree,100.0
TREE_11787,37.495212216,127.084018224,tree,100.0
TREE_11788,37.49533257,127.1164524,tree,100.0
TREE_11789,37.53368306,127.1110806,tree,100.0
TREE_11790,37.49753403,127.1197402,tree,100.0
TREE_11791,37.52650542,127.1225598,tree,100.0
TREE_11792,37.49127698,127.103118182,tree,100.0
TREE_11793,37.50395058,127.1254472,tree,100.0
TREE_11794,37.5264219,127.1226413,tree,100.0
TREE_11795,37.49813012,127.1204825,tree,100.0
TREE_11796,37.53469784,127.0928447,tree,100.0
TREE_11797,37.52638908,127.1226846,tree,100.0
TREE_11798,37.52748306,127.1216093,tree,100.0
TREE_11799,37.49198863,127.0924722,tree,100.0
TREE_11800,37.53392117,127.110393,tree,100.0
TREE_11801,37.49115091,127.101030717,tree,100.0
TREE_11802,37.498949668,127.078838158,tree,100.0
TREE_11803,37.51044033,127.0724187,tree,100.0
TREE_11804,37.52648989,127.1225957,tree,100.0
TREE_11805,37.51849008,127.0729579,tree,100.0
TREE_11806,37.49581501,127.1173009,tree,100.0
TREE_11807,37.4973642,127.1195504,tree,100.0
TREE_11808,37.53404885,127.109992,tree,100.0
TREE_11809,37.52612182,127.1229386,tree,100.0
TREE_11810,37.491428086,127.095584976,tree,100.0
TREE_11811,37.495084842,127.084201412,tree,100.0
TREE_11812,37.491141384,127.100920245,tree,100.0
TREE_11813,37.491260953,127.103147758,tree,100.0
TREE_11814,37.49793236,127.1202739,tree,100.0
TREE_11815,37.4966789,127.1186243,tree,100.0
TREE_11816,37.493883128,127.086638003,tree,100.0
TREE_11817,37.49188639,127.0928826,tree,100.0
TREE_11818,37.495199358,127.083983583,tree,100.0
TREE_11819,37.50372411,127.1253433,tree,100.0
TREE_11820,37.49804823,127.1204221,tree,100.0
TREE_11821,37.49798349,127.1203441,tree,100.0
TREE_11822,37.52682694,127.122296,tree,100.0
TREE_11823,37.491385875,127.095836945,tree,100.0
TREE_11824,37.51052375,127.0723852,tree,100.0
TREE_11825,37.5269655,127.1221647,tree,100.0
TREE_11826,37.5264147,127.1226936,tree,100.0
TREE_11827,37.52651909,127.1225995,tree,100.0
TREE_11828,37.49123605,127.103011251,tree,100.0
TREE_11829,37.49123605,127.1030113,tree,100.0
TREE_11830,37.51241083,127.1280778,tree,100.0
TREE_11831,37.49759224,127.1198772,tree,100.0
TREE_11832,37.49725099,127.1194396,tree,100.0
TREE_11833,37.493754213,127.086896768,tree,100.0
TREE_11834,37.52917919,127.1196797,tree,100.0
TREE_11835,37.491243664,127.103175747,tree,100.0
TREE_11836,37.49765925,127.1199707,tree,100.0
TREE_11837,37.50390544,127.0747839,tree,100.0
TREE_11838,37.52899349,127.1199247,tree,100.0
TREE_11839,37.52644272,127.1226855,tree,100.0
TREE_11840,37.52635741,127.1227646,tree,100.0
TREE_11841,37.53475003,127.0929046,tree,100.0
TREE_11842,37.49577595,127.1172975,tree,100.0
TREE_11843,37.52679309,127.1223568,tree,100.0
TREE_11844,37.495190049,127.083954034,tree,100.0
TREE_11845,37.49731775,127.119543,tree,100.0
TREE_11846,37.491361021,127.095891893,tree,100.0
TREE_11847,37.49662354,127.1185932,tree,100.0
TREE_11848,37.5111433,127.1279845,tree,100.0
TREE_11849,37.49187877,127.0927964,tree,100.0
TREE_11850,37.53369429,127.1112081,tree,100.0
TREE_11851,37.5185012,127.0729154,tree,100.0
TREE_11852,37.51103941,127.072282,tree,100.0
TREE_11853,37.51115515,127.0722643,tree,100.0
TREE_11854,37.526114,127.1230022,tree,100.0
TREE_11855,37.52740894,127.121758,tree,100.0
TREE_11856,37.49197021,127.0923577,tree,100.0
TREE_11857,37.52693484,127.1222372,tree,100.0
TREE_11858,37.499194323,127.078509512,tree,100.0
TREE_11859,37.49122902,127.103207931,tree,100.0
TREE_11860,37.51089406,127.0722941,tree,100.0
TREE_11861,37.53374037,127.1111014,tree,100.0
TREE_11862,37.49769247,127.1200466,tree,100.0
TREE_11863,37.50798929,127.1273186,tree,100.0
TREE_11864,37.52642897,127.1227243,tree,100.0
TREE_11865,37.49110207,127.101057472,tree,100.0
TREE_11866,37.52753077,127.1216429,tree,100.0
TREE_11867,37.53396857,127.1104161,tree,100.0
TREE_11868,37.5340895,127.11002,tree,100.0
TREE_11869,37.49518079,127.083930723,tree,100.0
TREE_11870,37.5267669,127.1224145,tree,100.0
TREE_11871,37.49527518,127.1164984,tree,100.0
TREE_11872,37.49658427,127.1185755,tree,100.0
TREE_11873,37.5104284,127.0723519,tree,100.0
TREE_11874,37.52639018,127.1227714,tree,100.0
TREE_11875,37.491746,127.0933416,tree,100.0
TREE_11876,37.49773839,127.1201198,tree,100.0
TREE_11877,37.52636274,127.1228006,tree,100.0
TREE_11878,37.491357587,127.09572605,tree,100.0
TREE_11879,37.491327397,127.095965155,tree,100.0
TREE_11880,37.49120248,127.1030813,tree,100.0
TREE_11881,37.491202483,127.103081334,tree,100.0
TREE_11882,37.49574022,127.1172962,tree,100.0
TREE_11883,37.51067151,127.0723055,tree,100.0
TREE_11884,37.498928743,127.078757703,tree,100.0
TREE_11885,37.51244384,127.1281319,tree,100.0
TREE_11886,37.53222044,127.0854042,tree,100.0
TREE_11887,37.491211912,127.103239523,tree,100.0
TREE_11888,37.51816777,127.0727801,tree,100.0
TREE_11889,37.50389702,127.1255274,tree,100.0
TREE_11890,37.52690205,127.1223133,tree,100.0
TREE_11891,37.51851288,127.0728736,tree,100.0
TREE_11892,37.53480512,127.0929665,tree,100.0
TREE_11893,37.52611097,127.1230508,tree,100.0
TREE_11894,37.49186156,127.0927073,tree,100.0
TREE_11895,37.50368239,127.1254033,tree,100.0
TREE_11896,37.49727415,127.1195593,tree,100.0
TREE_11897,37.51051267,127.0723139,tree,100.0
TREE_11898,37.50813307,127.1273971,tree,100.0
TREE_11899,37.493786678,127.086687748,tree,100.0
TREE_11900,37.52675134,127.1224675,tree,100.0
TREE_11901,37.52922799,127.1197102,tree,100.0
TREE_11902,37.51115324,127.0722183,tree,100.0
TREE_11903,37.493693567,127.086891977,tree,100.0
TREE_11904,37.51842937,127.0728359,tree,100.0
TREE_11905,37.52640147,127.1228036,tree,100.0
TREE_11906,37.491065998,127.100951754,tree,100.0
TREE_11907,37.49173334,127.0932639,tree,100.0
TREE_11908,37.49722388,127.119511,tree,100.0
TREE_11909,37.52744739,127.1217845,tree,100.0
TREE_11910,37.491193895,127.103269758,tree,100.0
TREE_11911,37.52637581,127.122832,tree,100.0
TREE_11912,37.52904877,127.1199539,tree,100.0
TREE_11913,37.49194844,127.0922532,tree,100.0
TREE_11914,37.49784208,127.1203051,tree,100.0
TREE_11915,37.49653077,127.1185669,tree,100.0
TREE_11916,37.52687796,127.1223701,tree,100.0
TREE_11917,37.49525569,127.1165472,tree,100.0
TREE_11918,37.52609901,127.123095,tree,100.0
TREE_11919,37.4978766,127.1203642,tree,100.0
TREE_11920,37.495159407,127.083864301,tree,100.0
TREE_11921,37.53375422,127.1112338,tree,100.0
TREE_11922,37.534043917,127.089910033,tree,100.0
TREE_11923,37.51248164,127.1281812,tree,100.0
TREE_11924,37.52672163,127.1225346,tree,100.0
TREE_11925,37.49184833,127.0926284,tree,100.0
TREE_11926,37.491179839,127.103295617,tree,100.0
TREE_11927,37.53379313,127.1111261,tree,100.0
TREE_11928,37.51843942,127.0728118,tree,100.0
TREE_11929,37.533991481,127.089734882,tree,100.0
TREE_11930,37.50796115,127.1273825,tree,100.0
TREE_11931,37.534009695,127.089788546,tree,100.0
TREE_11932,37.534027918,127.089845039,tree,100.0
TREE_11933,37.51118127,127.1280767,tree,100.0
TREE_11934,37.53401822,127.1104413,tree,100.0
TREE_11935,37.533954975,127.089604919,tree,100.0
TREE_11936,37.49503998,127.084059376,tree,100.0
TREE_11937,37.49172405,127.0931819,tree,100.0
TREE_11938,37.51852567,127.072829,tree,100.0
TREE_11939,37.533929893,127.089520168,tree,100.0
TREE_11940,37.53485695,127.0930262,tree,100.0
TREE_11941,37.53454005,127.0916388,tree,100.0
TREE_11942,37.49561011,127.1171883,tree,100.0
TREE_11943,37.49793624,127.1204574,tree,100.0
TREE_11944,37.49823237,127.120808,tree,100.0
TREE_11945,37.52685058,127.1224295,tree,100.0
TREE_11946,37.50362956,127.0748267,tree,100.0
TREE_11947,37.533909308,127.089432562,tree,100.0
TREE_11948,37.491163514,127.103321486,tree,100.0
TREE_11949,37.50811223,127.1274508,tree,100.0
TREE_11950,37.51066192,127.0722307,tree,100.0
TREE_11951,37.52748338,127.1218098,tree,100.0
TREE_11952,37.52609121,127.1231458,tree,100.0
TREE_11953,37.53497273,127.0935314,tree,100.0
TREE_11954,37.51114631,127.0721593,tree,100.0
TREE_11955,37.51844156,127.0727821,tree,100.0
TREE_11956,37.493714816,127.086721695,tree,100.0
TREE_11957,37.49193118,127.0921486,tree,100.0
TREE_11958,37.51101529,127.0721742,tree,100.0
TREE_11959,37.533793039,127.08904554,tree,100.0
TREE_11960,37.498902296,127.078677242,tree,100.0
TREE_11961,37.52927849,127.1197392,tree,100.0
TREE_11962,37.49564514,127.1172883,tree,100.0
TREE_11963,37.52682142,127.1224899,tree,100.0
TREE_11964,37.51252107,127.1282243,tree,100.0
TREE_11965,37.50387091,127.0746556,tree,100.0
TREE_11966,37.49183224,127.0925379,tree,100.0
TREE_11967,37.493603411,127.086951226,tree,100.0
TREE_11968,37.49828963,127.1209176,tree,100.0
TREE_11969,37.49171024,127.0931,tree,100.0
TREE_11970,37.50363604,127.1254671,tree,100.0
TREE_11971,37.50385372,127.1255976,tree,100.0
TREE_11972,37.534100398,127.089952168,tree,100.0
TREE_11973,37.5263453,127.1229472,tree,100.0
TREE_11974,37.533735967,127.088833631,tree,100.0
TREE_11975,37.491145008,127.103364618,tree,100.0
TREE_11976,37.495138324,127.083800203,tree,100.0
TREE_11977,37.52666393,127.1226603,tree,100.0
TREE_11978,37.52607566,127.1231982,tree,100.0
TREE_11979,37.533685842,127.088675447,tree,100.0
TREE_11980,37.49645011,127.1185627,tree,100.0
TREE_11981,37.53491118,127.093091,tree,100.0
TREE_11982,37.491120845,127.103201845,tree,100.0
TREE_11983,37.52679731,127.1225443,tree,100.0
TREE_11984,37.533635716,127.088517264,tree,100.0
TREE_11985,37.49555653,127.1171909,tree,100.0
TREE_11986,37.51844932,127.0727467,tree,100.0
TREE_11987,37.53501673,127.0935931,tree,100.0
TREE_11988,37.50364619,127.0747595,tree,100.0
TREE_11989,37.495017551,127.083985939,tree,100.0
TREE_11990,37.491128683,127.103390487,tree,100.0
TREE_11991,37.51068157,127.0721771,tree,100.0
TREE_11992,37.51086494,127.0721502,tree,100.0
TREE_11993,37.49170318,127.0930121,tree,100.0
TREE_11994,37.53381402,127.1112613,tree,100.0
TREE_11995,37.50793345,127.1274519,tree,100.0
TREE_11996,37.49182069,127.0924546,tree,100.0
TREE_11997,37.51256464,127.1282659,tree,100.0
TREE_11998,37.52664045,127.1227131,tree,100.0
TREE_11999,37.53407635,127.1104714,tree,100.0
TREE_12000,37.49191279,127.0920455,tree,100.0
TREE_12001,37.49832002,127.121008,tree,100.0
TREE_12002,37.51114009,127.0721034,tree,100.0
TREE_12003,37.51064812,127.0721703,tree,100.0
TREE_12004,37.5260595,127.123258,tree,100.0
TREE_12005,37.49793063,127.1205667,tree,100.0
TREE_12006,37.53466501,127.0918518,tree,100.0
TREE_12007,37.52932678,127.1197698,tree,100.0
TREE_12008,37.52677012,127.1226163,tree,100.0
TREE_12009,37.491110554,127.103424527,tree,100.0
TREE_12010,37.53387001,127.1111581,tree,100.0
TREE_12011,37.490969432,127.101117386,tree,100.0
TREE_12012,37.51845144,127.0727099,tree,100.0
TREE_12013,37.491162002,127.096300488,tree,100.0
TREE_12014,37.493541448,127.086973359,tree,100.0
TREE_12015,37.50385065,127.0745954,tree,100.0
TREE_12016,37.4971804,127.119645,tree,100.0
TREE_12017,37.50360828,127.1255188,tree,100.0
TREE_12018,37.51048987,127.0721725,tree,100.0
TREE_12019,37.495119765,127.083740247,tree,100.0
TREE_12020,37.52661344,127.122778,tree,100.0
TREE_12021,37.52915026,127.1200151,tree,100.0
TREE_12022,37.533585245,127.088260046,tree,100.0
TREE_12023,37.53496766,127.0931552,tree,100.0
TREE_12024,37.51261042,127.128302,tree,100.0
TREE_12025,37.491176334,127.096098205,tree,100.0
TREE_12026,37.491086158,127.103274732,tree,100.0
TREE_12027,37.49558347,127.1173151,tree,100.0
TREE_12028,37.493616477,127.086768273,tree,100.0
TREE_12029,37.498879165,127.078592624,tree,100.0
TREE_12030,37.49551291,127.1172031,tree,100.0
TREE_12031,37.49712011,127.1195812,tree,100.0
TREE_12032,37.5036574,127.0746961,tree,100.0
TREE_12033,37.52766985,127.1217397,tree,100.0
TREE_12034,37.491095262,127.103442598,tree,100.0
TREE_12035,37.51112806,127.0720673,tree,100.0
TREE_12036,37.49180461,127.0923655,tree,100.0
TREE_12037,37.53507593,127.0936519,tree,100.0
TREE_12038,37.49113568,127.096366429,tree,100.0
TREE_12039,37.49638206,127.1185733,tree,100.0
TREE_12040,37.52674122,127.1226823,tree,100.0
TREE_12041,37.52604275,127.1233194,tree,100.0
TREE_12042,37.49189109,127.0919593,tree,100.0
TREE_12043,37.494994481,127.083911693,tree,100.0
TREE_12044,37.50790904,127.1275079,tree,100.0
TREE_12045,37.49114725,127.096159871,tree,100.0
TREE_12046,37.51845524,127.0726703,tree,100.0
TREE_12047,37.50380157,127.125674,tree,100.0
TREE_12048,37.534172407,127.089923477,tree,100.0
TREE_12049,37.49843119,127.1212163,tree,100.0
TREE_12050,37.491077486,127.103477665,tree,100.0
TREE_12051,37.51276604,127.1283438,tree,100.0
TREE_12052,37.49348976,127.086993875,tree,100.0
TREE_12053,37.491109358,127.096432371,tree,100.0
TREE_12054,37.53390933,127.1111756,tree,100.0
TREE_12055,37.53413054,127.1105037,tree,100.0
TREE_12056,37.53387733,127.1112836,tree,100.0
TREE_12057,37.52918537,127.1200372,tree,100.0
TREE_12058,37.533669033,127.088378429,tree,100.0
TREE_12059,37.495102026,127.083685214,tree,100.0
TREE_12060,37.53223646,127.0850405,tree,100.0
TREE_12061,37.511119,127.0720293,tree,100.0
TREE_12062,37.52758515,127.1218822,tree,100.0
TREE_12063,37.50367442,127.074638,tree,100.0
TREE_12064,37.52937623,127.1197978,tree,100.0
TREE_12065,37.52671071,127.1227539,tree,100.0
TREE_12066,37.49178743,127.0922864,tree,100.0
TREE_12067,37.491049247,127.103336395,tree,100.0
TREE_12068,37.52603257,127.1233695,tree,100.0
TREE_12069,37.52655826,127.1228989,tree,100.0
TREE_12070,37.53520209,127.0941645,tree,100.0
TREE_12071,37.490917546,127.101137752,tree,100.0
TREE_12072,37.495537,127.1173276,tree,100.0
TREE_12073,37.5321404,127.0848346,tree,100.0
TREE_12074,37.50383894,127.0745303,tree,100.0
TREE_12075,37.53473165,127.0918703,tree,100.0
TREE_12076,37.53512623,127.0937112,tree,100.0
TREE_12077,37.491058551,127.103500053,tree,100.0
TREE_12078,37.49491882,127.1162757,tree,100.0
TREE_12079,37.50378557,127.1257017,tree,100.0
TREE_12080,37.53206314,127.0846702,tree,100.0
TREE_12081,37.5112341,127.1282591,tree,100.0
TREE_12082,37.49847654,127.1213121,tree,100.0
TREE_12083,37.499119258,127.078255337,tree,100.0
TREE_12084,37.5128178,127.1283793,tree,100.0
TREE_12085,37.53200322,127.0845411,tree,100.0
TREE_12086,37.491072809,127.09651296,tree,100.0
TREE_12087,37.49544639,127.1172079,tree,100.0
TREE_12088,37.52601405,127.1234136,tree,100.0
TREE_12089,37.49186933,127.0918562,tree,100.0
TREE_12090,37.53196556,127.0844599,tree,100.0
TREE_12091,37.52653667,127.1229507,tree,100.0
TREE_12092,37.53193564,127.0843965,tree,100.0
TREE_12093,37.50356151,127.1255868,tree,100.0
TREE_12094,37.51111032,127.0719971,tree,100.0
TREE_12095,37.53394289,127.1111886,tree,100.0
TREE_12096,37.53190194,127.0843265,tree,100.0
TREE_12097,37.491041443,127.103531645,tree,100.0
TREE_12098,37.51275212,127.1283936,tree,100.0
TREE_12099,37.51084362,127.0720277,tree,100.0
TREE_12100,37.52667406,127.1228311,tree,100.0
TREE_12101,37.49856082,127.1214337,tree,100.0
TREE_12102,37.51047924,127.0720797,tree,100.0
TREE_12103,37.494971894,127.083842089,tree,100.0
TREE_12104,37.49177365,127.0922101,tree,100.0
TREE_12105,37.50368808,127.0745827,tree,100.0
TREE_12106,37.49631022,127.1185831,tree,100.0
TREE_12107,37.491079027,127.096307295,tree,100.0
TREE_12108,37.49825855,127.1211005,tree,100.0
TREE_12109,37.493423567,127.087030993,tree,100.0
TREE_12110,37.50102676,127.1237955,tree,100.0
TREE_12111,37.50119088,127.12393,tree,100.0
TREE_12112,37.53186574,127.0842426,tree,100.0
TREE_12113,37.51846232,127.0726009,tree,100.0
TREE_12114,37.53429266,127.1101265,tree,100.0
TREE_12115,37.53516409,127.0937548,tree,100.0
TREE_12116,37.498850519,127.078498293,tree,100.0
TREE_12117,37.51286621,127.1284116,tree,100.0
TREE_12118,37.50121544,127.1239586,tree,100.0
TREE_12119,37.52599552,127.1234607,tree,100.0
TREE_12120,37.52922751,127.1200634,tree,100.0
TREE_12121,37.53183829,127.0841778,tree,100.0
TREE_12122,37.491042114,127.096573397,tree,100.0
TREE_12123,37.50131756,127.1240431,tree,100.0
TREE_12124,37.50787676,127.1275814,tree,100.0
TREE_12125,37.52651112,127.1230066,tree,100.0
TREE_12126,37.495080135,127.083617506,tree,100.0
TREE_12127,37.498608,127.1215108,tree,100.0
TREE_12128,37.50090529,127.1237116,tree,100.0
TREE_12129,37.53180731,127.0841082,tree,100.0
TREE_12130,37.49102523,127.103558472,tree,100.0
TREE_12131,37.534235432,127.089903325,tree,100.0
TREE_12132,37.52942367,127.119827,tree,100.0
TREE_12133,37.493515838,127.086771432,tree,100.0
TREE_12134,37.491008973,127.103412079,tree,100.0
TREE_12135,37.52763356,127.1219167,tree,100.0
TREE_12136,37.50136698,127.1240946,tree,100.0
TREE_12137,37.49803775,127.1208766,tree,100.0
TREE_12138,37.51280104,127.1284269,tree,100.0
TREE_12139,37.490864644,127.10104615,tree,100.0
TREE_12140,37.50142379,127.124146,tree,100.0
TREE_12141,37.53478639,127.0918868,tree,100.0
TREE_12142,37.50081703,127.123654,tree,100.0
TREE_12143,37.5339347,127.1113121,tree,100.0
TREE_12144,37.50145778,127.1241785,tree,100.0
TREE_12145,37.53419036,127.1105359,tree,100.0
TREE_12146,37.49176211,127.0921296,tree,100.0
TREE_12147,37.490859552,127.101165772,tree,100.0
TREE_12148,37.49833343,127.1212341,tree,100.0
TREE_12149,37.51291507,127.1284423,tree,100.0
TREE_12150,37.52597461,127.1235146,tree,100.0
TREE_12151,37.49184645,127.0917573,tree,100.0
TREE_12152,37.491007547,127.103584027,tree,100.0
TREE_12153,37.50068328,127.1235558,tree,100.0
TREE_12154,37.50070987,127.1235783,tree,100.0
TREE_12155,37.52648619,127.1230647,tree,100.0
TREE_12156,37.533688761,127.088219862,tree,100.0
TREE_12157,37.50151916,127.1242398,tree,100.0
TREE_12158,37.53475392,127.0916977,tree,100.0
TREE_12159,37.49864648,127.121592,tree,100.0
TREE_12160,37.495069338,127.083582544,tree,100.0
TREE_12161,37.50158258,127.124295,tree,100.0
TREE_12162,37.52925921,127.120083,tree,100.0
TREE_12163,37.53527146,127.0941411,tree,100.0
TREE_12164,37.51284799,127.1284577,tree,100.0
TREE_12165,37.50056747,127.1234723,tree,100.0
TREE_12166,37.533747802,127.0883497,tree,100.0
TREE_12167,37.5112464,127.1283456,tree,100.0
TREE_12168,37.50164474,127.1243523,tree,100.0
TREE_12169,37.49615909,127.1184484,tree,100.0
TREE_12170,37.51845986,127.0725443,tree,100.0
TREE_12171,37.499094625,127.078172531,tree,100.0
TREE_12172,37.490993465,127.096663566,tree,100.0
TREE_12173,37.53525413,127.0940004,tree,100.0
TREE_12174,37.49870145,127.1216743,tree,100.0
TREE_12175,37.53170434,127.0838395,tree,100.0
TREE_12176,37.50373484,127.1257742,tree,100.0
TREE_12177,37.51828277,127.0724888,tree,100.0
TREE_12178,37.49485351,127.1163243,tree,100.0
TREE_12179,37.49523192,127.116991,tree,100.0
TREE_12180,37.51049101,127.0720062,tree,100.0
TREE_12181,37.52595369,127.1235677,tree,100.0
TREE_12182,37.490975419,127.103466734,tree,100.0
TREE_12183,37.51296453,127.1284733,tree,100.0
TREE_12184,37.5004973,127.1234264,tree,100.0
TREE_12185,37.490987845,127.10360217,tree,100.0
TREE_12186,37.49837876,127.1213299,tree,100.0
TREE_12187,37.52645847,127.1231244,tree,100.0
TREE_12188,37.53167965,127.0837842,tree,100.0
TREE_12189,37.495060853,127.083557293,tree,100.0
TREE_12190,37.50785526,127.1276328,tree,100.0
TREE_12191,37.49544152,127.1173472,tree,100.0
TREE_12192,37.49518833,127.1169244,tree,100.0
TREE_12193,37.50169511,127.1244073,tree,100.0
TREE_12194,37.53514509,127.0933629,tree,100.0
TREE_12195,37.4952599,127.1170479,tree,100.0
TREE_12196,37.50176482,127.1244617,tree,100.0
TREE_12197,37.52778844,127.1218207,tree,100.0
TREE_12198,37.50044223,127.1233848,tree,100.0
TREE_12199,37.494943693,127.083755737,tree,100.0
TREE_12200,37.52946518,127.1198518,tree,100.0
TREE_12201,37.53400497,127.1112201,tree,100.0
TREE_12202,37.50351606,127.1256583,tree,100.0
TREE_12203,37.50039691,127.1233516,tree,100.0
TREE_12204,37.53527876,127.0940614,tree,100.0
TREE_12205,37.5265867,127.1230191,tree,100.0
TREE_12206,37.53525674,127.0939213,tree,100.0
TREE_12207,37.49528189,127.1171017,tree,100.0
TREE_12208,37.50035223,127.1233174,tree,100.0
TREE_12209,37.52768128,127.1219477,tree,100.0
TREE_12210,37.53165094,127.0837091,tree,100.0
TREE_12211,37.50181046,127.1245096,tree,100.0
TREE_12212,37.49183038,127.0916725,tree,100.0
TREE_12213,37.51289642,127.1284904,tree,100.0
TREE_12214,37.50033571,127.123308,tree,100.0
TREE_12215,37.490965695,127.096714844,tree,100.0
TREE_12216,37.50383619,127.074395,tree,100.0
TREE_12217,37.49842155,127.1214063,tree,100.0
TREE_12218,37.50186082,127.1245544,tree,100.0
TREE_12219,37.49882297,127.078415058,tree,100.0
TREE_12220,37.49173362,127.0920381,tree,100.0
TREE_12221,37.5265672,127.1230563,tree,100.0
TREE_12222,37.51300741,127.1285028,tree,100.0
TREE_12223,37.52643616,127.1231782,tree,100.0
TREE_12224,37.5259298,127.123623,tree,100.0
TREE_12225,37.490968474,127.10363326,tree,100.0
TREE_12226,37.53162451,127.083636,tree,100.0
TREE_12227,37.49783292,127.1207413,tree,100.0
TREE_12228,37.49874741,127.121775,tree,100.0
TREE_12229,37.495050544,127.083521311,tree,100.0
TREE_12230,37.493311082,127.087083948,tree,100.0
TREE_12231,37.50024807,127.1232492,tree,100.0
TREE_12232,37.50191134,127.1246065,tree,100.0
TREE_12233,37.50371824,127.0744486,tree,100.0
TREE_12234,37.534300681,127.089874671,tree,100.0
TREE_12235,37.53518204,127.0934088,tree,100.0
TREE_12236,37.51829162,127.0724449,tree,100.0
TREE_12237,37.53399393,127.1113411,tree,100.0
TREE_12238,37.53227434,127.084823,tree,100.0
TREE_12239,37.50799931,127.1277211,tree,100.0
TREE_12240,37.49697902,127.1196844,tree,100.0
TREE_12241,37.50020417,127.1232213,tree,100.0
TREE_12242,37.50195383,127.1246497,tree,100.0
TREE_12243,37.490937907,127.096789946,tree,100.0
TREE_12244,37.53218797,127.0846475,tree,100.0
TREE_12245,37.50201362,127.1246984,tree,100.0
TREE_12246,37.49610904,127.118467,tree,100.0
TREE_12247,37.53425132,127.1105724,tree,100.0
TREE_12248,37.53221815,127.0847027,tree,100.0
TREE_12249,37.52782103,127.1218451,tree,100.0
TREE_12250,37.5184664,127.0724849,tree,100.0
TREE_12251,37.490952528,127.103660167,tree,100.0
TREE_12252,37.53159739,127.0835495,tree,100.0
TREE_12253,37.5265553,127.1231008,tree,100.0
TREE_12254,37.490787583,127.101083324,tree,100.0
TREE_12255,37.49876711,127.1218278,tree,100.0
TREE_12256,37.5259065,127.1236776,tree,100.0
TREE_12257,37.490932927,127.103524181,tree,100.0
TREE_12258,37.5264059,127.1232442,tree,100.0
TREE_12259,37.49181321,127.0915934,tree,100.0
TREE_12260,37.5011495,127.1240488,tree,100.0
TREE_12261,37.53208133,127.084417,tree,100.0
TREE_12262,37.50370242,127.1258287,tree,100.0
TREE_12263,37.50205974,127.1247481,tree,100.0
TREE_12264,37.53205172,127.0843576,tree,100.0
TREE_12265,37.5326048,127.0854566,tree,100.0
TREE_12266,37.494923828,127.083690369,tree,100.0
TREE_12267,37.49795062,127.1209243,tree,100.0
TREE_12268,37.50007956,127.1231327,tree,100.0
TREE_12269,37.495037942,127.08348926,tree,100.0
TREE_12270,37.51306548,127.1285411,tree,100.0
TREE_12271,37.53157931,127.0834922,tree,100.0
TREE_12272,37.50085222,127.1238121,tree,100.0
TREE_12273,37.51824133,127.0724027,tree,100.0
TREE_12274,37.50348333,127.1257049,tree,100.0
TREE_12275,37.52951119,127.1198819,tree,100.0
TREE_12276,37.51050178,127.0719332,tree,100.0
TREE_12277,37.49091305,127.096848559,tree,100.0
TREE_12278,37.49850999,127.1215679,tree,100.0
TREE_12279,37.53200304,127.0842517,tree,100.0
TREE_12280,37.5021197,127.1248042,tree,100.0
TREE_12281,37.49171307,127.091959,tree,100.0
TREE_12282,37.53488905,127.0919178,tree,100.0
TREE_12283,37.52653584,127.1231439,tree,100.0
TREE_12284,37.49879398,127.1218808,tree,100.0
TREE_12285,37.53484429,127.0917235,tree,100.0
TREE_12286,37.490934785,127.103691956,tree,100.0
TREE_12287,37.5007911,127.1237737,tree,100.0
TREE_12288,37.51125203,127.1284365,tree,100.0
TREE_12289,37.53197112,127.0841787,tree,100.0
TREE_12290,37.50067802,127.1236794,tree,100.0
TREE_12291,37.50384187,127.0743268,tree,100.0
TREE_12292,37.51299211,127.1285539,tree,100.0
TREE_12293,37.50124152,127.1241445,tree,100.0
TREE_12294,37.5277299,127.1219831,tree,100.0
TREE_12295,37.52552858,127.1240234,tree,100.0
TREE_12296,37.49999869,127.1230851,tree,100.0
TREE_12297,37.5013041,127.1242015,tree,100.0
TREE_12298,37.50218233,127.1248632,tree,100.0
TREE_12299,37.53193665,127.084102,tree,100.0
TREE_12300,37.50073254,127.1237354,tree,100.0
TREE_12301,37.52637809,127.1233031,tree,100.0
TREE_12302,37.52587782,127.1237389,tree,100.0
TREE_12303,37.53523287,127.0934655,tree,100.0
TREE_12304,37.53155357,127.0834073,tree,100.0
TREE_12305,37.51310477,127.1285672,tree,100.0
TREE_12306,37.493355091,127.086850384,tree,100.0
TREE_12307,37.49479579,127.1163881,tree,100.0
TREE_12308,37.49993921,127.123041,tree,100.0
TREE_12309,37.51829931,127.0723904,tree,100.0
TREE_12310,37.495027885,127.083453931,tree,100.0
TREE_12311,37.50135877,127.1242589,tree,100.0
TREE_12312,37.53191931,127.0840478,tree,100.0
TREE_12313,37.490883797,127.096929157,tree,100.0
TREE_12314,37.49886422,127.1219878,tree,100.0
TREE_12315,37.50140035,127.1242965,tree,100.0
TREE_12316,37.50229013,127.1249583,tree,100.0
TREE_12317,37.53378778,127.088182532,tree,100.0
TREE_12318,37.498799835,127.078335987,tree,100.0
TREE_12319,37.50797428,127.1277753,tree,100.0
TREE_12320,37.50146646,127.1243509,tree,100.0
TREE_12321,37.490915243,127.103713638,tree,100.0
TREE_12322,37.493229762,127.087125796,tree,100.0
TREE_12323,37.50058668,127.1236333,tree,100.0
TREE_12324,37.49179154,127.0915172,tree,100.0
TREE_12325,37.534356956,127.089857385,tree,100.0
TREE_12326,37.50050469,127.1235674,tree,100.0
TREE_12327,37.5130397,127.1285854,tree,100.0
TREE_12328,37.51846844,127.0724241,tree,100.0
TREE_12329,37.50105485,127.1240341,tree,100.0
TREE_12330,37.50044208,127.1235159,tree,100.0
TREE_12331,37.490894896,127.10359005,tree,100.0
TREE_12332,37.5078089,127.1277347,tree,100.0
TREE_12333,37.527871,127.1218785,tree,100.0
TREE_12334,37.5315354,127.083333,tree,100.0
TREE_12335,37.50235103,127.1250178,tree,100.0
TREE_12336,37.52585691,127.1237927,tree,100.0
TREE_12337,37.52936502,127.1201394,tree,100.0
TREE_12338,37.490861847,127.097002434,tree,100.0
TREE_12339,37.533849074,127.088312358,tree,100.0
TREE_12340,37.50153688,127.1244251,tree,100.0
TREE_12341,37.52635144,127.1233675,tree,100.0
TREE_12342,37.52549716,127.1240957,tree,100.0
TREE_12343,37.53405204,127.1113734,tree,100.0
TREE_12344,37.495017599,127.083425443,tree,100.0
TREE_12345,37.5015557,127.1244423,tree,100.0
TREE_12346,37.49893308,127.1220919,tree,100.0
TREE_12347,37.50241068,127.1250694,tree,100.0
TREE_12348,37.52955495,127.119906,tree,100.0
TREE_12349,37.49857819,127.1217157,tree,100.0
TREE_12350,37.490877725,127.096748134,tree,100.0
TREE_12351,37.51315768,127.1286039,tree,100.0
TREE_12352,37.49980359,127.1229563,tree,100.0
TREE_12353,37.50159991,127.1244812,tree,100.0
TREE_12354,37.53430777,127.1106075,tree,100.0
TREE_12355,37.494900754,127.083620158,tree,100.0
TREE_12356,37.50037096,127.123474,tree,100.0
TREE_12357,37.50085844,127.1238924,tree,100.0
TREE_12358,37.4916913,127.091853,tree,100.0
TREE_12359,37.49698711,127.1198205,tree,100.0
TREE_12360,37.50344951,127.1257539,tree,100.0
TREE_12361,37.490730344,127.101217962,tree,100.0
TREE_12362,37.490896853,127.103743538,tree,100.0
TREE_12363,37.51051383,127.0718676,tree,100.0
TREE_12364,37.50374333,127.0743258,tree,100.0
TREE_12365,37.490842817,127.097073882,tree,100.0
TREE_12366,37.53180777,127.0837812,tree,100.0
TREE_12367,37.50243413,127.1250973,tree,100.0
TREE_12368,37.493414146,127.086618185,tree,100.0
TREE_12369,37.50031517,127.1234334,tree,100.0
TREE_12370,37.49901141,127.1221897,tree,100.0
TREE_12371,37.49975057,127.1229188,tree,100.0
TREE_12372,37.53528727,127.0935315,tree,100.0
TREE_12373,37.50385043,127.0742569,tree,100.0
TREE_12374,37.50166371,127.1245429,tree,100.0
TREE_12375,37.52548115,127.1241299,tree,100.0
TREE_12376,37.51308586,127.1286186,tree,100.0
TREE_12377,37.53151769,127.0832572,tree,100.0
TREE_12378,37.52777647,127.1220158,tree,100.0
TREE_12379,37.490716714,127.101118344,tree,100.0
TREE_12380,37.490825244,127.097148998,tree,100.0
TREE_12381,37.493263917,127.086951683,tree,100.0
TREE_12382,37.51216471,127.1285892,tree,100.0
TREE_12383,37.53177905,127.0837046,tree,100.0
TREE_12384,37.49863307,127.1218062,tree,100.0
TREE_12385,37.51825456,127.0723227,tree,100.0
TREE_12386,37.51222151,127.1285942,tree,100.0
TREE_12387,37.52632715,127.1234258,tree,100.0
TREE_12388,37.50365427,127.1258999,tree,100.0
TREE_12389,37.513197,127.1286289,tree,100.0
TREE_12390,37.5017421,127.1246177,tree,100.0
TREE_12391,37.53496156,127.0919444,tree,100.0
TREE_12392,37.50022488,127.1233745,tree,100.0
TREE_12393,37.49177547,127.0914324,tree,100.0
TREE_12394,37.51211245,127.1285922,tree,100.0
TREE_12395,37.51227285,127.128602,tree,100.0
TREE_12396,37.49968905,127.1228808,tree,100.0
TREE_12397,37.50249645,127.1251621,tree,100.0
TREE_12398,37.490809087,127.097275429,tree,100.0
TREE_12399,37.52646537,127.1233084,tree,100.0
TREE_12400,37.49690707,127.1197526,tree,100.0
TREE_12401,37.52939527,127.1201591,tree,100.0
TREE_12402,37.490877481,127.103769544,tree,100.0
TREE_12403,37.49610413,127.1186323,tree,100.0
TREE_12404,37.490798807,127.097354218,tree,100.0
TREE_12405,37.50254539,127.1252017,tree,100.0
TREE_12406,37.53491944,127.0917456,tree,100.0
TREE_12407,37.51206451,127.1285953,tree,100.0
TREE_12408,37.49965082,127.1228531,tree,100.0
TREE_12409,37.51231525,127.1286126,tree,100.0
TREE_12410,37.4991337,127.1223466,tree,100.0
TREE_12411,37.51846824,127.0723703,tree,100.0
TREE_12412,37.50180435,127.124677,tree,100.0
TREE_12413,37.53175523,127.0836329,tree,100.0
TREE_12414,37.52546234,127.1241758,tree,100.0
TREE_12415,37.490787066,127.097434839,tree,100.0
TREE_12416,37.493157895,127.087166073,tree,100.0
TREE_12417,37.49909493,127.1223135,tree,100.0
TREE_12418,37.53149717,127.0831766,tree,100.0
TREE_12419,37.50257309,127.1252322,tree,100.0
TREE_12420,37.51830354,127.072314,tree,100.0
TREE_12421,37.5001561,127.1233353,tree,100.0
TREE_12422,37.50259653,127.1252499,tree,100.0
TREE_12423,37.5008689,127.1239524,tree,100.0
TREE_12424,37.493348515,127.086694263,tree,100.0
TREE_12425,37.49069734,127.101239753,tree,100.0
TREE_12426,37.49953123,127.1227557,tree,100.0
TREE_12427,37.4995819,127.1228051,tree,100.0
TREE_12428,37.50012714,127.1233124,tree,100.0
TREE_12429,37.490772386,127.09753928,tree,100.0
TREE_12430,37.51313777,127.1286522,tree,100.0
TREE_12431,37.50009115,127.1232811,tree,100.0
TREE_12432,37.51201419,127.1286077,tree,100.0
TREE_12433,37.51235684,127.1286291,tree,100.0
TREE_12434,37.49921554,127.1224481,tree,100.0
TREE_12435,37.53172953,127.0835656,tree,100.0
TREE_12436,37.49942909,127.122661,tree,100.0
TREE_12437,37.49949,127.1227205,tree,100.0
TREE_12438,37.52630483,127.1234806,tree,100.0
TREE_12439,37.50097433,127.1240469,tree,100.0
TREE_12440,37.51124848,127.1285388,tree,100.0
TREE_12441,37.4947396,127.1164398,tree,100.0
TREE_12442,37.49871252,127.121933,tree,100.0
TREE_12443,37.49935402,127.1225904,tree,100.0
TREE_12444,37.49939872,127.1226349,tree,100.0
TREE_12445,37.494997484,127.083357797,tree,100.0
TREE_12446,37.5018993,127.1247702,tree,100.0
TREE_12447,37.52580254,127.1239176,tree,100.0
TREE_12448,37.51826007,127.0722888,tree,100.0
TREE_12449,37.53446434,127.110253,tree,100.0
TREE_12450,37.534413201,127.08983161,tree,100.0
TREE_12451,37.5296006,127.1199337,tree,100.0
TREE_12452,37.490858721,127.103799187,tree,100.0
TREE_12453,37.50386606,127.0741954,tree,100.0
TREE_12454,37.53533807,127.0935919,tree,100.0
TREE_12455,37.498773392,127.078248592,tree,100.0
TREE_12456,37.494878199,127.083551402,tree,100.0
TREE_12457,37.52544087,127.1242244,tree,100.0
TREE_12458,37.4999604,127.1231829,tree,100.0
TREE_12459,37.50196727,127.1248315,tree,100.0
TREE_12460,37.49175944,127.0913591,tree,100.0
TREE_12461,37.51240977,127.1286526,tree,100.0
TREE_12462,37.53148312,127.0831056,tree,100.0
TREE_12463,37.53170478,127.0834854,tree,100.0
TREE_12464,37.50363001,127.1259404,tree,100.0
TREE_12465,37.49875601,127.1220069,tree,100.0
TREE_12466,37.50271079,127.1253618,tree,100.0
TREE_12467,37.53411127,127.1114045,tree,100.0
TREE_12468,37.490802705,127.096885695,tree,100.0
TREE_12469,37.53414978,127.1112954,tree,100.0
TREE_12470,37.52782288,127.1220466,tree,100.0
TREE_12471,37.493387412,127.086535803,tree,100.0
TREE_12472,37.49785234,127.1210072,tree,100.0
TREE_12473,37.51318376,127.1286865,tree,100.0
TREE_12474,37.49165815,127.0917171,tree,100.0
TREE_12475,37.50274431,127.1253926,tree,100.0
TREE_12476,37.52627422,127.1235455,tree,100.0
TREE_12477,37.53436536,127.1106482,tree,100.0
TREE_12478,37.494987709,127.083327025,tree,100.0
TREE_12479,37.53270644,127.0853796,tree,100.0
TREE_12480,37.50278144,127.1254196,tree,100.0
TREE_12481,37.49083984,127.10382211,tree,100.0
TREE_12482,37.49878345,127.1220522,tree,100.0
TREE_12483,37.52640849,127.1234333,tree,100.0
TREE_12484,37.51329507,127.1286942,tree,100.0
TREE_12485,37.50087657,127.1240121,tree,100.0
TREE_12486,37.51830562,127.0722666,tree,100.0
TREE_12487,37.50209916,127.1249555,tree,100.0
TREE_12488,37.52541884,127.1242745,tree,100.0
TREE_12489,37.51052628,127.0717779,tree,100.0
TREE_12490,37.52944273,127.1201861,tree,100.0
TREE_12491,37.52577088,127.1239894,tree,100.0
TREE_12492,37.53168485,127.0834139,tree,100.0
TREE_12493,37.49989078,127.1231539,tree,100.0
TREE_12494,37.51847365,127.0723095,tree,100.0
TREE_12495,37.493097088,127.087194552,tree,100.0
TREE_12496,37.533880029,127.08814241,tree,100.0
TREE_12497,37.51245822,127.1286825,tree,100.0
TREE_12498,37.5314671,127.08303,tree,100.0
TREE_12499,37.50282378,127.1254656,tree,100.0
TREE_12500,37.490777041,127.096957948,tree,100.0
TREE_12501,37.49493447,127.1168722,tree,100.0
TREE_12502,37.50215587,127.1250112,tree,100.0
TREE_12503,37.50286635,127.1254959,tree,100.0
TREE_12504,37.50387955,127.0741373,tree,100.0
TREE_12505,37.51322644,127.1287099,tree,100.0
TREE_12506,37.5182627,127.0722385,tree,100.0
TREE_12507,37.49769772,127.1208584,tree,100.0
TREE_12508,37.52625372,127.1235929,tree,100.0
TREE_12509,37.494978413,127.083296611,tree,100.0
TREE_12510,37.5316606,127.0833399,tree,100.0
TREE_12511,37.49164668,127.0916595,tree,100.0
TREE_12512,37.53539248,127.0936512,tree,100.0
TREE_12513,37.490820521,127.103854199,tree,100.0
TREE_12514,37.50222168,127.1250728,tree,100.0
TREE_12515,37.52964582,127.1199596,tree,100.0
TREE_12516,37.490754279,127.09705705,tree,100.0
TREE_12517,37.49173664,127.09128,tree,100.0
TREE_12518,37.49968344,127.1229943,tree,100.0
TREE_12519,37.52574937,127.124041,tree,100.0
TREE_12520,37.52539181,127.1243322,tree,100.0
TREE_12521,37.51249209,127.1287096,tree,100.0
TREE_12522,37.5121921,127.1286945,tree,100.0
TREE_12523,37.5122413,127.128698,tree,100.0
TREE_12524,37.5029099,127.1255498,tree,100.0
TREE_12525,37.5029705,127.1255908,tree,100.0
TREE_12526,37.49888996,127.1222161,tree,100.0
TREE_12527,37.49965823,127.1229792,tree,100.0
TREE_12528,37.494855769,127.083477964,tree,100.0
TREE_12529,37.49468947,127.1164838,tree,100.0
TREE_12530,37.51228912,127.1287062,tree,100.0
TREE_12531,37.49973787,127.1230579,tree,100.0
TREE_12532,37.490626622,127.101152837,tree,100.0
TREE_12533,37.52622447,127.12365,tree,100.0
TREE_12534,37.51831053,127.0722234,tree,100.0
TREE_12535,37.490731611,127.097183018,tree,100.0
TREE_12536,37.5023038,127.1251514,tree,100.0
TREE_12537,37.534471699,127.089805823,tree,100.0
TREE_12538,37.493133426,127.087018798,tree,100.0
TREE_12539,37.50092596,127.1241074,tree,100.0
TREE_12540,37.49963303,127.122964,tree,100.0
TREE_12541,37.51214348,127.1287041,tree,100.0
TREE_12542,37.534194,127.1113205,tree,100.0
TREE_12543,37.494968005,127.083268442,tree,100.0
TREE_12544,37.51327571,127.1287436,tree,100.0
TREE_12545,37.53145601,127.0829459,tree,100.0
TREE_12546,37.490802635,127.103876196,tree,100.0
TREE_12547,37.51234263,127.1287185,tree,100.0
TREE_12548,37.490720585,127.097253777,tree,100.0
TREE_12549,37.52947982,127.1202111,tree,100.0
TREE_12550,37.49960286,127.1229475,tree,100.0
TREE_12551,37.50300708,127.1256343,tree,100.0
TREE_12552,37.490709622,127.097342918,tree,100.0
TREE_12553,37.50390032,127.0740773,tree,100.0
TREE_12554,37.5023822,127.1252228,tree,100.0
TREE_12555,37.52572429,127.1240948,tree,100.0
TREE_12556,37.49874789,127.078160931,tree,100.0
TREE_12557,37.52635276,127.1235599,tree,100.0
TREE_12558,37.49688851,127.1199065,tree,100.0
TREE_12559,37.490698064,127.097422871,tree,100.0
TREE_12560,37.493033418,127.087228507,tree,100.0
TREE_12561,37.53416753,127.1114374,tree,100.0
TREE_12562,37.51209603,127.1287185,tree,100.0
TREE_12563,37.51338992,127.1287591,tree,100.0
TREE_12564,37.51239114,127.1287364,tree,100.0
TREE_12565,37.50359797,127.1260132,tree,100.0
TREE_12566,37.49896903,127.1223349,tree,100.0
TREE_12567,37.50378332,127.0741331,tree,100.0
TREE_12568,37.53263476,127.0850895,tree,100.0
TREE_12569,37.490685426,127.097518384,tree,100.0
TREE_12570,37.493303476,127.086559245,tree,100.0
TREE_12571,37.49781192,127.1210666,tree,100.0
TREE_12572,37.51053645,127.0717059,tree,100.0
TREE_12573,37.52799849,127.1219697,tree,100.0
TREE_12574,37.49172172,127.0912037,tree,100.0
TREE_12575,37.5339796,127.088263537,tree,100.0
TREE_12576,37.494958901,127.083240929,tree,100.0
TREE_12577,37.53442295,127.1106861,tree,100.0
TREE_12578,37.53276184,127.0853436,tree,100.0
TREE_12579,37.52535939,127.1244083,tree,100.0
TREE_12580,37.5261999,127.1237121,tree,100.0
TREE_12581,37.490784154,127.10390489,tree,100.0
TREE_12582,37.50308476,127.1257077,tree,100.0
TREE_12583,37.49681604,127.1198329,tree,100.0
TREE_12584,37.51332274,127.1287753,tree,100.0
TREE_12585,37.51205113,127.1287317,tree,100.0
TREE_12586,37.50245065,127.1252951,tree,100.0
TREE_12587,37.53144142,127.0828662,tree,100.0
TREE_12588,37.490671101,127.097581737,tree,100.0
TREE_12589,37.51244001,127.1287575,tree,100.0
TREE_12590,37.49947288,127.1228573,tree,100.0
TREE_12591,37.52570696,127.1241382,tree,100.0
TREE_12592,37.50333697,127.1258769,tree,100.0
TREE_12593,37.51831093,127.0721774,tree,100.0
TREE_12594,37.49903423,127.1224363,tree,100.0
TREE_12595,37.52969674,127.1199921,tree,100.0
TREE_12596,37.490643149,127.097816257,tree,100.0
TREE_12597,37.490769894,127.103925484,tree,100.0
TREE_12598,37.5134403,127.1287917,tree,100.0
TREE_12599,37.49912099,127.1225277,tree,100.0
TREE_12600,37.50392599,127.074019,tree,100.0
TREE_12601,37.50250922,127.1253538,tree,100.0
TREE_12602,37.49907051,127.1224787,tree,100.0
TREE_12603,37.49928987,127.1226986,tree,100.0
TREE_12604,37.494833334,127.0834134,tree,100.0
TREE_12605,37.50317324,127.1257904,tree,100.0
TREE_12606,37.49464846,127.1165187,tree,100.0
TREE_12607,37.51200419,127.1287536,tree,100.0
TREE_12608,37.52533571,127.1244656,tree,100.0
TREE_12609,37.49932298,127.1227427,tree,100.0
TREE_12610,37.52631155,127.1236539,tree,100.0
TREE_12611,37.49924691,127.1226704,tree,100.0
TREE_12612,37.50379596,127.0740793,tree,100.0
TREE_12613,37.51094615,127.0716065,tree,100.0
TREE_12614,37.49161122,127.0915041,tree,100.0
TREE_12615,37.490571582,127.101180624,tree,100.0
TREE_12616,37.51336949,127.1288085,tree,100.0
TREE_12617,37.53143173,127.082795,tree,100.0
TREE_12618,37.50322827,127.1258412,tree,100.0
TREE_12619,37.49899316,127.077834823,tree,100.0
TREE_12620,37.51251675,127.1287944,tree,100.0
TREE_12621,37.490755342,127.103950445,tree,100.0
TREE_12622,37.51043965,127.0716736,tree,100.0
TREE_12623,37.531597565,127.083067439,tree,100.0
TREE_12624,37.534527954,127.089782877,tree,100.0
TREE_12625,37.50325326,127.1258622,tree,100.0
TREE_12626,37.49170114,127.0911161,tree,100.0
TREE_12627,37.53549879,127.0937764,tree,100.0
TREE_12628,37.52792564,127.1221192,tree,100.0
TREE_12629,37.533972297,127.088107947,tree,100.0
TREE_12630,37.492960291,127.087267199,tree,100.0
TREE_12631,37.51831135,127.0721378,tree,100.0
TREE_12632,37.51264481,127.1288122,tree,100.0
TREE_12633,37.490561008,127.101298319,tree,100.0
TREE_12634,37.51348875,127.1288249,tree,100.0
TREE_12635,37.53425447,127.1113532,tree,100.0
TREE_12636,37.52804485,127.1220026,tree,100.0
TREE_12637,37.494936232,127.083173415,tree,100.0
TREE_12638,37.50395515,127.0739596,tree,100.0
TREE_12639,37.50080036,127.1241131,tree,100.0
TREE_12640,37.52614796,127.1238324,tree,100.0
TREE_12641,37.51196577,127.1287838,tree,100.0
TREE_12642,37.52566275,127.1242399,tree,100.0
TREE_12643,37.52530697,127.1245278,tree,100.0
TREE_12644,37.50269716,127.1255298,tree,100.0
TREE_12645,37.52627887,127.1237261,tree,100.0
TREE_12646,37.4907355,127.103965412,tree,100.0
TREE_12647,37.49760973,127.1209324,tree,100.0
TREE_12648,37.51256672,127.1288263,tree,100.0
TREE_12649,37.50360459,127.1261099,tree,100.0
TREE_12650,37.5344794,127.1107198,tree,100.0
TREE_12651,37.49485114,127.1169656,tree,100.0
TREE_12652,37.50273793,127.12557,tree,100.0
TREE_12653,37.53423315,127.1114764,tree,100.0
TREE_12654,37.534042605,127.088237724,tree,100.0
TREE_12655,37.493268306,127.086464332,tree,100.0
TREE_12656,37.498721454,127.078065216,tree,100.0
TREE_12657,37.4977537,127.1211169,tree,100.0
TREE_12658,37.50381818,127.0740151,tree,100.0
TREE_12659,37.51848211,127.0721552,tree,100.0
TREE_12660,37.49168738,127.0910471,tree,100.0
TREE_12661,37.53269993,127.0850446,tree,100.0
TREE_12662,37.494927388,127.083145247,tree,100.0
TREE_12663,37.51353479,127.1288566,tree,100.0
TREE_12664,37.53512041,127.0918212,tree,100.0
TREE_12665,37.50279212,127.1256174,tree,100.0
TREE_12666,37.51831347,127.072101,tree,100.0
TREE_12667,37.51827568,127.0720885,tree,100.0
TREE_12668,37.490583258,127.097887652,tree,100.0
TREE_12669,37.52613106,127.1238851,tree,100.0
TREE_12670,37.50770842,127.1279846,tree,100.0
TREE_12671,37.50085442,127.1241985,tree,100.0
TREE_12672,37.52975218,127.1200277,tree,100.0
TREE_12673,37.49159054,127.0913883,tree,100.0
TREE_12674,37.50398801,127.0739019,tree,100.0
TREE_12675,37.53517791,127.0920278,tree,100.0
TREE_12676,37.490585434,127.097765664,tree,100.0
TREE_12677,37.490715859,127.103999185,tree,100.0
TREE_12678,37.492985541,127.087093102,tree,100.0
TREE_12679,37.50263879,127.1255307,tree,100.0
TREE_12680,37.51346767,127.1288725,tree,100.0
TREE_12681,37.51273914,127.1288656,tree,100.0
TREE_12682,37.50284154,127.1256673,tree,100.0
TREE_12683,37.52527873,127.1245955,tree,100.0
TREE_12684,37.52796538,127.1221488,tree,100.0
TREE_12685,37.493307758,127.086314225,tree,100.0
TREE_12686,37.51192474,127.1288245,tree,100.0
TREE_12687,37.534577479,127.089768458,tree,100.0
TREE_12688,37.490516435,127.101200714,tree,100.0
TREE_12689,37.52624625,127.1238017,tree,100.0
TREE_12690,37.51093891,127.0715324,tree,100.0
TREE_12691,37.494918283,127.083118061,tree,100.0
TREE_12692,37.490515226,127.101316138,tree,100.0
TREE_12693,37.492890134,127.087301965,tree,100.0
TREE_12694,37.51358249,127.1288857,tree,100.0
TREE_12695,37.52610045,127.1239473,tree,100.0
TREE_12696,37.490696373,127.104021885,tree,100.0
TREE_12697,37.5280959,127.1220363,tree,100.0
TREE_12698,37.498968112,127.07774993,tree,100.0
TREE_12699,37.50384967,127.0739484,tree,100.0
TREE_12700,37.490551115,127.097933425,tree,100.0
TREE_12701,37.50401827,127.0738465,tree,100.0
TREE_12702,37.52560182,127.1243745,tree,100.0
TREE_12703,37.51351654,127.1289056,tree,100.0
TREE_12704,37.50295596,127.1257779,tree,100.0
TREE_12705,37.52525257,127.124656,tree,100.0
TREE_12706,37.50259054,127.1255418,tree,100.0
TREE_12707,37.49167011,127.0909397,tree,100.0
TREE_12708,37.51848189,127.0720958,tree,100.0
TREE_12709,37.52621405,127.1238717,tree,100.0
TREE_12710,37.49770908,127.1211506,tree,100.0
TREE_12711,37.51279525,127.128907,tree,100.0
TREE_12712,37.51362632,127.1289134,tree,100.0
TREE_12713,37.51188601,127.1288608,tree,100.0
TREE_12714,37.5260748,127.124006,tree,100.0
TREE_12715,37.53155351,127.0828074,tree,100.0
TREE_12716,37.50360971,127.1262016,tree,100.0
TREE_12717,37.503025,127.1258426,tree,100.0
TREE_12718,37.490675881,127.10405524,tree,100.0
TREE_12719,37.49671049,127.1199162,tree,100.0
TREE_12720,37.51116933,127.1288014,tree,100.0
TREE_12721,37.490531015,127.097831706,tree,100.0
TREE_12722,37.53453924,127.1107577,tree,100.0
TREE_12723,37.493234664,127.086366948,tree,100.0
TREE_12724,37.53432912,127.1114047,tree,100.0
TREE_12725,37.51831433,127.072026,tree,100.0
TREE_12726,37.49156033,127.0912858,tree,100.0
TREE_12727,37.534110136,127.088217545,tree,100.0
TREE_12728,37.490472564,127.101220036,tree,100.0
TREE_12729,37.492918724,127.087121513,tree,100.0
TREE_12730,37.5038806,127.0738881,tree,100.0
TREE_12731,37.52557076,127.1244373,tree,100.0
TREE_12732,37.50249957,127.1255126,tree,100.0
TREE_12733,37.50404237,127.0737928,tree,100.0
TREE_12734,37.52801567,127.1221793,tree,100.0
TREE_12735,37.494897687,127.083054791,tree,100.0
TREE_12736,37.51356257,127.1289383,tree,100.0
TREE_12737,37.53466529,127.1103736,tree,100.0
TREE_12738,37.534064576,127.088076314,tree,100.0
TREE_12739,37.51283319,127.128938,tree,100.0
TREE_12740,37.52618214,127.1239389,tree,100.0
TREE_12741,37.493282575,127.086230182,tree,100.0
TREE_12742,37.52522544,127.1247198,tree,100.0
TREE_12743,37.49575941,127.118597,tree,100.0
TREE_12744,37.50784135,127.1281107,tree,100.0
TREE_12745,37.50309266,127.12591,tree,100.0
TREE_12746,37.492822685,127.087332749,tree,100.0
TREE_12747,37.53525218,127.0920609,tree,100.0
TREE_12748,37.50370166,127.1262813,tree,100.0
TREE_12749,37.5260469,127.1240615,tree,100.0
TREE_12750,37.51367726,127.1289476,tree,100.0
TREE_12751,37.490504372,127.097986511,tree,100.0
TREE_12752,37.490655704,127.104071992,tree,100.0
TREE_12753,37.53430789,127.1115267,tree,100.0
TREE_12754,37.53276937,127.0849994,tree,100.0
TREE_12755,37.50373533,127.1263084,tree,100.0
TREE_12756,37.51092681,127.0714583,tree,100.0
TREE_12757,37.49583749,127.1187296,tree,100.0
TREE_12758,37.490457911,127.101344205,tree,100.0
TREE_12759,37.52814227,127.122068,tree,100.0
TREE_12760,37.53289598,127.0852535,tree,100.0
TREE_12761,37.50766825,127.1280686,tree,100.0
TREE_12762,37.51185614,127.1289016,tree,100.0
TREE_12763,37.53521577,127.0918606,tree,100.0
TREE_12764,37.53154186,127.082725,tree,100.0
TREE_12765,37.50314788,127.1259623,tree,100.0
TREE_12766,37.49488806,127.083028259,tree,100.0
TREE_12767,37.51360535,127.1289645,tree,100.0
TREE_12768,37.50391345,127.0738348,tree,100.0
TREE_12769,37.4975232,127.1210023,tree,100.0
TREE_12770,37.51276958,127.1289591,tree,100.0
TREE_12771,37.50377323,127.1263436,tree,100.0
TREE_12772,37.50407911,127.0737388,tree,100.0
TREE_12773,37.490495115,127.097877147,tree,100.0
TREE_12774,37.51288024,127.1289682,tree,100.0
TREE_12775,37.52554328,127.1245031,tree,100.0
TREE_12776,37.49164272,127.090838,tree,100.0
TREE_12777,37.534649438,127.089725619,tree,100.0
TREE_12778,37.52519847,127.1247779,tree,100.0
TREE_12779,37.51831697,127.0719786,tree,100.0
TREE_12780,37.490637171,127.104106496,tree,100.0
TREE_12781,37.494881297,127.083006642,tree,100.0
TREE_12782,37.51848499,127.072018,tree,100.0
TREE_12783,37.498942148,127.077657438,tree,100.0
TREE_12784,37.51372523,127.1289839,tree,100.0
TREE_12785,37.50381006,127.1263907,tree,100.0
TREE_12786,37.492851903,127.087155465,tree,100.0
TREE_12787,37.51281413,127.1289887,tree,100.0
TREE_12788,37.498676278,127.077920944,tree,100.0
TREE_12789,37.51181991,127.1289377,tree,100.0
TREE_12790,37.51292598,127.1289971,tree,100.0
TREE_12791,37.51365898,127.1289998,tree,100.0
TREE_12792,37.5261347,127.124051,tree,100.0
TREE_12793,37.52806216,127.1222143,tree,100.0
TREE_12794,37.4947577,127.083186625,tree,100.0
TREE_12795,37.50411361,127.0736814,tree,100.0
TREE_12796,37.494873231,127.082985679,tree,100.0
TREE_12797,37.50394096,127.0737767,tree,100.0
TREE_12798,37.50320773,127.1260468,tree,100.0
TREE_12799,37.490413952,127.101234566,tree,100.0
TREE_12800,37.51114848,127.1288793,tree,100.0
TREE_12801,37.52966556,127.1203447,tree,100.0
TREE_12802,37.53434563,127.111554,tree,100.0
TREE_12803,37.49045617,127.098039594,tree,100.0
TREE_12804,37.490615618,127.104127699,tree,100.0
TREE_12805,37.493257249,127.086150457,tree,100.0
TREE_12806,37.52517413,127.1248355,tree,100.0
TREE_12807,37.49570442,127.118616,tree,100.0
TREE_12808,37.492751451,127.08736907,tree,100.0
TREE_12809,37.52550982,127.1245764,tree,100.0
TREE_12810,37.50069322,127.1242462,tree,100.0
TREE_12811,37.49764114,127.121215,tree,100.0
TREE_12812,37.49578374,127.1187474,tree,100.0
TREE_12813,37.53439186,127.1114437,tree,100.0
TREE_12814,37.51377109,127.1290151,tree,100.0
TREE_12815,37.5281899,127.1220996,tree,100.0
TREE_12816,37.53460417,127.1108019,tree,100.0
TREE_12817,37.53532132,127.0920931,tree,100.0
TREE_12818,37.51832244,127.0719341,tree,100.0
TREE_12819,37.53472626,127.1104129,tree,100.0
TREE_12820,37.51111696,127.1288944,tree,100.0
TREE_12821,37.490446315,127.097939624,tree,100.0
TREE_12822,37.53527971,127.0918895,tree,100.0
TREE_12823,37.50392752,127.1265017,tree,100.0
TREE_12824,37.49162321,127.0907363,tree,100.0
TREE_12825,37.52597907,127.1242203,tree,100.0
TREE_12826,37.534186632,127.088183169,tree,100.0
TREE_12827,37.51297042,127.1290339,tree,100.0
TREE_12828,37.51370939,127.1290339,tree,100.0
TREE_12829,37.490597615,127.104159288,tree,100.0
TREE_12830,37.52610534,127.1241185,tree,100.0
TREE_12831,37.494862263,127.082947635,tree,100.0
TREE_12832,37.50396907,127.073724,tree,100.0
TREE_12833,37.4903928,127.10136966,tree,100.0
TREE_12834,37.50414656,127.073624,tree,100.0
TREE_12835,37.51090966,127.0713754,tree,100.0
TREE_12836,37.50763557,127.1281438,tree,100.0
TREE_12837,37.50780477,127.1281989,tree,100.0
TREE_12838,37.52514644,127.1248948,tree,100.0
TREE_12839,37.51178474,127.1289826,tree,100.0
TREE_12840,37.52547996,127.1246392,tree,100.0
TREE_12841,37.534147841,127.08804473,tree,100.0
TREE_12842,37.492790757,127.087183883,tree,100.0
TREE_12843,37.53139595,127.0823416,tree,100.0
TREE_12844,37.51382246,127.1290478,tree,100.0
TREE_12845,37.50074854,127.1243364,tree,100.0
TREE_12846,37.50400121,127.1265681,tree,100.0
TREE_12847,37.51290651,127.129052,tree,100.0
TREE_12848,37.51111447,127.1289265,tree,100.0
TREE_12849,37.52595324,127.1242717,tree,100.0
TREE_12850,37.4966896,127.1200853,tree,100.0
TREE_12851,37.493185519,127.08620415,tree,100.0
TREE_12852,37.50345794,127.1262652,tree,100.0
TREE_12853,37.50418311,127.0735765,tree,100.0
TREE_12854,37.51301867,127.1290639,tree,100.0
TREE_12855,37.51848583,127.0719374,tree,100.0
TREE_12856,37.53285167,127.0849544,tree,100.0
TREE_12857,37.490407976,127.098083514,tree,100.0
TREE_12858,37.490576266,127.104181953,tree,100.0
TREE_12859,37.52811117,127.1222478,tree,100.0
TREE_12860,37.494851051,127.082915169,tree,100.0
TREE_12861,37.493232619,127.08608313,tree,100.0
TREE_12862,37.51375848,127.129067,tree,100.0
TREE_12863,37.49565528,127.1186379,tree,100.0
TREE_12864,37.52971112,127.1203812,tree,100.0
TREE_12865,37.5040326,127.1266087,tree,100.0
TREE_12866,37.51832507,127.0718817,tree,100.0
TREE_12867,37.498914547,127.07757456,tree,100.0
TREE_12868,37.49745153,127.1210687,tree,100.0
TREE_12869,37.50400285,127.0736608,tree,100.0
TREE_12870,37.50319463,127.1261211,tree,100.0
TREE_12871,37.51294885,127.1290781,tree,100.0
TREE_12872,37.52823699,127.1221309,tree,100.0
TREE_12873,37.52511544,127.1249647,tree,100.0
TREE_12874,37.52545665,127.1247027,tree,100.0
TREE_12875,37.49864873,127.077834936,tree,100.0
TREE_12876,37.52606676,127.1242077,tree,100.0
TREE_12877,37.51387325,127.1290804,tree,100.0
TREE_12878,37.51109105,127.1289549,tree,100.0
TREE_12879,37.490392941,127.09798233,tree,100.0
TREE_12880,37.51175244,127.1290266,tree,100.0
TREE_12881,37.49149686,127.091017,tree,100.0
TREE_12882,37.50409919,127.1266674,tree,100.0
TREE_12883,37.49571924,127.1187688,tree,100.0
TREE_12884,37.494842208,127.082886018,tree,100.0
TREE_12885,37.490556884,127.104213447,tree,100.0
TREE_12886,37.49159583,127.0906389,tree,100.0
TREE_12887,37.53539239,127.0921294,tree,100.0
TREE_12888,37.534743961,127.089691145,tree,100.0
TREE_12889,37.53444868,127.1114828,tree,100.0
TREE_12890,37.50421549,127.0735192,tree,100.0
TREE_12891,37.51380483,127.1290983,tree,100.0
TREE_12892,37.52591369,127.1243579,tree,100.0
TREE_12893,37.50414992,127.1267094,tree,100.0
TREE_12894,37.50403479,127.0736117,tree,100.0
TREE_12895,37.51109532,127.1289746,tree,100.0
TREE_12896,37.490337853,127.101401516,tree,100.0
TREE_12897,37.53535674,127.0919257,tree,100.0
TREE_12898,37.52509268,127.1250168,tree,100.0
TREE_12899,37.49483336,127.082863417,tree,100.0
TREE_12900,37.51165863,127.1290443,tree,100.0
TREE_12901,37.51089086,127.0712968,tree,100.0
TREE_12902,37.490324617,127.101278796,tree,100.0
TREE_12903,37.51392091,127.1291132,tree,100.0
TREE_12904,37.52542201,127.1247738,tree,100.0
TREE_12905,37.50417211,127.1267383,tree,100.0
TREE_12906,37.5006366,127.1243286,tree,100.0
TREE_12907,37.51848899,127.0718765,tree,100.0
TREE_12908,37.490535148,127.104234657,tree,100.0
TREE_12909,37.52602485,127.1242927,tree,100.0
TREE_12910,37.5347963,127.1104691,tree,100.0
TREE_12911,37.490353938,127.098134757,tree,100.0
TREE_12912,37.50425419,127.0734666,tree,100.0
TREE_12913,37.492615535,127.087437863,tree,100.0
TREE_12914,37.50418886,127.1267606,tree,100.0
TREE_12915,37.4956055,127.1186617,tree,100.0
TREE_12916,37.52975424,127.1204157,tree,100.0
TREE_12917,37.51385179,127.1291312,tree,100.0
TREE_12918,37.50406452,127.0735617,tree,100.0
TREE_12919,37.50776819,127.128287,tree,100.0
TREE_12920,37.490334105,127.098359696,tree,100.0
TREE_12921,37.52816433,127.1222856,tree,100.0
TREE_12922,37.50422752,127.1267913,tree,100.0
TREE_12923,37.53290341,127.0849091,tree,100.0
TREE_12924,37.49482504,127.08283263,tree,100.0
TREE_12925,37.52588406,127.1244322,tree,100.0
TREE_12926,37.49157751,127.0905527,tree,100.0
TREE_12927,37.52506653,127.1250753,tree,100.0
TREE_12928,37.493152057,127.086106509,tree,100.0
TREE_12929,37.51828194,127.0717943,tree,100.0
TREE_12930,37.49147288,127.0909238,tree,100.0
TREE_12931,37.492678263,127.087240772,tree,100.0
TREE_12932,37.53444657,127.1116198,tree,100.0
TREE_12933,37.51105659,127.1290143,tree,100.0
TREE_12934,37.50069173,127.124411,tree,100.0
TREE_12935,37.490514659,127.104265325,tree,100.0
TREE_12936,37.51396831,127.1291467,tree,100.0
TREE_12937,37.52599993,127.1243495,tree,100.0
TREE_12938,37.50381052,127.1265756,tree,100.0
TREE_12939,37.498889195,127.077489932,tree,100.0
TREE_12940,37.49443532,127.1167721,tree,100.0
TREE_12941,37.52540108,127.1248381,tree,100.0
TREE_12942,37.53470186,127.1108714,tree,100.0
TREE_12943,37.50429576,127.1268512,tree,100.0
TREE_12944,37.53545577,127.0921665,tree,100.0
TREE_12945,37.494816713,127.082810029,tree,100.0
TREE_12946,37.50429228,127.0734066,tree,100.0
TREE_12947,37.5031469,127.1261909,tree,100.0
TREE_12948,37.50410109,127.0735071,tree,100.0
TREE_12949,37.5116039,127.1290922,tree,100.0
TREE_12950,37.51389972,127.1291634,tree,100.0
TREE_12951,37.49754231,127.1213101,tree,100.0
TREE_12952,37.53450161,127.1115153,tree,100.0
TREE_12953,37.53151688,127.0823337,tree,100.0
TREE_12954,37.490323257,127.098032194,tree,100.0
TREE_12955,37.49654193,127.1200558,tree,100.0
TREE_12956,37.494697318,127.082995117,tree,100.0
TREE_12957,37.49738277,127.1211271,tree,100.0
TREE_12958,37.490283932,127.101423155,tree,100.0
TREE_12959,37.51848878,127.0718199,tree,100.0
TREE_12960,37.490494817,127.104287274,tree,100.0
TREE_12961,37.52597744,127.1244011,tree,100.0
TREE_12962,37.492558799,127.08746866,tree,100.0
TREE_12963,37.49565343,127.1188137,tree,100.0
TREE_12964,37.52585055,127.1245088,tree,100.0
TREE_12965,37.5183286,127.0717671,tree,100.0
TREE_12966,37.53542768,127.0919609,tree,100.0
TREE_12967,37.534305921,127.088142898,tree,100.0
TREE_12968,37.52999955,127.1201717,tree,100.0
TREE_12969,37.51401769,127.1291788,tree,100.0
TREE_12970,37.50390658,127.1266655,tree,100.0
TREE_12971,37.51321584,127.1291927,tree,100.0
TREE_12972,37.49156033,127.0904736,tree,100.0
TREE_12973,37.50432886,127.0733576,tree,100.0
TREE_12974,37.5253736,127.1248979,tree,100.0
TREE_12975,37.50757767,127.1282854,tree,100.0
TREE_12976,37.490298071,127.098184246,tree,100.0
TREE_12977,37.51087907,127.071221,tree,100.0
TREE_12978,37.4914512,127.0908461,tree,100.0
TREE_12979,37.5041385,127.0734497,tree,100.0
TREE_12980,37.51394921,127.1291947,tree,100.0
TREE_12981,37.5039475,127.1267068,tree,100.0
TREE_12982,37.53139289,127.0820795,tree,100.0
TREE_12983,37.490474013,127.104317694,tree,100.0
TREE_12984,37.50440915,127.1269643,tree,100.0
TREE_12985,37.52595395,127.1244567,tree,100.0
TREE_12986,37.52501303,127.1251958,tree,100.0
TREE_12987,37.49554346,127.1186931,tree,100.0
TREE_12988,37.52582228,127.1245714,tree,100.0
TREE_12989,37.51326327,127.129223,tree,100.0
TREE_12990,37.51104743,127.1290822,tree,100.0
TREE_12991,37.51828279,127.0717193,tree,100.0
TREE_12992,37.51102976,127.1290822,tree,100.0
TREE_12993,37.50436459,127.0733064,tree,100.0
TREE_12994,37.50065674,127.124464,tree,100.0
TREE_12995,37.514065,127.1292108,tree,100.0
TREE_12996,37.53151013,127.0822369,tree,100.0
TREE_12997,37.53308886,127.0851376,tree,100.0
TREE_12998,37.50399442,127.1267539,tree,100.0
TREE_12999,37.51157509,127.1291499,tree,100.0
TREE_13000,37.52534016,127.1249652,tree,100.0
TREE_13001,37.494793785,127.082741818,tree,100.0
TREE_13002,37.50417213,127.0734014,tree,100.0
TREE_13003,37.53450327,127.1116555,tree,100.0
TREE_13004,37.53296848,127.0848737,tree,100.0
TREE_13005,37.50445293,127.1270089,tree,100.0
TREE_13006,37.5345423,127.1115472,tree,100.0
TREE_13007,37.534847497,127.089656622,tree,100.0
TREE_13008,37.50311327,127.1262455,tree,100.0
TREE_13009,37.5077304,127.1283757,tree,100.0
TREE_13010,37.490233976,127.098927672,tree,100.0
TREE_13011,37.51399413,127.1292265,tree,100.0
TREE_13012,37.50056875,127.1244102,tree,100.0
TREE_13013,37.49656942,127.1201888,tree,100.0
TREE_13014,37.49154201,127.0903903,tree,100.0
TREE_13015,37.51319583,127.1292437,tree,100.0
TREE_13016,37.494674888,127.08292168,tree,100.0
TREE_13017,37.498864022,127.077405655,tree,100.0
TREE_13018,37.49560494,127.1188346,tree,100.0
TREE_13019,37.52592614,127.1245175,tree,100.0
TREE_13020,37.51833402,127.0717077,tree,100.0
TREE_13021,37.534300881,127.087990124,tree,100.0
TREE_13022,37.490245758,127.098436296,tree,100.0
TREE_13023,37.53554539,127.0922628,tree,100.0
TREE_13024,37.52498687,127.1252528,tree,100.0
TREE_13025,37.490254259,127.098222674,tree,100.0
TREE_13026,37.52579682,127.1246283,tree,100.0
TREE_13027,37.490261453,127.0980806,tree,100.0
TREE_13028,37.49733198,127.1211673,tree,100.0
TREE_13029,37.492487567,127.087501814,tree,100.0
TREE_13030,37.50440104,127.0732547,tree,100.0
TREE_13031,37.51331175,127.1292546,tree,100.0
TREE_13032,37.51410714,127.1292382,tree,100.0
TREE_13033,37.50452903,127.1270719,tree,100.0
TREE_13034,37.50399755,127.1267871,tree,100.0
TREE_13035,37.5354918,127.0919919,tree,100.0
TREE_13036,37.49142946,127.0907486,tree,100.0
TREE_13037,37.490219836,127.101449889,tree,100.0
TREE_13038,37.49748225,127.1213602,tree,100.0
TREE_13039,37.50421046,127.0733434,tree,100.0
TREE_13040,37.535570703,127.092299839,tree,100.0
TREE_13041,37.53139848,127.081988,tree,100.0
TREE_13042,37.51404443,127.1292574,tree,100.0
TREE_13043,37.53150759,127.0821602,tree,100.0
TREE_13044,37.490433869,127.104372076,tree,100.0
TREE_13045,37.51154919,127.1291892,tree,100.0
TREE_13046,37.52530372,127.1250437,tree,100.0
TREE_13047,37.51324382,127.1292759,tree,100.0
TREE_13048,37.51086211,127.071144,tree,100.0
TREE_13049,37.5110091,127.1291326,tree,100.0
TREE_13050,37.50443748,127.0732083,tree,100.0
TREE_13051,37.534373403,127.088108571,tree,100.0
TREE_13052,37.52589769,127.124583,tree,100.0
TREE_13053,37.53007424,127.1202094,tree,100.0
TREE_13054,37.52495968,127.1253156,tree,100.0
TREE_13055,37.52576954,127.124691,tree,100.0
TREE_13056,37.51415809,127.1292705,tree,100.0
TREE_13057,37.52827277,127.1223635,tree,100.0
TREE_13058,37.51336551,127.1292902,tree,100.0
TREE_13059,37.492521922,127.087326058,tree,100.0
TREE_13060,37.50457099,127.127133,tree,100.0
TREE_13061,37.493144439,127.085825032,tree,100.0
TREE_13062,37.50424637,127.0732916,tree,100.0
TREE_13063,37.49151697,127.0903154,tree,100.0
TREE_13064,37.490204765,127.098441191,tree,100.0
TREE_13065,37.50054337,127.1244604,tree,100.0
TREE_13066,37.50400578,127.12684,tree,100.0
TREE_13067,37.53607481,127.0949293,tree,100.0
TREE_13068,37.53314291,127.0851054,tree,100.0
TREE_13069,37.51833212,127.0716497,tree,100.0
TREE_13070,37.51328912,127.1293057,tree,100.0
TREE_13071,37.49729751,127.1211998,tree,100.0
TREE_13072,37.50447751,127.0731574,tree,100.0
TREE_13073,37.50460722,127.127167,tree,100.0
TREE_13074,37.4955555,127.1188532,tree,100.0
TREE_13075,37.49141004,127.0906724,tree,100.0
TREE_13076,37.53560133,127.0922968,tree,100.0
TREE_13077,37.53455798,127.1116911,tree,100.0
TREE_13078,37.53480238,127.1109473,tree,100.0
TREE_13079,37.50417075,127.1269412,tree,100.0
TREE_13080,37.52527504,127.125108,tree,100.0
TREE_13081,37.51085102,127.0711111,tree,100.0
TREE_13082,37.52840771,127.1222473,tree,100.0
TREE_13083,37.49465053,127.082849854,tree,100.0
TREE_13084,37.49744462,127.1213858,tree,100.0
TREE_13085,37.490208662,127.098128959,tree,100.0
TREE_13086,37.490200215,127.098281247,tree,100.0
TREE_13087,37.49644998,127.1201346,tree,100.0
TREE_13088,37.52574398,127.124747,tree,100.0
TREE_13089,37.52587311,127.1246436,tree,100.0
TREE_13090,37.52493361,127.1253715,tree,100.0
TREE_13091,37.49545949,127.1187245,tree,100.0
TREE_13092,37.51340565,127.1293186,tree,100.0
TREE_13093,37.53140186,127.081915,tree,100.0
TREE_13094,37.50306675,127.1263118,tree,100.0
TREE_13095,37.492412949,127.087536583,tree,100.0
TREE_13096,37.536055967,127.094665669,tree,100.0
TREE_13097,37.53303624,127.0848372,tree,100.0
TREE_13098,37.51420759,127.1293047,tree,100.0
TREE_13099,37.53151466,127.0820826,tree,100.0
TREE_13100,37.50428266,127.0732384,tree,100.0
TREE_13101,37.53460984,127.1115875,tree,100.0
TREE_13102,37.498841074,127.077322027,tree,100.0
TREE_13103,37.535630511,127.092334885,tree,100.0
TREE_13104,37.4901579,127.098964547,tree,100.0
TREE_13105,37.490389652,127.10442322,tree,100.0
TREE_13106,37.50423002,127.1270004,tree,100.0
TREE_13107,37.490160515,127.101476683,tree,100.0
TREE_13108,37.5045253,127.0730977,tree,100.0
TREE_13109,37.51414005,127.1293217,tree,100.0
TREE_13110,37.53011556,127.1202348,tree,100.0
TREE_13111,37.51097738,127.1291948,tree,100.0
TREE_13112,37.50410148,127.1269402,tree,100.0
TREE_13113,37.50768458,127.1284726,tree,100.0
TREE_13114,37.52584539,127.1247019,tree,100.0
TREE_13115,37.52524995,127.1251701,tree,100.0
TREE_13116,37.49149643,127.090242,tree,100.0
TREE_13117,37.50432067,127.0731962,tree,100.0
TREE_13118,37.51828007,127.0715892,tree,100.0
TREE_13119,37.494752876,127.082615004,tree,100.0
TREE_13120,37.52831871,127.1223927,tree,100.0
TREE_13121,37.51345405,127.1293515,tree,100.0
TREE_13122,37.52490702,127.125432,tree,100.0
TREE_13123,37.49726847,127.1212299,tree,100.0
TREE_13124,37.51833532,127.0716002,tree,100.0
TREE_13125,37.50752103,127.1284291,tree,100.0
TREE_13126,37.492452898,127.087357716,tree,100.0
TREE_13127,37.5115107,127.1292709,tree,100.0
TREE_13128,37.51084985,127.0710631,tree,100.0
TREE_13129,37.51425877,127.1293373,tree,100.0
TREE_13130,37.49550181,127.1188589,tree,100.0
TREE_13131,37.49138159,127.0905905,tree,100.0
TREE_13132,37.50456947,127.0730441,tree,100.0
TREE_13133,37.5284493,127.122277,tree,100.0
TREE_13134,37.494629378,127.082786099,tree,100.0
TREE_13135,37.490153486,127.098317838,tree,100.0
TREE_13136,37.50432732,127.1270935,tree,100.0
TREE_13137,37.49647537,127.1202569,tree,100.0
TREE_13138,37.5343999,127.087952794,tree,100.0
TREE_13139,37.51418808,127.1293554,tree,100.0
TREE_13140,37.53566884,127.0923389,tree,100.0
TREE_13141,37.53151696,127.0820035,tree,100.0
TREE_13142,37.493059824,127.08584322,tree,100.0
TREE_13143,37.50049745,127.1245183,tree,100.0
TREE_13144,37.493109961,127.085726702,tree,100.0
TREE_13145,37.50435559,127.0731415,tree,100.0
TREE_13146,37.50056285,127.1245743,tree,100.0
TREE_13147,37.5258219,127.1247621,tree,100.0
TREE_13148,37.492347389,127.087569744,tree,100.0
TREE_13149,37.51350158,127.1293832,tree,100.0
TREE_13150,37.53140904,127.0818246,tree,100.0
TREE_13151,37.534960007,127.08961073,tree,100.0
TREE_13152,37.490149116,127.098178768,tree,100.0
TREE_13153,37.52488193,127.1254896,tree,100.0
TREE_13154,37.490130539,127.098494077,tree,100.0
TREE_13155,37.50302948,127.1263651,tree,100.0
TREE_13156,37.52568717,127.1248822,tree,100.0
TREE_13157,37.53016109,127.1202516,tree,100.0
TREE_13158,37.53461712,127.1117302,tree,100.0
TREE_13159,37.51849927,127.0716049,tree,100.0
TREE_13160,37.53562155,127.0920664,tree,100.0
TREE_13161,37.50481678,127.1273679,tree,100.0
TREE_13162,37.53616541,127.0950261,tree,100.0
TREE_13163,37.535693732,127.092379816,tree,100.0
TREE_13164,37.53321379,127.0850687,tree,100.0
TREE_13165,37.51833797,127.0715542,tree,100.0
TREE_13166,37.50440467,127.1271618,tree,100.0
TREE_13167,37.49147362,127.0901615,tree,100.0
TREE_13168,37.51159259,127.1293233,tree,100.0
TREE_13169,37.490341165,127.104476073,tree,100.0
TREE_13170,37.5109778,127.1292571,tree,100.0
TREE_13171,37.536121906,127.094659086,tree,100.0
TREE_13172,37.50439163,127.0730913,tree,100.0
TREE_13173,37.534472432,127.08807407,tree,100.0
TREE_13174,37.494732067,127.082548188,tree,100.0
TREE_13175,37.536105062,127.094532406,tree,100.0
TREE_13176,37.51423916,127.1293888,tree,100.0
TREE_13177,37.52836454,127.1224252,tree,100.0
TREE_13178,37.490092546,127.099000645,tree,100.0
TREE_13179,37.490100484,127.101507253,tree,100.0
TREE_13180,37.51083623,127.0710093,tree,100.0
TREE_13181,37.53310132,127.0848001,tree,100.0
TREE_13182,37.5135478,127.1294151,tree,100.0
TREE_13183,37.51094371,127.1292641,tree,100.0
TREE_13184,37.50465316,127.0729475,tree,100.0
TREE_13185,37.50444137,127.1272015,tree,100.0
TREE_13186,37.52565782,127.1249383,tree,100.0
TREE_13187,37.52578741,127.1248352,tree,100.0
TREE_13188,37.50487551,127.1274234,tree,100.0
TREE_13189,37.52809077,127.07753,tree,100.0
TREE_13190,37.492379142,127.087395615,tree,100.0
TREE_13191,37.498811968,127.077231107,tree,100.0
TREE_13192,37.53152058,127.0819353,tree,100.0
TREE_13193,37.498551542,127.077493324,tree,100.0
TREE_13194,37.52849206,127.1223089,tree,100.0
TREE_13195,37.52485137,127.1255601,tree,100.0
TREE_13196,37.51434882,127.1294007,tree,100.0
TREE_13197,37.51147824,127.1293436,tree,100.0
TREE_13198,37.50999754,127.0711205,tree,100.0
TREE_13199,37.50443057,127.0730428,tree,100.0
TREE_13200,37.50748709,127.1285022,tree,100.0
TREE_13201,37.49135418,127.0904832,tree,100.0
TREE_13202,37.51827298,127.0714973,tree,100.0
TREE_13203,37.53141807,127.0817536,tree,100.0
TREE_13204,37.494722275,127.082518197,tree,100.0
TREE_13205,37.492288133,127.087598163,tree,100.0
TREE_13206,37.50468735,127.0729079,tree,100.0
TREE_13207,37.5039633,127.1269679,tree,100.0
TREE_13208,37.50764866,127.1285589,tree,100.0
TREE_13209,37.51427963,127.1294149,tree,100.0
TREE_13210,37.4900753,127.101377765,tree,100.0
TREE_13211,37.50976319,127.0711595,tree,100.0
TREE_13212,37.50491763,127.1274668,tree,100.0
TREE_13213,37.50449937,127.1272568,tree,100.0
TREE_13214,37.50982973,127.0711448,tree,100.0
TREE_13215,37.53020122,127.1202716,tree,100.0
TREE_13216,37.50969307,127.0711683,tree,100.0
TREE_13217,37.50961034,127.0711855,tree,100.0
TREE_13218,37.49445817,127.117301,tree,100.0
TREE_13219,37.53573379,127.0923754,tree,100.0
TREE_13220,37.490096872,127.098222174,tree,100.0
TREE_13221,37.490090705,127.098354408,tree,100.0
TREE_13222,37.51359734,127.1294471,tree,100.0
TREE_13223,37.5108184,127.0709775,tree,100.0
TREE_13224,37.493081115,127.085639004,tree,100.0
TREE_13225,37.52562829,127.1250052,tree,100.0
TREE_13226,37.52575607,127.1249045,tree,100.0
TREE_13227,37.49543383,127.1189029,tree,100.0
TREE_13228,37.49636066,127.120224,tree,100.0
TREE_13229,37.494714387,127.08249635,tree,100.0
TREE_13230,37.52483009,127.1256099,tree,100.0
TREE_13231,37.50928425,127.0712408,tree,100.0
TREE_13232,37.5045477,127.1273024,tree,100.0
TREE_13233,37.50446574,127.0729971,tree,100.0
TREE_13234,37.51439596,127.1294304,tree,100.0
TREE_13235,37.490070863,127.098534627,tree,100.0
TREE_13236,37.50473102,127.0728606,tree,100.0
TREE_13237,37.50497425,127.1275182,tree,100.0
TREE_13238,37.535759216,127.092427565,tree,100.0
TREE_13239,37.50921172,127.0712508,tree,100.0
TREE_13240,37.51353192,127.1294644,tree,100.0
TREE_13241,37.5115688,127.1293848,tree,100.0
TREE_13242,37.53466865,127.1117627,tree,100.0
TREE_13243,37.5356915,127.0921094,tree,100.0
TREE_13244,37.50906987,127.0712771,tree,100.0
TREE_13245,37.490294049,127.104535946,tree,100.0
TREE_13246,37.50914225,127.0712599,tree,100.0
TREE_13247,37.51092634,127.1293181,tree,100.0
TREE_13248,37.53491309,127.1110373,tree,100.0
TREE_13249,37.493021216,127.085732505,tree,100.0
TREE_13250,37.49143278,127.0900825,tree,100.0
TREE_13251,37.5143297,127.1294492,tree,100.0
TREE_13252,37.50298197,127.1264333,tree,100.0
TREE_13253,37.52841361,127.1224591,tree,100.0
TREE_13254,37.50900134,127.071286,tree,100.0
TREE_13255,37.50043891,127.1245882,tree,100.0
TREE_13256,37.50892364,127.0713019,tree,100.0
TREE_13257,37.492314843,127.087427195,tree,100.0
TREE_13258,37.53471883,127.1116611,tree,100.0
TREE_13259,37.50451219,127.0729466,tree,100.0
TREE_13260,37.50458954,127.1273512,tree,100.0
TREE_13261,37.52573412,127.1249578,tree,100.0
TREE_13262,37.534483145,127.087915551,tree,100.0
TREE_13263,37.50885339,127.0713121,tree,100.0
TREE_13264,37.52560607,127.1250599,tree,100.0
TREE_13265,37.53328245,127.0850365,tree,100.0
TREE_13266,37.50477167,127.0728129,tree,100.0
TREE_13267,37.50503918,127.1275756,tree,100.0
TREE_13268,37.53152833,127.0818436,tree,100.0
TREE_13269,37.490040459,127.101531439,tree,100.0
TREE_13270,37.52480183,127.1256704,tree,100.0
TREE_13271,37.50506575,127.127595,tree,100.0
TREE_13272,37.51833817,127.0714559,tree,100.0
TREE_13273,37.53626213,127.0951495,tree,100.0
TREE_13274,37.490025571,127.099036841,tree,100.0
TREE_13275,37.49132572,127.0903999,tree,100.0
TREE_13276,37.49716562,127.1213074,tree,100.0
TREE_13277,37.51357561,127.1294975,tree,100.0
TREE_13278,37.51444792,127.1294653,tree,100.0
TREE_13279,37.53142816,127.0816674,tree,100.0
TREE_13280,37.53316894,127.084775,tree,100.0
TREE_13281,37.490272792,127.104562519,tree,100.0
TREE_13282,37.492220942,127.087629063,tree,100.0
TREE_13283,37.52854464,127.1223502,tree,100.0
TREE_13284,37.53000202,127.1206194,tree,100.0
TREE_13285,37.490043971,127.098396497,tree,100.0
TREE_13286,37.498788053,127.077151129,tree,100.0
TREE_13287,37.493061708,127.085580036,tree,100.0
TREE_13288,37.50481319,127.0727687,tree,100.0
TREE_13289,37.50455185,127.0729001,tree,100.0
TREE_13290,37.51437699,127.1294813,tree,100.0
TREE_13291,37.50857704,127.0713565,tree,100.0
TREE_13292,37.53579616,127.0924159,tree,100.0
TREE_13293,37.50509957,127.1276323,tree,100.0
TREE_13294,37.52570595,127.1250161,tree,100.0
TREE_13295,37.498525101,127.077403156,tree,100.0
TREE_13296,37.51156413,127.129436,tree,100.0
TREE_13297,37.52557951,127.1251202,tree,100.0
TREE_13298,37.518269,127.0714103,tree,100.0
TREE_13299,37.490019591,127.098578609,tree,100.0
TREE_13300,37.51147954,127.1294348,tree,100.0
TREE_13301,37.50485008,127.0727338,tree,100.0
TREE_13302,37.51090284,127.1293693,tree,100.0
TREE_13303,37.50744888,127.1285849,tree,100.0
TREE_13304,37.49637578,127.1203446,tree,100.0
TREE_13305,37.50048848,127.1246889,tree,100.0
TREE_13306,37.490006201,127.101412697,tree,100.0
TREE_13307,37.52477712,127.1257294,tree,100.0
TREE_13308,37.50841352,127.0713814,tree,100.0
TREE_13309,37.51362474,127.1295284,tree,100.0
TREE_13310,37.535072536,127.089570498,tree,100.0
TREE_13311,37.5357552,127.0921493,tree,100.0
TREE_13312,37.535822388,127.092458348,tree,100.0
TREE_13313,37.49025012,127.104588478,tree,100.0
TREE_13314,37.51449379,127.1294966,tree,100.0
TREE_13315,37.50459166,127.0728513,tree,100.0
TREE_13316,37.50472425,127.1274729,tree,100.0
TREE_13317,37.50835625,127.0713891,tree,100.0
TREE_13318,37.53471815,127.1118018,tree,100.0
TREE_13319,37.492253067,127.087455612,tree,100.0
TREE_13320,37.492174286,127.087661455,tree,100.0
TREE_13321,37.50516993,127.1276962,tree,100.0
TREE_13322,37.50830093,127.0713975,tree,100.0
TREE_13323,37.5144264,127.1295119,tree,100.0
TREE_13324,37.52846287,127.1224957,tree,100.0
TREE_13325,37.50825187,127.0714095,tree,100.0
TREE_13326,37.50489575,127.0726895,tree,100.0
TREE_13327,37.49139422,127.0900092,tree,100.0
TREE_13328,37.534580464,127.08803669,tree,100.0
TREE_13329,37.53143535,127.0816006,tree,100.0
TREE_13330,37.5076054,127.1286597,tree,100.0
TREE_13331,37.4943883,127.1173589,tree,100.0
TREE_13332,37.50476421,127.1275093,tree,100.0
TREE_13333,37.52567984,127.1250763,tree,100.0
TREE_13334,37.53631544,127.095208,tree,100.0
TREE_13335,37.50396069,127.12709,tree,100.0
TREE_13336,37.5081982,127.0714176,tree,100.0
TREE_13337,37.50463187,127.0728093,tree,100.0
TREE_13338,37.5049321,127.0726592,tree,100.0
TREE_13339,37.53509001,127.1107024,tree,100.0
TREE_13340,37.50039431,127.1246468,tree,100.0
TREE_13341,37.53477005,127.1117,tree,100.0
TREE_13342,37.52554859,127.1251883,tree,100.0
TREE_13343,37.52858876,127.1223776,tree,100.0
TREE_13344,37.53333649,127.085011,tree,100.0
TREE_13345,37.50985544,127.0710217,tree,100.0
TREE_13346,37.5099962,127.0709938,tree,100.0
TREE_13347,37.50977726,127.0710347,tree,100.0
TREE_13348,37.50814302,127.0714263,tree,100.0
TREE_13349,37.51367153,127.1295602,tree,100.0
TREE_13350,37.490228876,127.104612872,tree,100.0
TREE_13351,37.52475103,127.1257893,tree,100.0
TREE_13352,37.49130052,127.0902812,tree,100.0
TREE_13353,37.489981446,127.101560734,tree,100.0
TREE_13354,37.50963931,127.0710559,tree,100.0
TREE_13355,37.51454072,127.1295268,tree,100.0
TREE_13356,37.492984542,127.085621521,tree,100.0
TREE_13357,37.50808765,127.0714328,tree,100.0
TREE_13358,37.5115483,127.1294866,tree,100.0
TREE_13359,37.50521008,127.1277458,tree,100.0
TREE_13360,37.50481512,127.1275562,tree,100.0
TREE_13361,37.50949348,127.0710794,tree,100.0
TREE_13362,37.52815452,127.0773995,tree,100.0
TREE_13363,37.50803906,127.0714419,tree,100.0
TREE_13364,37.53004807,127.1206628,tree,100.0
TREE_13365,37.489985048,127.098442358,tree,100.0
TREE_13366,37.493034217,127.08549632,tree,100.0
TREE_13367,37.50941906,127.0710908,tree,100.0
TREE_13368,37.50935105,127.0711038,tree,100.0
TREE_13369,37.50798385,127.0714533,tree,100.0
TREE_13370,37.51142961,127.1294842,tree,100.0
TREE_13371,37.52565744,127.1251286,tree,100.0
TREE_13372,37.51447347,127.1295452,tree,100.0
TREE_13373,37.534555154,127.087886858,tree,100.0
TREE_13374,37.50927756,127.0711164,tree,100.0
TREE_13375,37.53586432,127.0924571,tree,100.0
TREE_13376,37.51887979,127.0715221,tree,100.0
TREE_13377,37.53627112,127.0946985,tree,100.0
TREE_13378,37.5255265,127.1252383,tree,100.0
TREE_13379,37.494497593,127.082645663,tree,100.0
TREE_13380,37.50793323,127.0714573,tree,100.0
TREE_13381,37.489979997,127.098311175,tree,100.0
TREE_13382,37.49710502,127.121362,tree,100.0
TREE_13383,37.50316189,127.1266691,tree,100.0
TREE_13384,37.51087823,127.129431,tree,100.0
TREE_13385,37.50502012,127.0725803,tree,100.0
TREE_13386,37.50913441,127.0711382,tree,100.0
TREE_13387,37.50787045,127.0714725,tree,100.0
TREE_13388,37.49626128,127.1202911,tree,100.0
TREE_13389,37.490205785,127.104639263,tree,100.0
TREE_13390,37.50906171,127.0711502,tree,100.0
TREE_13391,37.5145823,127.1295539,tree,100.0
TREE_13392,37.489959899,127.098615684,tree,100.0
TREE_13393,37.50487634,127.1276148,tree,100.0
TREE_13394,37.53636058,127.0952577,tree,100.0
TREE_13395,37.51089857,127.1294434,tree,100.0
TREE_13396,37.492109986,127.087694617,tree,100.0
TREE_13397,37.52472424,127.1258477,tree,100.0
TREE_13398,37.50781858,127.0714802,tree,100.0
TREE_13399,37.5047136,127.0727194,tree,100.0
TREE_13400,37.50527425,127.1278078,tree,100.0
TREE_13401,37.535890114,127.092503254,tree,100.0
TREE_13402,37.498497552,127.077318535,tree,100.0
TREE_13403,37.50742077,127.128656,tree,100.0
TREE_13404,37.50776244,127.0714909,tree,100.0
TREE_13405,37.53144843,127.0815277,tree,100.0
TREE_13406,37.50758577,127.1287129,tree,100.0
TREE_13407,37.489943177,127.101436362,tree,100.0
TREE_13408,37.50506748,127.0725386,tree,100.0
TREE_13409,37.52851347,127.1225303,tree,100.0
TREE_13410,37.51452113,127.1295758,tree,100.0
TREE_13411,37.50392367,127.1271379,tree,100.0
TREE_13412,37.53501136,127.1111117,tree,100.0
TREE_13413,37.50877312,127.0712021,tree,100.0
TREE_13414,37.50770822,127.0714987,tree,100.0
TREE_13415,37.4913657,127.0899061,tree,100.0
TREE_13416,37.50869772,127.0712174,tree,100.0
TREE_13417,37.53477036,127.1118524,tree,100.0
TREE_13418,37.52562457,127.1252005,tree,100.0
TREE_13419,37.51832586,127.0713237,tree,100.0
TREE_13420,37.52550121,127.1252989,tree,100.0
TREE_13421,37.50765625,127.0715076,tree,100.0
TREE_13422,37.50511015,127.0725034,tree,100.0
TREE_13423,37.50494079,127.1276734,tree,100.0
TREE_13424,37.53155158,127.0816649,tree,100.0
TREE_13425,37.50532588,127.1278556,tree,100.0
TREE_13426,37.490184815,127.104665019,tree,100.0
TREE_13427,37.51140475,127.1295301,tree,100.0
TREE_13428,37.50862621,127.0712264,tree,100.0
TREE_13429,37.49630637,127.1203998,tree,100.0
TREE_13430,37.49531326,127.1189882,tree,100.0
TREE_13431,37.51462919,127.1295841,tree,100.0
TREE_13432,37.5115306,127.1295454,tree,100.0
TREE_13433,37.4912687,127.0902008,tree,100.0
TREE_13434,37.51825702,127.0712929,tree,100.0
TREE_13435,37.50855058,127.0712386,tree,100.0
TREE_13436,37.50477006,127.0726564,tree,100.0
TREE_13437,37.53481966,127.1117468,tree,100.0
TREE_13438,37.53008867,127.1206984,tree,100.0
TREE_13439,37.52469443,127.1259105,tree,100.0
TREE_13440,37.50754871,127.0715268,tree,100.0
TREE_13441,37.50515613,127.072465,tree,100.0
TREE_13442,37.50848018,127.0712489,tree,100.0
TREE_13443,37.48992956,127.098482603,tree,100.0
TREE_13444,37.50842853,127.071261,tree,100.0
TREE_13445,37.49432763,127.1174131,tree,100.0
TREE_13446,37.50749482,127.0715353,tree,100.0
TREE_13447,37.51456066,127.1296042,tree,100.0
TREE_13448,37.50497297,127.1277124,tree,100.0
TREE_13449,37.53633079,127.0947676,tree,100.0
TREE_13450,37.492133589,127.087519666,tree,100.0
TREE_13451,37.53640787,127.0953097,tree,100.0
TREE_13452,37.493006727,127.085410995,tree,100.0
TREE_13453,37.50034305,127.1247153,tree,100.0
TREE_13454,37.52560298,127.1252556,tree,100.0
TREE_13455,37.50837464,127.0712673,tree,100.0
TREE_13456,37.50743924,127.0715439,tree,100.0
TREE_13457,37.52547457,127.1253584,tree,100.0
TREE_13458,37.53593171,127.092498,tree,100.0
TREE_13459,37.5053905,127.1279204,tree,100.0
TREE_13460,37.490162024,127.104687316,tree,100.0
TREE_13461,37.50832171,127.0712754,tree,100.0
TREE_13462,37.50520203,127.0724238,tree,100.0
TREE_13463,37.5048299,127.0726016,tree,100.0
TREE_13464,37.51084901,127.1294962,tree,100.0
TREE_13465,37.48989396,127.099113105,tree,100.0
TREE_13466,37.50738586,127.0715539,tree,100.0
TREE_13467,37.50826522,127.0712855,tree,100.0
TREE_13468,37.50503358,127.1277625,tree,100.0
TREE_13469,37.5314599,127.0814541,tree,100.0
TREE_13470,37.51467548,127.1296172,tree,100.0
TREE_13471,37.50820765,127.0712976,tree,100.0
TREE_13472,37.50733736,127.0715614,tree,100.0
TREE_13473,37.52467161,127.1259671,tree,100.0
TREE_13474,37.534624919,127.087861007,tree,100.0
TREE_13475,37.50487464,127.0725632,tree,100.0
TREE_13476,37.492034975,127.087725392,tree,100.0
TREE_13477,37.535185086,127.089535925,tree,100.0
TREE_13478,37.50815911,127.0713023,tree,100.0
TREE_13479,37.49133947,127.0898172,tree,100.0
TREE_13480,37.50542432,127.1279578,tree,100.0
TREE_13481,37.50811478,127.0713115,tree,100.0
TREE_13482,37.50727825,127.0715714,tree,100.0
TREE_13483,37.51460547,127.1296355,tree,100.0
TREE_13484,37.48988749,127.101462817,tree,100.0
TREE_13485,37.52557778,127.1253119,tree,100.0
TREE_13486,37.535963018,127.092541059,tree,100.0
TREE_13487,37.51137755,127.1295837,tree,100.0
TREE_13488,37.51891551,127.0714299,tree,100.0
TREE_13489,37.53156113,127.0815822,tree,100.0
TREE_13490,37.50739184,127.1287303,tree,100.0
TREE_13491,37.5050916,127.1278114,tree,100.0
TREE_13492,37.52499246,127.1257537,tree,100.0
TREE_13493,37.51825231,127.0712357,tree,100.0
TREE_13494,37.50806051,127.0713206,tree,100.0
TREE_13495,37.53636943,127.0948121,tree,100.0
TREE_13496,37.53590283,127.0922381,tree,100.0
TREE_13497,37.50722656,127.0715799,tree,100.0
TREE_13498,37.50383285,127.1271682,tree,100.0
TREE_13499,37.50491867,127.0725238,tree,100.0
TREE_13500,37.490139225,127.10471276,tree,100.0
TREE_13501,37.53469074,127.087996469,tree,100.0
TREE_13502,37.51150462,127.1296059,tree,100.0
TREE_13503,37.49124469,127.0901019,tree,100.0
TREE_13504,37.5080071,127.0713295,tree,100.0
TREE_13505,37.53485827,127.1117855,tree,100.0
TREE_13506,37.53482006,127.1118981,tree,100.0
TREE_13507,37.49703228,127.121419,tree,100.0
TREE_13508,37.49429486,127.1174443,tree,100.0
TREE_13509,37.50533703,127.0723186,tree,100.0
TREE_13510,37.53645591,127.0953717,tree,100.0
TREE_13511,37.50794801,127.0713394,tree,100.0
TREE_13512,37.50717024,127.0715878,tree,100.0
TREE_13513,37.50754545,127.1287946,tree,100.0
TREE_13514,37.53013287,127.1207374,tree,100.0
TREE_13515,37.489873533,127.098679911,tree,100.0
TREE_13516,37.5054826,127.1280104,tree,100.0
TREE_13517,37.50711931,127.0715999,tree,100.0
TREE_13518,37.51865488,127.071331,tree,100.0
TREE_13519,37.50789104,127.0713499,tree,100.0
TREE_13520,37.50496847,127.072482,tree,100.0
TREE_13521,37.50538439,127.0722865,tree,100.0
TREE_13522,37.52464342,127.1260287,tree,100.0
TREE_13523,37.50514572,127.1278647,tree,100.0
TREE_13524,37.489872614,127.098521013,tree,100.0
TREE_13525,37.51871125,127.0713391,tree,100.0
TREE_13526,37.50783329,127.0713595,tree,100.0
TREE_13527,37.51465534,127.1296655,tree,100.0
TREE_13528,37.52555231,127.1253696,tree,100.0
TREE_13529,37.5314694,127.0813899,tree,100.0
TREE_13530,37.51397768,127.1297055,tree,100.0
TREE_13531,37.5070616,127.0716076,tree,100.0
TREE_13532,37.51082803,127.1295548,tree,100.0
TREE_13533,37.50500701,127.0724488,tree,100.0
TREE_13534,37.49716828,127.1216172,tree,100.0
TREE_13535,37.50038141,127.1248306,tree,100.0
TREE_13536,37.50553786,127.1280532,tree,100.0
TREE_13537,37.490117521,127.104737574,tree,100.0
TREE_13538,37.50030443,127.1247687,tree,100.0
TREE_13539,37.518749,127.0713396,tree,100.0
TREE_13540,37.50778007,127.0713659,tree,100.0
TREE_13541,37.50542908,127.0722499,tree,100.0
TREE_13542,37.5249605,127.1258221,tree,100.0
TREE_13543,37.489868142,127.098385301,tree,100.0
TREE_13544,37.51860856,127.0712945,tree,100.0
TREE_13545,37.51391022,127.1297192,tree,100.0
TREE_13546,37.5352086,127.1107895,tree,100.0
TREE_13547,37.53600013,127.0925418,tree,100.0
TREE_13548,37.53346669,127.0849568,tree,100.0
TREE_13549,37.50772849,127.0713766,tree,100.0
TREE_13550,37.50700538,127.0716155,tree,100.0
TREE_13551,37.50308927,127.1267791,tree,100.0
TREE_13552,37.52541478,127.1254911,tree,100.0
TREE_13553,37.49617783,127.1203768,tree,100.0
TREE_13554,37.52821034,127.0772549,tree,100.0
TREE_13555,37.51103116,127.0706644,tree,100.0
TREE_13556,37.492923425,127.085427101,tree,100.0
TREE_13557,37.53334457,127.0846912,tree,100.0
TREE_13558,37.50547507,127.0722171,tree,100.0
TREE_13559,37.50767585,127.0713842,tree,100.0
TREE_13560,37.50695193,127.0716256,tree,100.0
TREE_13561,37.51109092,127.0706528,tree,100.0
TREE_13562,37.53641851,127.0948734,tree,100.0
TREE_13563,37.489841294,127.101485058,tree,100.0
TREE_13564,37.489829054,127.099153061,tree,100.0
TREE_13565,37.50505044,127.0724073,tree,100.0
TREE_13566,37.51114634,127.0706432,tree,100.0
TREE_13567,37.49131214,127.0897325,tree,100.0
TREE_13568,37.50520176,127.1279239,tree,100.0
TREE_13569,37.53157024,127.0815032,tree,100.0
TREE_13570,37.50552628,127.0721865,tree,100.0
TREE_13571,37.51121363,127.0706307,tree,100.0
TREE_13572,37.50762275,127.0713922,tree,100.0
TREE_13573,37.5113508,127.0706146,tree,100.0
TREE_13574,37.52462165,127.1260867,tree,100.0
TREE_13575,37.50689898,127.0716342,tree,100.0
TREE_13576,37.51129184,127.07062,tree,100.0
TREE_13577,37.53510062,127.1111877,tree,100.0
TREE_13578,37.52552666,127.1254282,tree,100.0
TREE_13579,37.51148381,127.1296609,tree,100.0
TREE_13580,37.50756351,127.0714055,tree,100.0
TREE_13581,37.51470391,127.1296992,tree,100.0
TREE_13582,37.49622477,127.1204687,tree,100.0
TREE_13583,37.50284292,127.1266503,tree,100.0
TREE_13584,37.51084113,127.1295877,tree,100.0
TREE_13585,37.490096361,127.104761336,tree,100.0
TREE_13586,37.49121738,127.0900228,tree,100.0
TREE_13587,37.50509981,127.0723712,tree,100.0
TREE_13588,37.51142244,127.0706001,tree,100.0
TREE_13589,37.51824642,127.0711664,tree,100.0
TREE_13590,37.489832745,127.098711079,tree,100.0
TREE_13591,37.50684446,127.071646,tree,100.0
TREE_13592,37.50557395,127.0721546,tree,100.0
TREE_13593,37.494613994,127.082173353,tree,100.0
TREE_13594,37.5055913,127.1281124,tree,100.0
TREE_13595,37.51148256,127.0705915,tree,100.0
TREE_13596,37.494438897,127.082465478,tree,100.0
TREE_13597,37.51136593,127.1296559,tree,100.0
TREE_13598,37.536034108,127.092581703,tree,100.0
TREE_13599,37.51154702,127.0705809,tree,100.0
TREE_13600,37.5253922,127.1255445,tree,100.0
TREE_13601,37.53148258,127.0813399,tree,100.0
TREE_13602,37.50749798,127.0714149,tree,100.0
TREE_13603,37.5003603,127.1248618,tree,100.0
TREE_13604,37.5052417,127.1279636,tree,100.0
TREE_13605,37.50562132,127.0721231,tree,100.0
TREE_13606,37.51831856,127.0711745,tree,100.0
TREE_13607,37.52493182,127.1258898,tree,100.0
TREE_13608,37.53597569,127.0922842,tree,100.0
TREE_13609,37.50679045,127.0716522,tree,100.0
TREE_13610,37.5074442,127.0714239,tree,100.0
TREE_13611,37.50514765,127.0723296,tree,100.0
TREE_13612,37.49713305,127.1216443,tree,100.0
TREE_13613,37.53017716,127.1207763,tree,100.0
TREE_13614,37.50566261,127.0720968,tree,100.0
TREE_13615,37.51167408,127.0705568,tree,100.0
TREE_13616,37.534701424,127.08782946,tree,100.0
TREE_13617,37.51173739,127.0705494,tree,100.0
TREE_13618,37.51858019,127.0712381,tree,100.0
TREE_13619,37.50673679,127.0716627,tree,100.0
TREE_13620,37.535261601,127.089507209,tree,100.0
TREE_13621,37.48982004,127.098566759,tree,100.0
TREE_13622,37.494467666,127.082379773,tree,100.0
TREE_13623,37.51179599,127.070541,tree,100.0
TREE_13624,37.50739792,127.0714296,tree,100.0
TREE_13625,37.5057132,127.0720677,tree,100.0
TREE_13626,37.51187455,127.0705333,tree,100.0
TREE_13627,37.491992222,127.087589183,tree,100.0
TREE_13628,37.50528488,127.1280033,tree,100.0
TREE_13629,37.53639032,127.0944421,tree,100.0
TREE_13630,37.50519216,127.0722962,tree,100.0
TREE_13631,37.51407269,127.1297676,tree,100.0
TREE_13632,37.490072677,127.104782727,tree,100.0
TREE_13633,37.51475104,127.1297293,tree,100.0
TREE_13634,37.489819796,127.098415253,tree,100.0
TREE_13635,37.50734832,127.0714391,tree,100.0
TREE_13636,37.51191924,127.0705235,tree,100.0
TREE_13637,37.5364656,127.0949276,tree,100.0
TREE_13638,37.50576296,127.0720379,tree,100.0
TREE_13639,37.52458859,127.1261566,tree,100.0
TREE_13640,37.50564928,127.1281724,tree,100.0
TREE_13641,37.52549424,127.1254996,tree,100.0
TREE_13642,37.49697294,127.1214763,tree,100.0
TREE_13643,37.51198858,127.0705154,tree,100.0
TREE_13644,37.494253321,127.082726358,tree,100.0
TREE_13645,37.50027111,127.1248214,tree,100.0
TREE_13646,37.5108023,127.1296223,tree,100.0
TREE_13647,37.489806918,127.101637243,tree,100.0
TREE_13648,37.50668356,127.071666,tree,100.0
TREE_13649,37.51883503,127.071296,tree,100.0
TREE_13650,37.50751012,127.1288792,tree,100.0
TREE_13651,37.50729758,127.071447,tree,100.0
TREE_13652,37.50523965,127.0722614,tree,100.0
TREE_13653,37.51400768,127.1297824,tree,100.0
TREE_13654,37.53492299,127.1118491,tree,100.0
TREE_13655,37.49520333,127.1190835,tree,100.0
TREE_13656,37.51205135,127.0705034,tree,100.0
TREE_13657,37.53606588,127.0925824,tree,100.0
TREE_13658,37.492946482,127.085245706,tree,100.0
TREE_13659,37.50662999,127.0716782,tree,100.0
TREE_13660,37.50724021,127.0714587,tree,100.0
TREE_13661,37.50586414,127.0719797,tree,100.0
TREE_13662,37.50581562,127.0719997,tree,100.0
TREE_13663,37.50657608,127.071693,tree,100.0
TREE_13664,37.49612354,127.1204112,tree,100.0
TREE_13665,37.51211262,127.0704916,tree,100.0
TREE_13666,37.52490762,127.1259507,tree,100.0
TREE_13667,37.50591411,127.0719549,tree,100.0
TREE_13668,37.50382842,127.1272924,tree,100.0
TREE_13669,37.53158452,127.081426,tree,100.0
TREE_13670,37.50651987,127.07171,tree,100.0
TREE_13671,37.5059605,127.0719312,tree,100.0
TREE_13672,37.51486403,127.1297439,tree,100.0
TREE_13673,37.50533512,127.1280547,tree,100.0
TREE_13674,37.50627378,127.0718034,tree,100.0
TREE_13675,37.5122364,127.0704786,tree,100.0
TREE_13676,37.49119565,127.089931,tree,100.0
TREE_13677,37.494592891,127.08211569,tree,100.0
TREE_13678,37.50645737,127.0717318,tree,100.0
TREE_13679,37.50528492,127.0722232,tree,100.0
TREE_13680,37.50734289,127.1288423,tree,100.0
TREE_13681,37.50570544,127.1282209,tree,100.0
TREE_13682,37.51217256,127.0704815,tree,100.0
TREE_13683,37.49128027,127.0896393,tree,100.0
TREE_13684,37.50718662,127.0714671,tree,100.0
TREE_13685,37.50601577,127.0719057,tree,100.0
TREE_13686,37.49710151,127.1216636,tree,100.0
TREE_13687,37.50639381,127.0717534,tree,100.0
TREE_13688,37.50606201,127.0718837,tree,100.0
TREE_13689,37.51824169,127.0711028,tree,100.0
TREE_13690,37.490050877,127.104805875,tree,100.0
TREE_13691,37.49421761,127.1175131,tree,100.0
TREE_13692,37.5141254,127.129799,tree,100.0
TREE_13693,37.489766128,127.099195368,tree,100.0
TREE_13694,37.52456478,127.1262078,tree,100.0
TREE_13695,37.534787505,127.087959151,tree,100.0
TREE_13696,37.50713081,127.0714774,tree,100.0
TREE_13697,37.50280491,127.1267042,tree,100.0
TREE_13698,37.53609281,127.092622414,tree,100.0
TREE_13699,37.489777255,127.101515013,tree,100.0
TREE_13700,37.50533177,127.0721837,tree,100.0
TREE_13701,37.5053796,127.1280951,tree,100.0
TREE_13702,37.51405389,127.1298147,tree,100.0
TREE_13703,37.51855404,127.0711731,tree,100.0
TREE_13704,37.50707836,127.0714836,tree,100.0
TREE_13705,37.51136196,127.1297328,tree,100.0
TREE_13706,37.50573805,127.1282599,tree,100.0
TREE_13707,37.52546275,127.1255779,tree,100.0
TREE_13708,37.51144453,127.1297434,tree,100.0
TREE_13709,37.49617276,127.1205242,tree,100.0
TREE_13710,37.489770394,127.098601514,tree,100.0
TREE_13711,37.52867964,127.1226468,tree,100.0
TREE_13712,37.50537814,127.0721509,tree,100.0
TREE_13713,37.50702369,127.0714916,tree,100.0
TREE_13714,37.53528209,127.1108684,tree,100.0
TREE_13715,37.494180558,127.082760991,tree,100.0
TREE_13716,37.5248697,127.1260247,tree,100.0
TREE_13717,37.490028071,127.10482736,tree,100.0
TREE_13718,37.50542505,127.07212,tree,100.0
TREE_13719,37.50542147,127.1281374,tree,100.0
TREE_13720,37.5305349,127.1204186,tree,100.0
TREE_13721,37.51253858,127.0704233,tree,100.0
TREE_13722,37.50578048,127.1282959,tree,100.0
TREE_13723,37.53660067,127.0955451,tree,100.0
TREE_13724,37.489764707,127.098449484,tree,100.0
TREE_13725,37.51416806,127.1298342,tree,100.0
TREE_13726,37.52531814,127.1257085,tree,100.0
TREE_13727,37.49117739,127.0898635,tree,100.0
TREE_13728,37.53644288,127.094404,tree,100.0
TREE_13729,37.52453887,127.1262678,tree,100.0
TREE_13730,37.51484854,127.129793,tree,100.0
TREE_13731,37.50547109,127.0720889,tree,100.0
TREE_13732,37.51258477,127.0704133,tree,100.0
TREE_13733,37.491909013,127.087627072,tree,100.0
TREE_13734,37.51263788,127.0704101,tree,100.0
TREE_13735,37.491834728,127.087828982,tree,100.0
TREE_13736,37.51410065,127.1298439,tree,100.0
TREE_13737,37.51887876,127.0712378,tree,100.0
TREE_13738,37.51077648,127.1296905,tree,100.0
TREE_13739,37.498424568,127.077061454,tree,100.0
TREE_13740,37.492922193,127.085165212,tree,100.0
TREE_13741,37.5055202,127.0720587,tree,100.0
TREE_13742,37.534773442,127.087803596,tree,100.0
TREE_13743,37.53613054,127.0926234,tree,100.0
TREE_13744,37.52881429,127.1225394,tree,100.0
TREE_13745,37.5054782,127.1281856,tree,100.0
TREE_13746,37.498680978,127.076790722,tree,100.0
TREE_13747,37.51269428,127.0703959,tree,100.0
TREE_13748,37.50301348,127.1268929,tree,100.0
TREE_13749,37.489741809,127.101660144,tree,100.0
TREE_13750,37.51275776,127.07039,tree,100.0
TREE_13751,37.50022516,127.124886,tree,100.0
TREE_13752,37.53497646,127.1118979,tree,100.0
TREE_13753,37.49125402,127.0895434,tree,100.0
TREE_13754,37.490006996,127.104849543,tree,100.0
TREE_13755,37.5055676,127.0720251,tree,100.0
TREE_13756,37.50582789,127.1283446,tree,100.0
TREE_13757,37.49456804,127.082043465,tree,100.0
TREE_13758,37.53608458,127.0923504,tree,100.0
TREE_13759,37.53518989,127.1112664,tree,100.0
TREE_13760,37.489727701,127.098795621,tree,100.0
TREE_13761,37.492864439,127.085256978,tree,100.0
TREE_13762,37.5282673,127.0771159,tree,100.0
TREE_13763,37.53655868,127.0950374,tree,100.0
TREE_13764,37.51280865,127.0703809,tree,100.0
TREE_13765,37.49691089,127.1215349,tree,100.0
TREE_13766,37.52529474,127.1257643,tree,100.0
TREE_13767,37.53151428,127.0811899,tree,100.0
TREE_13768,37.50561454,127.0719942,tree,100.0
TREE_13769,37.51421708,127.1298673,tree,100.0
TREE_13770,37.536157735,127.092665497,tree,100.0
TREE_13771,37.50372642,127.1273293,tree,100.0
TREE_13772,37.494116524,127.082793806,tree,100.0
TREE_13773,37.514895,127.1298249,tree,100.0
TREE_13774,37.52451221,127.1263287,tree,100.0
TREE_13775,37.51414668,127.1298754,tree,100.0
TREE_13776,37.494206837,127.082627648,tree,100.0
TREE_13777,37.50566492,127.0719636,tree,100.0
TREE_13778,37.50552781,127.128235,tree,100.0
TREE_13779,37.48970167,127.099238829,tree,100.0
TREE_13780,37.51853574,127.0710983,tree,100.0
TREE_13781,37.50587243,127.1283847,tree,100.0
TREE_13782,37.51094707,127.0705077,tree,100.0
TREE_13783,37.50571985,127.071935,tree,100.0
TREE_13784,37.4951279,127.1191341,tree,100.0
TREE_13785,37.51831579,127.071033,tree,100.0
TREE_13786,37.51107164,127.0704885,tree,100.0
TREE_13787,37.51294813,127.0703584,tree,100.0
TREE_13788,37.53057861,127.120438,tree,100.0
TREE_13789,37.53360405,127.0849027,tree,100.0
TREE_13790,37.489714905,127.098643591,tree,100.0
TREE_13791,37.49416028,127.1175673,tree,100.0
TREE_13792,37.53026655,127.1208562,tree,100.0
TREE_13793,37.51135614,127.1298071,tree,100.0
TREE_13794,37.4945572,127.082013843,tree,100.0
TREE_13795,37.5366549,127.0956083,tree,100.0
TREE_13796,37.489983487,127.104874553,tree,100.0
TREE_13797,37.489716387,127.09848792,tree,100.0
TREE_13798,37.51302615,127.0703462,tree,100.0
TREE_13799,37.53648681,127.0943708,tree,100.0
TREE_13800,37.491848493,127.087661029,tree,100.0
TREE_13801,37.53348626,127.0846355,tree,100.0
TREE_13802,37.489702937,127.101549422,tree,100.0
TREE_13803,37.491774843,127.087855818,tree,100.0
TREE_13804,37.51501183,127.1298422,tree,100.0
TREE_13805,37.50027445,127.1249805,tree,100.0
TREE_13806,37.51075328,127.1297466,tree,100.0
TREE_13807,37.52539146,127.1257317,tree,100.0
TREE_13808,37.51426234,127.1298985,tree,100.0
TREE_13809,37.51108136,127.1297898,tree,100.0
TREE_13810,37.51891462,127.0711852,tree,100.0
TREE_13811,37.49114496,127.0897715,tree,100.0
TREE_13812,37.51113832,127.0704577,tree,100.0
TREE_13813,37.52448737,127.1263833,tree,100.0
TREE_13814,37.50591833,127.1284334,tree,100.0
TREE_13815,37.494428664,127.082192008,tree,100.0
TREE_13816,37.51494389,127.1298604,tree,100.0
TREE_13817,37.51162838,127.0704018,tree,100.0
TREE_13818,37.52885976,127.1225724,tree,100.0
TREE_13819,37.50298222,127.1269391,tree,100.0
TREE_13820,37.534873004,127.087921894,tree,100.0
TREE_13821,37.49702663,127.1217403,tree,100.0
TREE_13822,37.494549273,127.081984223,tree,100.0
TREE_13823,37.52525682,127.1258472,tree,100.0
TREE_13824,37.494145711,127.082664121,tree,100.0
TREE_13825,37.5182322,127.0709741,tree,100.0
TREE_13826,37.53619642,127.0926628,tree,100.0
TREE_13827,37.492840839,127.085197567,tree,100.0
TREE_13828,37.50560641,127.1283137,tree,100.0
TREE_13829,37.51315437,127.070319,tree,100.0
TREE_13830,37.489961876,127.104897437,tree,100.0
TREE_13831,37.51119233,127.0704361,tree,100.0
TREE_13832,37.51169364,127.0703849,tree,100.0
TREE_13833,37.49122554,127.089453,tree,100.0
TREE_13834,37.498401433,127.076980998,tree,100.0
TREE_13835,37.51176546,127.0703719,tree,100.0
TREE_13836,37.52536726,127.1257826,tree,100.0
TREE_13837,37.498657783,127.076711889,tree,100.0
TREE_13838,37.492887022,127.085067809,tree,100.0
TREE_13839,37.51505789,127.1298728,tree,100.0
TREE_13840,37.51323354,127.0703036,tree,100.0
TREE_13841,37.53662708,127.0951133,tree,100.0
TREE_13842,37.53062188,127.1204537,tree,100.0
TREE_13843,37.51184348,127.0703597,tree,100.0
TREE_13844,37.53502688,127.1119489,tree,100.0
TREE_13845,37.52876582,127.1227072,tree,100.0
TREE_13846,37.51431076,127.1299293,tree,100.0
TREE_13847,37.489677706,127.101694541,tree,100.0
TREE_13848,37.50565411,127.1283541,tree,100.0
TREE_13849,37.50599201,127.1284997,tree,100.0
TREE_13850,37.51199422,127.070342,tree,100.0
TREE_13851,37.536226587,127.092710398,tree,100.0
TREE_13852,37.494539193,127.08195586,tree,100.0
TREE_13853,37.49416108,127.1176652,tree,100.0
TREE_13854,37.51191531,127.0703467,tree,100.0
TREE_13855,37.53030766,127.1208822,tree,100.0
TREE_13856,37.51075963,127.1297906,tree,100.0
TREE_13857,37.52478486,127.1262214,tree,100.0
TREE_13858,37.53153292,127.0810975,tree,100.0
TREE_13859,37.489659774,127.09885644,tree,100.0
TREE_13860,37.5132918,127.0702921,tree,100.0
TREE_13861,37.51499179,127.1298909,tree,100.0
TREE_13862,37.51424459,127.129943,tree,100.0
TREE_13863,37.50272963,127.12682,tree,100.0
TREE_13864,37.51832006,127.070968,tree,100.0
TREE_13865,37.53670723,127.0956701,tree,100.0
TREE_13866,37.52446158,127.1264462,tree,100.0
TREE_13867,37.49501675,127.1190734,tree,100.0
TREE_13868,37.51853772,127.0710247,tree,100.0
TREE_13869,37.491716216,127.087887404,tree,100.0
TREE_13870,37.489937373,127.104921013,tree,100.0
TREE_13871,37.53365936,127.0848809,tree,100.0
TREE_13872,37.489637752,127.099281938,tree,100.0
TREE_13873,37.491782053,127.087693455,tree,100.0
TREE_13874,37.534856687,127.087766352,tree,100.0
TREE_13875,37.50569295,127.1283924,tree,100.0
TREE_13876,37.51206497,127.07032,tree,100.0
TREE_13877,37.5353725,127.11095,tree,100.0
TREE_13878,37.51132235,127.1298754,tree,100.0
TREE_13879,37.489653582,127.098680162,tree,100.0
TREE_13880,37.49112046,127.0896913,tree,100.0
TREE_13881,37.4941545,127.1176872,tree,100.0
TREE_13882,37.51138747,127.1298837,tree,100.0
TREE_13883,37.51073788,127.1298056,tree,100.0
TREE_13884,37.49417643,127.1177286,tree,100.0
TREE_13885,37.51214469,127.0703091,tree,100.0
TREE_13886,37.51337364,127.0702734,tree,100.0
TREE_13887,37.52521985,127.1259345,tree,100.0
TREE_13888,37.50024334,127.1250335,tree,100.0
TREE_13889,37.51223698,127.0703013,tree,100.0
TREE_13890,37.494078772,127.082691453,tree,100.0
TREE_13891,37.51822524,127.070919,tree,100.0
TREE_13892,37.50743598,127.1290582,tree,100.0
TREE_13893,37.50367273,127.1274075,tree,100.0
TREE_13894,37.51344032,127.0702686,tree,100.0
TREE_13895,37.489644457,127.10158084,tree,100.0
TREE_13896,37.49425318,127.1178724,tree,100.0
TREE_13897,37.5151075,127.1299062,tree,100.0
TREE_13898,37.51436526,127.1299628,tree,100.0
TREE_13899,37.52890559,127.1226032,tree,100.0
TREE_13900,37.51105268,127.129858,tree,100.0
TREE_13901,37.494527279,127.08192122,tree,100.0
TREE_13902,37.51230428,127.0702888,tree,100.0
TREE_13903,37.493972054,127.082866833,tree,100.0
TREE_13904,37.5057256,127.1284272,tree,100.0
TREE_13905,37.51429184,127.1299738,tree,100.0
TREE_13906,37.51504028,127.129922,tree,100.0
TREE_13907,37.489918669,127.104941205,tree,100.0
TREE_13908,37.52443485,127.126505,tree,100.0
TREE_13909,37.4911971,127.0893768,tree,100.0
TREE_13910,37.49697556,127.1217765,tree,100.0
TREE_13911,37.49437378,127.1180953,tree,100.0
TREE_13912,37.494403202,127.08211025,tree,100.0
TREE_13913,37.52880232,127.1227338,tree,100.0
TREE_13914,37.53163872,127.0811922,tree,100.0
TREE_13915,37.48963876,127.098520857,tree,100.0
TREE_13916,37.53066725,127.1204703,tree,100.0
TREE_13917,37.5335579,127.0846058,tree,100.0
TREE_13918,37.4944152,127.1181745,tree,100.0
TREE_13919,37.50372094,127.1274554,tree,100.0
TREE_13920,37.51350824,127.0702484,tree,100.0
TREE_13921,37.51237841,127.0702694,tree,100.0
TREE_13922,37.49444322,127.1182269,tree,100.0
TREE_13923,37.52474633,127.1263033,tree,100.0
TREE_13924,37.50728183,127.1290327,tree,100.0
TREE_13925,37.51356135,127.0702452,tree,100.0
TREE_13926,37.53527914,127.111341,tree,100.0
TREE_13927,37.53626921,127.0927079,tree,100.0
TREE_13928,37.51247674,127.070261,tree,100.0
TREE_13929,37.49446637,127.1182707,tree,100.0
TREE_13930,37.50608335,127.1285942,tree,100.0
TREE_13931,37.51073529,127.1298411,tree,100.0
TREE_13932,37.49497647,127.1190854,tree,100.0
TREE_13933,37.49173351,127.087721887,tree,100.0
TREE_13934,37.51072125,127.1298435,tree,100.0
TREE_13935,37.49453093,127.1183853,tree,100.0
TREE_13936,37.492863263,127.084979869,tree,100.0
TREE_13937,37.50270053,127.1268653,tree,100.0
TREE_13938,37.50578052,127.1284767,tree,100.0
TREE_13939,37.5151502,127.1299349,tree,100.0
TREE_13940,37.51362882,127.0702343,tree,100.0
TREE_13941,37.5253117,127.1259143,tree,100.0
TREE_13942,37.49458332,127.1184803,tree,100.0
TREE_13943,37.51441519,127.1299963,tree,100.0
TREE_13944,37.51253898,127.0702445,tree,100.0
TREE_13945,37.494514058,127.081886936,tree,100.0
TREE_13946,37.498634679,127.07663293,tree,100.0
TREE_13947,37.489605745,127.098896953,tree,100.0
TREE_13948,37.52518487,127.1260133,tree,100.0
TREE_13949,37.489897007,127.104963808,tree,100.0
TREE_13950,37.489617676,127.101723834,tree,100.0
TREE_13951,37.51832093,127.0708972,tree,100.0
TREE_13952,37.51434522,127.1300083,tree,100.0
TREE_13953,37.51259892,127.0702344,tree,100.0
TREE_13954,37.494007458,127.082733395,tree,100.0
TREE_13955,37.51508726,127.1299536,tree,100.0
TREE_13956,37.51137047,127.1299383,tree,100.0
TREE_13957,37.49837831,127.076881126,tree,100.0
TREE_13958,37.52440819,127.1265648,tree,100.0
TREE_13959,37.49109538,127.089608,tree,100.0
TREE_13960,37.49680639,127.1216232,tree,100.0
TREE_13961,37.51370064,127.0702213,tree,100.0
TREE_13962,37.49464788,127.1186082,tree,100.0
TREE_13963,37.53657789,127.094295,tree,100.0
TREE_13964,37.50614163,127.1286468,tree,100.0
TREE_13965,37.5126773,127.0702252,tree,100.0
TREE_13966,37.52894421,127.1226288,tree,100.0
TREE_13967,37.52832423,127.076967,tree,100.0
TREE_13968,37.51274717,127.0702216,tree,100.0
TREE_13969,37.534958503,127.087884638,tree,100.0
TREE_13970,37.51821825,127.0708554,tree,100.0
TREE_13971,37.489597727,127.098714792,tree,100.0
TREE_13972,37.49502239,127.1192058,tree,100.0
TREE_13973,37.51377618,127.0702139,tree,100.0
TREE_13974,37.53504573,127.1121334,tree,100.0
TREE_13975,37.49468443,127.1186837,tree,100.0
TREE_13976,37.51853516,127.0709398,tree,100.0
TREE_13977,37.493892013,127.082906939,tree,100.0
TREE_13978,37.489575457,127.099324598,tree,100.0
TREE_13979,37.51129407,127.1299482,tree,100.0
TREE_13980,37.50019769,127.1250812,tree,100.0
TREE_13981,37.53071153,127.1204838,tree,100.0
TREE_13982,37.52471646,127.1263758,tree,100.0
TREE_13983,37.53372248,127.0848536,tree,100.0
TREE_13984,37.51519854,127.1299644,tree,100.0
TREE_13985,37.52528388,127.1259718,tree,100.0
TREE_13986,37.51446317,127.1300251,tree,100.0
TREE_13987,37.52884387,127.122763,tree,100.0
TREE_13988,37.494503222,127.081849661,tree,100.0
TREE_13989,37.489874254,127.104986515,tree,100.0
TREE_13990,37.49475387,127.1188141,tree,100.0
TREE_13991,37.51384783,127.0701994,tree,100.0
TREE_13992,37.53643889,127.0933663,tree,100.0
TREE_13993,37.5143908,127.1300367,tree,100.0
TREE_13994,37.489589302,127.098556471,tree,100.0
TREE_13995,37.49491833,127.119076,tree,100.0
TREE_13996,37.51287538,127.0701943,tree,100.0
TREE_13997,37.51280383,127.0701966,tree,100.0
TREE_13998,37.50011272,127.125023,tree,100.0
TREE_13999,37.49117085,127.0892779,tree,100.0
TREE_14000,37.489583207,127.101604418,tree,100.0
TREE_14001,37.49478676,127.1188786,tree,100.0
TREE_14002,37.49601057,127.1206513,tree,100.0
TREE_14003,37.50290941,127.1270509,tree,100.0
TREE_14004,37.5113514,127.1299708,tree,100.0
TREE_14005,37.49481356,127.1189225,tree,100.0
TREE_14006,37.51513276,127.1299867,tree,100.0
TREE_14007,37.51069703,127.1298936,tree,100.0
TREE_14008,37.50619749,127.1287028,tree,100.0
TREE_14009,37.52438068,127.1266257,tree,100.0
TREE_14010,37.51102398,127.1299387,tree,100.0
TREE_14011,37.51071461,127.1298983,tree,100.0
TREE_14012,37.534935455,127.087737622,tree,100.0
TREE_14013,37.50589578,127.1285853,tree,100.0
TREE_14014,37.53674821,127.0952589,tree,100.0
TREE_14015,37.51392399,127.0701844,tree,100.0
TREE_14016,37.49485133,127.1189968,tree,100.0
TREE_14017,37.50725536,127.129097,tree,100.0
TREE_14018,37.53165727,127.0810964,tree,100.0
TREE_14019,37.51292939,127.0701727,tree,100.0
TREE_14020,37.51300244,127.0701702,tree,100.0
TREE_14021,37.52514391,127.1261093,tree,100.0
TREE_14022,37.492782682,127.085020362,tree,100.0
TREE_14023,37.51399989,127.07018,tree,100.0
TREE_14024,37.493931783,127.082771678,tree,100.0
TREE_14025,37.51451169,127.1300567,tree,100.0
TREE_14026,37.494375841,127.082006055,tree,100.0
TREE_14027,37.49409481,127.1177761,tree,100.0
TREE_14028,37.50623417,127.1287396,tree,100.0
TREE_14029,37.49487935,127.1190614,tree,100.0
TREE_14030,37.489849993,127.105008179,tree,100.0
TREE_14031,37.489551154,127.098944001,tree,100.0
TREE_14032,37.53362884,127.0845768,tree,100.0
TREE_14033,37.49412283,127.1178334,tree,100.0
TREE_14034,37.52469016,127.1264431,tree,100.0
TREE_14035,37.51306655,127.0701566,tree,100.0
TREE_14036,37.49415118,127.1178858,tree,100.0
TREE_14037,37.535500003,127.089375736,tree,100.0
TREE_14038,37.51407339,127.0701683,tree,100.0
TREE_14039,37.52898941,127.122661,tree,100.0
TREE_14040,37.49106802,127.0895162,tree,100.0
TREE_14041,37.489561717,127.101750579,tree,100.0
TREE_14042,37.5366232,127.0942568,tree,100.0
TREE_14043,37.5112688,127.129998,tree,100.0
TREE_14044,37.52524914,127.1260537,tree,100.0
TREE_14045,37.50594841,127.1286371,tree,100.0
TREE_14046,37.53075396,127.1205016,tree,100.0
TREE_14047,37.50367143,127.127539,tree,100.0
TREE_14048,37.51518177,127.1300183,tree,100.0
TREE_14049,37.52888141,127.1227893,tree,100.0
TREE_14050,37.5131858,127.0701441,tree,100.0
TREE_14051,37.53636269,127.0927667,tree,100.0
TREE_14052,37.49421044,127.118006,tree,100.0
TREE_14053,37.494483067,127.081796332,tree,100.0
TREE_14054,37.51414273,127.0701602,tree,100.0
TREE_14055,37.51832628,127.0708166,tree,100.0
TREE_14056,37.52435428,127.1266874,tree,100.0
TREE_14057,37.49426811,127.1181069,tree,100.0
TREE_14058,37.50264956,127.1269384,tree,100.0
TREE_14059,37.51312897,127.0701416,tree,100.0
TREE_14060,37.50626754,127.1287741,tree,100.0
TREE_14061,37.50737764,127.1291725,tree,100.0
TREE_14062,37.498609597,127.076546606,tree,100.0
TREE_14063,37.53534923,127.1114128,tree,100.0
TREE_14064,37.489537839,127.098746054,tree,100.0
TREE_14065,37.53509174,127.1121887,tree,100.0
TREE_14066,37.5132531,127.0701317,tree,100.0
TREE_14067,37.536508287,127.093479713,tree,100.0
TREE_14068,37.49430495,127.118187,tree,100.0
TREE_14069,37.51455841,127.1300875,tree,100.0
TREE_14070,37.51821119,127.0707734,tree,100.0
TREE_14071,37.50359833,127.12752,tree,100.0
TREE_14072,37.489826317,127.105031411,tree,100.0
TREE_14073,37.51420852,127.0701479,tree,100.0
TREE_14074,37.489535394,127.101625881,tree,100.0
TREE_14075,37.498350766,127.076789571,tree,100.0
TREE_14076,37.489513067,127.099372785,tree,100.0
TREE_14077,37.51529305,127.1300284,tree,100.0
TREE_14078,37.50600197,127.1286848,tree,100.0
TREE_14079,37.52510869,127.1261852,tree,100.0
TREE_14080,37.49434886,127.1182701,tree,100.0
TREE_14081,37.49506728,127.1194114,tree,100.0
TREE_14082,37.51333281,127.0701208,tree,100.0
TREE_14083,37.536390298,127.092807558,tree,100.0
TREE_14084,37.53632768,127.0925009,tree,100.0
TREE_14085,37.49673909,127.1216776,tree,100.0
TREE_14086,37.50287361,127.127102,tree,100.0
TREE_14087,37.51067489,127.1299551,tree,100.0
TREE_14088,37.51132728,127.1300347,tree,100.0
TREE_14089,37.51448002,127.130104,tree,100.0
TREE_14090,37.49590265,127.1206045,tree,100.0
TREE_14091,37.51069193,127.129958,tree,100.0
TREE_14092,37.49113675,127.0891933,tree,100.0
TREE_14093,37.52465701,127.1265108,tree,100.0
TREE_14094,37.51338725,127.0701159,tree,100.0
TREE_14095,37.51522455,127.1300465,tree,100.0
TREE_14096,37.492814663,127.084846241,tree,100.0
TREE_14097,37.49596545,127.1206958,tree,100.0
TREE_14098,37.494472757,127.081765046,tree,100.0
TREE_14099,37.49441009,127.1183902,tree,100.0
TREE_14100,37.493859017,127.082809965,tree,100.0
TREE_14101,37.49510916,127.1194872,tree,100.0
TREE_14102,37.50722761,127.1291522,tree,100.0
TREE_14103,37.49442928,127.1184304,tree,100.0
TREE_14104,37.51428939,127.0701338,tree,100.0
TREE_14105,37.51098958,127.1300087,tree,100.0
TREE_14106,37.51124508,127.1300384,tree,100.0
TREE_14107,37.52432884,127.1267451,tree,100.0
TREE_14108,37.50633216,127.128839,tree,100.0
TREE_14109,37.53515038,127.1120941,tree,100.0
TREE_14110,37.53079679,127.1205165,tree,100.0
TREE_14111,37.53688687,127.0958808,tree,100.0
TREE_14112,37.51346005,127.0700982,tree,100.0
TREE_14113,37.489805236,127.105054018,tree,100.0
TREE_14114,37.49515036,127.1195717,tree,100.0
TREE_14115,37.51853362,127.0708267,tree,100.0
TREE_14116,37.489496729,127.098987484,tree,100.0
TREE_14117,37.49104515,127.0894202,tree,100.0
TREE_14118,37.49457056,127.1186868,tree,100.0
TREE_14119,37.491578865,127.087796933,tree,100.0
TREE_14120,37.49448009,127.1185412,tree,100.0
TREE_14121,37.53666797,127.0942213,tree,100.0
TREE_14122,37.494350378,127.0819259,tree,100.0
TREE_14123,37.51460605,127.1301248,tree,100.0
TREE_14124,37.51437309,127.0701179,tree,100.0
TREE_14125,37.51353825,127.0700875,tree,100.0
TREE_14126,37.52903821,127.1226956,tree,100.0
TREE_14127,37.494464831,127.081733763,tree,100.0
TREE_14128,37.51067522,127.1299893,tree,100.0
TREE_14129,37.51453367,127.1301355,tree,100.0
TREE_14130,37.53381409,127.0848178,tree,100.0
TREE_14131,37.492751591,127.084916404,tree,100.0
TREE_14132,37.49442305,127.1184637,tree,100.0
TREE_14133,37.52507754,127.1262582,tree,100.0
TREE_14134,37.489500435,127.098597952,tree,100.0
TREE_14135,37.50609047,127.1287673,tree,100.0
TREE_14136,37.51527223,127.1300779,tree,100.0
TREE_14137,37.50639165,127.1288899,tree,100.0
TREE_14138,37.53684404,127.0953683,tree,100.0
TREE_14139,37.52893487,127.1228253,tree,100.0
TREE_14140,37.51832039,127.0707459,tree,100.0
TREE_14141,37.51360706,127.0700748,tree,100.0
TREE_14142,37.51444056,127.0701069,tree,100.0
TREE_14143,37.52462923,127.1265803,tree,100.0
TREE_14144,37.493802259,127.082840961,tree,100.0
TREE_14145,37.53643018,127.0928083,tree,100.0
TREE_14146,37.489498372,127.101776079,tree,100.0
TREE_14147,37.49523198,127.1197329,tree,100.0
TREE_14148,37.53637561,127.0925319,tree,100.0
TREE_14149,37.52430189,127.1268046,tree,100.0
TREE_14150,37.535567544,127.089358388,tree,100.0
TREE_14151,37.493709993,127.082999929,tree,100.0
TREE_14152,37.49470138,127.1189327,tree,100.0
TREE_14153,37.49464556,127.1188455,tree,100.0
TREE_14154,37.50012479,127.1251807,tree,100.0
TREE_14155,37.5136568,127.070069,tree,100.0
TREE_14156,37.50004414,127.1251159,tree,100.0
TREE_14157,37.489781754,127.105080237,tree,100.0
TREE_14158,37.49529529,127.1198361,tree,100.0
TREE_14159,37.53653297,127.0933069,tree,100.0
TREE_14160,37.498587392,127.076469797,tree,100.0
TREE_14161,37.51131142,127.1300917,tree,100.0
TREE_14162,37.50362247,127.1276071,tree,100.0
TREE_14163,37.53692424,127.0959229,tree,100.0
TREE_14164,37.51451708,127.0700949,tree,100.0
TREE_14165,37.51820641,127.070697,tree,100.0
TREE_14166,37.494453502,127.081703254,tree,100.0
TREE_14167,37.49474848,127.1190234,tree,100.0
TREE_14168,37.536450682,127.092846138,tree,100.0
TREE_14169,37.51120388,127.1300863,tree,100.0
TREE_14170,37.5283823,127.076821,tree,100.0
TREE_14171,37.49478162,127.119081,tree,100.0
TREE_14172,37.49480255,127.1191141,tree,100.0
TREE_14173,37.53514065,127.1122461,tree,100.0
TREE_14174,37.489453831,127.099419632,tree,100.0
TREE_14175,37.51457994,127.1301652,tree,100.0
TREE_14176,37.49532539,127.119903,tree,100.0
TREE_14177,37.51373279,127.0700525,tree,100.0
TREE_14178,37.491532214,127.087822993,tree,100.0
TREE_14179,37.52505077,127.126317,tree,100.0
TREE_14180,37.50283546,127.1271609,tree,100.0
TREE_14181,37.50616262,127.1288347,tree,100.0
TREE_14182,37.51064229,127.130026,tree,100.0
TREE_14183,37.489455317,127.099023064,tree,100.0
TREE_14184,37.49539756,127.120017,tree,100.0
TREE_14185,37.51458606,127.0700837,tree,100.0
TREE_14186,37.498325424,127.076706339,tree,100.0
TREE_14187,37.49591962,127.1207428,tree,100.0
TREE_14188,37.51381117,127.0700433,tree,100.0
TREE_14189,37.52516007,127.1262504,tree,100.0
TREE_14190,37.49102012,127.0893496,tree,100.0
TREE_14191,37.49398227,127.1177969,tree,100.0
TREE_14192,37.52460115,127.1266427,tree,100.0
TREE_14193,37.492782693,127.084754474,tree,100.0
TREE_14194,37.53541704,127.1114761,tree,100.0
TREE_14195,37.49438794,127.1184886,tree,100.0
TREE_14196,37.489757995,127.105102837,tree,100.0
TREE_14197,37.52427434,127.1268655,tree,100.0
TREE_14198,37.53169804,127.0809322,tree,100.0
TREE_14199,37.494446058,127.081669288,tree,100.0
TREE_14200,37.51464432,127.0700723,tree,100.0
TREE_14201,37.50719243,127.1292303,tree,100.0
TREE_14202,37.52908314,127.1227281,tree,100.0
TREE_14203,37.50649613,127.1289838,tree,100.0
TREE_14204,37.492726918,127.084852942,tree,100.0
TREE_14205,37.51065008,127.1300495,tree,100.0
TREE_14206,37.53671644,127.0941786,tree,100.0
TREE_14207,37.53689336,127.0954216,tree,100.0
TREE_14208,37.493738229,127.082868295,tree,100.0
TREE_14209,37.49542659,127.1200887,tree,100.0
TREE_14210,37.49480778,127.1191717,tree,100.0
TREE_14211,37.49364215,127.083039598,tree,100.0
TREE_14212,37.49505435,127.1195486,tree,100.0
TREE_14213,37.51387811,127.0700278,tree,100.0
TREE_14214,37.53554651,127.1111019,tree,100.0
TREE_14215,37.51470691,127.1301891,tree,100.0
TREE_14216,37.49546915,127.1201559,tree,100.0
TREE_14217,37.49583432,127.1206622,tree,100.0
TREE_14218,37.51463149,127.1301967,tree,100.0
TREE_14219,37.49666634,127.1217346,tree,100.0
TREE_14220,37.53696545,127.0959741,tree,100.0
TREE_14221,37.494947,127.1193979,tree,100.0
TREE_14222,37.53048294,127.1210596,tree,100.0
TREE_14223,37.52898107,127.1228582,tree,100.0
TREE_14224,37.53643057,127.0925676,tree,100.0
TREE_14225,37.489444184,127.098622998,tree,100.0
TREE_14226,37.51853782,127.0707404,tree,100.0
TREE_14227,37.494322203,127.081843177,tree,100.0
TREE_14228,37.51471011,127.07006,tree,100.0
TREE_14229,37.51832126,127.070678,tree,100.0
TREE_14230,37.49550363,127.1202201,tree,100.0
TREE_14231,37.51394089,127.0700158,tree,100.0
TREE_14232,37.52502179,127.1263848,tree,100.0
TREE_14233,37.53649224,127.0928478,tree,100.0
TREE_14234,37.51129206,127.1301475,tree,100.0
TREE_14235,37.49442597,127.1185939,tree,100.0
TREE_14236,37.49679781,127.1219123,tree,100.0
TREE_14237,37.51094942,127.1301092,tree,100.0
TREE_14238,37.51400774,127.0700125,tree,100.0
TREE_14239,37.52513523,127.1263094,tree,100.0
TREE_14240,37.489734398,127.105125777,tree,100.0
TREE_14241,37.51118263,127.1301419,tree,100.0
TREE_14242,37.53387868,127.0847887,tree,100.0
TREE_14243,37.50625292,127.1289204,tree,100.0
TREE_14244,37.50000619,127.125168,tree,100.0
TREE_14245,37.52424877,127.1269251,tree,100.0
TREE_14246,37.51478512,127.0700482,tree,100.0
TREE_14247,37.52456829,127.126716,tree,100.0
TREE_14248,37.536513888,127.092886826,tree,100.0
TREE_14249,37.50656815,127.1290489,tree,100.0
TREE_14250,37.51061387,127.1300795,tree,100.0
TREE_14251,37.494429345,127.081627584,tree,100.0
TREE_14252,37.535625994,127.089318452,tree,100.0
TREE_14253,37.49099732,127.0892734,tree,100.0
TREE_14254,37.51406697,127.0699964,tree,100.0
TREE_14255,37.49490776,127.1193925,tree,100.0
TREE_14256,37.5369983,127.0960075,tree,100.0
TREE_14257,37.489423089,127.101802798,tree,100.0
TREE_14258,37.49558433,127.1203798,tree,100.0
TREE_14259,37.52499725,127.1264366,tree,100.0
TREE_14260,37.493672416,127.08290481,tree,100.0
TREE_14261,37.48939135,127.09946807,tree,100.0
TREE_14262,37.51468078,127.130235,tree,100.0
TREE_14263,37.49577533,127.1206502,tree,100.0
TREE_14264,37.48941334,127.101683795,tree,100.0
TREE_14265,37.52912563,127.1227557,tree,100.0
TREE_14266,37.53377632,127.0845171,tree,100.0
TREE_14267,37.498560691,127.076377616,tree,100.0
TREE_14268,37.49434553,127.1185237,tree,100.0
TREE_14269,37.4948008,127.1192449,tree,100.0
TREE_14270,37.49561842,127.1204401,tree,100.0
TREE_14271,37.49588638,127.1208046,tree,100.0
TREE_14272,37.51415121,127.069985,tree,100.0
TREE_14273,37.494423791,127.081604926,tree,100.0
TREE_14274,37.489711812,127.105149747,tree,100.0
TREE_14275,37.52510804,127.126371,tree,100.0
TREE_14276,37.50357009,127.1276843,tree,100.0
TREE_14277,37.491445009,127.087857777,tree,100.0
TREE_14278,37.53675932,127.0941377,tree,100.0
TREE_14279,37.498304497,127.076624499,tree,100.0
TREE_14280,37.51062891,127.130109,tree,100.0
TREE_14281,37.52901961,127.1228844,tree,100.0
TREE_14282,37.491370848,127.088056523,tree,100.0
TREE_14283,37.49369896,127.1174323,tree,100.0
TREE_14284,37.53172105,127.0808536,tree,100.0
TREE_14285,37.52422278,127.1269833,tree,100.0
TREE_14286,37.51493497,127.0700229,tree,100.0
TREE_14287,37.49566955,127.1205306,tree,100.0
TREE_14288,37.489382119,127.099085942,tree,100.0
TREE_14289,37.50292201,127.1273186,tree,100.0
TREE_14290,37.5305091,127.1211151,tree,100.0
TREE_14291,37.52453961,127.1267807,tree,100.0
TREE_14292,37.49274996,127.084657725,tree,100.0
TREE_14293,37.51060447,127.1301187,tree,100.0
TREE_14294,37.50350192,127.1276646,tree,100.0
TREE_14295,37.53654695,127.092878,tree,100.0
TREE_14296,37.50005709,127.1252699,tree,100.0
TREE_14297,37.51422232,127.069966,tree,100.0
TREE_14298,37.49573433,127.1206329,tree,100.0
TREE_14299,37.51431736,127.0699686,tree,100.0
TREE_14300,37.494296094,127.081772637,tree,100.0
TREE_14301,37.50730229,127.1293521,tree,100.0
TREE_14302,37.50663533,127.1291207,tree,100.0
TREE_14303,37.53093458,127.1205601,tree,100.0
TREE_14304,37.51499225,127.0700162,tree,100.0
TREE_14305,37.51900113,127.070807,tree,100.0
TREE_14306,37.53661749,127.0932291,tree,100.0
TREE_14307,37.51552788,127.1301878,tree,100.0
TREE_14308,37.51552968,127.1301882,tree,100.0
TREE_14309,37.53703279,127.0960484,tree,100.0
TREE_14310,37.494413468,127.081574602,tree,100.0
TREE_14311,37.52496927,127.1265006,tree,100.0
TREE_14312,37.4957015,127.1206004,tree,100.0
TREE_14313,37.53663535,127.0932973,tree,100.0
TREE_14314,37.5365026,127.0926111,tree,100.0
TREE_14315,37.49269045,127.084753027,tree,100.0
TREE_14316,37.51124339,127.1302146,tree,100.0
TREE_14317,37.51438688,127.0699619,tree,100.0
TREE_14318,37.50298361,127.1273791,tree,100.0
TREE_14319,37.51832887,127.0706001,tree,100.0
TREE_14320,37.489686626,127.105172872,tree,100.0
TREE_14321,37.50638135,127.1290391,tree,100.0
TREE_14322,37.49437624,127.1186363,tree,100.0
TREE_14323,37.52508347,127.1264287,tree,100.0
TREE_14324,37.49390581,127.117851,tree,100.0
TREE_14325,37.51854314,127.0706555,tree,100.0
TREE_14326,37.536573157,127.092926827,tree,100.0
TREE_14327,37.51091358,127.1301827,tree,100.0
TREE_14328,37.51115808,127.1302134,tree,100.0
TREE_14329,37.52842126,127.0766906,tree,100.0
TREE_14330,37.53548936,127.1115408,tree,100.0
TREE_14331,37.53698638,127.0955327,tree,100.0
TREE_14332,37.493605474,127.082935795,tree,100.0
TREE_14333,37.49367589,127.1174492,tree,100.0
TREE_14334,37.491402773,127.087879095,tree,100.0
TREE_14335,37.49096888,127.0891943,tree,100.0
TREE_14336,37.53560984,127.1111723,tree,100.0
TREE_14337,37.53393903,127.0847654,tree,100.0
TREE_14338,37.489373992,127.101708042,tree,100.0
TREE_14339,37.51506203,127.0699989,tree,100.0
TREE_14340,37.52916525,127.1227792,tree,100.0
TREE_14341,37.52419504,127.1270437,tree,100.0
TREE_14342,37.52451274,127.1268368,tree,100.0
TREE_14343,37.494405276,127.081549358,tree,100.0
TREE_14344,37.51484296,127.1302844,tree,100.0
TREE_14345,37.489373232,127.10182955,tree,100.0
TREE_14346,37.49511255,127.1198018,tree,100.0
TREE_14347,37.51060815,127.1301548,tree,100.0
TREE_14348,37.51557351,127.1302145,tree,100.0
TREE_14349,37.51557243,127.130215,tree,100.0
TREE_14350,37.50303838,127.1274362,tree,100.0
TREE_14351,37.52905922,127.1229123,tree,100.0
TREE_14352,37.51444957,127.0699363,tree,100.0
TREE_14353,37.489666478,127.105190529,tree,100.0
TREE_14354,37.52494552,127.1265583,tree,100.0
TREE_14355,37.53680204,127.0940899,tree,100.0
TREE_14356,37.4965896,127.1218052,tree,100.0
TREE_14357,37.49672948,127.1219747,tree,100.0
TREE_14358,37.53527622,127.1122458,tree,100.0
TREE_14359,37.52506161,127.1264822,tree,100.0
TREE_14360,37.535153743,127.08765436,tree,100.0
TREE_14361,37.5147906,127.1303085,tree,100.0
TREE_14362,37.53049467,127.1212196,tree,100.0
TREE_14363,37.50671746,127.1292034,tree,100.0
TREE_14364,37.535698002,127.08928976,tree,100.0
TREE_14365,37.491301505,127.088091262,tree,100.0
TREE_14366,37.49512808,127.119858,tree,100.0
TREE_14367,37.53524176,127.1123663,tree,100.0
TREE_14368,37.489329267,127.099132396,tree,100.0
TREE_14369,37.53098169,127.1205762,tree,100.0
TREE_14370,37.5064644,127.1291165,tree,100.0
TREE_14371,37.489342876,127.098651113,tree,100.0
TREE_14372,37.49521603,127.1199949,tree,100.0
TREE_14373,37.498536959,127.076293895,tree,100.0
TREE_14374,37.49587121,127.1209059,tree,100.0
TREE_14375,37.51059583,127.1301826,tree,100.0
TREE_14376,37.51452086,127.0699187,tree,100.0
TREE_14377,37.49428702,127.1185719,tree,100.0
TREE_14378,37.53661027,127.0929189,tree,100.0
TREE_14379,37.51489606,127.1303157,tree,100.0
TREE_14380,37.493539983,127.082972263,tree,100.0
TREE_14381,37.51461874,127.0699195,tree,100.0
TREE_14382,37.53703263,127.0955897,tree,100.0
TREE_14383,37.5241649,127.1271114,tree,100.0
TREE_14384,37.53656043,127.0926486,tree,100.0
TREE_14385,37.498282177,127.076535175,tree,100.0
TREE_14386,37.49592645,127.1209958,tree,100.0
TREE_14387,37.50677227,127.1292434,tree,100.0
TREE_14388,37.489644315,127.105210184,tree,100.0
TREE_14389,37.49515657,127.1199296,tree,100.0
TREE_14390,37.492719909,127.084569179,tree,100.0
TREE_14391,37.494271268,127.081694085,tree,100.0
TREE_14392,37.52448166,127.1269116,tree,100.0
TREE_14393,37.492665786,127.084677419,tree,100.0
TREE_14394,37.4947415,127.1193129,tree,100.0
TREE_14395,37.51056878,127.1301952,tree,100.0
TREE_14396,37.493440091,127.083138274,tree,100.0
TREE_14397,37.52491586,127.1266211,tree,100.0
TREE_14398,37.4952579,127.1200887,tree,100.0
TREE_14399,37.50651025,127.1291569,tree,100.0
TREE_14400,37.51113086,127.130272,tree,100.0
TREE_14401,37.52503172,127.1265435,tree,100.0
TREE_14402,37.51832861,127.0705294,tree,100.0
TREE_14403,37.52921046,127.1228064,tree,100.0
TREE_14404,37.51899744,127.0707208,tree,100.0
TREE_14405,37.51468453,127.0699072,tree,100.0
TREE_14406,37.53668807,127.0932395,tree,100.0
TREE_14407,37.50273772,127.1273131,tree,100.0
TREE_14408,37.50001511,127.1253443,tree,100.0
TREE_14409,37.51484972,127.1303453,tree,100.0
TREE_14410,37.51121094,127.1302913,tree,100.0
TREE_14411,37.494384046,127.08147778,tree,100.0
TREE_14412,37.52910374,127.1229422,tree,100.0
TREE_14413,37.4999243,127.1252773,tree,100.0
TREE_14414,37.489321346,127.101849915,tree,100.0
TREE_14415,37.49594779,127.1210643,tree,100.0
TREE_14416,37.51473844,127.0698978,tree,100.0
TREE_14417,37.53047809,127.1213128,tree,100.0
TREE_14418,37.53566182,127.1112201,tree,100.0
TREE_14419,37.52414402,127.1271631,tree,100.0
TREE_14420,37.491315598,127.087923342,tree,100.0
TREE_14421,37.531027,127.120586,tree,100.0
TREE_14422,37.53684493,127.0940528,tree,100.0
TREE_14423,37.49530768,127.120197,tree,100.0
TREE_14424,37.53554476,127.1115985,tree,100.0
TREE_14425,37.49527362,127.1201497,tree,100.0
TREE_14426,37.489618615,127.105232532,tree,100.0
TREE_14427,37.489279452,127.099566396,tree,100.0
TREE_14428,37.49535703,127.1202726,tree,100.0
TREE_14429,37.51854731,127.0705621,tree,100.0
TREE_14430,37.53527469,127.1124084,tree,100.0
TREE_14431,37.50656015,127.1292073,tree,100.0
TREE_14432,37.53400935,127.0847387,tree,100.0
TREE_14433,37.52500661,127.1265977,tree,100.0
TREE_14434,37.49597155,127.1211178,tree,100.0
TREE_14435,37.49549588,127.1204759,tree,100.0
TREE_14436,37.514792,127.0698854,tree,100.0
TREE_14437,37.491237629,127.08811974,tree,100.0
TREE_14438,37.489288233,127.098819029,tree,100.0
TREE_14439,37.50711256,127.1294108,tree,100.0
TREE_14440,37.51057638,127.1302378,tree,100.0
TREE_14441,37.494373939,127.081450457,tree,100.0
TREE_14442,37.53070774,127.1210408,tree,100.0
TREE_14443,37.53532317,127.1123015,tree,100.0
TREE_14444,37.49539756,127.1203567,tree,100.0
TREE_14445,37.49545527,127.1204394,tree,100.0
TREE_14446,37.49478007,127.1194536,tree,100.0
TREE_14447,37.50687267,127.1293393,tree,100.0
TREE_14448,37.51490226,127.1303809,tree,100.0
TREE_14449,37.50348958,127.1278052,tree,100.0
TREE_14450,37.49360522,127.1175176,tree,100.0
TREE_14451,37.51485779,127.0698731,tree,100.0
TREE_14452,37.51110891,127.1303219,tree,100.0
TREE_14453,37.49603699,127.1212328,tree,100.0
TREE_14454,37.53176625,127.0806891,tree,100.0
TREE_14455,37.489286725,127.101746761,tree,100.0
TREE_14456,37.53168025,127.0805585,tree,100.0
TREE_14457,37.489279811,127.098659934,tree,100.0
TREE_14458,37.489262999,127.099198629,tree,100.0
TREE_14459,37.489596621,127.105251146,tree,100.0
TREE_14460,37.4965299,127.1218608,tree,100.0
TREE_14461,37.51499236,127.1303796,tree,100.0
TREE_14462,37.5241182,127.1272206,tree,100.0
TREE_14463,37.49470138,127.1193548,tree,100.0
TREE_14464,37.50661504,127.1292614,tree,100.0
TREE_14465,37.52925304,127.1228392,tree,100.0
TREE_14466,37.53672771,127.093202,tree,100.0
TREE_14467,37.53577005,127.089272386,tree,100.0
TREE_14468,37.49423436,127.1186173,tree,100.0
TREE_14469,37.51493049,127.0698676,tree,100.0
TREE_14470,37.53046323,127.1213948,tree,100.0
TREE_14471,37.52846817,127.0765758,tree,100.0
TREE_14472,37.494364314,127.081420187,tree,100.0
TREE_14473,37.50334689,127.1277462,tree,100.0
TREE_14474,37.51054625,127.1302665,tree,100.0
TREE_14475,37.52497961,127.1266606,tree,100.0
TREE_14476,37.52914444,127.1229713,tree,100.0
TREE_14477,37.49268794,127.084474998,tree,100.0
TREE_14478,37.49609814,127.1213426,tree,100.0
TREE_14479,37.50691313,127.1293815,tree,100.0
TREE_14480,37.491192238,127.088145801,tree,100.0
TREE_14481,37.51832945,127.0704502,tree,100.0
TREE_14482,37.53664451,127.0926999,tree,100.0
TREE_14483,37.50269816,127.1273699,tree,100.0
TREE_14484,37.51056039,127.130278,tree,100.0
TREE_14485,37.51499327,127.0698557,tree,100.0
TREE_14486,37.5111891,127.1303599,tree,100.0
TREE_14487,37.52485616,127.1267582,tree,100.0
TREE_14488,37.49616335,127.1214356,tree,100.0
TREE_14489,37.53688539,127.0940095,tree,100.0
TREE_14490,37.498255739,127.076439461,tree,100.0
TREE_14491,37.498507565,127.076187223,tree,100.0
TREE_14492,37.49554522,127.1206209,tree,100.0
TREE_14493,37.51105235,127.1303488,tree,100.0
TREE_14494,37.49427971,127.1187299,tree,100.0
TREE_14495,37.50666224,127.1293058,tree,100.0
TREE_14496,37.50699995,127.1294238,tree,100.0
TREE_14497,37.49582754,127.1210081,tree,100.0
TREE_14498,37.49557312,127.1206646,tree,100.0
TREE_14499,37.489572947,127.105272682,tree,100.0
TREE_14500,37.51504464,127.1304091,tree,100.0
TREE_14501,37.49099754,127.0886893,tree,100.0
TREE_14502,37.53673647,127.0931107,tree,100.0
TREE_14503,37.51898807,127.0706218,tree,100.0
TREE_14504,37.489258261,127.101883035,tree,100.0
TREE_14505,37.51085476,127.130337,tree,100.0
TREE_14506,37.494233066,127.081582666,tree,100.0
TREE_14507,37.50693984,127.1294158,tree,100.0
TREE_14508,37.53560787,127.111601,tree,100.0
TREE_14509,37.494351992,127.081387908,tree,100.0
TREE_14510,37.489238613,127.098822629,tree,100.0
TREE_14511,37.489219941,127.09962014,tree,100.0
TREE_14512,37.51506793,127.0698408,tree,100.0
TREE_14513,37.53532046,127.1124655,tree,100.0
TREE_14514,37.51854251,127.0704815,tree,100.0
TREE_14515,37.49588212,127.1211051,tree,100.0
TREE_14516,37.49619563,127.1215117,tree,100.0
TREE_14517,37.535257239,127.087608515,tree,100.0
TREE_14518,37.492621453,127.084551685,tree,100.0
TREE_14519,37.53559904,127.1116591,tree,100.0
TREE_14520,37.489235896,127.098667946,tree,100.0
TREE_14521,37.49575465,127.1209444,tree,100.0
TREE_14522,37.49624975,127.1215933,tree,100.0
TREE_14523,37.53178458,127.0806213,tree,100.0
TREE_14524,37.50268148,127.1274015,tree,100.0
TREE_14525,37.48955179,127.105292338,tree,100.0
TREE_14526,37.5357296,127.1112735,tree,100.0
TREE_14527,37.49561519,127.1207711,tree,100.0
TREE_14528,37.51054331,127.1303177,tree,100.0
TREE_14529,37.49355231,127.1175475,tree,100.0
TREE_14530,37.50724302,127.1295426,tree,100.0
TREE_14531,37.53408045,127.0847066,tree,100.0
TREE_14532,37.53676019,127.0930909,tree,100.0
TREE_14533,37.489230563,127.101774553,tree,100.0
TREE_14534,37.49593029,127.1211996,tree,100.0
TREE_14535,37.52482634,127.1268317,tree,100.0
TREE_14536,37.49662701,127.1220773,tree,100.0
TREE_14537,37.5032109,127.1277321,tree,100.0
TREE_14538,37.51509703,127.1304425,tree,100.0
TREE_14539,37.53044193,127.1215156,tree,100.0
TREE_14540,37.49646355,127.1218817,tree,100.0
TREE_14541,37.52918938,127.1230024,tree,100.0
TREE_14542,37.492668768,127.084405776,tree,100.0
TREE_14543,37.49266877,127.0844058,tree,100.0
TREE_14544,37.5150109,127.1304529,tree,100.0
TREE_14545,37.51052644,127.1303262,tree,100.0
TREE_14546,37.49629902,127.1216802,tree,100.0
TREE_14547,37.52406422,127.1273413,tree,100.0
TREE_14548,37.494339716,127.081350261,tree,100.0
TREE_14549,37.49985773,127.1253663,tree,100.0
TREE_14550,37.491128569,127.088177381,tree,100.0
TREE_14551,37.53397017,127.0844474,tree,100.0
TREE_14552,37.51116156,127.1304168,tree,100.0
TREE_14553,37.53717641,127.0957582,tree,100.0
TREE_14554,37.51833429,127.0703858,tree,100.0
TREE_14555,37.49097813,127.0886159,tree,100.0
TREE_14556,37.492605464,127.084507406,tree,100.0
TREE_14557,37.53676783,127.0930418,tree,100.0
TREE_14558,37.53693113,127.0939583,tree,100.0
TREE_14559,37.489186633,127.099259002,tree,100.0
TREE_14560,37.49642265,127.1218578,tree,100.0
TREE_14561,37.489528953,127.105309953,tree,100.0
TREE_14562,37.49635546,127.121776,tree,100.0
TREE_14563,37.52492324,127.1267922,tree,100.0
TREE_14564,37.49422851,127.1187592,tree,100.0
TREE_14565,37.53678442,127.0931008,tree,100.0
TREE_14566,37.50328135,127.1278037,tree,100.0
TREE_14567,37.498487789,127.076115405,tree,100.0
TREE_14568,37.48917269,127.09966542,tree,100.0
TREE_14569,37.49463684,127.1194124,tree,100.0
TREE_14570,37.49598637,127.1213197,tree,100.0
TREE_14571,37.51083181,127.1303963,tree,100.0
TREE_14572,37.52479556,127.1268916,tree,100.0
TREE_14573,37.51052666,127.1303564,tree,100.0
TREE_14574,37.53724732,127.0962506,tree,100.0
TREE_14575,37.494330342,127.081319751,tree,100.0
TREE_14576,37.53116154,127.1206079,tree,100.0
TREE_14577,37.51505476,127.1304821,tree,100.0
TREE_14578,37.49470184,127.1195206,tree,100.0
TREE_14579,37.50342846,127.1278974,tree,100.0
TREE_14580,37.51103328,127.1304281,tree,100.0
TREE_14581,37.51897765,127.0705455,tree,100.0
TREE_14582,37.494209515,127.081504116,tree,100.0
TREE_14583,37.489182505,127.098833593,tree,100.0
TREE_14584,37.498232609,127.076349298,tree,100.0
TREE_14585,37.52490636,127.1268276,tree,100.0
TREE_14586,37.52403774,127.1274003,tree,100.0
TREE_14587,37.51853774,127.0704094,tree,100.0
TREE_14588,37.489509642,127.105328874,tree,100.0
TREE_14589,37.49559727,127.1208294,tree,100.0
TREE_14590,37.53536687,127.1125196,tree,100.0
TREE_14591,37.52850721,127.0764666,tree,100.0
TREE_14592,37.49611993,127.1215276,tree,100.0
TREE_14593,37.52922979,127.1230308,tree,100.0
TREE_14594,37.51833186,127.0703391,tree,100.0
TREE_14595,37.53180711,127.0805432,tree,100.0
TREE_14596,37.489173372,127.098670401,tree,100.0
TREE_14597,37.49605927,127.1214567,tree,100.0
TREE_14598,37.53722072,127.095805,tree,100.0
TREE_14599,37.53567001,127.111653,tree,100.0
TREE_14600,37.49567813,127.1209591,tree,100.0
TREE_14601,37.53040174,127.1216542,tree,100.0
TREE_14602,37.494320574,127.08128874,tree,100.0
TREE_14603,37.491135112,127.088016565,tree,100.0
TREE_14604,37.49657228,127.1221055,tree,100.0
TREE_14605,37.50329801,127.1278572,tree,100.0
TREE_14606,37.53172534,127.0804073,tree,100.0
TREE_14607,37.491062369,127.08822241,tree,100.0
TREE_14608,37.51510074,127.1305105,tree,100.0
TREE_14609,37.51050597,127.130389,tree,100.0
TREE_14610,37.51051435,127.1303905,tree,100.0
TREE_14611,37.51518382,127.1305043,tree,100.0
TREE_14612,37.535381588,127.087726677,tree,100.0
TREE_14613,37.49095195,127.0885396,tree,100.0
TREE_14614,37.493168218,127.083276655,tree,100.0
TREE_14615,37.49086163,127.0888088,tree,100.0
TREE_14616,37.53566011,127.1117267,tree,100.0
TREE_14617,37.49349843,127.1176093,tree,100.0
TREE_14618,37.489483284,127.105349892,tree,100.0
TREE_14619,37.52401584,127.1274601,tree,100.0
TREE_14620,37.53729404,127.0963041,tree,100.0
TREE_14621,37.49613366,127.1215898,tree,100.0
TREE_14622,37.51098791,127.1304727,tree,100.0
TREE_14623,37.489159592,127.101803995,tree,100.0
TREE_14624,37.49981115,127.1254256,tree,100.0
TREE_14625,37.51112449,127.1304898,tree,100.0
TREE_14626,37.53698103,127.093917,tree,100.0
TREE_14627,37.50691693,127.1295329,tree,100.0
TREE_14628,37.51611511,127.0698447,tree,100.0
TREE_14629,37.49616332,127.1216378,tree,100.0
TREE_14630,37.51833342,127.0703016,tree,100.0
TREE_14631,37.53579297,127.1113581,tree,100.0
TREE_14632,37.50729355,127.1296658,tree,100.0
TREE_14633,37.489123129,127.099319795,tree,100.0
TREE_14634,37.489117593,127.099718504,tree,100.0
TREE_14635,37.51080457,127.1304609,tree,100.0
TREE_14636,37.51050051,127.1304189,tree,100.0
TREE_14637,37.535354024,127.087576855,tree,100.0
TREE_14638,37.53678513,127.0927855,tree,100.0
TREE_14639,37.49988169,127.1254992,tree,100.0
TREE_14640,37.53121702,127.1206313,tree,100.0
TREE_14641,37.51514581,127.1305405,tree,100.0
TREE_14642,37.49555695,127.1208563,tree,100.0
TREE_14643,37.5161739,127.0698378,tree,100.0
TREE_14644,37.52486092,127.1269347,tree,100.0
TREE_14645,37.51523209,127.1305407,tree,100.0
TREE_14646,37.51895481,127.0704622,tree,100.0
TREE_14647,37.498464432,127.076031157,tree,100.0
TREE_14648,37.489125593,127.098831686,tree,100.0
TREE_14649,37.51854312,127.07034,tree,100.0
TREE_14650,37.493197312,127.083149256,tree,100.0
TREE_14651,37.489127751,127.098673473,tree,100.0
TREE_14652,37.49620826,127.1217298,tree,100.0
TREE_14653,37.52927638,127.1230638,tree,100.0
TREE_14654,37.489457376,127.105371033,tree,100.0
TREE_14655,37.49107396,127.088052104,tree,100.0
TREE_14656,37.53182775,127.0804729,tree,100.0
TREE_14657,37.498210579,127.076267456,tree,100.0
TREE_14658,37.493100379,127.083310645,tree,100.0
TREE_14659,37.49654162,127.1221518,tree,100.0
TREE_14660,37.53058172,127.1215182,tree,100.0
TREE_14661,37.49092913,127.0884577,tree,100.0
TREE_14662,37.494176275,127.081406969,tree,100.0
TREE_14663,37.51048971,127.1304524,tree,100.0
TREE_14664,37.51624856,127.069823,tree,100.0
TREE_14665,37.51048795,127.1304537,tree,100.0
TREE_14666,37.53541834,127.1125811,tree,100.0
TREE_14667,37.53733963,127.0963603,tree,100.0
TREE_14668,37.4894184,127.1051775,tree,100.0
TREE_14669,37.53701355,127.0938832,tree,100.0
TREE_14670,37.5183327,127.0702585,tree,100.0
TREE_14671,37.49626685,127.1218305,tree,100.0
TREE_14672,37.51098181,127.1305258,tree,100.0
TREE_14673,37.52483789,127.1269857,tree,100.0
TREE_14674,37.53033166,127.1218553,tree,100.0
TREE_14675,37.51519544,127.1305792,tree,100.0
TREE_14676,37.51527871,127.1305704,tree,100.0
TREE_14677,37.51095829,127.1305292,tree,100.0
TREE_14678,37.51108414,127.1305442,tree,100.0
TREE_14679,37.52940942,127.122952,tree,100.0
TREE_14680,37.50329911,127.1279464,tree,100.0
TREE_14681,37.49082866,127.0887239,tree,100.0
TREE_14682,37.49462523,127.1195855,tree,100.0
TREE_14683,37.53730551,127.0959044,tree,100.0
TREE_14684,37.5285497,127.0763758,tree,100.0
TREE_14685,37.494288944,127.081188538,tree,100.0
TREE_14686,37.489432037,127.105394065,tree,100.0
TREE_14687,37.53030704,127.1219053,tree,100.0
TREE_14688,37.4893933,127.1051131,tree,100.0
TREE_14689,37.489069168,127.099767048,tree,100.0
TREE_14690,37.49629695,127.1218958,tree,100.0
TREE_14691,37.48907264,127.099369221,tree,100.0
TREE_14692,37.51893657,127.0704043,tree,100.0
TREE_14693,37.53573335,127.1117277,tree,100.0
TREE_14694,37.493134736,127.083178418,tree,100.0
TREE_14695,37.489105209,127.101955703,tree,100.0
TREE_14696,37.53127679,127.1206451,tree,100.0
TREE_14697,37.4941349,127.1188381,tree,100.0
TREE_14698,37.48937402,127.1050329,tree,100.0
TREE_14699,37.49551662,127.1208966,tree,100.0
TREE_14700,37.49976523,127.1254835,tree,100.0
TREE_14701,37.51047479,127.1304867,tree,100.0
TREE_14702,37.4908442,127.1116439,tree,100.0
TREE_14703,37.489094351,127.101834035,tree,100.0
TREE_14704,37.51077302,127.1305308,tree,100.0
TREE_14705,37.5073051,127.1297521,tree,100.0
TREE_14706,37.51532774,127.130599,tree,100.0
TREE_14707,37.49090753,127.0884027,tree,100.0
TREE_14708,37.5357212,127.1118013,tree,100.0
TREE_14709,37.51854061,127.0702693,tree,100.0
TREE_14710,37.489070134,127.09883711,tree,100.0
TREE_14711,37.49407055,127.1187577,tree,100.0
TREE_14712,37.494278287,127.081161709,tree,100.0
TREE_14713,37.52932325,127.1230975,tree,100.0
TREE_14714,37.492595678,127.084205074,tree,100.0
TREE_14715,37.49259568,127.0842051,tree,100.0
TREE_14716,37.51524681,127.1306141,tree,100.0
TREE_14717,37.49983077,127.125557,tree,100.0
TREE_14718,37.48934893,127.1049563,tree,100.0
TREE_14719,37.5164086,127.0697935,tree,100.0
TREE_14720,37.53056958,127.1216207,tree,100.0
TREE_14721,37.489070278,127.098670246,tree,100.0
TREE_14722,37.51833419,127.0702054,tree,100.0
TREE_14723,37.49081377,127.0886549,tree,100.0
TREE_14724,37.49629825,127.1219481,tree,100.0
TREE_14725,37.50335128,127.128026,tree,100.0
TREE_14726,37.53545327,127.1126329,tree,100.0
TREE_14727,37.50692526,127.1296464,tree,100.0
TREE_14728,37.489400931,127.105417427,tree,100.0
TREE_14729,37.498440956,127.075945375,tree,100.0
TREE_14730,37.494155911,127.081332428,tree,100.0
TREE_14731,37.5302364,127.1220532,tree,100.0
TREE_14732,37.53705886,127.0938463,tree,100.0
TREE_14733,37.493085256,127.083203941,tree,100.0
TREE_14734,37.48932868,127.1048907,tree,100.0
TREE_14735,37.53411969,127.0843859,tree,100.0
TREE_14736,37.53185239,127.0803861,tree,100.0
TREE_14737,37.53548284,127.087683674,tree,100.0
TREE_14738,37.51096948,127.1305913,tree,100.0
TREE_14739,37.494271133,127.081133626,tree,100.0
TREE_14740,37.489029398,127.09980985,tree,100.0
TREE_14741,37.53735789,127.0959651,tree,100.0
TREE_14742,37.490983636,127.088092397,tree,100.0
TREE_14743,37.51105191,127.1306034,tree,100.0
TREE_14744,37.50745558,127.1298406,tree,100.0
TREE_14745,37.49080982,127.1116577,tree,100.0
TREE_14746,37.48931034,127.1048396,tree,100.0
TREE_14747,37.49630541,127.1219888,tree,100.0
TREE_14748,37.51647838,127.0697761,tree,100.0
TREE_14749,37.51095669,127.1306021,tree,100.0
TREE_14750,37.53020614,127.1221202,tree,100.0
TREE_14751,37.48929588,127.1047764,tree,100.0
TREE_14752,37.51538758,127.1306393,tree,100.0
TREE_14753,37.51530236,127.1306491,tree,100.0
TREE_14754,37.53587887,127.1114397,tree,100.0
TREE_14755,37.498181936,127.076164806,tree,100.0
TREE_14756,37.489055358,127.101974793,tree,100.0
TREE_14757,37.51891038,127.070328,tree,100.0
TREE_14758,37.4954763,127.1209324,tree,100.0
TREE_14759,37.53545076,127.087531048,tree,100.0
TREE_14760,37.49296651,127.083378629,tree,100.0
TREE_14761,37.53055256,127.1217038,tree,100.0
TREE_14762,37.48928143,127.1047096,tree,100.0
TREE_14763,37.50232626,127.1274522,tree,100.0
TREE_14764,37.5074057,127.1298419,tree,100.0
TREE_14765,37.489044839,127.101854093,tree,100.0
TREE_14766,37.4997286,127.1255362,tree,100.0
TREE_14767,37.51094547,127.1306202,tree,100.0
TREE_14768,37.49079438,127.0885885,tree,100.0
TREE_14769,37.5107472,127.1305972,tree,100.0
TREE_14770,37.489352017,127.105323764,tree,100.0
TREE_14771,37.49252235,127.0842444,tree,100.0
TREE_14772,37.492522347,127.084244428,tree,100.0
TREE_14773,37.4936141,127.1180898,tree,100.0
TREE_14774,37.50326278,127.1280309,tree,100.0
TREE_14775,37.489367137,127.105440674,tree,100.0
TREE_14776,37.51832947,127.0701468,tree,100.0
TREE_14777,37.494256115,127.081095641,tree,100.0
TREE_14778,37.53547214,127.1127064,tree,100.0
TREE_14779,37.51099532,127.1306363,tree,100.0
TREE_14780,37.489016149,127.098824211,tree,100.0
TREE_14781,37.50720729,127.1297962,tree,100.0
TREE_14782,37.53707743,127.0937129,tree,100.0
TREE_14783,37.48925347,127.1046002,tree,100.0
TREE_14784,37.5072775,127.1298205,tree,100.0
TREE_14785,37.489020683,127.098664148,tree,100.0
TREE_14786,37.48926019,127.1046609,tree,100.0
TREE_14787,37.48932746,127.1051979,tree,100.0
TREE_14788,37.492570109,127.084121361,tree,100.0
TREE_14789,37.53015088,127.1222359,tree,100.0
TREE_14790,37.53114393,127.120962,tree,100.0
TREE_14791,37.53579327,127.1117896,tree,100.0
TREE_14792,37.493008123,127.083245876,tree,100.0
TREE_14793,37.49077853,127.1116824,tree,100.0
TREE_14794,37.5076066,127.1299361,tree,100.0
TREE_14795,37.51544045,127.1306744,tree,100.0
TREE_14796,37.5073194,127.1298482,tree,100.0
TREE_14797,37.50331009,127.1280812,tree,100.0
TREE_14798,37.5374111,127.0960308,tree,100.0
TREE_14799,37.49979374,127.1256262,tree,100.0
TREE_14800,37.48923224,127.1045333,tree,100.0
TREE_14801,37.51663745,127.0697514,tree,100.0
TREE_14802,37.50692762,127.1297231,tree,100.0
TREE_14803,37.51536255,127.1306889,tree,100.0
TREE_14804,37.49447637,127.1195519,tree,100.0
TREE_14805,37.53011991,127.1222985,tree,100.0
TREE_14806,37.488975655,127.099860335,tree,100.0
TREE_14807,37.49628575,127.1220478,tree,100.0
TREE_14808,37.5318775,127.0803091,tree,100.0
TREE_14809,37.489342741,127.105465296,tree,100.0
TREE_14810,37.494246802,127.081054566,tree,100.0
TREE_14811,37.53578678,127.1118746,tree,100.0
TREE_14812,37.50736696,127.1298816,tree,100.0
TREE_14813,37.49400619,127.1188191,tree,100.0
TREE_14814,37.498417135,127.075859078,tree,100.0
TREE_14815,37.49453836,127.1196617,tree,100.0
TREE_14816,37.51668702,127.069744,tree,100.0
TREE_14817,37.52951238,127.1230226,tree,100.0
TREE_14818,37.53009585,127.1223455,tree,100.0
TREE_14819,37.50252351,127.1276376,tree,100.0
TREE_14820,37.48920693,127.1044564,tree,100.0
TREE_14821,37.51095653,127.1306717,tree,100.0
TREE_14822,37.53008362,127.1223711,tree,100.0
TREE_14823,37.49076823,127.0885208,tree,100.0
TREE_14824,37.51888194,127.0702518,tree,100.0
TREE_14825,37.494236425,127.081047399,tree,100.0
TREE_14826,37.50710193,127.1298083,tree,100.0
TREE_14827,37.53548116,127.1128026,tree,100.0
TREE_14828,37.4892554,127.1049344,tree,100.0
TREE_14829,37.50741032,127.1299127,tree,100.0
TREE_14830,37.48918766,127.1043689,tree,100.0
TREE_14831,37.50770758,127.1300049,tree,100.0
TREE_14832,37.51676743,127.0697392,tree,100.0
TREE_14833,37.50228035,127.1275065,tree,100.0
TREE_14834,37.494231594,127.081033138,tree,100.0
TREE_14835,37.488992278,127.102002804,tree,100.0
TREE_14836,37.5154945,127.1307136,tree,100.0
TREE_14837,37.51855254,127.0701405,tree,100.0
TREE_14838,37.5074574,127.1299392,tree,100.0
TREE_14839,37.51683517,127.0697434,tree,100.0
TREE_14840,37.51071709,127.1306654,tree,100.0
TREE_14841,37.5109092,127.1306904,tree,100.0
TREE_14842,37.53749956,127.096543,tree,100.0
TREE_14843,37.489303734,127.105387075,tree,100.0
TREE_14844,37.498158624,127.076077966,tree,100.0
TREE_14845,37.5371224,127.0936692,tree,100.0
TREE_14846,37.49062871,127.1113509,tree,100.0
TREE_14847,37.51832921,127.0700753,tree,100.0
TREE_14848,37.53592872,127.1115244,tree,100.0
TREE_14849,37.51541723,127.1307278,tree,100.0
TREE_14850,37.49542254,127.1209862,tree,100.0
TREE_14851,37.50328245,127.1281215,tree,100.0
TREE_14852,37.51097621,127.1307033,tree,100.0
TREE_14853,37.53745664,127.0960809,tree,100.0
TREE_14854,37.53698757,127.0929112,tree,100.0
TREE_14855,37.535570602,127.087649235,tree,100.0
TREE_14856,37.492493574,127.084155874,tree,100.0
TREE_14857,37.49074754,127.1117422,tree,100.0
TREE_14858,37.50250666,127.1276664,tree,100.0
TREE_14859,37.489310218,127.105491608,tree,100.0
TREE_14860,37.488936423,127.099905059,tree,100.0
TREE_14861,37.53714473,127.0937557,tree,100.0
TREE_14862,37.49254197,127.084046496,tree,100.0
TREE_14863,37.50750909,127.1299694,tree,100.0
TREE_14864,37.494226599,127.081013845,tree,100.0
TREE_14865,37.488973829,127.101892804,tree,100.0
TREE_14866,37.49088165,127.0880889,tree,100.0
TREE_14867,37.49354991,127.1181268,tree,100.0
TREE_14868,37.50786472,127.1300819,tree,100.0
TREE_14869,37.52860938,127.0762093,tree,100.0
TREE_14870,37.492829607,127.08345467,tree,100.0
TREE_14871,37.53189598,127.0802463,tree,100.0
TREE_14872,37.49624644,127.1220822,tree,100.0
TREE_14873,37.52957425,127.1230197,tree,100.0
TREE_14874,37.48914232,127.1042206,tree,100.0
TREE_14875,37.50797739,127.1301212,tree,100.0
TREE_14876,37.53001112,127.1225177,tree,100.0
TREE_14877,37.51885132,127.0701968,tree,100.0
TREE_14878,37.53543648,127.1130281,tree,100.0
TREE_14879,37.53584417,127.111853,tree,100.0
TREE_14880,37.494225773,127.080991477,tree,100.0
TREE_14881,37.53181423,127.0801155,tree,100.0
TREE_14882,37.5109158,127.1307204,tree,100.0
TREE_14883,37.53046732,127.1219676,tree,100.0
TREE_14884,37.50755706,127.1300042,tree,100.0
TREE_14885,37.50791617,127.1301097,tree,100.0
TREE_14886,37.53541346,127.1131065,tree,100.0
TREE_14887,37.5155434,127.1307454,tree,100.0
TREE_14888,37.52944669,127.1231803,tree,100.0
TREE_14889,37.5312276,127.1209865,tree,100.0
TREE_14890,37.53143709,127.1206973,tree,100.0
TREE_14891,37.49395646,127.1188498,tree,100.0
TREE_14892,37.48918732,127.1047314,tree,100.0
TREE_14893,37.4891211,127.1041513,tree,100.0
TREE_14894,37.50801878,127.1301519,tree,100.0
TREE_14895,37.4905838,127.1113234,tree,100.0
TREE_14896,37.53537868,127.1132233,tree,100.0
TREE_14897,37.49073503,127.1118013,tree,100.0
TREE_14898,37.52998619,127.1225734,tree,100.0
TREE_14899,37.50704976,127.1298573,tree,100.0
TREE_14900,37.5296178,127.1230055,tree,100.0
TREE_14901,37.535552032,127.087493704,tree,100.0
TREE_14902,37.49966069,127.1256278,tree,100.0
TREE_14903,37.5154778,127.1307686,tree,100.0
TREE_14904,37.488903506,127.099940747,tree,100.0
TREE_14905,37.51069701,127.1307156,tree,100.0
TREE_14906,37.53754747,127.0965987,tree,100.0
TREE_14907,37.494214822,127.080965593,tree,100.0
TREE_14908,37.489279046,127.105522173,tree,100.0
TREE_14909,37.53532939,127.1133833,tree,100.0
TREE_14910,37.536121616,127.089208204,tree,100.0
TREE_14911,37.5076295,127.1300512,tree,100.0
TREE_14912,37.498392502,127.075773094,tree,100.0
TREE_14913,37.48909891,127.1040735,tree,100.0
TREE_14914,37.53750784,127.0961445,tree,100.0
TREE_14915,37.489261078,127.105429267,tree,100.0
TREE_14916,37.51087341,127.1307468,tree,100.0
TREE_14917,37.51036746,127.1306765,tree,100.0
TREE_14918,37.52995847,127.1226303,tree,100.0
TREE_14919,37.492858228,127.083320615,tree,100.0
TREE_14920,37.488917503,127.098804683,tree,100.0
TREE_14921,37.5353034,127.1134688,tree,100.0
TREE_14922,37.53716534,127.0936248,tree,100.0
TREE_14923,37.489163236,127.1046961,tree,100.0
TREE_14924,37.53425692,127.0843275,tree,100.0
TREE_14925,37.488918639,127.098641364,tree,100.0
TREE_14926,37.53584788,127.1119506,tree,100.0
TREE_14927,37.51558868,127.130775,tree,100.0
TREE_14928,37.51832783,127.0700046,tree,100.0
TREE_14929,37.53718605,127.093713,tree,100.0
TREE_14930,37.49972755,127.125715,tree,100.0
TREE_14931,37.488931231,127.102032096,tree,100.0
TREE_14932,37.48907769,127.1040018,tree,100.0
TREE_14933,37.49083428,127.0880739,tree,100.0
TREE_14934,37.52966842,127.1229884,tree,100.0
TREE_14935,37.53705651,127.0929549,tree,100.0
TREE_14936,37.494208708,127.080934777,tree,100.0
TREE_14937,37.52992858,127.1226904,tree,100.0
TREE_14938,37.492757249,127.083485249,tree,100.0
TREE_14939,37.50223314,127.1275731,tree,100.0
TREE_14940,37.5188105,127.0701277,tree,100.0
TREE_14941,37.488920046,127.10191265,tree,100.0
TREE_14942,37.53038208,127.1221474,tree,100.0
TREE_14943,37.51855448,127.0700542,tree,100.0
TREE_14944,37.498137271,127.075992947,tree,100.0
TREE_14945,37.53523892,127.1136835,tree,100.0
TREE_14946,37.52945851,127.12323,tree,100.0
TREE_14947,37.49251512,127.083960368,tree,100.0
TREE_14948,37.49054124,127.1113011,tree,100.0
TREE_14949,37.489120582,127.104477866,tree,100.0
TREE_14950,37.5103992,127.1307082,tree,100.0
TREE_14951,37.51096851,127.130788,tree,100.0
TREE_14952,37.5352194,127.1137495,tree,100.0
TREE_14953,37.496896771,127.077307532,tree,100.0
TREE_14954,37.489251942,127.105546792,tree,100.0
TREE_14955,37.49350098,127.1181681,tree,100.0
TREE_14956,37.53183178,127.0800427,tree,100.0
TREE_14957,37.51086895,127.1307805,tree,100.0
TREE_14958,37.48905461,127.1039215,tree,100.0
TREE_14959,37.53519593,127.1138214,tree,100.0
TREE_14960,37.49619403,127.1221215,tree,100.0
TREE_14961,37.49535085,127.1210265,tree,100.0
TREE_14962,37.49071106,127.1118649,tree,100.0
TREE_14963,37.48910583,127.1044305,tree,100.0
TREE_14964,37.5303549,127.1222049,tree,100.0
TREE_14965,37.53759057,127.09665,tree,100.0
TREE_14966,37.53192504,127.0801631,tree,100.0
TREE_14967,37.52989274,127.1227635,tree,100.0
TREE_14968,37.50777669,127.1301468,tree,100.0
TREE_14969,37.52971629,127.1229709,tree,100.0
TREE_14970,37.51554921,127.130817,tree,100.0
TREE_14971,37.496854477,127.077329953,tree,100.0
TREE_14972,37.492792917,127.083357728,tree,100.0
TREE_14973,37.5108601,127.1307968,tree,100.0
TREE_14974,37.488855713,127.099987935,tree,100.0
TREE_14975,37.48908666,127.1043581,tree,100.0
TREE_14976,37.489111641,127.104588203,tree,100.0
TREE_14977,37.48903206,127.103847,tree,100.0
TREE_14978,37.49438044,127.1196461,tree,100.0
TREE_14979,37.53032826,127.1222621,tree,100.0
TREE_14980,37.48921955,127.105464419,tree,100.0
TREE_14981,37.50817271,127.1302713,tree,100.0
TREE_14982,37.49050511,127.1112778,tree,100.0
TREE_14983,37.50685305,127.1298677,tree,100.0
TREE_14984,37.53720463,127.0935848,tree,100.0
TREE_14985,37.49543308,127.1211755,tree,100.0
TREE_14986,37.50244523,127.1277554,tree,100.0
TREE_14987,37.5375658,127.0962102,tree,100.0
TREE_14988,37.5351143,127.114093,tree,100.0
TREE_14989,37.492447745,127.084021698,tree,100.0
TREE_14990,37.51085272,127.1308108,tree,100.0
TREE_14991,37.53552964,127.1130148,tree,100.0
TREE_14992,37.52985966,127.1228351,tree,100.0
TREE_14993,37.496814115,127.077352402,tree,100.0
TREE_14994,37.53550767,127.1130768,tree,100.0
TREE_14995,37.48901181,127.1037692,tree,100.0
TREE_14996,37.536182156,127.089196553,tree,100.0
TREE_14997,37.488863021,127.098780779,tree,100.0
TREE_14998,37.48906269,127.1042832,tree,100.0
TREE_14999,37.50826706,127.1303104,tree,100.0
TREE_15000,37.53029766,127.1223203,tree,100.0
TREE_15001,37.53590866,127.1119319,tree,100.0
TREE_15002,37.49389649,127.1189054,tree,100.0
TREE_15003,37.492685788,127.083527184,tree,100.0
TREE_15004,37.488867315,127.098623964,tree,100.0
TREE_15005,37.53548479,127.113153,tree,100.0
TREE_15006,37.53723141,127.0936704,tree,100.0
TREE_15007,37.49394622,127.1189932,tree,100.0
TREE_15008,37.49080922,127.0879962,tree,100.0
TREE_15009,37.494189483,127.080873525,tree,100.0
TREE_15010,37.53509478,127.1141681,tree,100.0
TREE_15011,37.51034121,127.1307528,tree,100.0
TREE_15012,37.50321449,127.1282343,tree,100.0
TREE_15013,37.53546318,127.1132269,tree,100.0
TREE_15014,37.52947146,127.1232927,tree,100.0
TREE_15015,37.51876742,127.070053,tree,100.0
TREE_15016,37.51568122,127.1308378,tree,100.0
TREE_15017,37.5106683,127.1308036,tree,100.0
TREE_15018,37.50786802,127.1302128,tree,100.0
TREE_15019,37.49836787,127.075686344,tree,100.0
TREE_15020,37.53544028,127.1133013,tree,100.0
TREE_15021,37.51084419,127.1308315,tree,100.0
TREE_15022,37.51097332,127.1308473,tree,100.0
TREE_15023,37.496771327,127.077372808,tree,100.0
TREE_15024,37.53153371,127.1207317,tree,100.0
TREE_15025,37.53027111,127.1223798,tree,100.0
TREE_15026,37.52864552,127.0760754,tree,100.0
TREE_15027,37.48898768,127.1036987,tree,100.0
TREE_15028,37.48887019,127.102053724,tree,100.0
TREE_15029,37.489207901,127.10558244,tree,100.0
TREE_15030,37.51855647,127.0699821,tree,100.0
TREE_15031,37.5350515,127.1143119,tree,100.0
TREE_15032,37.53542047,127.1133723,tree,100.0
TREE_15033,37.49068112,127.1119317,tree,100.0
TREE_15034,37.51036871,127.1307753,tree,100.0
TREE_15035,37.49046578,127.1112547,tree,100.0
TREE_15036,37.53539926,127.113437,tree,100.0
TREE_15037,37.53764199,127.0967096,tree,100.0
TREE_15038,37.53185384,127.0799722,tree,100.0
TREE_15039,37.492486129,127.083877953,tree,100.0
TREE_15040,37.52981118,127.1229361,tree,100.0
TREE_15041,37.492725221,127.083395543,tree,100.0
TREE_15042,37.488858183,127.101942671,tree,100.0
TREE_15043,37.488815585,127.100027117,tree,100.0
TREE_15044,37.49022236,127.1104398,tree,100.0
TREE_15045,37.4903068,127.1107355,tree,100.0
TREE_15046,37.50837781,127.1303719,tree,100.0
TREE_15047,37.51832522,127.0699084,tree,100.0
TREE_15048,37.49035104,127.1108954,tree,100.0
TREE_15049,37.53503223,127.1143794,tree,100.0
TREE_15050,37.53538172,127.113498,tree,100.0
TREE_15051,37.48897033,127.1036222,tree,100.0
TREE_15052,37.49023494,127.1104964,tree,100.0
TREE_15053,37.50831247,127.1303582,tree,100.0
TREE_15054,37.49032762,127.1108204,tree,100.0
TREE_15055,37.49105301,127.1130314,tree,100.0
TREE_15056,37.53024555,127.1224334,tree,100.0
TREE_15057,37.53590895,127.1120211,tree,100.0
TREE_15058,37.4904056,127.111088,tree,100.0
TREE_15059,37.53713888,127.0930032,tree,100.0
TREE_15060,37.496729441,127.07739472,tree,100.0
TREE_15061,37.498114537,127.075906191,tree,100.0
TREE_15062,37.5353622,127.1135614,tree,100.0
TREE_15063,37.5021873,127.1276449,tree,100.0
TREE_15064,37.53501414,127.1144387,tree,100.0
TREE_15065,37.49038034,127.1110208,tree,100.0
TREE_15066,37.49096865,127.1128169,tree,100.0
TREE_15067,37.51871767,127.0700052,tree,100.0
TREE_15068,37.496907422,127.077182451,tree,100.0
TREE_15069,37.51083436,127.13086,tree,100.0
TREE_15070,37.50842022,127.1303969,tree,100.0
TREE_15071,37.49024684,127.1105721,tree,100.0
TREE_15072,37.49042138,127.1111635,tree,100.0
TREE_15073,37.53534172,127.1136319,tree,100.0
TREE_15074,37.49530604,127.1210848,tree,100.0
TREE_15075,37.49025847,127.1106163,tree,100.0
TREE_15076,37.49095141,127.1127768,tree,100.0
TREE_15077,37.49098885,127.1128834,tree,100.0
TREE_15078,37.49035497,127.1109539,tree,100.0
TREE_15079,37.49101309,127.1129523,tree,100.0
TREE_15080,37.53499317,127.1145088,tree,100.0
TREE_15081,37.494051981,127.08101965,tree,100.0
TREE_15082,37.488830076,127.098607195,tree,100.0
TREE_15083,37.53194912,127.0800767,tree,100.0
TREE_15084,37.48899912,127.1040604,tree,100.0
TREE_15085,37.53532087,127.1136978,tree,100.0
TREE_15086,37.48894911,127.1035505,tree,100.0
TREE_15087,37.50682005,127.1299216,tree,100.0
TREE_15088,37.53021585,127.1224941,tree,100.0
TREE_15089,37.53529821,127.1137704,tree,100.0
TREE_15090,37.496685434,127.077418692,tree,100.0
TREE_15091,37.53726908,127.093633,tree,100.0
TREE_15092,37.489181475,127.105605359,tree,100.0
TREE_15093,37.49014917,127.1102648,tree,100.0
TREE_15094,37.49042553,127.1112146,tree,100.0
TREE_15095,37.50241044,127.1278105,tree,100.0
TREE_15096,37.5349735,127.11458,tree,100.0
TREE_15097,37.50697015,127.1299826,tree,100.0
TREE_15098,37.49016761,127.1103353,tree,100.0
TREE_15099,37.49109149,127.1131978,tree,100.0
TREE_15100,37.53435401,127.0842858,tree,100.0
TREE_15101,37.49612688,127.1221788,tree,100.0
TREE_15102,37.49391112,127.1190356,tree,100.0
TREE_15103,37.52948577,127.1233533,tree,100.0
TREE_15104,37.48897804,127.1039807,tree,100.0
TREE_15105,37.51031711,127.1308083,tree,100.0
TREE_15106,37.496857599,127.077206553,tree,100.0
TREE_15107,37.49385407,127.1189464,tree,100.0
TREE_15108,37.49017238,127.1103746,tree,100.0
TREE_15109,37.5352804,127.11384,tree,100.0
TREE_15110,37.53137524,127.1210259,tree,100.0
TREE_15111,37.51064249,127.1308592,tree,100.0
TREE_15112,37.5349572,127.1146407,tree,100.0
TREE_15113,37.536240724,127.089190573,tree,100.0
TREE_15114,37.53157959,127.1207453,tree,100.0
TREE_15115,37.49007054,127.1100108,tree,100.0
TREE_15116,37.49012372,127.1102104,tree,100.0
TREE_15117,37.53525623,127.1139111,tree,100.0
TREE_15118,37.48987042,127.1092359,tree,100.0
TREE_15119,37.49008678,127.1100768,tree,100.0
TREE_15120,37.489156984,127.105515219,tree,100.0
TREE_15121,37.51080731,127.1308851,tree,100.0
TREE_15122,37.48999517,127.1097327,tree,100.0
TREE_15123,37.49005083,127.1099443,tree,100.0
TREE_15124,37.50311037,127.1282456,tree,100.0
TREE_15125,37.535721359,127.087586151,tree,100.0
TREE_15126,37.492467584,127.083827239,tree,100.0
TREE_15127,37.49664436,127.077440094,tree,100.0
TREE_15128,37.4889221,127.103463,tree,100.0
TREE_15129,37.5349385,127.1147047,tree,100.0
TREE_15130,37.51867016,127.0699546,tree,100.0
TREE_15131,37.492661188,127.083428357,tree,100.0
TREE_15132,37.49437915,127.1197997,tree,100.0
TREE_15133,37.53523516,127.1139867,tree,100.0
TREE_15134,37.488797446,127.098757017,tree,100.0
TREE_15135,37.4911853,127.1135024,tree,100.0
TREE_15136,37.49537015,127.1212306,tree,100.0
TREE_15137,37.49002147,127.1098749,tree,100.0
TREE_15138,37.488770849,127.100082024,tree,100.0
TREE_15139,37.48895407,127.1039034,tree,100.0
TREE_15140,37.49009561,127.1101547,tree,100.0
TREE_15141,37.496814337,127.077228989,tree,100.0
TREE_15142,37.53521557,127.114051,tree,100.0
TREE_15143,37.53016031,127.1226114,tree,100.0
TREE_15144,37.53769877,127.0967753,tree,100.0
TREE_15145,37.50808995,127.1303572,tree,100.0
TREE_15146,37.48996627,127.1096849,tree,100.0
TREE_15147,37.48999941,127.109813,tree,100.0
TREE_15148,37.48890281,127.1033973,tree,100.0
TREE_15149,37.488807541,127.101958494,tree,100.0
TREE_15150,37.492409378,127.08390765,tree,100.0
TREE_15151,37.49347887,127.1183604,tree,100.0
TREE_15152,37.51096413,127.1309256,tree,100.0
TREE_15153,37.49120502,127.1135788,tree,100.0
TREE_15154,37.488811739,127.102080902,tree,100.0
TREE_15155,37.489153022,127.105624025,tree,100.0
TREE_15156,37.49391558,127.1190959,tree,100.0
TREE_15157,37.48994532,127.1096214,tree,100.0
TREE_15158,37.53606903,127.1117047,tree,100.0
TREE_15159,37.48893586,127.1038345,tree,100.0
TREE_15160,37.49394791,127.1191542,tree,100.0
TREE_15161,37.49122595,127.1136515,tree,100.0
TREE_15162,37.50678796,127.1299651,tree,100.0
TREE_15163,37.48989108,127.1094243,tree,100.0
TREE_15164,37.49369733,127.1187488,tree,100.0
TREE_15165,37.4962601,127.1224001,tree,100.0
TREE_15166,37.5301325,127.1226675,tree,100.0
TREE_15167,37.49834144,127.075593812,tree,100.0
TREE_15168,37.496775038,127.077246424,tree,100.0
TREE_15169,37.492548917,127.083598565,tree,100.0
TREE_15170,37.49610191,127.1222093,tree,100.0
TREE_15171,37.53196647,127.080012,tree,100.0
TREE_15172,37.48888525,127.1033399,tree,100.0
TREE_15173,37.49124375,127.1137121,tree,100.0
TREE_15174,37.494032889,127.08095072,tree,100.0
TREE_15175,37.53485977,127.1149603,tree,100.0
TREE_15176,37.48990311,127.1095067,tree,100.0
TREE_15177,37.48991827,127.1095672,tree,100.0
TREE_15178,37.48986426,127.1093542,tree,100.0
TREE_15179,37.49129001,127.1138442,tree,100.0
TREE_15180,37.51033239,127.1308602,tree,100.0
TREE_15181,37.48891574,127.1037584,tree,100.0
TREE_15182,37.53768029,127.0963436,tree,100.0
TREE_15183,37.49131323,127.11391,tree,100.0
TREE_15184,37.53731209,127.0935866,tree,100.0
TREE_15185,37.49378521,127.1189232,tree,100.0
TREE_15186,37.4888679,127.1032645,tree,100.0
TREE_15187,37.49963125,127.125851,tree,100.0
TREE_15188,37.53010885,127.1227183,tree,100.0
TREE_15189,37.49133422,127.1139751,tree,100.0
TREE_15190,37.53513534,127.1143283,tree,100.0
TREE_15191,37.496733688,127.077271053,tree,100.0
TREE_15192,37.51081011,127.1309375,tree,100.0
TREE_15193,37.49125634,127.1137804,tree,100.0
TREE_15194,37.53598669,127.1120221,tree,100.0
TREE_15195,37.535714075,127.087436217,tree,100.0
TREE_15196,37.49381488,127.1189806,tree,100.0
TREE_15197,37.49435406,127.1198344,tree,100.0
TREE_15198,37.53730784,127.0935089,tree,100.0
TREE_15199,37.48912795,127.105646946,tree,100.0
TREE_15200,37.5023735,127.1278687,tree,100.0
TREE_15201,37.492592787,127.08346482,tree,100.0
TREE_15202,37.53511722,127.114392,tree,100.0
TREE_15203,37.48889465,127.1036859,tree,100.0
TREE_15204,37.52950409,127.1234268,tree,100.0
TREE_15205,37.489006331,127.104767625,tree,100.0
TREE_15206,37.488728912,127.100128441,tree,100.0
TREE_15207,37.50213428,127.127724,tree,100.0
TREE_15208,37.50307778,127.1282998,tree,100.0
TREE_15209,37.492447781,127.083743533,tree,100.0
TREE_15210,37.49351835,127.1185039,tree,100.0
TREE_15211,37.53597232,127.1121056,tree,100.0
TREE_15212,37.5102902,127.1308787,tree,100.0
TREE_15213,37.496691522,127.077291569,tree,100.0
TREE_15214,37.48884474,127.1031965,tree,100.0
TREE_15215,37.53509765,127.1144679,tree,100.0
TREE_15216,37.5348032,127.1151564,tree,100.0
TREE_15217,37.49402596,127.1193561,tree,100.0
TREE_15218,37.53007471,127.1227923,tree,100.0
TREE_15219,37.51060951,127.1309345,tree,100.0
TREE_15220,37.53775135,127.0968376,tree,100.0
TREE_15221,37.496490839,127.077518622,tree,100.0
TREE_15222,37.492467687,127.083681596,tree,100.0
TREE_15223,37.53507483,127.1145372,tree,100.0
TREE_15224,37.49353679,127.1185596,tree,100.0
TREE_15225,37.4952254,127.121134,tree,100.0
TREE_15226,37.489097655,127.105563192,tree,100.0
TREE_15227,37.51093857,127.1309832,tree,100.0
TREE_15228,37.48887164,127.1036123,tree,100.0
TREE_15229,37.53478437,127.1152235,tree,100.0
TREE_15230,37.49406147,127.1194279,tree,100.0
TREE_15231,37.53189632,127.0798303,tree,100.0
TREE_15232,37.50859776,127.1305585,tree,100.0
TREE_15233,37.49141337,127.1142538,tree,100.0
TREE_15234,37.49605482,127.122228,tree,100.0
TREE_15235,37.50866205,127.1305768,tree,100.0
TREE_15236,37.53505288,127.1146106,tree,100.0
TREE_15237,37.489104911,127.105668169,tree,100.0
TREE_15238,37.49622051,127.1224333,tree,100.0
TREE_15239,37.53004898,127.1228449,tree,100.0
TREE_15240,37.49357201,127.1186367,tree,100.0
TREE_15241,37.49410225,127.1195027,tree,100.0
TREE_15242,37.51031178,127.1309067,tree,100.0
TREE_15243,37.488757024,127.102108809,tree,100.0
TREE_15244,37.48881967,127.1030956,tree,100.0
TREE_15245,37.50675675,127.1300194,tree,100.0
TREE_15246,37.50866145,127.1305818,tree,100.0
TREE_15247,37.535793367,127.087557458,tree,100.0
TREE_15248,37.488730181,127.098719433,tree,100.0
TREE_15249,37.496449359,127.077539512,tree,100.0
TREE_15250,37.53503683,127.114668,tree,100.0
TREE_15251,37.4888496,127.1035217,tree,100.0
TREE_15252,37.50827382,127.1304894,tree,100.0
TREE_15253,37.49414908,127.1195948,tree,100.0
TREE_15254,37.53773372,127.0964087,tree,100.0
TREE_15255,37.49143095,127.1143353,tree,100.0
TREE_15256,37.53198942,127.0799394,tree,100.0
TREE_15257,37.49419063,127.1196628,tree,100.0
TREE_15258,37.51078423,127.1309874,tree,100.0
TREE_15259,37.53474877,127.1153476,tree,100.0
TREE_15260,37.53501667,127.1147342,tree,100.0
TREE_15261,37.53002433,127.1228945,tree,100.0
TREE_15262,37.52951483,127.1234754,tree,100.0
TREE_15263,37.536330798,127.0891731,tree,100.0
TREE_15264,37.488738937,127.101995621,tree,100.0
TREE_15265,37.488693375,127.10017327,tree,100.0
TREE_15266,37.48879942,127.1030227,tree,100.0
TREE_15267,37.50869782,127.1306083,tree,100.0
TREE_15268,37.53735854,127.0935432,tree,100.0
TREE_15269,37.496604952,127.077335211,tree,100.0
TREE_15270,37.50234502,127.1279118,tree,100.0
TREE_15271,37.52870806,127.0759222,tree,100.0
TREE_15272,37.53500008,127.1147921,tree,100.0
TREE_15273,37.53473139,127.1154077,tree,100.0
TREE_15274,37.492525848,127.08349215,tree,100.0
TREE_15275,37.489085936,127.105686848,tree,100.0
TREE_15276,37.496408564,127.077559924,tree,100.0
TREE_15277,37.488719441,127.098542745,tree,100.0
TREE_15278,37.50847073,127.1305606,tree,100.0
TREE_15279,37.50871579,127.1306215,tree,100.0
TREE_15280,37.48882659,127.1034528,tree,100.0
TREE_15281,37.49144204,127.1143977,tree,100.0
TREE_15282,37.498316718,127.07550715,tree,100.0
TREE_15283,37.50057174,127.126692,tree,100.0
TREE_15284,37.4952974,127.1212955,tree,100.0
TREE_15285,37.50050862,127.1266461,tree,100.0
TREE_15286,37.53148683,127.1210635,tree,100.0
TREE_15287,37.50062812,127.1267408,tree,100.0
TREE_15288,37.52999983,127.1229514,tree,100.0
TREE_15289,37.49148456,127.1145151,tree,100.0
TREE_15290,37.53446602,127.0842461,tree,100.0
TREE_15291,37.50044509,127.1266032,tree,100.0
TREE_15292,37.50067788,127.1267822,tree,100.0
TREE_15293,37.50875544,127.1306424,tree,100.0
TREE_15294,37.5003963,127.1265694,tree,100.0
TREE_15295,37.49602883,127.1222577,tree,100.0
TREE_15296,37.49145714,127.1144619,tree,100.0
TREE_15297,37.49150344,127.1145729,tree,100.0
TREE_15298,37.50072764,127.1268235,tree,100.0
TREE_15299,37.496563895,127.077354213,tree,100.0
TREE_15300,37.50034214,127.126531,tree,100.0
TREE_15301,37.48877433,127.1029449,tree,100.0
TREE_15302,37.5105837,127.1309955,tree,100.0
TREE_15303,37.5007792,127.1268704,tree,100.0
TREE_15304,37.51025808,127.1309487,tree,100.0
TREE_15305,37.49072485,127.087711,tree,100.0
TREE_15306,37.50082345,127.1269056,tree,100.0
TREE_15307,37.53493116,127.11501,tree,100.0
TREE_15308,37.496358952,127.07758489,tree,100.0
TREE_15309,37.5084132,127.1305702,tree,100.0
TREE_15310,37.53781082,127.0969034,tree,100.0
TREE_15311,37.53469023,127.1155577,tree,100.0
TREE_15312,37.5002873,127.1265004,tree,100.0
TREE_15313,37.53120096,127.1214838,tree,100.0
TREE_15314,37.51091434,127.1310474,tree,100.0
TREE_15315,37.50085778,127.1269377,tree,100.0
TREE_15316,37.49453889,127.1202637,tree,100.0
TREE_15317,37.51076272,127.1310309,tree,100.0
TREE_15318,37.5013303,127.1272794,tree,100.0
TREE_15319,37.489045541,127.105603033,tree,100.0
TREE_15320,37.5361415,127.1118147,tree,100.0
TREE_15321,37.48875589,127.1028778,tree,100.0
TREE_15322,37.50022611,127.1264617,tree,100.0
TREE_15323,37.5357518,127.1129593,tree,100.0
TREE_15324,37.48878709,127.1033016,tree,100.0
TREE_15325,37.49617642,127.1224682,tree,100.0
TREE_15326,37.52952292,127.1235285,tree,100.0
TREE_15327,37.496523366,127.077373703,tree,100.0
TREE_15328,37.50091361,127.1269878,tree,100.0
TREE_15329,37.5346665,127.115634,tree,100.0
TREE_15330,37.53605229,127.1120967,tree,100.0
TREE_15331,37.49150735,127.1146341,tree,100.0
TREE_15332,37.493990146,127.080823971,tree,100.0
TREE_15333,37.49437492,127.1200291,tree,100.0
TREE_15334,37.53489796,127.1151187,tree,100.0
TREE_15335,37.53151601,127.1210735,tree,100.0
TREE_15336,37.488681486,127.098685838,tree,100.0
TREE_15337,37.489055447,127.105710611,tree,100.0
TREE_15338,37.53778517,127.0964712,tree,100.0
TREE_15339,37.488653507,127.100224791,tree,100.0
TREE_15340,37.49457313,127.1203293,tree,100.0
TREE_15341,37.53172111,127.1207926,tree,100.0
TREE_15342,37.51029489,127.1309748,tree,100.0
TREE_15343,37.50016451,127.126422,tree,100.0
TREE_15344,37.5010163,127.1270727,tree,100.0
TREE_15345,37.492463269,127.083524966,tree,100.0
TREE_15346,37.4915378,127.1147246,tree,100.0
TREE_15347,37.49631422,127.077605778,tree,100.0
TREE_15348,37.5014044,127.1273523,tree,100.0
TREE_15349,37.53580162,127.1128573,tree,100.0
TREE_15350,37.488912525,127.10468116,tree,100.0
TREE_15351,37.488698059,127.102135462,tree,100.0
TREE_15352,37.49516715,127.1211878,tree,100.0
TREE_15353,37.48876697,127.1032158,tree,100.0
TREE_15354,37.50106634,127.1271173,tree,100.0
TREE_15355,37.488676528,127.098513281,tree,100.0
TREE_15356,37.48873467,127.1028036,tree,100.0
TREE_15357,37.49444187,127.1201553,tree,100.0
TREE_15358,37.49462734,127.1204306,tree,100.0
TREE_15359,37.50010948,127.1263944,tree,100.0
TREE_15360,37.53487454,127.1152128,tree,100.0
TREE_15361,37.494112881,127.080598718,tree,100.0
TREE_15362,37.49337266,127.1184449,tree,100.0
TREE_15363,37.50113264,127.1271733,tree,100.0
TREE_15364,37.53604244,127.1121859,tree,100.0
TREE_15365,37.53201555,127.0798593,tree,100.0
TREE_15366,37.4934042,127.1185043,tree,100.0
TREE_15367,37.49347099,127.1186193,tree,100.0
TREE_15368,37.488680367,127.102018633,tree,100.0
TREE_15369,37.50871242,127.1306855,tree,100.0
TREE_15370,37.49353036,127.1187251,tree,100.0
TREE_15371,37.49599585,127.1222918,tree,100.0
TREE_15372,37.53461797,127.1157992,tree,100.0
TREE_15373,37.5299065,127.1231399,tree,100.0
TREE_15374,37.496270977,127.07762671,tree,100.0
TREE_15375,37.48874588,127.103153,tree,100.0
TREE_15376,37.49356376,127.11879,tree,100.0
TREE_15377,37.49348212,127.1186546,tree,100.0
TREE_15378,37.50829514,127.130591,tree,100.0
TREE_15379,37.49362127,127.118892,tree,100.0
TREE_15380,37.50122597,127.1272576,tree,100.0
TREE_15381,37.53582436,127.087398823,tree,100.0
TREE_15382,37.489030373,127.105736083,tree,100.0
TREE_15383,37.50128937,127.1273028,tree,100.0
TREE_15384,37.53785666,127.0969568,tree,100.0
TREE_15385,37.51027507,127.1310073,tree,100.0
TREE_15386,37.49070094,127.0876404,tree,100.0
TREE_15387,37.48871054,127.1027283,tree,100.0
TREE_15388,37.49946497,127.1258901,tree,100.0
TREE_15389,37.50201984,127.1277994,tree,100.0
TREE_15390,37.51024563,127.1310053,tree,100.0
TREE_15391,37.535874389,127.087528714,tree,100.0
TREE_15392,37.53482574,127.1153742,tree,100.0
TREE_15393,37.5312339,127.1215219,tree,100.0
TREE_15394,37.53155619,127.121087,tree,100.0
TREE_15395,37.4999833,127.1263297,tree,100.0
TREE_15396,37.52987747,127.1232013,tree,100.0
TREE_15397,37.498292084,127.075422423,tree,100.0
TREE_15398,37.488616527,127.10027041,tree,100.0
TREE_15399,37.496232344,127.077646582,tree,100.0
TREE_15400,37.48869801,127.1026809,tree,100.0
TREE_15401,37.49371589,127.1190739,tree,100.0
TREE_15402,37.534530016,127.084222308,tree,100.0
TREE_15403,37.489003701,127.105640527,tree,100.0
TREE_15404,37.51055502,127.1310637,tree,100.0
TREE_15405,37.53458755,127.1159134,tree,100.0
TREE_15406,37.49380123,127.1192186,tree,100.0
TREE_15407,37.48872191,127.1030721,tree,100.0
TREE_15408,37.4936825,127.1190256,tree,100.0
TREE_15409,37.49164207,127.1150689,tree,100.0
TREE_15410,37.53480799,127.1154372,tree,100.0
TREE_15411,37.53176847,127.1208051,tree,100.0
TREE_15412,37.50893282,127.1307687,tree,100.0
TREE_15413,37.49479799,127.1207406,tree,100.0
TREE_15414,37.49161657,127.1150162,tree,100.0
TREE_15415,37.50306819,127.1284592,tree,100.0
TREE_15416,37.53578975,127.1130051,tree,100.0
TREE_15417,37.4938235,127.1192613,tree,100.0
TREE_15418,37.50684748,127.13018,tree,100.0
TREE_15419,37.51074054,127.1310956,tree,100.0
TREE_15420,37.52946543,127.1236765,tree,100.0
TREE_15421,37.50669623,127.1301285,tree,100.0
TREE_15422,37.49384762,127.1193039,tree,100.0
TREE_15423,37.488640371,127.098483782,tree,100.0
TREE_15424,37.53641859,127.089147151,tree,100.0
TREE_15425,37.488639241,127.098482374,tree,100.0
TREE_15426,37.49166877,127.1151499,tree,100.0
TREE_15427,37.52985649,127.1232466,tree,100.0
TREE_15428,37.53583482,127.1128986,tree,100.0
TREE_15429,37.49396595,127.080754234,tree,100.0
TREE_15430,37.48870754,127.1030069,tree,100.0
TREE_15431,37.5347885,127.1155065,tree,100.0
TREE_15432,37.49481674,127.1207855,tree,100.0
TREE_15433,37.53744074,127.093472,tree,100.0
TREE_15434,37.496188424,127.077668491,tree,100.0
TREE_15435,37.51085405,127.1311232,tree,100.0
TREE_15436,37.48862495,127.098656625,tree,100.0
TREE_15437,37.48867581,127.1026176,tree,100.0
TREE_15438,37.49989327,127.1262877,tree,100.0
TREE_15439,37.49485823,127.1208536,tree,100.0
TREE_15440,37.50875527,127.1307469,tree,100.0
TREE_15441,37.498038529,127.075635226,tree,100.0
TREE_15442,37.50142231,127.127444,tree,100.0
TREE_15443,37.50899431,127.1308061,tree,100.0
TREE_15444,37.488996499,127.105759842,tree,100.0
TREE_15445,37.4916791,127.1152117,tree,100.0
TREE_15446,37.52356439,127.1284788,tree,100.0
TREE_15447,37.49612777,127.1225309,tree,100.0
TREE_15448,37.49403685,127.1196434,tree,100.0
TREE_15449,37.53476159,127.1156,tree,100.0
TREE_15450,37.48866317,127.1025737,tree,100.0
TREE_15451,37.49232174,127.083661888,tree,100.0
TREE_15452,37.49388101,127.1193985,tree,100.0
TREE_15453,37.49392368,127.119469,tree,100.0
TREE_15454,37.49488885,127.1209139,tree,100.0
TREE_15455,37.491704,127.1152789,tree,100.0
TREE_15456,37.50147758,127.1274933,tree,100.0
TREE_15457,37.49595818,127.1223311,tree,100.0
TREE_15458,37.537904544,127.097011099,tree,100.0
TREE_15459,37.496147666,127.077690444,tree,100.0
TREE_15460,37.50902279,127.1308263,tree,100.0
TREE_15461,37.53468816,127.0844767,tree,100.0
TREE_15462,37.50829333,127.1306512,tree,100.0
TREE_15463,37.53452867,127.1161213,tree,100.0
TREE_15464,37.494085881,127.080519454,tree,100.0
TREE_15465,37.488579902,127.100322048,tree,100.0
TREE_15466,37.49020732,127.1112559,tree,100.0
TREE_15467,37.49067477,127.0875656,tree,100.0
TREE_15468,37.496313037,127.077481996,tree,100.0
TREE_15469,37.50905962,127.1308411,tree,100.0
TREE_15470,37.49022873,127.1113309,tree,100.0
TREE_15471,37.4952099,127.1213771,tree,100.0
TREE_15472,37.48864869,127.1025348,tree,100.0
TREE_15473,37.53787464,127.0965698,tree,100.0
TREE_15474,37.49172323,127.1153527,tree,100.0
TREE_15475,37.49510173,127.1212344,tree,100.0
TREE_15476,37.49025027,127.1114156,tree,100.0
TREE_15477,37.53611566,127.1121799,tree,100.0
TREE_15478,37.49492047,127.120986,tree,100.0
TREE_15479,37.49027332,127.111496,tree,100.0
TREE_15480,37.49367966,127.1191041,tree,100.0
TREE_15481,37.52979246,127.1233752,tree,100.0
TREE_15482,37.5316059,127.1211093,tree,100.0
TREE_15483,37.48863811,127.1024667,tree,100.0
TREE_15484,37.53450946,127.1161939,tree,100.0
TREE_15485,37.51020886,127.1310706,tree,100.0
TREE_15486,37.53621389,127.1119021,tree,100.0
TREE_15487,37.53747393,127.0934707,tree,100.0
TREE_15488,37.494958,127.1210492,tree,100.0
TREE_15489,37.4961061,127.077710848,tree,100.0
TREE_15490,37.49012101,127.1110175,tree,100.0
TREE_15491,37.53182097,127.1208206,tree,100.0
TREE_15492,37.53470712,127.1157837,tree,100.0
TREE_15493,37.5361024,127.1122592,tree,100.0
TREE_15494,37.496272918,127.077501486,tree,100.0
TREE_15495,37.492367068,127.08350587,tree,100.0
TREE_15496,37.49009615,127.1109482,tree,100.0
TREE_15497,37.535932877,127.087500095,tree,100.0
TREE_15498,37.49407025,127.1197529,tree,100.0
TREE_15499,37.53448632,127.1162623,tree,100.0
TREE_15500,37.4900264,127.1107116,tree,100.0
TREE_15501,37.53582987,127.1130522,tree,100.0
TREE_15502,37.52353849,127.1285381,tree,100.0
TREE_15503,37.50913757,127.1308821,tree,100.0
TREE_15504,37.49498863,127.1211085,tree,100.0
TREE_15505,37.49000245,127.1106369,tree,100.0
TREE_15506,37.49004961,127.1108015,tree,100.0
TREE_15507,37.48862267,127.1024218,tree,100.0
TREE_15508,37.49972599,127.1262128,tree,100.0
TREE_15509,37.50161988,127.1276317,tree,100.0
TREE_15510,37.49426145,127.120056,tree,100.0
TREE_15511,37.49430676,127.1201255,tree,100.0
TREE_15512,37.50881578,127.1308139,tree,100.0
TREE_15513,37.49006998,127.1108789,tree,100.0
TREE_15514,37.52977947,127.1234201,tree,100.0
TREE_15515,37.50885399,127.1308254,tree,100.0
TREE_15516,37.48986907,127.1101753,tree,100.0
TREE_15517,37.488586136,127.098438825,tree,100.0
TREE_15518,37.48863823,127.1027757,tree,100.0
TREE_15519,37.48989126,127.1102628,tree,100.0
TREE_15520,37.50164525,127.1276583,tree,100.0
TREE_15521,37.53587785,127.112945,tree,100.0
TREE_15522,37.48861303,127.1023804,tree,100.0
TREE_15523,37.53447021,127.1163205,tree,100.0
TREE_15524,37.49177612,127.1155382,tree,100.0
TREE_15525,37.493941757,127.080681293,tree,100.0
TREE_15526,37.49502715,127.1211796,tree,100.0
TREE_15527,37.48991048,127.1103468,tree,100.0
TREE_15528,37.53794538,127.0970624,tree,100.0
TREE_15529,37.49507062,127.1212438,tree,100.0
TREE_15530,37.50302411,127.1285242,tree,100.0
TREE_15531,37.5346804,127.1158849,tree,100.0
TREE_15532,37.49605486,127.077737345,tree,100.0
TREE_15533,37.496230341,127.077523544,tree,100.0
TREE_15534,37.498265472,127.07533204,tree,100.0
TREE_15535,37.48984085,127.1100994,tree,100.0
TREE_15536,37.48994154,127.1104695,tree,100.0
TREE_15537,37.49607334,127.1225462,tree,100.0
TREE_15538,37.50664726,127.1301979,tree,100.0
TREE_15539,37.488569875,127.098616487,tree,100.0
TREE_15540,37.50680305,127.130253,tree,100.0
TREE_15541,37.50888836,127.1308485,tree,100.0
TREE_15542,37.48992236,127.1104118,tree,100.0
TREE_15543,37.49421915,127.1200227,tree,100.0
TREE_15544,37.52876825,127.075738,tree,100.0
TREE_15545,37.51080193,127.1311914,tree,100.0
TREE_15546,37.50170724,127.1277151,tree,100.0
TREE_15547,37.53130457,127.1215776,tree,100.0
TREE_15548,37.49439554,127.1202941,tree,100.0
TREE_15549,37.4898188,127.1100433,tree,100.0
TREE_15550,37.49039547,127.1119944,tree,100.0
TREE_15551,37.4904318,127.1121089,tree,100.0
TREE_15552,37.535909849,127.087358737,tree,100.0
TREE_15553,37.49044107,127.112139,tree,100.0
TREE_15554,37.51076359,127.1311926,tree,100.0
TREE_15555,37.48977453,127.109885,tree,100.0
TREE_15556,37.49040624,127.1120371,tree,100.0
TREE_15557,37.49434,127.1202191,tree,100.0
TREE_15558,37.48979198,127.109959,tree,100.0
TREE_15559,37.49065643,127.087478,tree,100.0
TREE_15560,37.52351448,127.1285872,tree,100.0
TREE_15561,37.49036365,127.1119162,tree,100.0
TREE_15562,37.49041856,127.1120828,tree,100.0
TREE_15563,37.49044796,127.1121713,tree,100.0
TREE_15564,37.49047283,127.1122458,tree,100.0
TREE_15565,37.498015771,127.075555878,tree,100.0
TREE_15566,37.49185912,127.1157648,tree,100.0
TREE_15567,37.48861425,127.1027045,tree,100.0
TREE_15568,37.53443192,127.1164474,tree,100.0
TREE_15569,37.496012835,127.0777598,tree,100.0
TREE_15570,37.49048431,127.1122928,tree,100.0
TREE_15571,37.49187803,127.1158116,tree,100.0
TREE_15572,37.488584162,127.102249463,tree,100.0
TREE_15573,37.49054415,127.1124729,tree,100.0
TREE_15574,37.492287619,127.083584059,tree,100.0
TREE_15575,37.48974523,127.109805,tree,100.0
TREE_15576,37.4940684,127.1198178,tree,100.0
TREE_15577,37.496186397,127.077545109,tree,100.0
TREE_15578,37.48857246,127.1020631,tree,100.0
TREE_15579,37.49363569,127.1191272,tree,100.0
TREE_15580,37.49443481,127.1203757,tree,100.0
TREE_15581,37.5082535,127.1307132,tree,100.0
TREE_15582,37.4897101,127.1096765,tree,100.0
TREE_15583,37.49056746,127.112549,tree,100.0
TREE_15584,37.49419498,127.1200167,tree,100.0
TREE_15585,37.4897248,127.1097427,tree,100.0
TREE_15586,37.49055431,127.1125171,tree,100.0
TREE_15587,37.49368733,127.1192184,tree,100.0
TREE_15588,37.49520091,127.1214643,tree,100.0
TREE_15589,37.4905764,127.112585,tree,100.0
TREE_15590,37.49060511,127.1126667,tree,100.0
TREE_15591,37.49058613,127.1126161,tree,100.0
TREE_15592,37.49059463,127.112639,tree,100.0
TREE_15593,37.50831579,127.1307354,tree,100.0
TREE_15594,37.48968273,127.1095901,tree,100.0
TREE_15595,37.49061141,127.1126971,tree,100.0
TREE_15596,37.53463081,127.1160582,tree,100.0
TREE_15597,37.50904,127.1309133,tree,100.0
TREE_15598,37.4906309,127.1127566,tree,100.0
TREE_15599,37.494057488,127.080435217,tree,100.0
TREE_15600,37.49321701,127.1184401,tree,100.0
TREE_15601,37.49449222,127.1204784,tree,100.0
TREE_15602,37.49062102,127.1127338,tree,100.0
TREE_15603,37.49188778,127.1158673,tree,100.0
TREE_15604,37.53441285,127.1165227,tree,100.0
TREE_15605,37.49063661,127.1127822,tree,100.0
TREE_15606,37.53187664,127.1208382,tree,100.0
TREE_15607,37.53748771,127.0932328,tree,100.0
TREE_15608,37.495972168,127.077781203,tree,100.0
TREE_15609,37.4906456,127.1128154,tree,100.0
TREE_15610,37.49067101,127.1128895,tree,100.0
TREE_15611,37.496146687,127.077565114,tree,100.0
TREE_15612,37.490682,127.1129262,tree,100.0
TREE_15613,37.53586891,127.113099,tree,100.0
TREE_15614,37.50923578,127.130968,tree,100.0
TREE_15615,37.50186187,127.1278636,tree,100.0
TREE_15616,37.53476277,127.0844464,tree,100.0
TREE_15617,37.51018124,127.131147,tree,100.0
TREE_15618,37.4906987,127.1129885,tree,100.0
TREE_15619,37.4907209,127.1130508,tree,100.0
TREE_15620,37.49454055,127.1205721,tree,100.0
TREE_15621,37.49073199,127.113082,tree,100.0
TREE_15622,37.4907058,127.1130127,tree,100.0
TREE_15623,37.53459995,127.1161633,tree,100.0
TREE_15624,37.53591437,127.11299,tree,100.0
TREE_15625,37.49588448,127.1223885,tree,100.0
TREE_15626,37.51021022,127.1311559,tree,100.0
TREE_15627,37.49416962,127.1200267,tree,100.0
TREE_15628,37.53617223,127.1122517,tree,100.0
TREE_15629,37.488535855,127.098396676,tree,100.0
TREE_15630,37.493921331,127.08061225,tree,100.0
TREE_15631,37.49074083,127.1131234,tree,100.0
TREE_15632,37.48857016,127.1025487,tree,100.0
TREE_15633,37.49075053,127.113156,tree,100.0
TREE_15634,37.49076295,127.1131899,tree,100.0
TREE_15635,37.51071504,127.1312359,tree,100.0
TREE_15636,37.535998155,127.087479928,tree,100.0
TREE_15637,37.495929393,127.077802616,tree,100.0
TREE_15638,37.49078104,127.1132454,tree,100.0
TREE_15639,37.52348578,127.1286575,tree,100.0
TREE_15640,37.49063481,127.0874159,tree,100.0
TREE_15641,37.49076942,127.1132183,tree,100.0
TREE_15642,37.49601909,127.1225695,tree,100.0
TREE_15643,37.49078976,127.1132771,tree,100.0
TREE_15644,37.49194142,127.11604,tree,100.0
TREE_15645,37.53615668,127.1123226,tree,100.0
TREE_15646,37.49199521,127.1161573,tree,100.0
TREE_15647,37.488519146,127.098579997,tree,100.0
TREE_15648,37.49079624,127.1132992,tree,100.0
TREE_15649,37.49081052,127.113339,tree,100.0
TREE_15650,37.49461306,127.120705,tree,100.0
TREE_15651,37.52928951,127.1240626,tree,100.0
TREE_15652,37.51077533,127.1312539,tree,100.0
TREE_15653,37.53801225,127.0971402,tree,100.0
TREE_15654,37.49081908,127.1133743,tree,100.0
TREE_15655,37.53756113,127.0934867,tree,100.0
TREE_15656,37.49196317,127.1161054,tree,100.0
TREE_15657,37.49083823,127.1134313,tree,100.0
TREE_15658,37.4908254,127.1133999,tree,100.0
TREE_15659,37.49084792,127.1134606,tree,100.0
TREE_15660,37.49455821,127.120639,tree,100.0
TREE_15661,37.48855003,127.1024774,tree,100.0
TREE_15662,37.49464931,127.1207745,tree,100.0
TREE_15663,37.49085926,127.1134999,tree,100.0
TREE_15664,37.48875051,127.104749885,tree,100.0
TREE_15665,37.49520215,127.121545,tree,100.0
TREE_15666,37.49087595,127.1135459,tree,100.0
TREE_15667,37.49202755,127.116253,tree,100.0
TREE_15668,37.49459486,127.1207001,tree,100.0
TREE_15669,37.498240748,127.075247891,tree,100.0
TREE_15670,37.49088491,127.1135816,tree,100.0
TREE_15671,37.53171318,127.12114,tree,100.0
TREE_15672,37.4940551,127.1199017,tree,100.0
TREE_15673,37.53434787,127.1167505,tree,100.0
TREE_15674,37.49089139,127.1136037,tree,100.0
TREE_15675,37.49091591,127.1136687,tree,100.0
TREE_15676,37.49587734,127.077828601,tree,100.0
TREE_15677,37.48851846,127.1020434,tree,100.0
TREE_15678,37.49089763,127.1136217,tree,100.0
TREE_15679,37.49359311,127.1191676,tree,100.0
TREE_15680,37.49468557,127.120844,tree,100.0
TREE_15681,37.50229475,127.1281897,tree,100.0
TREE_15682,37.53455697,127.1163287,tree,100.0
TREE_15683,37.52925928,127.1241249,tree,100.0
TREE_15684,37.50921927,127.1310135,tree,100.0
TREE_15685,37.49091687,127.113683,tree,100.0
TREE_15686,37.53629526,127.111978,tree,100.0
TREE_15687,37.51070205,127.1312695,tree,100.0
TREE_15688,37.49092461,127.1137111,tree,100.0
TREE_15689,37.48852991,127.1023989,tree,100.0
TREE_15690,37.49093302,127.1137357,tree,100.0
TREE_15691,37.50822369,127.1307848,tree,100.0
TREE_15692,37.49094345,127.113772,tree,100.0
TREE_15693,37.49025845,127.111821,tree,100.0
TREE_15694,37.53432736,127.1168209,tree,100.0
TREE_15695,37.49095468,127.113806,tree,100.0
TREE_15696,37.497991267,127.07546551,tree,100.0
TREE_15697,37.53193473,127.1208568,tree,100.0
TREE_15698,37.488745889,127.104884236,tree,100.0
TREE_15699,37.49411307,127.1200224,tree,100.0
TREE_15700,37.53452471,127.1164289,tree,100.0
TREE_15701,37.53755109,127.0932727,tree,100.0
TREE_15702,37.494032339,127.080359075,tree,100.0
TREE_15703,37.496017145,127.077630799,tree,100.0
TREE_15704,37.5065946,127.1302895,tree,100.0
TREE_15705,37.49473693,127.1209437,tree,100.0
TREE_15706,37.49096538,127.1138427,tree,100.0
TREE_15707,37.53590809,127.1131446,tree,100.0
TREE_15708,37.51018591,127.1312079,tree,100.0
TREE_15709,37.5380088,127.096729,tree,100.0
TREE_15710,37.4909744,127.1138735,tree,100.0
TREE_15711,37.49584571,127.1224241,tree,100.0
TREE_15712,37.49098256,127.1139012,tree,100.0
TREE_15713,37.49019687,127.11166,tree,100.0
TREE_15714,37.53595181,127.1130348,tree,100.0
TREE_15715,37.52923975,127.1241754,tree,100.0
TREE_15716,37.49528528,127.1217063,tree,100.0
TREE_15717,37.50938306,127.1310685,tree,100.0
TREE_15718,37.53431131,127.1168781,tree,100.0
TREE_15719,37.49362883,127.1192711,tree,100.0
TREE_15720,37.49582194,127.077858181,tree,100.0
TREE_15721,37.49061315,127.0873453,tree,100.0
TREE_15722,37.49315963,127.1184823,tree,100.0
TREE_15723,37.5107606,127.1313007,tree,100.0
TREE_15724,37.49100853,127.1139786,tree,100.0
TREE_15725,37.49099442,127.1139446,tree,100.0
TREE_15726,37.50040698,127.126917,tree,100.0
TREE_15727,37.53760487,127.0935116,tree,100.0
TREE_15728,37.51015859,127.1312174,tree,100.0
TREE_15729,37.49101436,127.1140029,tree,100.0
TREE_15730,37.488484402,127.098347462,tree,100.0
TREE_15731,37.50827645,127.1308221,tree,100.0
TREE_15732,37.49102696,127.1140388,tree,100.0
TREE_15733,37.49597003,127.1225972,tree,100.0
TREE_15734,37.49452369,127.1206664,tree,100.0
TREE_15735,37.50042538,127.1269387,tree,100.0
TREE_15736,37.495976616,127.077651316,tree,100.0
TREE_15737,37.49103347,127.1140642,tree,100.0
TREE_15738,37.53429423,127.116936,tree,100.0
TREE_15739,37.48884393,127.105766265,tree,100.0
TREE_15740,37.492288349,127.083376234,tree,100.0
TREE_15741,37.49104346,127.1140951,tree,100.0
TREE_15742,37.49531134,127.1217658,tree,100.0
TREE_15743,37.49105264,127.1141194,tree,100.0
TREE_15744,37.50034991,127.1268861,tree,100.0
TREE_15745,37.50047891,127.1269845,tree,100.0
TREE_15746,37.494991091,127.07892202,tree,100.0
TREE_15747,37.48847628,127.1018995,tree,100.0
TREE_15748,37.50054248,127.1270342,tree,100.0
TREE_15749,37.493893951,127.080533697,tree,100.0
TREE_15750,37.49484267,127.121131,tree,100.0
TREE_15751,37.5094358,127.1310981,tree,100.0
TREE_15752,37.536006624,127.087324247,tree,100.0
TREE_15753,37.50078363,127.127216,tree,100.0
TREE_15754,37.49106166,127.1141536,tree,100.0
TREE_15755,37.494889044,127.079057637,tree,100.0
TREE_15756,37.488465525,127.098534397,tree,100.0
TREE_15757,37.488489894,127.102279015,tree,100.0
TREE_15758,37.48848989,127.102279,tree,100.0
TREE_15759,37.49106987,127.1141812,tree,100.0
TREE_15760,37.50071042,127.1271671,tree,100.0
TREE_15761,37.52343173,127.128773,tree,100.0
TREE_15762,37.49107975,127.1142093,tree,100.0
TREE_15763,37.50058071,127.1270717,tree,100.0
TREE_15764,37.53176028,127.121157,tree,100.0
TREE_15765,37.52881284,127.0756076,tree,100.0
TREE_15766,37.495776273,127.077881144,tree,100.0
TREE_15767,37.49455179,127.1207301,tree,100.0
TREE_15768,37.5002648,127.1268343,tree,100.0
TREE_15769,37.50232435,127.1282693,tree,100.0
TREE_15770,37.53622988,127.1123095,tree,100.0
TREE_15771,37.49917121,127.1259375,tree,100.0
TREE_15772,37.488701026,127.104777011,tree,100.0
TREE_15773,37.536063413,127.087454101,tree,100.0
TREE_15774,37.51016757,127.1312437,tree,100.0
TREE_15775,37.495935267,127.077673889,tree,100.0
TREE_15776,37.49582552,127.1224491,tree,100.0
TREE_15777,37.53448072,127.1165984,tree,100.0
TREE_15778,37.5291843,127.1242801,tree,100.0
TREE_15779,37.53620871,127.1123831,tree,100.0
TREE_15780,37.50672473,127.1303791,tree,100.0
TREE_15781,37.49108909,127.1142517,tree,100.0
TREE_15782,37.49535352,127.1218489,tree,100.0
TREE_15783,37.49110686,127.1142993,tree,100.0
TREE_15784,37.488422409,127.100508733,tree,100.0
TREE_15785,37.49478527,127.1210826,tree,100.0
TREE_15786,37.49111153,127.1143205,tree,100.0
TREE_15787,37.49112071,127.1143448,tree,100.0
TREE_15788,37.49492424,127.121279,tree,100.0
TREE_15789,37.49541596,127.1219377,tree,100.0
TREE_15790,37.49408236,127.1200538,tree,100.0
TREE_15791,37.53141135,127.1216581,tree,100.0
TREE_15792,37.49913003,127.1259175,tree,100.0
TREE_15793,37.48845161,127.10183,tree,100.0
TREE_15794,37.49112914,127.1143779,tree,100.0
TREE_15795,37.50086956,127.1273104,tree,100.0
TREE_15796,37.5319848,127.1208732,tree,100.0
TREE_15797,37.49115218,127.1144452,tree,100.0
TREE_15798,37.50017572,127.1267926,tree,100.0
TREE_15799,37.495723812,127.077909171,tree,100.0
TREE_15800,37.498216114,127.075164508,tree,100.0
TREE_15801,37.53598753,127.1130748,tree,100.0
TREE_15802,37.488696387,127.104908534,tree,100.0
TREE_15803,37.495892135,127.077693394,tree,100.0
TREE_15804,37.49113084,127.1144064,tree,100.0
TREE_15805,37.50954955,127.1311614,tree,100.0
TREE_15806,37.50008155,127.1267262,tree,100.0
TREE_15807,37.50092053,127.1273603,tree,100.0
TREE_15808,37.49058924,127.0872719,tree,100.0
TREE_15809,37.53423502,127.1171392,tree,100.0
TREE_15810,37.53806644,127.0967944,tree,100.0
TREE_15811,37.53595007,127.1131934,tree,100.0
TREE_15812,37.48843474,127.1017687,tree,100.0
TREE_15813,37.49489101,127.1212669,tree,100.0
TREE_15814,37.50932256,127.1311226,tree,100.0
TREE_15815,37.50098042,127.1274123,tree,100.0
TREE_15816,37.52340459,127.1288342,tree,100.0
TREE_15817,37.51066963,127.1313526,tree,100.0
TREE_15818,37.494006337,127.080279049,tree,100.0
TREE_15819,37.49115479,127.1144899,tree,100.0
TREE_15820,37.49905433,127.1258815,tree,100.0
TREE_15821,37.52915288,127.1243586,tree,100.0
TREE_15822,37.5101399,127.1312771,tree,100.0
TREE_15823,37.49118423,127.1145696,tree,100.0
TREE_15824,37.50002151,127.1266945,tree,100.0
TREE_15825,37.497968512,127.075381754,tree,100.0
TREE_15826,37.49311105,127.1185193,tree,100.0
TREE_15827,37.53421437,127.117208,tree,100.0
TREE_15828,37.4954914,127.1220855,tree,100.0
TREE_15829,37.488432403,127.098296838,tree,100.0
TREE_15830,37.50243457,127.1283894,tree,100.0
TREE_15831,37.53766918,127.093553,tree,100.0
TREE_15832,37.495848739,127.077717506,tree,100.0
TREE_15833,37.492207282,127.083418681,tree,100.0
TREE_15834,37.51073696,127.1313731,tree,100.0
TREE_15835,37.49120606,127.1146382,tree,100.0
TREE_15836,37.48844433,127.102264962,tree,100.0
TREE_15837,37.488389389,127.100580489,tree,100.0
TREE_15838,37.48844433,127.102265,tree,100.0
TREE_15839,37.50108562,127.127505,tree,100.0
TREE_15840,37.495672489,127.07793314,tree,100.0
TREE_15841,37.49996104,127.1266581,tree,100.0
TREE_15842,37.49406061,127.1200843,tree,100.0
TREE_15843,37.53202968,127.0793958,tree,100.0
TREE_15844,37.494969444,127.078854972,tree,100.0
TREE_15845,37.49578293,127.1224654,tree,100.0
TREE_15846,37.493870964,127.080463052,tree,100.0
TREE_15847,37.49492134,127.1213387,tree,100.0
TREE_15848,37.53440425,127.1168508,tree,100.0
TREE_15849,37.53144205,127.1216781,tree,100.0
TREE_15850,37.50936567,127.1311522,tree,100.0
TREE_15851,37.49122212,127.1146906,tree,100.0
TREE_15852,37.49124641,127.1147486,tree,100.0
TREE_15853,37.51014879,127.1312951,tree,100.0
TREE_15854,37.49898105,127.1258395,tree,100.0
TREE_15855,37.50114665,127.1275589,tree,100.0
TREE_15856,37.49397818,127.1199697,tree,100.0
TREE_15857,37.53181703,127.1211745,tree,100.0
TREE_15858,37.49018303,127.111867,tree,100.0
TREE_15859,37.52912182,127.124422,tree,100.0
TREE_15860,37.50653316,127.1303735,tree,100.0
TREE_15861,37.488652678,127.104806959,tree,100.0
TREE_15862,37.49446751,127.1207132,tree,100.0
TREE_15863,37.4999085,127.1266345,tree,100.0
TREE_15864,37.50121249,127.1276123,tree,100.0
TREE_15865,37.5343876,127.1169085,tree,100.0
TREE_15866,37.50250087,127.1284536,tree,100.0
TREE_15867,37.488782985,127.105807777,tree,100.0
TREE_15868,37.49574199,127.1224376,tree,100.0
TREE_15869,37.49510438,127.1216093,tree,100.0
TREE_15870,37.488405696,127.098481035,tree,100.0
TREE_15871,37.495801941,127.077743689,tree,100.0
TREE_15872,37.492248681,127.08329492,tree,100.0
TREE_15873,37.52338296,127.1288852,tree,100.0
TREE_15874,37.53418089,127.1173241,tree,100.0
TREE_15875,37.49450122,127.1207751,tree,100.0
TREE_15876,37.53765668,127.0933423,tree,100.0
TREE_15877,37.495622876,127.077958617,tree,100.0
TREE_15878,37.51065419,127.1313928,tree,100.0
TREE_15879,37.5096633,127.1312342,tree,100.0
TREE_15880,37.49985059,127.1266015,tree,100.0
TREE_15881,37.53638117,127.1120625,tree,100.0
TREE_15882,37.50124745,127.1276568,tree,100.0
TREE_15883,37.5320428,127.1208912,tree,100.0
TREE_15884,37.52909545,127.1244797,tree,100.0
TREE_15885,37.49056644,127.0871957,tree,100.0
TREE_15886,37.536126398,127.087422627,tree,100.0
TREE_15887,37.49472597,127.079141276,tree,100.0
TREE_15888,37.53628474,127.1123764,tree,100.0
TREE_15889,37.53625963,127.1124508,tree,100.0
TREE_15890,37.49127525,127.1148903,tree,100.0
TREE_15891,37.53435501,127.1170177,tree,100.0
TREE_15892,37.4951388,127.1216886,tree,100.0
TREE_15893,37.49563062,127.1223295,tree,100.0
TREE_15894,37.49977369,127.1265548,tree,100.0
TREE_15895,37.495760185,127.077763177,tree,100.0
TREE_15896,37.49010408,127.1117069,tree,100.0
TREE_15897,37.49403451,127.1201104,tree,100.0
TREE_15898,37.53598807,127.1132384,tree,100.0
TREE_15899,37.50135294,127.1277417,tree,100.0
TREE_15900,37.488354016,127.100643197,tree,100.0
TREE_15901,37.53603203,127.1131264,tree,100.0
TREE_15902,37.49133281,127.1150449,tree,100.0
TREE_15903,37.488640703,127.104932157,tree,100.0
TREE_15904,37.50824526,127.1309375,tree,100.0
TREE_15905,37.493855687,127.080412556,tree,100.0
TREE_15906,37.536094396,127.087292636,tree,100.0
TREE_15907,37.5349148,127.0843786,tree,100.0
TREE_15908,37.50816784,127.1309223,tree,100.0
TREE_15909,37.51071879,127.1314272,tree,100.0
TREE_15910,37.493982374,127.080208814,tree,100.0
TREE_15911,37.49885308,127.125785,tree,100.0
TREE_15912,37.49972186,127.1265283,tree,100.0
TREE_15913,37.50949625,127.1312298,tree,100.0
TREE_15914,37.52907107,127.1245309,tree,100.0
TREE_15915,37.495570254,127.077983608,tree,100.0
TREE_15916,37.49504303,127.1215823,tree,100.0
TREE_15917,37.50264435,127.1285849,tree,100.0
TREE_15918,37.50666982,127.1304695,tree,100.0
TREE_15919,37.4951792,127.1217709,tree,100.0
TREE_15920,37.52335635,127.128944,tree,100.0
TREE_15921,37.498190131,127.075076049,tree,100.0
TREE_15922,37.49567811,127.1224212,tree,100.0
TREE_15923,37.495718018,127.077785749,tree,100.0
TREE_15924,37.50941318,127.131223,tree,100.0
TREE_15925,37.49135763,127.1151383,tree,100.0
TREE_15926,37.53213925,127.0794565,tree,100.0
TREE_15927,37.49013828,127.111879,tree,100.0
TREE_15928,37.50971834,127.131285,tree,100.0
TREE_15929,37.49966224,127.1265015,tree,100.0
TREE_15930,37.492174227,127.083343534,tree,100.0
TREE_15931,37.51011462,127.1313598,tree,100.0
TREE_15932,37.49878585,127.1257512,tree,100.0
TREE_15933,37.53187305,127.1211956,tree,100.0
TREE_15934,37.49524055,127.1218771,tree,100.0
TREE_15935,37.50270514,127.1286429,tree,100.0
TREE_15936,37.53818788,127.097343,tree,100.0
TREE_15937,37.49490361,127.1214241,tree,100.0
TREE_15938,37.49227714,127.1171302,tree,100.0
TREE_15939,37.494662394,127.079164258,tree,100.0
TREE_15940,37.488600917,127.104827027,tree,100.0
TREE_15941,37.49346516,127.1192737,tree,100.0
TREE_15942,37.53774965,127.0936006,tree,100.0
TREE_15943,37.49054592,127.0871279,tree,100.0
TREE_15944,37.497942255,127.075286978,tree,100.0
TREE_15945,37.50275445,127.1286826,tree,100.0
TREE_15946,37.495674859,127.077803729,tree,100.0
TREE_15947,37.492214768,127.08323051,tree,100.0
TREE_15948,37.53410412,127.1175963,tree,100.0
TREE_15949,37.52902213,127.1246253,tree,100.0
TREE_15950,37.53209368,127.1209073,tree,100.0
TREE_15951,37.49959553,127.1264714,tree,100.0
TREE_15952,37.48834609,127.1018095,tree,100.0
TREE_15953,37.49006596,127.1117283,tree,100.0
TREE_15954,37.488313156,127.100695155,tree,100.0
TREE_15955,37.49872489,127.1257222,tree,100.0
TREE_15956,37.49956565,127.1264517,tree,100.0
TREE_15957,37.50961282,127.1312955,tree,100.0
TREE_15958,37.49138268,127.1152691,tree,100.0
TREE_15959,37.49399536,127.1201408,tree,100.0
TREE_15960,37.52886867,127.0754658,tree,100.0
TREE_15961,37.50648479,127.1304489,tree,100.0
TREE_15962,37.51007129,127.1313802,tree,100.0
TREE_15963,37.53408411,127.1176562,tree,100.0
TREE_15964,37.52332848,127.1290071,tree,100.0
TREE_15965,37.49350889,127.1193808,tree,100.0
TREE_15966,37.495476864,127.078030016,tree,100.0
TREE_15967,37.49148807,127.1155266,tree,100.0
TREE_15968,37.50664024,127.1305114,tree,100.0
TREE_15969,37.49145912,127.1154651,tree,100.0
TREE_15970,37.5360293,127.1132876,tree,100.0
TREE_15971,37.495637197,127.077821165,tree,100.0
TREE_15972,37.49497156,127.1215657,tree,100.0
TREE_15973,37.53607075,127.1131757,tree,100.0
TREE_15974,37.49952953,127.1264384,tree,100.0
TREE_15975,37.53496343,127.0843611,tree,100.0
TREE_15976,37.50969219,127.1313275,tree,100.0
TREE_15977,37.49390545,127.1200261,tree,100.0
TREE_15978,37.488588951,127.104955053,tree,100.0
TREE_15979,37.5016269,127.1280099,tree,100.0
TREE_15980,37.5340644,127.117719,tree,100.0
TREE_15981,37.49230567,127.1172572,tree,100.0
TREE_15982,37.493830855,127.080341217,tree,100.0
TREE_15983,37.48832421,127.1017448,tree,100.0
TREE_15984,37.49439633,127.1207732,tree,100.0
TREE_15985,37.53633957,127.112432,tree,100.0
TREE_15986,37.488322587,127.098491135,tree,100.0
TREE_15987,37.488348077,127.102306802,tree,100.0
TREE_15988,37.53631057,127.1125213,tree,100.0
TREE_15989,37.51010696,127.1314097,tree,100.0
TREE_15990,37.53425327,127.1173748,tree,100.0
TREE_15991,37.536782781,127.089224386,tree,100.0
TREE_15992,37.49149956,127.1155943,tree,100.0
TREE_15993,37.494566853,127.079228427,tree,100.0
TREE_15994,37.49529142,127.1220193,tree,100.0
TREE_15995,37.495434199,127.078052418,tree,100.0
TREE_15996,37.494780414,127.078926738,tree,100.0
TREE_15997,37.51070766,127.1315041,tree,100.0
TREE_15998,37.53404481,127.1177818,tree,100.0
TREE_15999,37.53823718,127.0974027,tree,100.0
TREE_16000,37.51008679,127.1314161,tree,100.0
TREE_16001,37.49442818,127.1208425,tree,100.0
TREE_16002,37.494926124,127.078713101,tree,100.0
TREE_16003,37.50990193,127.1313883,tree,100.0
TREE_16004,37.4905254,127.0870601,tree,100.0
TREE_16005,37.536205166,127.087393896,tree,100.0
TREE_16006,37.52359509,127.128896,tree,100.0
TREE_16007,37.53423072,127.1174493,tree,100.0
TREE_16008,37.49300218,127.1185882,tree,100.0
TREE_16009,37.50973171,127.1313638,tree,100.0
TREE_16010,37.49159078,127.1158296,tree,100.0
TREE_16011,37.52896605,127.1247505,tree,100.0
TREE_16012,37.52330296,127.1290643,tree,100.0
TREE_16013,37.49151395,127.1156617,tree,100.0
TREE_16014,37.488275091,127.100745308,tree,100.0
TREE_16015,37.498167515,127.074992947,tree,100.0
TREE_16016,37.49858419,127.1256556,tree,100.0
TREE_16017,37.50813168,127.1310102,tree,100.0
TREE_16018,37.49342035,127.1193105,tree,100.0
TREE_16019,37.53781163,127.0936461,tree,100.0
TREE_16020,37.53214591,127.1209244,tree,100.0
TREE_16021,37.49937106,127.1263581,tree,100.0
TREE_16022,37.53646256,127.1121441,tree,100.0
TREE_16023,37.494520181,127.079252729,tree,100.0
TREE_16024,37.49395431,127.1201678,tree,100.0
TREE_16025,37.495380564,127.07808042,tree,100.0
TREE_16026,37.53216628,127.0793529,tree,100.0
TREE_16027,37.536177661,127.08726105,tree,100.0
TREE_16028,37.49493249,127.1215864,tree,100.0
TREE_16029,37.492135841,127.08325497,tree,100.0
TREE_16030,37.49006221,127.1118938,tree,100.0
TREE_16031,37.53421066,127.1175237,tree,100.0
TREE_16032,37.494817237,127.078826132,tree,100.0
TREE_16033,37.495538372,127.07787044,tree,100.0
TREE_16034,37.52894347,127.1247999,tree,100.0
TREE_16035,37.53401386,127.1178995,tree,100.0
TREE_16036,37.53195929,127.1212123,tree,100.0
TREE_16037,37.49933905,127.1263473,tree,100.0
TREE_16038,37.488282766,127.098551727,tree,100.0
TREE_16039,37.49581477,127.1227411,tree,100.0
TREE_16040,37.50996266,127.1314308,tree,100.0
TREE_16041,37.492177424,127.083152157,tree,100.0
TREE_16042,37.49484722,127.1214886,tree,100.0
TREE_16043,37.49159737,127.1159016,tree,100.0
TREE_16044,37.495503569,127.077896617,tree,100.0
TREE_16045,37.493936338,127.080085557,tree,100.0
TREE_16046,37.49551273,127.1223742,tree,100.0
TREE_16047,37.50170234,127.1281285,tree,100.0
TREE_16048,37.48940248,127.109621,tree,100.0
TREE_16049,37.53418809,127.1175994,tree,100.0
TREE_16050,37.52892704,127.1248364,tree,100.0
TREE_16051,37.5361141,127.1132258,tree,100.0
TREE_16052,37.53607367,127.1133396,tree,100.0
TREE_16053,37.488300461,127.102323271,tree,100.0
TREE_16054,37.51068229,127.1315548,tree,100.0
TREE_16055,37.495331664,127.078105928,tree,100.0
TREE_16056,37.53399291,127.1179749,tree,100.0
TREE_16057,37.493808575,127.080268277,tree,100.0
TREE_16058,37.523277,127.1291241,tree,100.0
TREE_16059,37.50644735,127.1305236,tree,100.0
TREE_16060,37.50816894,127.1310593,tree,100.0
TREE_16061,37.50300189,127.1289359,tree,100.0
TREE_16062,37.4993086,127.1263432,tree,100.0
TREE_16063,37.51004533,127.1314623,tree,100.0
TREE_16064,37.488240272,127.100792638,tree,100.0
TREE_16065,37.50660067,127.1305825,tree,100.0
TREE_16066,37.49050374,127.0869867,tree,100.0
TREE_16067,37.488280914,127.0981407,tree,100.0
TREE_16068,37.4984443,127.125587,tree,100.0
TREE_16069,37.536843656,127.089233956,tree,100.0
TREE_16070,37.53829239,127.0974681,tree,100.0
TREE_16071,37.50304615,127.1289748,tree,100.0
TREE_16072,37.53416679,127.1176736,tree,100.0
TREE_16073,37.52891607,127.1248728,tree,100.0
TREE_16074,37.53786032,127.0937081,tree,100.0
TREE_16075,37.49295588,127.1186057,tree,100.0
TREE_16076,37.52889081,127.0753567,tree,100.0
TREE_16077,37.49444872,127.079276462,tree,100.0
TREE_16078,37.488251038,127.098592984,tree,100.0
TREE_16079,37.53636036,127.1125889,tree,100.0
TREE_16080,37.488532607,127.105101285,tree,100.0
TREE_16081,37.497905487,127.075167952,tree,100.0
TREE_16082,37.49165135,127.1160925,tree,100.0
TREE_16083,37.49528128,127.078130872,tree,100.0
TREE_16084,37.49555633,127.1224821,tree,100.0
TREE_16085,37.49167323,127.1161493,tree,100.0
TREE_16086,37.49838252,127.1255542,tree,100.0
TREE_16087,37.494663361,127.078961333,tree,100.0
TREE_16088,37.49556875,127.1224987,tree,100.0
TREE_16089,37.53220049,127.120942,tree,100.0
TREE_16090,37.49169479,127.1161978,tree,100.0
TREE_16091,37.53639391,127.1125109,tree,100.0
TREE_16092,37.51002774,127.13149,tree,100.0
TREE_16093,37.52356041,127.1290007,tree,100.0
TREE_16094,37.53783222,127.0934487,tree,100.0
TREE_16095,37.53414622,127.1177493,tree,100.0
TREE_16096,37.52325438,127.1291734,tree,100.0
TREE_16097,37.50810298,127.131079,tree,100.0
TREE_16098,37.50311719,127.1290402,tree,100.0
TREE_16099,37.53200365,127.1212331,tree,100.0
TREE_16100,37.494897647,127.078624881,tree,100.0
TREE_16101,37.53394572,127.1181288,tree,100.0
TREE_16102,37.488244428,127.098419555,tree,100.0
TREE_16103,37.49489331,127.1216296,tree,100.0
TREE_16104,37.495410978,127.077942794,tree,100.0
TREE_16105,37.5097976,127.1314606,tree,100.0
TREE_16106,37.49001632,127.1119274,tree,100.0
TREE_16107,37.492104915,127.083189215,tree,100.0
TREE_16108,37.50316834,127.1290834,tree,100.0
TREE_16109,37.53412303,127.117822,tree,100.0
TREE_16110,37.498138521,127.07490648,tree,100.0
TREE_16111,37.53614937,127.1132693,tree,100.0
TREE_16112,37.53494004,127.0840582,tree,100.0
TREE_16113,37.495230735,127.078157396,tree,100.0
TREE_16114,37.53611175,127.1133834,tree,100.0
TREE_16115,37.536242929,127.087238053,tree,100.0
TREE_16116,37.5339119,127.1182308,tree,100.0
TREE_16117,37.493893901,127.080040512,tree,100.0
TREE_16118,37.4934182,127.1194642,tree,100.0
TREE_16119,37.49576522,127.1227901,tree,100.0
TREE_16120,37.51035277,127.1315733,tree,100.0
TREE_16121,37.49048319,127.0869104,tree,100.0
TREE_16122,37.492141599,127.083073262,tree,100.0
TREE_16123,37.50321659,127.1291278,tree,100.0
TREE_16124,37.536894376,127.089239337,tree,100.0
TREE_16125,37.51054698,127.1316063,tree,100.0
TREE_16126,37.495360487,127.077967444,tree,100.0
TREE_16127,37.49335364,127.1193714,tree,100.0
TREE_16128,37.53410181,127.1178982,tree,100.0
TREE_16129,37.494788712,127.078725892,tree,100.0
TREE_16130,37.49557826,127.1225714,tree,100.0
TREE_16131,37.50172013,127.1282318,tree,100.0
TREE_16132,37.51065896,127.1316255,tree,100.0
TREE_16133,37.53834465,127.0975298,tree,100.0
TREE_16134,37.53653264,127.1122117,tree,100.0
TREE_16135,37.49239949,127.117703,tree,100.0
TREE_16136,37.49435594,127.07932506,tree,100.0
TREE_16137,37.488210297,127.098469452,tree,100.0
TREE_16138,37.49388036,127.1202244,tree,100.0
TREE_16139,37.50325428,127.1291656,tree,100.0
TREE_16140,37.4990963,127.126258,tree,100.0
TREE_16141,37.488225513,127.098084439,tree,100.0
TREE_16142,37.495179132,127.078182849,tree,100.0
TREE_16143,37.52322484,127.1292432,tree,100.0
TREE_16144,37.53388809,127.1183128,tree,100.0
TREE_16145,37.488445456,127.104794249,tree,100.0
TREE_16146,37.49433453,127.1209118,tree,100.0
TREE_16147,37.49822386,127.1254769,tree,100.0
TREE_16148,37.488437218,127.104745911,tree,100.0
TREE_16149,37.53792782,127.0937515,tree,100.0
TREE_16150,37.53407911,127.1179734,tree,100.0
TREE_16151,37.53788422,127.0934842,tree,100.0
TREE_16152,37.48997865,127.1119405,tree,100.0
TREE_16153,37.50218488,127.1285502,tree,100.0
TREE_16154,37.53225439,127.1209598,tree,100.0
TREE_16155,37.492421,127.1177713,tree,100.0
TREE_16156,37.48933098,127.1096741,tree,100.0
TREE_16157,37.495312589,127.077991038,tree,100.0
TREE_16158,37.5065513,127.1306601,tree,100.0
TREE_16159,37.50330668,127.1292117,tree,100.0
TREE_16160,37.53843883,127.1009972,tree,100.0
TREE_16161,37.494535196,127.079039826,tree,100.0
TREE_16162,37.488185618,127.098690999,tree,100.0
TREE_16163,37.5383368,127.0971149,tree,100.0
TREE_16164,37.53211826,127.0790923,tree,100.0
TREE_16165,37.5063903,127.1306084,tree,100.0
TREE_16166,37.48817159,127.1011994,tree,100.0
TREE_16167,37.51063556,127.1316527,tree,100.0
TREE_16168,37.52350307,127.1291113,tree,100.0
TREE_16169,37.536319928,127.087347988,tree,100.0
TREE_16170,37.488406115,127.104591919,tree,100.0
TREE_16171,37.53386866,127.1183858,tree,100.0
TREE_16172,37.53405682,127.1180462,tree,100.0
TREE_16173,37.497882734,127.075081994,tree,100.0
TREE_16174,37.49244956,127.1178557,tree,100.0
TREE_16175,37.49816997,127.1254566,tree,100.0
TREE_16176,37.495129067,127.078206813,tree,100.0
TREE_16177,37.53206715,127.1212568,tree,100.0
TREE_16178,37.53641468,127.1126594,tree,100.0
TREE_16179,37.49556369,127.1226118,tree,100.0
TREE_16180,37.50337025,127.1292658,tree,100.0
TREE_16181,37.49046139,127.086845,tree,100.0
TREE_16182,37.49484294,127.1216728,tree,100.0
TREE_16183,37.488387147,127.104524809,tree,100.0
TREE_16184,37.49248485,127.1179362,tree,100.0
TREE_16185,37.488145205,127.100422753,tree,100.0
TREE_16186,37.49378224,127.1201375,tree,100.0
TREE_16187,37.53619128,127.1133108,tree,100.0
TREE_16188,37.53614939,127.1134263,tree,100.0
TREE_16189,37.494872543,127.078537349,tree,100.0
TREE_16190,37.49556353,127.1226207,tree,100.0
TREE_16191,37.5022323,127.128615,tree,100.0
TREE_16192,37.533846,127.1184568,tree,100.0
TREE_16193,37.5364527,127.1125729,tree,100.0
TREE_16194,37.49891418,127.1261516,tree,100.0
TREE_16195,37.52878453,127.1251447,tree,100.0
TREE_16196,37.493871416,127.079974581,tree,100.0
TREE_16197,37.495260468,127.078017226,tree,100.0
TREE_16198,37.494277777,127.079365093,tree,100.0
TREE_16199,37.48815077,127.1011357,tree,100.0
TREE_16200,37.53629694,127.087217947,tree,100.0
TREE_16201,37.52319375,127.1293099,tree,100.0
TREE_16202,37.49919694,127.1264038,tree,100.0
TREE_16203,37.51032123,127.1316361,tree,100.0
TREE_16204,37.49330944,127.1194024,tree,100.0
TREE_16205,37.5022701,127.1286476,tree,100.0
TREE_16206,37.495083557,127.078233292,tree,100.0
TREE_16207,37.51051632,127.1316701,tree,100.0
TREE_16208,37.53839945,127.0975945,tree,100.0
TREE_16209,37.494475572,127.079065614,tree,100.0
TREE_16210,37.488366226,127.104463157,tree,100.0
TREE_16211,37.50987421,127.1315696,tree,100.0
TREE_16212,37.53512684,127.084296,tree,100.0
TREE_16213,37.49384121,127.1202592,tree,100.0
TREE_16214,37.49036229,127.0870605,tree,100.0
TREE_16215,37.49808538,127.1254136,tree,100.0
TREE_16216,37.49335824,127.1195066,tree,100.0
TREE_16217,37.53382389,127.1185398,tree,100.0
TREE_16218,37.49521175,127.078044417,tree,100.0
TREE_16219,37.488348448,127.104399937,tree,100.0
TREE_16220,37.49556045,127.1226588,tree,100.0
TREE_16221,37.49570488,127.1228376,tree,100.0
TREE_16222,37.53501415,127.0840285,tree,100.0
TREE_16223,37.493756991,127.080109423,tree,100.0
TREE_16224,37.488172385,127.098033821,tree,100.0
TREE_16225,37.53794256,127.0935221,tree,100.0
TREE_16226,37.492104498,127.082985514,tree,100.0
TREE_16227,37.53230724,127.120976,tree,100.0
TREE_16228,37.53399962,127.1182344,tree,100.0
TREE_16229,37.53838816,127.0971712,tree,100.0
TREE_16230,37.488142371,127.098581603,tree,100.0
TREE_16231,37.50805436,127.1311918,tree,100.0
TREE_16232,37.51050502,127.131696,tree,100.0
TREE_16233,37.5338035,127.118603,tree,100.0
TREE_16234,37.48992319,127.1119666,tree,100.0
TREE_16235,37.52874786,127.1252319,tree,100.0
TREE_16236,37.5384909,127.1010691,tree,100.0
TREE_16237,37.488329446,127.104338862,tree,100.0
TREE_16238,37.494756244,127.078626382,tree,100.0
TREE_16239,37.49043974,127.0867759,tree,100.0
TREE_16240,37.53222901,127.0791453,tree,100.0
TREE_16241,37.51062844,127.1317191,tree,100.0
TREE_16242,37.494211967,127.079393743,tree,100.0
TREE_16243,37.48811445,127.101075,tree,100.0
TREE_16244,37.52316758,127.1293696,tree,100.0
TREE_16245,37.494409231,127.079103459,tree,100.0
TREE_16246,37.49472681,127.1215987,tree,100.0
TREE_16247,37.50200089,127.1285269,tree,100.0
TREE_16248,37.48927364,127.1097125,tree,100.0
TREE_16249,37.495163442,127.078069552,tree,100.0
TREE_16250,37.53397867,127.1183114,tree,100.0
TREE_16251,37.50244015,127.1288045,tree,100.0
TREE_16252,37.488310692,127.104273799,tree,100.0
TREE_16253,37.52345766,127.129222,tree,100.0
TREE_16254,37.52894433,127.0751994,tree,100.0
TREE_16255,37.50351607,127.1294174,tree,100.0
TREE_16256,37.488094224,127.1004749,tree,100.0
TREE_16257,37.50246521,127.1288246,tree,100.0
TREE_16258,37.53214639,127.0790034,tree,100.0
TREE_16259,37.53623042,127.1133604,tree,100.0
TREE_16260,37.49479003,127.1217049,tree,100.0
TREE_16261,37.53618946,127.1134758,tree,100.0
TREE_16262,37.52872447,127.1252843,tree,100.0
TREE_16263,37.49426898,127.1209755,tree,100.0
TREE_16264,37.5102897,127.1316935,tree,100.0
TREE_16265,37.53660502,127.1122962,tree,100.0
TREE_16266,37.49033952,127.0869914,tree,100.0
TREE_16267,37.488292016,127.104209184,tree,100.0
TREE_16268,37.5064993,127.1307463,tree,100.0
TREE_16269,37.49794267,127.1253462,tree,100.0
TREE_16270,37.52385414,127.1290139,tree,100.0
TREE_16271,37.53845146,127.097654,tree,100.0
TREE_16272,37.536350941,127.087195012,tree,100.0
TREE_16273,37.4979045,127.1253158,tree,100.0
TREE_16274,37.488104941,127.098640406,tree,100.0
TREE_16275,37.49422028,127.1209268,tree,100.0
TREE_16276,37.49379771,127.120294,tree,100.0
TREE_16277,37.50358938,127.1294802,tree,100.0
TREE_16278,37.497855287,127.074983142,tree,100.0
TREE_16279,37.492032405,127.083025504,tree,100.0
TREE_16280,37.5287036,127.1253299,tree,100.0
TREE_16281,37.53852377,127.1011283,tree,100.0
TREE_16282,37.53647126,127.1127341,tree,100.0
TREE_16283,37.495109677,127.078092653,tree,100.0
TREE_16284,37.53394822,127.1184236,tree,100.0
TREE_16285,37.53843351,127.0972278,tree,100.0
TREE_16286,37.49414954,127.079423082,tree,100.0
TREE_16287,37.493734786,127.080046805,tree,100.0
TREE_16288,37.488271396,127.104152004,tree,100.0
TREE_16289,37.52314125,127.129429,tree,100.0
TREE_16290,37.49866677,127.1260422,tree,100.0
TREE_16291,37.51047754,127.1317466,tree,100.0
TREE_16292,37.50256489,127.1289207,tree,100.0
TREE_16293,37.49486005,127.078411889,tree,100.0
TREE_16294,37.53650928,127.112649,tree,100.0
TREE_16295,37.488122631,127.097981065,tree,100.0
TREE_16296,37.488084648,127.09883891,tree,100.0
TREE_16297,37.50631685,127.1307053,tree,100.0
TREE_16298,37.49551496,127.1227014,tree,100.0
TREE_16299,37.494925564,127.078313213,tree,100.0
TREE_16300,37.492070587,127.082917081,tree,100.0
TREE_16301,37.5106035,127.1317734,tree,100.0
TREE_16302,37.498087542,127.074735454,tree,100.0
TREE_16303,37.53216893,127.121285,tree,100.0
TREE_16304,37.52867995,127.1253793,tree,100.0
TREE_16305,37.488252086,127.104080846,tree,100.0
TREE_16306,37.49786172,127.1253084,tree,100.0
TREE_16307,37.49041579,127.0866969,tree,100.0
TREE_16308,37.5339265,127.118499,tree,100.0
TREE_16309,37.52383255,127.1290645,tree,100.0
TREE_16310,37.53507625,127.0840019,tree,100.0
TREE_16311,37.50365338,127.1295453,tree,100.0
TREE_16312,37.494308578,127.079155638,tree,100.0
TREE_16313,37.48918204,127.1095437,tree,100.0
TREE_16314,37.49171584,127.1166433,tree,100.0
TREE_16315,37.488053628,127.100540115,tree,100.0
TREE_16316,37.49860827,127.1260173,tree,100.0
TREE_16317,37.49905771,127.1264137,tree,100.0
TREE_16318,37.494880894,127.078353433,tree,100.0
TREE_16319,37.53777773,127.0922581,tree,100.0
TREE_16320,37.49329571,127.1195552,tree,100.0
TREE_16321,37.488233261,127.104016463,tree,100.0
TREE_16322,37.48922398,127.1097463,tree,100.0
TREE_16323,37.53626808,127.1134027,tree,100.0
TREE_16324,37.49031901,127.0869236,tree,100.0
TREE_16325,37.533744,127.1188475,tree,100.0
TREE_16326,37.4947503,127.1217439,tree,100.0
TREE_16327,37.50371239,127.1295928,tree,100.0
TREE_16328,37.49369614,127.1202102,tree,100.0
TREE_16329,37.52311687,127.1294831,tree,100.0
TREE_16330,37.53622982,127.1135205,tree,100.0
TREE_16331,37.52901261,127.1250801,tree,100.0
TREE_16332,37.49422403,127.1210073,tree,100.0
TREE_16333,37.53390275,127.118581,tree,100.0
TREE_16334,37.51026675,127.1317545,tree,100.0
TREE_16335,37.49912458,127.126496,tree,100.0
TREE_16336,37.52393538,127.1290324,tree,100.0
TREE_16337,37.53850358,127.0977136,tree,100.0
TREE_16338,37.488058579,127.098706202,tree,100.0
TREE_16339,37.494078104,127.079453885,tree,100.0
TREE_16340,37.50265832,127.1290232,tree,100.0
TREE_16341,37.49854044,127.1259854,tree,100.0
TREE_16342,37.52340628,127.1293371,tree,100.0
TREE_16343,37.53217073,127.0789239,tree,100.0
TREE_16344,37.488215164,127.103961012,tree,100.0
TREE_16345,37.488050523,127.098881672,tree,100.0
TREE_16346,37.50808346,127.1313044,tree,100.0
TREE_16347,37.51056139,127.1318046,tree,100.0
TREE_16348,37.53856677,127.1011833,tree,100.0
TREE_16349,37.49777909,127.1252716,tree,100.0
TREE_16350,37.49850716,127.1259601,tree,100.0
TREE_16351,37.52380952,127.129115,tree,100.0
TREE_16352,37.5384813,127.0972842,tree,100.0
TREE_16353,37.52898655,127.125127,tree,100.0
TREE_16354,37.53372608,127.1189176,tree,100.0
TREE_16355,37.50271256,127.129066,tree,100.0
TREE_16356,37.49547598,127.1227243,tree,100.0
TREE_16357,37.494999788,127.078142448,tree,100.0
TREE_16358,37.49321663,127.1194841,tree,100.0
TREE_16359,37.53387818,127.1186611,tree,100.0
TREE_16360,37.50375983,127.1296452,tree,100.0
TREE_16361,37.50276042,127.1291026,tree,100.0
TREE_16362,37.536411702,127.087172039,tree,100.0
TREE_16363,37.52409413,127.1289655,tree,100.0
TREE_16364,37.53780044,127.0922007,tree,100.0
TREE_16365,37.49845533,127.1259336,tree,100.0
TREE_16366,37.49039952,127.0866162,tree,100.0
TREE_16367,37.49771551,127.1252372,tree,100.0
TREE_16368,37.53221748,127.1213047,tree,100.0
TREE_16369,37.488070648,127.09793539,tree,100.0
TREE_16370,37.52896208,127.1251767,tree,100.0
TREE_16371,37.488026337,127.098929799,tree,100.0
TREE_16372,37.49190719,127.1171354,tree,100.0
TREE_16373,37.488009926,127.10058966,tree,100.0
TREE_16374,37.49030077,127.0868587,tree,100.0
TREE_16375,37.48913862,127.1095669,tree,100.0
TREE_16376,37.494012902,127.079495258,tree,100.0
TREE_16377,37.49204052,127.082848653,tree,100.0
TREE_16378,37.50279496,127.1291423,tree,100.0
TREE_16379,37.52379156,127.1291597,tree,100.0
TREE_16380,37.52861059,127.1255317,tree,100.0
TREE_16381,37.52308852,127.129548,tree,100.0
TREE_16382,37.50381368,127.1296967,tree,100.0
TREE_16383,37.49903435,127.1264689,tree,100.0
TREE_16384,37.52390777,127.1290956,tree,100.0
TREE_16385,37.50800225,127.1313206,tree,100.0
TREE_16386,37.53652669,127.1128045,tree,100.0
TREE_16387,37.494213501,127.079192937,tree,100.0
TREE_16388,37.49325663,127.119593,tree,100.0
TREE_16389,37.4941566,127.1209848,tree,100.0
TREE_16390,37.51045304,127.1318294,tree,100.0
TREE_16391,37.533701,127.1190184,tree,100.0
TREE_16392,37.53811011,127.0938016,tree,100.0
TREE_16393,37.49545906,127.1227492,tree,100.0
TREE_16394,37.50627941,127.13078,tree,100.0
TREE_16395,37.53525924,127.0842472,tree,100.0
TREE_16396,37.488017803,127.098763598,tree,100.0
TREE_16397,37.52893933,127.1252251,tree,100.0
TREE_16398,37.53808555,127.0936069,tree,100.0
TREE_16399,37.53668191,127.1123779,tree,100.0
TREE_16400,37.49470751,127.1217807,tree,100.0
TREE_16401,37.49764481,127.1252031,tree,100.0
TREE_16402,37.50384951,127.1297361,tree,100.0
TREE_16403,37.5363112,127.1134546,tree,100.0
TREE_16404,37.48917347,127.1097847,tree,100.0
TREE_16405,37.494175848,127.079217187,tree,100.0
TREE_16406,37.48815477,127.103821694,tree,100.0
TREE_16407,37.51024237,127.1318155,tree,100.0
TREE_16408,37.53657151,127.1127265,tree,100.0
TREE_16409,37.49805958,127.074641665,tree,100.0
TREE_16410,37.536490985,127.087290451,tree,100.0
TREE_16411,37.494912925,127.078187625,tree,100.0
TREE_16412,37.53627414,127.1135735,tree,100.0
TREE_16413,37.53782441,127.0921406,tree,100.0
TREE_16414,37.53853431,127.0973459,tree,100.0
TREE_16415,37.53219114,127.0788534,tree,100.0
TREE_16416,37.49278591,127.1188405,tree,100.0
TREE_16417,37.487989587,127.101082853,tree,100.0
TREE_16418,37.49200181,127.1173951,tree,100.0
TREE_16419,37.53861656,127.1012467,tree,100.0
TREE_16420,37.53515692,127.0839777,tree,100.0
TREE_16421,37.52414618,127.1289908,tree,100.0
TREE_16422,37.50289166,127.1292377,tree,100.0
TREE_16423,37.50389848,127.129778,tree,100.0
TREE_16424,37.52900695,127.0750675,tree,100.0
TREE_16425,37.52891837,127.1252797,tree,100.0
TREE_16426,37.488135672,127.103756906,tree,100.0
TREE_16427,37.488034459,127.097895993,tree,100.0
TREE_16428,37.487994182,127.098793759,tree,100.0
TREE_16429,37.52336206,127.1294433,tree,100.0
TREE_16430,37.48803728,127.102428999,tree,100.0
TREE_16431,37.52857112,127.1256205,tree,100.0
TREE_16432,37.5018661,127.128625,tree,100.0
TREE_16433,37.52306203,127.1296083,tree,100.0
TREE_16434,37.50162984,127.1284752,tree,100.0
TREE_16435,37.49758507,127.1251768,tree,100.0
TREE_16436,37.52388008,127.1291585,tree,100.0
TREE_16437,37.494137056,127.07924003,tree,100.0
TREE_16438,37.4978176,127.074848875,tree,100.0
TREE_16439,37.49317275,127.119523,tree,100.0
TREE_16440,37.49202565,127.1174714,tree,100.0
TREE_16441,37.49542993,127.1227698,tree,100.0
TREE_16442,37.50802604,127.1313728,tree,100.0
TREE_16443,37.493939776,127.07952607,tree,100.0
TREE_16444,37.487967261,127.100641818,tree,100.0
TREE_16445,37.48910019,127.1095913,tree,100.0
TREE_16446,37.53227026,127.1213226,tree,100.0
TREE_16447,37.5336659,127.1191542,tree,100.0
TREE_16448,37.53382437,127.1188819,tree,100.0
TREE_16449,37.49204788,127.1175261,tree,100.0
TREE_16450,37.50393815,127.1298184,tree,100.0
TREE_16451,37.50294079,127.1292887,tree,100.0
TREE_16452,37.49027572,127.0867797,tree,100.0
TREE_16453,37.487971929,127.099003093,tree,100.0
TREE_16454,37.52374982,127.1292498,tree,100.0
TREE_16455,37.494865189,127.07820097,tree,100.0
TREE_16456,37.487975747,127.098821759,tree,100.0
TREE_16457,37.52854286,127.1256718,tree,100.0
TREE_16458,37.49036544,127.0865286,tree,100.0
TREE_16459,37.494688484,127.078436272,tree,100.0
TREE_16460,37.49824813,127.1258401,tree,100.0
TREE_16461,37.536472453,127.087146236,tree,100.0
TREE_16462,37.49753306,127.1251525,tree,100.0
TREE_16463,37.487958922,127.101120926,tree,100.0
TREE_16464,37.52386492,127.1291961,tree,100.0
TREE_16465,37.49459629,127.1217099,tree,100.0
TREE_16466,37.51042967,127.1318932,tree,100.0
TREE_16467,37.53364751,127.1192245,tree,100.0
TREE_16468,37.53381153,127.1189426,tree,100.0
TREE_16469,37.49414724,127.1210803,tree,100.0
TREE_16470,37.53817323,127.0938358,tree,100.0
TREE_16471,37.53814206,127.093637,tree,100.0
TREE_16472,37.49194881,127.08287748,tree,100.0
TREE_16473,37.5039964,127.1298754,tree,100.0
TREE_16474,37.48972686,127.111923,tree,100.0
TREE_16475,37.53634957,127.113499,tree,100.0
TREE_16476,37.52851704,127.1257241,tree,100.0
TREE_16477,37.53785461,127.0920589,tree,100.0
TREE_16478,37.52303493,127.1296689,tree,100.0
TREE_16479,37.48912531,127.109818,tree,100.0
TREE_16480,37.53657761,127.1128694,tree,100.0
TREE_16481,37.49816345,127.1257932,tree,100.0
TREE_16482,37.49160317,127.1167063,tree,100.0
TREE_16483,37.49208956,127.1176797,tree,100.0
TREE_16484,37.49314048,127.1195492,tree,100.0
TREE_16485,37.493877887,127.079548335,tree,100.0
TREE_16486,37.53379492,127.1190061,tree,100.0
TREE_16487,37.51021082,127.1318837,tree,100.0
TREE_16488,37.53362955,127.1192913,tree,100.0
TREE_16489,37.49554573,127.1229824,tree,100.0
TREE_16490,37.49744469,127.125104,tree,100.0
TREE_16491,37.48793922,127.099051209,tree,100.0
TREE_16492,37.491994157,127.082755013,tree,100.0
TREE_16493,37.4990518,127.1265998,tree,100.0
TREE_16494,37.53862129,127.0978497,tree,100.0
TREE_16495,37.53631768,127.1136261,tree,100.0
TREE_16496,37.53221279,127.0787784,tree,100.0
TREE_16497,37.50639057,127.1309155,tree,100.0
TREE_16498,37.488259956,127.105327496,tree,100.0
TREE_16499,37.487989749,127.102455979,tree,100.0
TREE_16500,37.50404913,127.129923,tree,100.0
TREE_16501,37.48906345,127.1096132,tree,100.0
TREE_16502,37.50796342,127.1314138,tree,100.0
TREE_16503,37.53859979,127.0974218,tree,100.0
TREE_16504,37.487983044,127.097851729,tree,100.0
TREE_16505,37.487938885,127.098869352,tree,100.0
TREE_16506,37.52849392,127.1257753,tree,100.0
TREE_16507,37.5366224,127.1127857,tree,100.0
TREE_16508,37.50311933,127.1294429,tree,100.0
TREE_16509,37.48974681,127.1120551,tree,100.0
TREE_16510,37.52372592,127.1293155,tree,100.0
TREE_16511,37.53533249,127.0842143,tree,100.0
TREE_16512,37.487919389,127.100705717,tree,100.0
TREE_16513,37.51052383,127.131945,tree,100.0
TREE_16514,37.5018271,127.1286791,tree,100.0
TREE_16515,37.52331427,127.129548,tree,100.0
TREE_16516,37.50158082,127.1285207,tree,100.0
TREE_16517,37.498033956,127.074555354,tree,100.0
TREE_16518,37.488240447,127.105267173,tree,100.0
TREE_16519,37.52882356,127.1254732,tree,100.0
TREE_16520,37.5352204,127.0839489,tree,100.0
TREE_16521,37.49025066,127.0866993,tree,100.0
TREE_16522,37.49463836,127.1218387,tree,100.0
TREE_16523,37.487919824,127.1011666,tree,100.0
TREE_16524,37.537196388,127.089256074,tree,100.0
TREE_16525,37.488040459,127.103439271,tree,100.0
TREE_16526,37.4931764,127.1196581,tree,100.0
TREE_16527,37.49738923,127.1250829,tree,100.0
TREE_16528,37.53360208,127.119384,tree,100.0
TREE_16529,37.50410198,127.1299753,tree,100.0
TREE_16530,37.488223165,127.105202386,tree,100.0
TREE_16531,37.52300917,127.1297277,tree,100.0
TREE_16532,37.49033898,127.086444,tree,100.0
TREE_16533,37.497794903,127.074767452,tree,100.0
TREE_16534,37.53254193,127.1210494,tree,100.0
TREE_16535,37.53869222,127.1012986,tree,100.0
TREE_16536,37.494800073,127.078187528,tree,100.0
TREE_16537,37.50990262,127.1318678,tree,100.0
TREE_16538,37.53787865,127.0919893,tree,100.0
TREE_16539,37.49211001,127.1177901,tree,100.0
TREE_16540,37.52382104,127.1292898,tree,100.0
TREE_16541,37.51039207,127.1319507,tree,100.0
TREE_16542,37.49537021,127.1228206,tree,100.0
TREE_16543,37.488024384,127.103384439,tree,100.0
TREE_16544,37.52880062,127.1255228,tree,100.0
TREE_16545,37.49213814,127.1178565,tree,100.0
TREE_16546,37.53675658,127.1124737,tree,100.0
TREE_16547,37.49734392,127.1250595,tree,100.0
TREE_16548,37.488202766,127.105143737,tree,100.0
TREE_16549,37.53823188,127.0938659,tree,100.0
TREE_16550,37.50800416,127.1314656,tree,100.0
TREE_16551,37.53820075,127.0936698,tree,100.0
TREE_16552,37.49803796,127.125746,tree,100.0
TREE_16553,37.53638761,127.1135469,tree,100.0
TREE_16554,37.50414383,127.1300185,tree,100.0
TREE_16555,37.53358845,127.1194448,tree,100.0
TREE_16556,37.48908342,127.1098498,tree,100.0
TREE_16557,37.487949687,127.097817266,tree,100.0
TREE_16558,37.49301514,127.1194351,tree,100.0
TREE_16559,37.536585487,127.087250313,tree,100.0
TREE_16560,37.48789996,127.09892862,tree,100.0
TREE_16561,37.49550066,127.1230051,tree,100.0
TREE_16562,37.48967255,127.1119455,tree,100.0
TREE_16563,37.49355661,127.1203141,tree,100.0
TREE_16564,37.50321801,127.1295498,tree,100.0
TREE_16565,37.52369554,127.1293853,tree,100.0
TREE_16566,37.48789229,127.099118925,tree,100.0
TREE_16567,37.51018358,127.1319411,tree,100.0
TREE_16568,37.49295963,127.119353,tree,100.0
TREE_16569,37.488003603,127.103316268,tree,100.0
TREE_16570,37.488182815,127.105080063,tree,100.0
TREE_16571,37.536546725,127.087120359,tree,100.0
TREE_16572,37.53374444,127.1192045,tree,100.0
TREE_16573,37.51777798,127.1316893,tree,100.0
TREE_16574,37.487877768,127.10075396,tree,100.0
TREE_16575,37.50635645,127.1309701,tree,100.0
TREE_16576,37.53867798,127.0979124,tree,100.0
TREE_16577,37.53223437,127.0787118,tree,100.0
TREE_16578,37.493963796,127.079310291,tree,100.0
TREE_16579,37.50619244,127.130913,tree,100.0
TREE_16580,37.49453828,127.1217679,tree,100.0
TREE_16581,37.53356497,127.1195183,tree,100.0
TREE_16582,37.52298228,127.1297868,tree,100.0
TREE_16583,37.50327861,127.1295989,tree,100.0
TREE_16584,37.51049907,127.1320011,tree,100.0
TREE_16585,37.49317547,127.1197331,tree,100.0
TREE_16586,37.53789867,127.0919306,tree,100.0
TREE_16587,37.488164197,127.10501577,tree,100.0
TREE_16588,37.53872501,127.1013338,tree,100.0
TREE_16589,37.5366274,127.112937,tree,100.0
TREE_16590,37.50420838,127.1300781,tree,100.0
TREE_16591,37.49795441,127.1257009,tree,100.0
TREE_16592,37.52905494,127.0749413,tree,100.0
TREE_16593,37.49363676,127.120468,tree,100.0
TREE_16594,37.52843241,127.1259178,tree,100.0
TREE_16595,37.487984783,127.103252543,tree,100.0
TREE_16596,37.491960893,127.08267773,tree,100.0
TREE_16597,37.49408169,127.1211347,tree,100.0
TREE_16598,37.49333242,127.1199946,tree,100.0
TREE_16599,37.53232503,127.0788219,tree,100.0
TREE_16600,37.4940461,127.121086,tree,100.0
TREE_16601,37.52379582,127.1293534,tree,100.0
TREE_16602,37.53238195,127.1213566,tree,100.0
TREE_16603,37.491901884,127.082783542,tree,100.0
TREE_16604,37.49305674,127.1195549,tree,100.0
TREE_16605,37.50330636,127.1296275,tree,100.0
TREE_16606,37.53666991,127.112842,tree,100.0
TREE_16607,37.53866724,127.0974968,tree,100.0
TREE_16608,37.487871829,127.101228441,tree,100.0
TREE_16609,37.488145208,127.104951223,tree,100.0
TREE_16610,37.49022558,127.0866118,tree,100.0
TREE_16611,37.50154001,127.1285767,tree,100.0
TREE_16612,37.49214755,127.1179599,tree,100.0
TREE_16613,37.49218102,127.118024,tree,100.0
TREE_16614,37.52326408,127.1296586,tree,100.0
TREE_16615,37.528755,127.1256292,tree,100.0
TREE_16616,37.53355085,127.1195773,tree,100.0
TREE_16617,37.50793078,127.1314921,tree,100.0
TREE_16618,37.49791418,127.125685,tree,100.0
TREE_16619,37.53371561,127.1193038,tree,100.0
TREE_16620,37.536375,127.1136899,tree,100.0
TREE_16621,37.52367185,127.1294377,tree,100.0
TREE_16622,37.487861006,127.099161691,tree,100.0
TREE_16623,37.51038602,127.1320079,tree,100.0
TREE_16624,37.52840659,127.125967,tree,100.0
TREE_16625,37.49031368,127.0863506,tree,100.0
TREE_16626,37.50178388,127.1287474,tree,100.0
TREE_16627,37.50425974,127.1301291,tree,100.0
TREE_16628,37.53875563,127.0992891,tree,100.0
TREE_16629,37.49787383,127.1256565,tree,100.0
TREE_16630,37.494754152,127.078145024,tree,100.0
TREE_16631,37.488125331,127.104888344,tree,100.0
TREE_16632,37.52873542,127.1256643,tree,100.0
TREE_16633,37.53528861,127.0839271,tree,100.0
TREE_16634,37.48967257,127.1120801,tree,100.0
TREE_16635,37.51047399,127.1320318,tree,100.0
TREE_16636,37.487907864,127.0977779,tree,100.0
TREE_16637,37.51775986,127.131739,tree,100.0
TREE_16638,37.49337217,127.1201061,tree,100.0
TREE_16639,37.53353918,127.1196281,tree,100.0
TREE_16640,37.50430009,127.1301611,tree,100.0
TREE_16641,37.53642731,127.1135903,tree,100.0
TREE_16642,37.487851735,127.098993528,tree,100.0
TREE_16643,37.488109437,127.104831032,tree,100.0
TREE_16644,37.52295589,127.1298478,tree,100.0
TREE_16645,37.50336228,127.1296896,tree,100.0
TREE_16646,37.48962914,127.1119661,tree,100.0
TREE_16647,37.48903778,127.109883,tree,100.0
TREE_16648,37.53369381,127.1193801,tree,100.0
TREE_16649,37.53792007,127.0918685,tree,100.0
TREE_16650,37.53826147,127.0936998,tree,100.0
TREE_16651,37.493894037,127.07933755,tree,100.0
TREE_16652,37.488310471,127.106320281,tree,100.0
TREE_16653,37.51721332,127.1318634,tree,100.0
TREE_16654,37.52376897,127.1294107,tree,100.0
TREE_16655,37.487836721,127.100801219,tree,100.0
TREE_16656,37.49345488,127.1202536,tree,100.0
TREE_16657,37.53872231,127.097966,tree,100.0
TREE_16658,37.50339145,127.1297122,tree,100.0
TREE_16659,37.49716164,127.124975,tree,100.0
TREE_16660,37.49348162,127.1203048,tree,100.0
TREE_16661,37.49544227,127.1230332,tree,100.0
TREE_16662,37.52838517,127.1260242,tree,100.0
TREE_16663,37.49530475,127.1228638,tree,100.0
TREE_16664,37.52871004,127.1257207,tree,100.0
TREE_16665,37.488088675,127.104767039,tree,100.0
TREE_16666,37.53542921,127.0841772,tree,100.0
TREE_16667,37.49456699,127.1219078,tree,100.0
TREE_16668,37.51015918,127.1320147,tree,100.0
TREE_16669,37.49712086,127.1249554,tree,100.0
TREE_16670,37.49897261,127.126703,tree,100.0
TREE_16671,37.537295555,127.089261189,tree,100.0
TREE_16672,37.50435284,127.1302186,tree,100.0
TREE_16673,37.49227523,127.1182924,tree,100.0
TREE_16674,37.5387782,127.1014015,tree,100.0
TREE_16675,37.53640446,127.1137294,tree,100.0
TREE_16676,37.488069337,127.104703666,tree,100.0
TREE_16677,37.51787231,127.1317517,tree,100.0
TREE_16678,37.490203,127.0865331,tree,100.0
TREE_16679,37.53682218,127.1125498,tree,100.0
TREE_16680,37.536614236,127.08709452,tree,100.0
TREE_16681,37.4923296,127.1184037,tree,100.0
TREE_16682,37.51780651,127.1317712,tree,100.0
TREE_16683,37.50615118,127.1309832,tree,100.0
TREE_16684,37.51036114,127.1320605,tree,100.0
TREE_16685,37.53366944,127.1194792,tree,100.0
TREE_16686,37.4977887,127.1256377,tree,100.0
TREE_16687,37.53670951,127.1128927,tree,100.0
TREE_16688,37.487817784,127.099056214,tree,100.0
TREE_16689,37.487873788,127.102503547,tree,100.0
TREE_16690,37.52868655,127.1257737,tree,100.0
TREE_16691,37.53234937,127.0787436,tree,100.0
TREE_16692,37.53793984,127.0918055,tree,100.0
TREE_16693,37.51725876,127.1318943,tree,100.0
TREE_16694,37.536666518,127.087224399,tree,100.0
TREE_16695,37.488052146,127.104638108,tree,100.0
TREE_16696,37.50175081,127.1287913,tree,100.0
TREE_16697,37.52374262,127.1294693,tree,100.0
TREE_16698,37.493831044,127.079366184,tree,100.0
TREE_16699,37.487869446,127.097744171,tree,100.0
TREE_16700,37.5229274,127.1299099,tree,100.0
TREE_16701,37.49361066,127.1205593,tree,100.0
TREE_16702,37.48895531,127.109697,tree,100.0
TREE_16703,37.487815904,127.101312095,tree,100.0
TREE_16704,37.49447705,127.1218194,tree,100.0
TREE_16705,37.493659,127.1206347,tree,100.0
TREE_16706,37.4970787,127.1249359,tree,100.0
TREE_16707,37.53667945,127.1130032,tree,100.0
TREE_16708,37.50346691,127.1297979,tree,100.0
TREE_16709,37.50439938,127.1302617,tree,100.0
TREE_16710,37.487802374,127.100852083,tree,100.0
TREE_16711,37.52321629,127.1297633,tree,100.0
TREE_16712,37.51719139,127.1319157,tree,100.0
TREE_16713,37.52437897,127.1291044,tree,100.0
TREE_16714,37.53873778,127.0975848,tree,100.0
TREE_16715,37.4952782,127.1228879,tree,100.0
TREE_16716,37.50352964,127.129838,tree,100.0
TREE_16717,37.53876438,127.0980154,tree,100.0
TREE_16718,37.494622437,127.078220714,tree,100.0
TREE_16719,37.53646413,127.1136364,tree,100.0
TREE_16720,37.53037237,127.1240444,tree,100.0
TREE_16721,37.53881215,127.0992276,tree,100.0
TREE_16722,37.494724219,127.078082078,tree,100.0
TREE_16723,37.50984843,127.1320017,tree,100.0
TREE_16724,37.488270487,127.106360789,tree,100.0
TREE_16725,37.48899505,127.1099125,tree,100.0
TREE_16726,37.488028326,127.104567541,tree,100.0
TREE_16727,37.4939768,127.1211365,tree,100.0
TREE_16728,37.487791317,127.099270402,tree,100.0
TREE_16729,37.491914829,127.082578708,tree,100.0
TREE_16730,37.490284,127.0862377,tree,100.0
TREE_16731,37.49540879,127.1230696,tree,100.0
TREE_16732,37.50444879,127.1303059,tree,100.0
TREE_16733,37.49702241,127.1249068,tree,100.0
TREE_16734,37.49377676,127.120851,tree,100.0
TREE_16735,37.48957724,127.1119929,tree,100.0
TREE_16736,37.50797403,127.1316024,tree,100.0
TREE_16737,37.488012834,127.104508189,tree,100.0
TREE_16738,37.53362958,127.119611,tree,100.0
TREE_16739,37.51785195,127.1318032,tree,100.0
TREE_16740,37.51792473,127.1317874,tree,100.0
TREE_16741,37.50789195,127.1315852,tree,100.0
TREE_16742,37.51045214,127.1321154,tree,100.0
TREE_16743,37.53034697,127.1241009,tree,100.0
TREE_16744,37.497657,127.1255639,tree,100.0
TREE_16745,37.53795846,127.0917424,tree,100.0
TREE_16746,37.49526523,127.1229107,tree,100.0
TREE_16747,37.49144745,127.1167712,tree,100.0
TREE_16748,37.487840055,127.09771605,tree,100.0
TREE_16749,37.49886778,127.1266823,tree,100.0
TREE_16750,37.52290286,127.1299659,tree,100.0
TREE_16751,37.53882121,127.1014592,tree,100.0
TREE_16752,37.53836518,127.0939117,tree,100.0
TREE_16753,37.48824909,127.106375748,tree,100.0
TREE_16754,37.51034881,127.1321134,tree,100.0
TREE_16755,37.487992395,127.104449601,tree,100.0
TREE_16756,37.49385215,127.1209966,tree,100.0
TREE_16757,37.48959607,127.1121117,tree,100.0
TREE_16758,37.51724098,127.1319487,tree,100.0
TREE_16759,37.51013622,127.1320829,tree,100.0
TREE_16760,37.52442255,127.1291257,tree,100.0
TREE_16761,37.53644485,127.1137764,tree,100.0
TREE_16762,37.50450222,127.1303617,tree,100.0
TREE_16763,37.53685171,127.1126232,tree,100.0
TREE_16764,37.53228009,127.07856,tree,100.0
TREE_16765,37.53536943,127.0838909,tree,100.0
TREE_16766,37.49392158,127.1211097,tree,100.0
TREE_16767,37.50362152,127.1299338,tree,100.0
TREE_16768,37.53343908,127.1199587,tree,100.0
TREE_16769,37.53032383,127.1241546,tree,100.0
TREE_16770,37.487762834,127.100896412,tree,100.0
TREE_16771,37.49893334,127.1267582,tree,100.0
TREE_16772,37.53549349,127.0841543,tree,100.0
TREE_16773,37.487762875,127.099311387,tree,100.0
TREE_16774,37.49379071,127.1209195,tree,100.0
TREE_16775,37.49694831,127.124874,tree,100.0
TREE_16776,37.52358943,127.1296189,tree,100.0
TREE_16777,37.4901734,127.0864428,tree,100.0
TREE_16778,37.487974787,127.104385693,tree,100.0
TREE_16779,37.4938838,127.1210644,tree,100.0
TREE_16780,37.49759738,127.125537,tree,100.0
TREE_16781,37.487769272,127.101369233,tree,100.0
TREE_16782,37.52828277,127.1262364,tree,100.0
TREE_16783,37.491842175,127.082639964,tree,100.0
TREE_16784,37.5367525,127.1129477,tree,100.0
TREE_16785,37.5323724,127.0786695,tree,100.0
TREE_16786,37.487831544,127.102756538,tree,100.0
TREE_16787,37.49524226,127.1229235,tree,100.0
TREE_16788,37.50610376,127.131045,tree,100.0
TREE_16789,37.51796968,127.1318142,tree,100.0
TREE_16790,37.48895794,127.1099434,tree,100.0
TREE_16791,37.488230045,127.106389987,tree,100.0
TREE_16792,37.537367622,127.089249475,tree,100.0
TREE_16793,37.50454854,127.1304054,tree,100.0
TREE_16794,37.49755107,127.1255071,tree,100.0
TREE_16795,37.53342623,127.1200096,tree,100.0
TREE_16796,37.487957181,127.104318236,tree,100.0
TREE_16797,37.51790048,127.1318348,tree,100.0
TREE_16798,37.51034883,127.1321421,tree,100.0
TREE_16799,37.51043651,127.1321551,tree,100.0
TREE_16800,37.50368368,127.1299895,tree,100.0
TREE_16801,37.53879845,127.0976526,tree,100.0
TREE_16802,37.487742959,127.099347034,tree,100.0
TREE_16803,37.49442886,127.1218707,tree,100.0
TREE_16804,37.50147709,127.1287065,tree,100.0
TREE_16805,37.53650485,127.1136846,tree,100.0
TREE_16806,37.52287623,127.1300253,tree,100.0
TREE_16807,37.53028038,127.1242415,tree,100.0
TREE_16808,37.4953611,127.1230978,tree,100.0
TREE_16809,37.536686234,127.087062995,tree,100.0
TREE_16810,37.50626157,127.1311234,tree,100.0
TREE_16811,37.49522694,127.1229329,tree,100.0
TREE_16812,37.487938864,127.104256989,tree,100.0
TREE_16813,37.49401488,127.1212995,tree,100.0
TREE_16814,37.49448481,127.121962,tree,100.0
TREE_16815,37.49750037,127.1254825,tree,100.0
TREE_16816,37.487805233,127.102681593,tree,100.0
TREE_16817,37.494695118,127.078003146,tree,100.0
TREE_16818,37.491879639,127.08250786,tree,100.0
TREE_16819,37.49405104,127.1213628,tree,100.0
TREE_16820,37.52447127,127.1291495,tree,100.0
TREE_16821,37.53340884,127.1200792,tree,100.0
TREE_16822,37.50378351,127.1300652,tree,100.0
TREE_16823,37.49139952,127.116792,tree,100.0
TREE_16824,37.53887958,127.0991669,tree,100.0
TREE_16825,37.487729805,127.099185985,tree,100.0
TREE_16826,37.488208685,127.106407774,tree,100.0
TREE_16827,37.53674053,127.1130751,tree,100.0
TREE_16828,37.52823555,127.1263272,tree,100.0
TREE_16829,37.49025435,127.0861304,tree,100.0
TREE_16830,37.536745276,127.087192838,tree,100.0
TREE_16831,37.53839044,127.0937617,tree,100.0
TREE_16832,37.487791981,127.102613786,tree,100.0
TREE_16833,37.48791843,127.10419219,tree,100.0
TREE_16834,37.487788632,127.097670372,tree,100.0
TREE_16835,37.50461401,127.1304727,tree,100.0
TREE_16836,37.52857601,127.1260204,tree,100.0
TREE_16837,37.487721206,127.100952487,tree,100.0
TREE_16838,37.48951315,127.1120164,tree,100.0
TREE_16839,37.49410076,127.1214577,tree,100.0
TREE_16840,37.49415048,127.1215345,tree,100.0
TREE_16841,37.51801834,127.1318509,tree,100.0
TREE_16842,37.49681125,127.1248087,tree,100.0
TREE_16843,37.53339206,127.1201399,tree,100.0
TREE_16844,37.49230718,127.1185908,tree,100.0
TREE_16845,37.51795096,127.1318692,tree,100.0
TREE_16846,37.49743664,127.1254531,tree,100.0
TREE_16847,37.53230057,127.0784875,tree,100.0
TREE_16848,37.50792268,127.1316834,tree,100.0
TREE_16849,37.51040852,127.1322001,tree,100.0
TREE_16850,37.487897996,127.104128278,tree,100.0
TREE_16851,37.51033466,127.13219,tree,100.0
TREE_16852,37.53689361,127.1126866,tree,100.0
TREE_16853,37.49881462,127.1267411,tree,100.0
TREE_16854,37.48886718,127.1097652,tree,100.0
TREE_16855,37.487719219,127.101425023,tree,100.0
TREE_16856,37.50379836,127.1301018,tree,100.0
TREE_16857,37.53023071,127.1243573,tree,100.0
TREE_16858,37.52855453,127.1260679,tree,100.0
TREE_16859,37.49014829,127.0863469,tree,100.0
TREE_16860,37.53554992,127.0841308,tree,100.0
TREE_16861,37.52284707,127.1300914,tree,100.0
TREE_16862,37.53543021,127.0838662,tree,100.0
TREE_16863,37.487701727,127.099396921,tree,100.0
TREE_16864,37.48891446,127.1099732,tree,100.0
TREE_16865,37.53239298,127.0785992,tree,100.0
TREE_16866,37.53649587,127.1138345,tree,100.0
TREE_16867,37.52313623,127.1299473,tree,100.0
TREE_16868,37.53884907,127.0977148,tree,100.0
TREE_16869,37.52821467,127.1263909,tree,100.0
TREE_16870,37.487879492,127.1040649,tree,100.0
TREE_16871,37.51010179,127.1321708,tree,100.0
TREE_16872,37.53654169,127.1137268,tree,100.0
TREE_16873,37.53337315,127.1202072,tree,100.0
TREE_16874,37.5302104,127.1243976,tree,100.0
TREE_16875,37.52451504,127.1291711,tree,100.0
TREE_16876,37.491803781,127.082563472,tree,100.0
TREE_16877,37.5384556,127.0939437,tree,100.0
TREE_16878,37.50606138,127.1311166,tree,100.0
TREE_16879,37.52352937,127.129755,tree,100.0
TREE_16880,37.52853244,127.1261159,tree,100.0
TREE_16881,37.487687269,127.09924069,tree,100.0
TREE_16882,37.51744497,127.132014,tree,100.0
TREE_16883,37.487861456,127.10400115,tree,100.0
TREE_16884,37.50979509,127.1321333,tree,100.0
TREE_16885,37.50387623,127.1301706,tree,100.0
TREE_16886,37.52819758,127.1264255,tree,100.0
TREE_16887,37.49531053,127.1231325,tree,100.0
TREE_16888,37.49887705,127.1268299,tree,100.0
TREE_16889,37.494573082,127.07807821,tree,100.0
TREE_16890,37.537439729,127.08924908,tree,100.0
TREE_16891,37.5180658,127.1318804,tree,100.0
TREE_16892,37.49433351,127.1218574,tree,100.0
TREE_16893,37.53335419,127.1202652,tree,100.0
TREE_16894,37.53892591,127.0991153,tree,100.0
TREE_16895,37.5014238,127.1287621,tree,100.0
TREE_16896,37.51799726,127.1319007,tree,100.0
TREE_16897,37.487678538,127.101008561,tree,100.0
TREE_16898,37.49426348,127.121765,tree,100.0
TREE_16899,37.494672106,127.077931872,tree,100.0
TREE_16900,37.49512392,127.1229128,tree,100.0
TREE_16901,37.491847006,127.082444257,tree,100.0
TREE_16902,37.49517137,127.1229762,tree,100.0
TREE_16903,37.50783803,127.1317069,tree,100.0
TREE_16904,37.5228261,127.1301432,tree,100.0
TREE_16905,37.48883647,127.1097862,tree,100.0
TREE_16906,37.53018161,127.1244654,tree,100.0
TREE_16907,37.487670438,127.099445038,tree,100.0
TREE_16908,37.49730352,127.1253852,tree,100.0
TREE_16909,37.51738473,127.1320449,tree,100.0
TREE_16910,37.50392267,127.1302132,tree,100.0
TREE_16911,37.51030409,127.1322344,tree,100.0
TREE_16912,37.4944643,127.122062,tree,100.0
TREE_16913,37.52454997,127.1291888,tree,100.0
TREE_16914,37.487834173,127.10391356,tree,100.0
TREE_16915,37.488153818,127.106452601,tree,100.0
TREE_16916,37.50477203,127.1306196,tree,100.0
TREE_16917,37.536760515,127.087039948,tree,100.0
TREE_16918,37.50165195,127.1289334,tree,100.0
TREE_16919,37.52310636,127.130013,tree,100.0
TREE_16920,37.49878984,127.1267881,tree,100.0
TREE_16921,37.52850214,127.1261831,tree,100.0
TREE_16922,37.5281725,127.1264835,tree,100.0
TREE_16923,37.49022224,127.0860276,tree,100.0
TREE_16924,37.49284492,127.1196319,tree,100.0
TREE_16925,37.53333754,127.1203292,tree,100.0
TREE_16926,37.487674389,127.101482641,tree,100.0
TREE_16927,37.49279476,127.1195569,tree,100.0
TREE_16928,37.48945492,127.1120479,tree,100.0
TREE_16929,37.53016016,127.1245163,tree,100.0
TREE_16930,37.53679594,127.1131371,tree,100.0
TREE_16931,37.53657306,127.1137641,tree,100.0
TREE_16932,37.53351016,127.1200727,tree,100.0
TREE_16933,37.487720275,127.097614181,tree,100.0
TREE_16934,37.51038785,127.1322705,tree,100.0
TREE_16935,37.48886753,127.1100041,tree,100.0
TREE_16936,37.53894107,127.101586,tree,100.0
TREE_16937,37.51811408,127.1319104,tree,100.0
TREE_16938,37.50397293,127.130266,tree,100.0
TREE_16939,37.49723455,127.1253514,tree,100.0
TREE_16940,37.49132415,127.1168253,tree,100.0
TREE_16941,37.53693997,127.1127373,tree,100.0
TREE_16942,37.53560366,127.0841083,tree,100.0
TREE_16943,37.50481995,127.1306642,tree,100.0
TREE_16944,37.5235003,127.1298256,tree,100.0
TREE_16945,37.51804464,127.1319317,tree,100.0
TREE_16946,37.53653773,127.1138848,tree,100.0
TREE_16947,37.51742555,127.1320706,tree,100.0
TREE_16948,37.53331948,127.1203936,tree,100.0
TREE_16949,37.52847947,127.126232,tree,100.0
TREE_16950,37.49506642,127.1229003,tree,100.0
TREE_16951,37.53012574,127.1245799,tree,100.0
TREE_16952,37.48947627,127.1121706,tree,100.0
TREE_16953,37.5227998,127.1302032,tree,100.0
TREE_16954,37.4933263,127.0798014,tree,100.0
TREE_16955,37.509757,127.1321861,tree,100.0
TREE_16956,37.52915986,127.0746676,tree,100.0
TREE_16957,37.49011191,127.0862481,tree,100.0
TREE_16958,37.487636338,127.099306617,tree,100.0
TREE_16959,37.53891508,127.0977917,tree,100.0
TREE_16960,37.53549762,127.083843,tree,100.0
TREE_16961,37.49294247,127.1198488,tree,100.0
TREE_16962,37.49297213,127.1198982,tree,100.0
TREE_16963,37.536833028,127.087155568,tree,100.0
TREE_16964,37.50486465,127.1307022,tree,100.0
TREE_16965,37.49661051,127.124727,tree,100.0
TREE_16966,37.493651801,127.079292117,tree,100.0
TREE_16967,37.49527112,127.1231786,tree,100.0
TREE_16968,37.488120969,127.106478224,tree,100.0
TREE_16969,37.5245592,127.1292356,tree,100.0
TREE_16970,37.494653669,127.077870485,tree,100.0
TREE_16971,37.50139914,127.1288173,tree,100.0
TREE_16972,37.50403962,127.1303291,tree,100.0
TREE_16973,37.53348272,127.1201686,tree,100.0
TREE_16974,37.49020627,127.0859683,tree,100.0
TREE_16975,37.53330065,127.1204585,tree,100.0
TREE_16976,37.5230741,127.1300803,tree,100.0
TREE_16977,37.5281305,127.1265768,tree,100.0
TREE_16978,37.53897906,127.099051,tree,100.0
TREE_16979,37.494547618,127.0780057,tree,100.0
TREE_16980,37.48879411,127.1098191,tree,100.0
TREE_16981,37.48762651,127.101069843,tree,100.0
TREE_16982,37.49883382,127.126886,tree,100.0
TREE_16983,37.49502922,127.122892,tree,100.0
TREE_16984,37.49299783,127.1199694,tree,100.0
TREE_16985,37.52844572,127.1263026,tree,100.0
TREE_16986,37.48763462,127.10152328,tree,100.0
TREE_16987,37.50162111,127.1289771,tree,100.0
TREE_16988,37.53850403,127.0937906,tree,100.0
TREE_16989,37.49303342,127.1200326,tree,100.0
TREE_16990,37.49446038,127.1221519,tree,100.0
TREE_16991,37.51816262,127.1319437,tree,100.0
TREE_16992,37.493284,127.07982,tree,100.0
TREE_16993,37.51747135,127.1321005,tree,100.0
TREE_16994,37.49655151,127.1246945,tree,100.0
TREE_16995,37.51809124,127.1319626,tree,100.0
TREE_16996,37.537509524,127.089231718,tree,100.0
TREE_16997,37.50409725,127.1303775,tree,100.0
TREE_16998,37.50491271,127.1307537,tree,100.0
TREE_16999,37.53346603,127.1202287,tree,100.0
TREE_17000,37.52346467,127.129894,tree,100.0
TREE_17001,37.53660776,127.1138048,tree,100.0
TREE_17002,37.536812263,127.087017025,tree,100.0
TREE_17003,37.487606656,127.099366955,tree,100.0
TREE_17004,37.49305517,127.120088,tree,100.0
TREE_17005,37.50601015,127.1312028,tree,100.0
TREE_17006,37.53328375,127.1205237,tree,100.0
TREE_17007,37.49511208,127.1230231,tree,100.0
TREE_17008,37.48940662,127.1120688,tree,100.0
TREE_17009,37.5227717,127.1302635,tree,100.0
TREE_17010,37.49308878,127.1201572,tree,100.0
TREE_17011,37.50413321,127.1304112,tree,100.0
TREE_17012,37.487593637,127.09956444,tree,100.0
TREE_17013,37.49710835,127.1253071,tree,100.0
TREE_17014,37.50496268,127.1307945,tree,100.0
TREE_17015,37.49126671,127.1168394,tree,100.0
TREE_17016,37.4964976,127.1246679,tree,100.0
TREE_17017,37.53565979,127.0840878,tree,100.0
TREE_17018,37.52305019,127.1301402,tree,100.0
TREE_17019,37.49317052,127.1203075,tree,100.0
TREE_17020,37.53698355,127.1127993,tree,100.0
TREE_17021,37.5300456,127.1247544,tree,100.0
TREE_17022,37.49311751,127.1202257,tree,100.0
TREE_17023,37.52808561,127.1266747,tree,100.0
TREE_17024,37.49323249,127.0798444,tree,100.0
TREE_17025,37.53326539,127.1205937,tree,100.0
TREE_17026,37.51751546,127.1321289,tree,100.0
TREE_17027,37.4964566,127.124641,tree,100.0
TREE_17028,37.53685026,127.1132104,tree,100.0
TREE_17029,37.51820648,127.1319739,tree,100.0
TREE_17030,37.4950741,127.1230194,tree,100.0
TREE_17031,37.49496835,127.1228853,tree,100.0
TREE_17032,37.50419537,127.1304669,tree,100.0
TREE_17033,37.49018349,127.0858935,tree,100.0
TREE_17034,37.50972626,127.1322559,tree,100.0
TREE_17035,37.48942076,127.1122057,tree,100.0
TREE_17036,37.5103767,127.1323619,tree,100.0
TREE_17037,37.49321572,127.079852,tree,100.0
TREE_17038,37.50136484,127.1288681,tree,100.0
TREE_17039,37.53555463,127.0838186,tree,100.0
TREE_17040,37.51814098,127.1319983,tree,100.0
TREE_17041,37.49008003,127.0861493,tree,100.0
TREE_17042,37.48757105,127.099594468,tree,100.0
TREE_17043,37.49323236,127.1204356,tree,100.0
TREE_17044,37.50615811,127.1313013,tree,100.0
TREE_17045,37.52806069,127.1267202,tree,100.0
TREE_17046,37.53002021,127.1248081,tree,100.0
TREE_17047,37.494629491,127.077797232,tree,100.0
TREE_17048,37.487575524,127.101128516,tree,100.0
TREE_17049,37.49465232,127.12249,tree,100.0
TREE_17050,37.4970282,127.1252676,tree,100.0
TREE_17051,37.52274487,127.1303232,tree,100.0
TREE_17052,37.49641558,127.1246184,tree,100.0
TREE_17053,37.488066512,127.10652305,tree,100.0
TREE_17054,37.53903328,127.0989833,tree,100.0
TREE_17055,37.52343088,127.1299701,tree,100.0
TREE_17056,37.49320086,127.0798572,tree,100.0
TREE_17057,37.53324571,127.1206609,tree,100.0
TREE_17058,37.49469377,127.1225532,tree,100.0
TREE_17059,37.50503539,127.1308653,tree,100.0
TREE_17060,37.53858576,127.0939795,tree,100.0
TREE_17061,37.48879387,127.11006,tree,100.0
TREE_17062,37.52479289,127.1291804,tree,100.0
TREE_17063,37.494524251,127.07792689,tree,100.0
TREE_17064,37.52918884,127.0745798,tree,100.0
TREE_17065,37.48874047,127.1098562,tree,100.0
TREE_17066,37.53664285,127.1138457,tree,100.0
TREE_17067,37.487595652,127.101945897,tree,100.0
TREE_17068,37.49318867,127.0798634,tree,100.0
TREE_17069,37.493618987,127.07920069,tree,100.0
TREE_17070,37.49878861,127.1269426,tree,100.0
TREE_17071,37.49473303,127.1226187,tree,100.0
TREE_17072,37.51027618,127.1323703,tree,100.0
TREE_17073,37.50424563,127.1305198,tree,100.0
TREE_17074,37.49503087,127.1230095,tree,100.0
TREE_17075,37.49329504,127.1205733,tree,100.0
TREE_17076,37.536864021,127.086996931,tree,100.0
TREE_17077,37.53857073,127.0938093,tree,100.0
TREE_17078,37.52302151,127.130206,tree,100.0
TREE_17079,37.49317332,127.0798716,tree,100.0
TREE_17080,37.4963494,127.1245729,tree,100.0
TREE_17081,37.52803812,127.12677,tree,100.0
TREE_17082,37.50157544,127.1290409,tree,100.0
TREE_17083,37.50506613,127.1308967,tree,100.0
TREE_17084,37.53340576,127.1204413,tree,100.0
TREE_17085,37.52999199,127.1248731,tree,100.0
TREE_17086,37.537620528,127.089400896,tree,100.0
TREE_17087,37.51763772,127.1321441,tree,100.0
TREE_17088,37.49324811,127.1205092,tree,100.0
TREE_17089,37.53322881,127.1207208,tree,100.0
TREE_17090,37.51825486,127.1320039,tree,100.0
TREE_17091,37.4893532,127.1120929,tree,100.0
TREE_17092,37.536918556,127.087126799,tree,100.0
TREE_17093,37.487540788,127.09963021,tree,100.0
TREE_17094,37.49315884,127.0798783,tree,100.0
TREE_17095,37.51818859,127.1320266,tree,100.0
TREE_17096,37.51757506,127.132168,tree,100.0
TREE_17097,37.4933548,127.1206893,tree,100.0
TREE_17098,37.49475484,127.1226754,tree,100.0
TREE_17099,37.4969503,127.1252317,tree,100.0
TREE_17100,37.50777931,127.1318599,tree,100.0
TREE_17101,37.487571466,127.101874092,tree,100.0
TREE_17102,37.52448559,127.1294039,tree,100.0
TREE_17103,37.4962824,127.1245214,tree,100.0
TREE_17104,37.493419,127.1207991,tree,100.0
TREE_17105,37.50429475,127.1305708,tree,100.0
TREE_17106,37.49314512,127.0798835,tree,100.0
TREE_17107,37.50510809,127.1309361,tree,100.0
TREE_17108,37.52996462,127.1249289,tree,100.0
TREE_17109,37.49016184,127.0858215,tree,100.0
TREE_17110,37.52271811,127.1303834,tree,100.0
TREE_17111,37.48871424,127.109873,tree,100.0
TREE_17112,37.53294099,127.1211878,tree,100.0
TREE_17113,37.49479628,127.1227462,tree,100.0
TREE_17114,37.49869423,127.1269009,tree,100.0
TREE_17115,37.5332102,127.1207832,tree,100.0
TREE_17116,37.52340207,127.1300363,tree,100.0
TREE_17117,37.53338639,127.120518,tree,100.0
TREE_17118,37.49313064,127.0798912,tree,100.0
TREE_17119,37.49498409,127.1229971,tree,100.0
TREE_17120,37.50970268,127.1323152,tree,100.0
TREE_17121,37.49690782,127.1252121,tree,100.0
TREE_17122,37.537588234,127.08918601,tree,100.0
TREE_17123,37.53236601,127.0782301,tree,100.0
TREE_17124,37.51023771,127.132407,tree,100.0
TREE_17125,37.52484323,127.1292047,tree,100.0
TREE_17126,37.49349149,127.1209358,tree,100.0
TREE_17127,37.487652667,127.103470732,tree,100.0
TREE_17128,37.5059537,127.1312902,tree,100.0
TREE_17129,37.49311692,127.0798988,tree,100.0
TREE_17130,37.50433822,127.1306126,tree,100.0
TREE_17131,37.50612155,127.1313569,tree,100.0
TREE_17132,37.48751736,127.09949408,tree,100.0
TREE_17133,37.49005715,127.0860477,tree,100.0
TREE_17134,37.494603952,127.077736246,tree,100.0
TREE_17135,37.50516084,127.1309814,tree,100.0
TREE_17136,37.53908151,127.0989217,tree,100.0
TREE_17137,37.494503379,127.077866991,tree,100.0
TREE_17138,37.50785508,127.1319141,tree,100.0
TREE_17139,37.4962055,127.1244737,tree,100.0
TREE_17140,37.51769247,127.1321784,tree,100.0
TREE_17141,37.5235064,127.1300023,tree,100.0
TREE_17142,37.51830268,127.1320374,tree,100.0
TREE_17143,37.49483495,127.1228329,tree,100.0
TREE_17144,37.53319259,127.1208473,tree,100.0
TREE_17145,37.5369023,127.1132766,tree,100.0
TREE_17146,37.51762166,127.1321975,tree,100.0
TREE_17147,37.488014842,127.106563618,tree,100.0
TREE_17148,37.487505459,127.099678021,tree,100.0
TREE_17149,37.49486295,127.1228769,tree,100.0
TREE_17150,37.52299163,127.1302807,tree,100.0
TREE_17151,37.5097089,127.1323404,tree,100.0
TREE_17152,37.49489228,127.1229182,tree,100.0
TREE_17153,37.52269796,127.1304318,tree,100.0
TREE_17154,37.53668618,127.1138973,tree,100.0
TREE_17155,37.52475449,127.1292865,tree,100.0
TREE_17156,37.49682157,127.1251585,tree,100.0
TREE_17157,37.5246444,127.1293556,tree,100.0
TREE_17158,37.49614405,127.1244269,tree,100.0
TREE_17159,37.49875085,127.1269953,tree,100.0
TREE_17160,37.48873975,127.1101019,tree,100.0
TREE_17161,37.51037238,127.1324542,tree,100.0
TREE_17162,37.50439556,127.1306687,tree,100.0
TREE_17163,37.493592666,127.07912053,tree,100.0
TREE_17164,37.493258,127.0796297,tree,100.0
TREE_17165,37.49352877,127.1210435,tree,100.0
TREE_17166,37.49492162,127.1229742,tree,100.0
TREE_17167,37.53334742,127.1206454,tree,100.0
TREE_17168,37.50443663,127.1306943,tree,100.0
TREE_17169,37.49014358,127.0857538,tree,100.0
TREE_17170,37.53317663,127.1209113,tree,100.0
TREE_17171,37.536922538,127.0869768,tree,100.0
TREE_17172,37.53563728,127.083792,tree,100.0
TREE_17173,37.52337289,127.1301038,tree,100.0
TREE_17174,37.50133199,127.1289667,tree,100.0
TREE_17175,37.4960877,127.1243862,tree,100.0
TREE_17176,37.53863918,127.0938269,tree,100.0
TREE_17177,37.4935764,127.1211305,tree,100.0
TREE_17178,37.53298905,127.1212028,tree,100.0
TREE_17179,37.487480014,127.099722301,tree,100.0
TREE_17180,37.487493319,127.101225002,tree,100.0
TREE_17181,37.53666186,127.1140279,tree,100.0
TREE_17182,37.5177362,127.1322091,tree,100.0
TREE_17183,37.50152895,127.129108,tree,100.0
TREE_17184,37.48929114,127.1121185,tree,100.0
TREE_17185,37.487593857,127.103253367,tree,100.0
TREE_17186,37.51834877,127.1320676,tree,100.0
TREE_17187,37.50968946,127.1323716,tree,100.0
TREE_17188,37.53280285,127.1214909,tree,100.0
TREE_17189,37.53576704,127.0840466,tree,100.0
TREE_17190,37.51766877,127.1322301,tree,100.0
TREE_17191,37.5182826,127.1320885,tree,100.0
TREE_17192,37.48932542,127.1122449,tree,100.0
TREE_17193,37.52490312,127.1292331,tree,100.0
TREE_17194,37.53333028,127.1207102,tree,100.0
TREE_17195,37.52296535,127.130339,tree,100.0
TREE_17196,37.52347502,127.1300729,tree,100.0
TREE_17197,37.496016,127.1243317,tree,100.0
TREE_17198,37.53315864,127.1209749,tree,100.0
TREE_17199,37.52794537,127.1269705,tree,100.0
TREE_17200,37.487470347,127.099554395,tree,100.0
TREE_17201,37.53671202,127.1139277,tree,100.0
TREE_17202,37.52442688,127.1295371,tree,100.0
TREE_17203,37.52480212,127.1293096,tree,100.0
TREE_17204,37.53913077,127.0988516,tree,100.0
TREE_17205,37.4986431,127.1269594,tree,100.0
TREE_17206,37.52460971,127.1294323,tree,100.0
TREE_17207,37.487571909,127.103177039,tree,100.0
TREE_17208,37.53249026,127.0782891,tree,100.0
TREE_17209,37.52266705,127.130504,tree,100.0
TREE_17210,37.50448107,127.1307583,tree,100.0
TREE_17211,37.487968776,127.106602036,tree,100.0
TREE_17212,37.49318776,127.0796646,tree,100.0
TREE_17213,37.491725799,127.082185543,tree,100.0
TREE_17214,37.52825577,127.1267201,tree,100.0
TREE_17215,37.494475739,127.077798054,tree,100.0
TREE_17216,37.53313983,127.1210371,tree,100.0
TREE_17217,37.494574847,127.077662472,tree,100.0
TREE_17218,37.487450329,127.099773665,tree,100.0
TREE_17219,37.52792234,127.1270196,tree,100.0
TREE_17220,37.49012422,127.0856903,tree,100.0
TREE_17221,37.51021995,127.1324939,tree,100.0
TREE_17222,37.537006318,127.087092358,tree,100.0
TREE_17223,37.53870308,127.0940077,tree,100.0
TREE_17224,37.487555762,127.103121706,tree,100.0
TREE_17225,37.50607583,127.1314274,tree,100.0
TREE_17226,37.50590684,127.1313658,tree,100.0
TREE_17227,37.52334182,127.1301751,tree,100.0
TREE_17228,37.53226438,127.1223013,tree,100.0
TREE_17229,37.51033923,127.1325153,tree,100.0
TREE_17230,37.48864129,127.1099272,tree,100.0
TREE_17231,37.49380008,127.1215343,tree,100.0
TREE_17232,37.48869235,127.1101323,tree,100.0
TREE_17233,37.51778588,127.132241,tree,100.0
TREE_17234,37.50967228,127.1324093,tree,100.0
TREE_17235,37.53330324,127.1208071,tree,100.0
TREE_17236,37.53695319,127.1133329,tree,100.0
TREE_17237,37.51839715,127.1320995,tree,100.0
TREE_17238,37.50453275,127.1308052,tree,100.0
TREE_17239,37.5183287,127.1321214,tree,100.0
TREE_17240,37.51771871,127.1322633,tree,100.0
TREE_17241,37.49556151,127.1238571,tree,100.0
TREE_17242,37.487540353,127.103059018,tree,100.0
TREE_17243,37.53311253,127.121109,tree,100.0
TREE_17244,37.52440411,127.1295903,tree,100.0
TREE_17245,37.4953079,127.1235543,tree,100.0
TREE_17246,37.49537768,127.1236397,tree,100.0
TREE_17247,37.49579003,127.1241285,tree,100.0
TREE_17248,37.52293906,127.1303989,tree,100.0
TREE_17249,37.52823292,127.1267686,tree,100.0
TREE_17250,37.49356911,127.079044167,tree,100.0
TREE_17251,37.49584407,127.1241928,tree,100.0
TREE_17252,37.4874362,127.0996056,tree,100.0
TREE_17253,37.4921036,127.1188187,tree,100.0
TREE_17254,37.4987061,127.1270539,tree,100.0
TREE_17255,37.49001474,127.0859252,tree,100.0
TREE_17256,37.49392848,127.1217414,tree,100.0
TREE_17257,37.49561932,127.1239356,tree,100.0
TREE_17258,37.49548526,127.1237781,tree,100.0
TREE_17259,37.49572315,127.1240599,tree,100.0
TREE_17260,37.52789941,127.1270684,tree,100.0
TREE_17261,37.52458353,127.1294896,tree,100.0
TREE_17262,37.5366996,127.1140713,tree,100.0
TREE_17263,37.49385185,127.1216399,tree,100.0
TREE_17264,37.537726209,127.089335231,tree,100.0
TREE_17265,37.49566992,127.1240016,tree,100.0
TREE_17266,37.50458472,127.1308444,tree,100.0
TREE_17267,37.536981036,127.08695101,tree,100.0
TREE_17268,37.5226415,127.1305614,tree,100.0
TREE_17269,37.50997414,127.1324866,tree,100.0
TREE_17270,37.5328604,127.1215084,tree,100.0
TREE_17271,37.50129024,127.1290291,tree,100.0
TREE_17272,37.52343405,127.1301596,tree,100.0
TREE_17273,37.53570217,127.0837675,tree,100.0
TREE_17274,37.52484987,127.129341,tree,100.0
TREE_17275,37.53870708,127.093839,tree,100.0
TREE_17276,37.50772231,127.1319967,tree,100.0
TREE_17277,37.4892352,127.1121413,tree,100.0
TREE_17278,37.50148748,127.1291662,tree,100.0
TREE_17279,37.4901105,127.0856338,tree,100.0
TREE_17280,37.487514417,127.102976898,tree,100.0
TREE_17281,37.52820393,127.1268255,tree,100.0
TREE_17282,37.49397197,127.1218388,tree,100.0
TREE_17283,37.51019353,127.1325356,tree,100.0
TREE_17284,37.50966091,127.1324501,tree,100.0
TREE_17285,37.5046364,127.1308913,tree,100.0
TREE_17286,37.48926775,127.1122711,tree,100.0
TREE_17287,37.51783468,127.1322746,tree,100.0
TREE_17288,37.52787381,127.1271248,tree,100.0
TREE_17289,37.49661423,127.1250928,tree,100.0
TREE_17290,37.49401339,127.1219154,tree,100.0
TREE_17291,37.51844442,127.1321362,tree,100.0
TREE_17292,37.51837664,127.1321527,tree,100.0
TREE_17293,37.48865569,127.1101613,tree,100.0
TREE_17294,37.52437683,127.1296527,tree,100.0
TREE_17295,37.51776813,127.1322973,tree,100.0
TREE_17296,37.53326813,127.1209404,tree,100.0
TREE_17297,37.4929014,127.0800098,tree,100.0
TREE_17298,37.52455616,127.1295499,tree,100.0
TREE_17299,37.5391901,127.0987817,tree,100.0
TREE_17300,37.494546963,127.077604686,tree,100.0
TREE_17301,37.52290084,127.1304691,tree,100.0
TREE_17302,37.53916132,127.0980341,tree,100.0
TREE_17303,37.487398237,127.099662586,tree,100.0
TREE_17304,37.53251481,127.0782054,tree,100.0
TREE_17305,37.52818081,127.1268764,tree,100.0
TREE_17306,37.487913267,127.10663909,tree,100.0
TREE_17307,37.49404373,127.1219772,tree,100.0
TREE_17308,37.48859644,127.1099626,tree,100.0
TREE_17309,37.49407473,127.122022,tree,100.0
TREE_17310,37.537702918,127.089117466,tree,100.0
TREE_17311,37.53242489,127.078075,tree,100.0
TREE_17312,37.52261437,127.1306213,tree,100.0
TREE_17313,37.53231327,127.122339,tree,100.0
TREE_17314,37.49444435,127.077724419,tree,100.0
TREE_17315,37.50778793,127.1320512,tree,100.0
TREE_17316,37.53876436,127.0940203,tree,100.0
TREE_17317,37.50467731,127.1309372,tree,100.0
TREE_17318,37.49410261,127.1220702,tree,100.0
TREE_17319,37.49651585,127.1250177,tree,100.0
TREE_17320,37.53699616,127.1133794,tree,100.0
TREE_17321,37.49656445,127.1250713,tree,100.0
TREE_17322,37.50603628,127.1314929,tree,100.0
TREE_17323,37.487473776,127.102831208,tree,100.0
TREE_17324,37.50472291,127.1309701,tree,100.0
TREE_17325,37.49009471,127.085563,tree,100.0
TREE_17326,37.51788022,127.132306,tree,100.0
TREE_17327,37.51030346,127.1325986,tree,100.0
TREE_17328,37.51781372,127.1323235,tree,100.0
TREE_17329,37.48999183,127.085815,tree,100.0
TREE_17330,37.48919506,127.1121684,tree,100.0
TREE_17331,37.493542191,127.078962278,tree,100.0
TREE_17332,37.52328248,127.1303093,tree,100.0
TREE_17333,37.5184952,127.1321654,tree,100.0
TREE_17334,37.49414079,127.1221571,tree,100.0
TREE_17335,37.49114811,127.1171229,tree,100.0
TREE_17336,37.52783456,127.1272167,tree,100.0
TREE_17337,37.52434865,127.129717,tree,100.0
TREE_17338,37.50145553,127.1292137,tree,100.0
TREE_17339,37.491680801,127.082072278,tree,100.0
TREE_17340,37.51842665,127.1321872,tree,100.0
TREE_17341,37.49866321,127.1271204,tree,100.0
TREE_17342,37.53715934,127.1129781,tree,100.0
TREE_17343,37.51017596,127.1325931,tree,100.0
TREE_17344,37.537041807,127.086930866,tree,100.0
TREE_17345,37.493431638,127.07910673,tree,100.0
TREE_17346,37.487444336,127.102738492,tree,100.0
TREE_17347,37.52259238,127.1306723,tree,100.0
TREE_17348,37.49420881,127.1222689,tree,100.0
TREE_17349,37.52504324,127.1293034,tree,100.0
TREE_17350,37.48735847,127.099902937,tree,100.0
TREE_17351,37.52813624,127.126973,tree,100.0
TREE_17352,37.50475787,127.1310146,tree,100.0
TREE_17353,37.49282424,127.0800446,tree,100.0
TREE_17354,37.49203862,127.1188727,tree,100.0
TREE_17355,37.537094079,127.087057917,tree,100.0
TREE_17356,37.487878541,127.106671793,tree,100.0
TREE_17357,37.52287454,127.1305409,tree,100.0
TREE_17358,37.48921577,127.1123059,tree,100.0
TREE_17359,37.49638311,127.1249375,tree,100.0
TREE_17360,37.53923845,127.0987281,tree,100.0
TREE_17361,37.48742681,127.102685511,tree,100.0
TREE_17362,37.4942744,127.122383,tree,100.0
TREE_17363,37.487344965,127.099729042,tree,100.0
TREE_17364,37.48855132,127.1099938,tree,100.0
TREE_17365,37.53577677,127.0837313,tree,100.0
TREE_17366,37.52325944,127.1303615,tree,100.0
TREE_17367,37.53589685,127.083994,tree,100.0
TREE_17368,37.51793136,127.1323399,tree,100.0
TREE_17369,37.51785955,127.1323556,tree,100.0
TREE_17370,37.51854171,127.1321956,tree,100.0
TREE_17371,37.50482711,127.1310736,tree,100.0
TREE_17372,37.53235981,127.122376,tree,100.0
TREE_17373,37.51847375,127.1322172,tree,100.0
TREE_17374,37.49433028,127.1224826,tree,100.0
TREE_17375,37.494512932,127.077528328,tree,100.0
TREE_17376,37.48740579,127.102607811,tree,100.0
TREE_17377,37.49855493,127.1270794,tree,100.0
TREE_17378,37.49630549,127.1248867,tree,100.0
TREE_17379,37.50991966,127.1325978,tree,100.0
TREE_17380,37.494410102,127.077656102,tree,100.0
TREE_17381,37.53245086,127.0779867,tree,100.0
TREE_17382,37.51028956,127.1326617,tree,100.0
TREE_17383,37.49437225,127.122558,tree,100.0
TREE_17384,37.4891478,127.1121866,tree,100.0
TREE_17385,37.49006487,127.085484,tree,100.0
TREE_17386,37.49632809,127.1249244,tree,100.0
TREE_17387,37.52256064,127.1307402,tree,100.0
TREE_17388,37.49626375,127.1248557,tree,100.0
TREE_17389,37.48858243,127.1102125,tree,100.0
TREE_17390,37.52284109,127.1306052,tree,100.0
TREE_17391,37.4873189,127.099957833,tree,100.0
TREE_17392,37.52335335,127.1303437,tree,100.0
TREE_17393,37.51014141,127.1326478,tree,100.0
TREE_17394,37.487387566,127.102549533,tree,100.0
TREE_17395,37.487317542,127.099788857,tree,100.0
TREE_17396,37.487326956,127.101138761,tree,100.0
TREE_17397,37.504871,127.1311202,tree,100.0
TREE_17398,37.52499023,127.1294011,tree,100.0
TREE_17399,37.49441781,127.1226421,tree,100.0
TREE_17400,37.49100547,127.1169659,tree,100.0
TREE_17401,37.50961503,127.1325685,tree,100.0
TREE_17402,37.53679008,127.1141807,tree,100.0
TREE_17403,37.52323478,127.1304172,tree,100.0
TREE_17404,37.5179767,127.132369,tree,100.0
TREE_17405,37.53683224,127.1140697,tree,100.0
TREE_17406,37.49274881,127.0800684,tree,100.0
TREE_17407,37.493515463,127.078876099,tree,100.0
TREE_17408,37.491649095,127.081997624,tree,100.0
TREE_17409,37.49861783,127.1271718,tree,100.0
TREE_17410,37.51790841,127.1323914,tree,100.0
TREE_17411,37.49446883,127.1227223,tree,100.0
TREE_17412,37.50561457,127.1314403,tree,100.0
TREE_17413,37.52978102,127.0747645,tree,100.0
TREE_17414,37.487369347,127.102484193,tree,100.0
TREE_17415,37.51858908,127.1322284,tree,100.0
TREE_17416,37.50141146,127.1292789,tree,100.0
TREE_17417,37.48917101,127.1123307,tree,100.0
TREE_17418,37.51852224,127.1322479,tree,100.0
TREE_17419,37.537102558,127.086905063,tree,100.0
TREE_17420,37.53928687,127.0986664,tree,100.0
TREE_17421,37.491589078,127.082089385,tree,100.0
TREE_17422,37.493403336,127.079022892,tree,100.0
TREE_17423,37.53825047,127.0908463,tree,100.0
TREE_17424,37.53825772,127.0908778,tree,100.0
TREE_17425,37.49198746,127.1189124,tree,100.0
TREE_17426,37.48995088,127.0856993,tree,100.0
TREE_17427,37.53826392,127.0908962,tree,100.0
TREE_17428,37.487304893,127.101068198,tree,100.0
TREE_17429,37.52773649,127.1274145,tree,100.0
TREE_17430,37.49450231,127.122788,tree,100.0
TREE_17431,37.49107462,127.1171581,tree,100.0
TREE_17432,37.53830306,127.0910421,tree,100.0
TREE_17433,37.53240276,127.1224047,tree,100.0
TREE_17434,37.487350425,127.102419736,tree,100.0
TREE_17435,37.5056787,127.1314874,tree,100.0
TREE_17436,37.52332769,127.1304012,tree,100.0
TREE_17437,37.49004778,127.0854262,tree,100.0
TREE_17438,37.52253425,127.1308,tree,100.0
TREE_17439,37.50492692,127.1311823,tree,100.0
TREE_17440,37.53832549,127.0911238,tree,100.0
TREE_17441,37.49453628,127.1228458,tree,100.0
TREE_17442,37.487813289,127.106718796,tree,100.0
TREE_17443,37.53834525,127.0911952,tree,100.0
TREE_17444,37.487289444,127.100997269,tree,100.0
TREE_17445,37.50599912,127.1316175,tree,100.0
TREE_17446,37.52445076,127.1297802,tree,100.0
TREE_17447,37.509901,127.1326588,tree,100.0
TREE_17448,37.48849302,127.1100362,tree,100.0
TREE_17449,37.5228124,127.1306755,tree,100.0
TREE_17450,37.487278067,127.099851605,tree,100.0
TREE_17451,37.51802562,127.1324003,tree,100.0
TREE_17452,37.51025511,127.1327172,tree,100.0
TREE_17453,37.53596256,127.0839717,tree,100.0
TREE_17454,37.537172848,127.087029185,tree,100.0
TREE_17455,37.52984107,127.0747801,tree,100.0
TREE_17456,37.49096785,127.1169799,tree,100.0
TREE_17457,37.49851214,127.1271314,tree,100.0
TREE_17458,37.494473401,127.077470951,tree,100.0
TREE_17459,37.51795746,127.1324219,tree,100.0
TREE_17460,37.51011356,127.1327019,tree,100.0
TREE_17461,37.53839078,127.0913422,tree,100.0
TREE_17462,37.49456184,127.1229077,tree,100.0
TREE_17463,37.487328004,127.102336739,tree,100.0
TREE_17464,37.487268022,127.100032211,tree,100.0
TREE_17465,37.49217463,127.1193054,tree,100.0
TREE_17466,37.50497152,127.1312259,tree,100.0
TREE_17467,37.52320136,127.1304927,tree,100.0
TREE_17468,37.51863735,127.13226,tree,100.0
TREE_17469,37.52770912,127.1274775,tree,100.0
TREE_17470,37.494374958,127.077591394,tree,100.0
TREE_17471,37.49615745,127.1248303,tree,100.0
TREE_17472,37.51856599,127.1322813,tree,100.0
TREE_17473,37.48853322,127.1102474,tree,100.0
TREE_17474,37.48909279,127.1122075,tree,100.0
TREE_17475,37.48727191,127.100927552,tree,100.0
TREE_17476,37.49266899,127.0801041,tree,100.0
TREE_17477,37.49610558,127.1247828,tree,100.0
TREE_17478,37.493493255,127.078812939,tree,100.0
TREE_17479,37.53842238,127.0914225,tree,100.0
TREE_17480,37.52801802,127.1272309,tree,100.0
TREE_17481,37.49003296,127.0853754,tree,100.0
TREE_17482,37.53687466,127.1141186,tree,100.0
TREE_17483,37.48912492,127.1123498,tree,100.0
TREE_17484,37.487308368,127.102284637,tree,100.0
TREE_17485,37.52442682,127.1298351,tree,100.0
TREE_17486,37.52250665,127.1308621,tree,100.0
TREE_17487,37.491615335,127.0819294,tree,100.0
TREE_17488,37.50504147,127.1312819,tree,100.0
TREE_17489,37.53888722,127.0938816,tree,100.0
TREE_17490,37.49281975,127.079829,tree,100.0
TREE_17491,37.49596834,127.1246517,tree,100.0
TREE_17492,37.49103511,127.1171845,tree,100.0
TREE_17493,37.4872522,127.100869847,tree,100.0
TREE_17494,37.491558149,127.082026314,tree,100.0
TREE_17495,37.49194512,127.1189483,tree,100.0
TREE_17496,37.487777744,127.106754331,tree,100.0
TREE_17497,37.52768248,127.1275362,tree,100.0
TREE_17498,37.53244054,127.1224388,tree,100.0
TREE_17499,37.537156559,127.086882127,tree,100.0
TREE_17500,37.53293422,127.1217485,tree,100.0
TREE_17501,37.493378808,127.078950141,tree,100.0
TREE_17502,37.50137015,127.1293385,tree,100.0
TREE_17503,37.52278373,127.1307398,tree,100.0
TREE_17504,37.51807575,127.1324349,tree,100.0
TREE_17505,37.5299197,127.0748059,tree,100.0
TREE_17506,37.51800604,127.1324553,tree,100.0
TREE_17507,37.50772975,127.1322349,tree,100.0
TREE_17508,37.51861561,127.1323118,tree,100.0
TREE_17509,37.48850484,127.1102714,tree,100.0
TREE_17510,37.51022307,127.1327706,tree,100.0
TREE_17511,37.48991898,127.0855921,tree,100.0
TREE_17512,37.487235117,127.100805262,tree,100.0
TREE_17513,37.52328489,127.130502,tree,100.0
TREE_17514,37.51869005,127.1322967,tree,100.0
TREE_17515,37.487227038,127.10009065,tree,100.0
TREE_17516,37.51009301,127.1327535,tree,100.0
TREE_17517,37.5050913,127.13133,tree,100.0
TREE_17518,37.49856276,127.1272442,tree,100.0
TREE_17519,37.48844785,127.1100695,tree,100.0
TREE_17520,37.53726791,127.1131021,tree,100.0
TREE_17521,37.49260196,127.080137,tree,100.0
TREE_17522,37.49277884,127.0798506,tree,100.0
TREE_17523,37.52316848,127.130567,tree,100.0
TREE_17524,37.4909205,127.1170024,tree,100.0
TREE_17525,37.53290854,127.1218213,tree,100.0
TREE_17526,37.53601399,127.0839503,tree,100.0
TREE_17527,37.49276814,127.0798563,tree,100.0
TREE_17528,37.52765737,127.1275917,tree,100.0
TREE_17529,37.53258424,127.0779738,tree,100.0
TREE_17530,37.52797449,127.1273253,tree,100.0
TREE_17531,37.4900125,127.0853218,tree,100.0
TREE_17532,37.50986373,127.1327288,tree,100.0
TREE_17533,37.52248159,127.1309191,tree,100.0
TREE_17534,37.4927582,127.0798602,tree,100.0
TREE_17535,37.49274749,127.079877,tree,100.0
TREE_17536,37.49585827,127.1245833,tree,100.0
TREE_17537,37.50954595,127.132679,tree,100.0
TREE_17538,37.50512727,127.1313637,tree,100.0
TREE_17539,37.49575161,127.1244668,tree,100.0
TREE_17540,37.494339029,127.077534631,tree,100.0
TREE_17541,37.51812174,127.1324653,tree,100.0
TREE_17542,37.53895654,127.0940664,tree,100.0
TREE_17543,37.494432795,127.077401806,tree,100.0
TREE_17544,37.50956159,127.1326921,tree,100.0
TREE_17545,37.487742518,127.10678138,tree,100.0
TREE_17546,37.53691471,127.1141655,tree,100.0
TREE_17547,37.487205307,127.100708129,tree,100.0
TREE_17548,37.49211719,127.1193481,tree,100.0
TREE_17549,37.50602183,127.1317299,tree,100.0
TREE_17550,37.52419558,127.1300397,tree,100.0
TREE_17551,37.52274908,127.1308116,tree,100.0
TREE_17552,37.493466232,127.078739359,tree,100.0
TREE_17553,37.51806079,127.1324907,tree,100.0
TREE_17554,37.48847578,127.1102936,tree,100.0
TREE_17555,37.52795113,127.1273752,tree,100.0
TREE_17556,37.52763606,127.1276408,tree,100.0
TREE_17557,37.51873216,127.1323231,tree,100.0
TREE_17558,37.49521239,127.1238545,tree,100.0
TREE_17559,37.5077024,127.1322763,tree,100.0
TREE_17560,37.53894255,127.0938894,tree,100.0
TREE_17561,37.53000968,127.0748255,tree,100.0
TREE_17562,37.50761293,127.1322535,tree,100.0
TREE_17563,37.50113564,127.1292502,tree,100.0
TREE_17564,37.49529162,127.1239565,tree,100.0
TREE_17565,37.51866798,127.1323475,tree,100.0
TREE_17566,37.5231431,127.1306244,tree,100.0
TREE_17567,37.49097609,127.117198,tree,100.0
TREE_17568,37.53288656,127.1219139,tree,100.0
TREE_17569,37.49567927,127.1244212,tree,100.0
TREE_17570,37.48906271,127.1123739,tree,100.0
TREE_17571,37.51020213,127.1328239,tree,100.0
TREE_17572,37.487184637,127.100156177,tree,100.0
TREE_17573,37.52324541,127.1305837,tree,100.0
TREE_17574,37.49270305,127.0798865,tree,100.0
TREE_17575,37.50133301,127.1293963,tree,100.0
TREE_17576,37.52245423,127.1309794,tree,100.0
TREE_17577,37.49188987,127.118987,tree,100.0
TREE_17578,37.5243691,127.1299651,tree,100.0
TREE_17579,37.51006122,127.1328088,tree,100.0
TREE_17580,37.48999538,127.0852583,tree,100.0
TREE_17581,37.49269196,127.0798928,tree,100.0
TREE_17582,37.491572408,127.08184928,tree,100.0
TREE_17583,37.51816235,127.1324947,tree,100.0
TREE_17584,37.49252004,127.0801703,tree,100.0
TREE_17585,37.51809803,127.1325144,tree,100.0
TREE_17586,37.53331044,127.121324,tree,100.0
TREE_17587,37.50607896,127.1317857,tree,100.0
TREE_17588,37.49087613,127.1170307,tree,100.0
TREE_17589,37.52760725,127.1277028,tree,100.0
TREE_17590,37.49268163,127.0798985,tree,100.0
TREE_17591,37.49558566,127.1243427,tree,100.0
TREE_17592,37.48839775,127.1101055,tree,100.0
TREE_17593,37.50523926,127.1314675,tree,100.0
TREE_17594,37.49250287,127.0801839,tree,100.0
TREE_17595,37.49530551,127.124016,tree,100.0
TREE_17596,37.53006627,127.0748428,tree,100.0
TREE_17597,37.50984793,127.1327898,tree,100.0
TREE_17598,37.48988934,127.0854905,tree,100.0
TREE_17599,37.49266787,127.0799086,tree,100.0
TREE_17600,37.53900086,127.0940799,tree,100.0
TREE_17601,37.53260917,127.0779044,tree,100.0
TREE_17602,37.51877867,127.1323564,tree,100.0
TREE_17603,37.51871055,127.1323739,tree,100.0
TREE_17604,37.53942121,127.0986615,tree,100.0
TREE_17605,37.50953681,127.132742,tree,100.0
TREE_17606,37.52311908,127.1306788,tree,100.0
TREE_17607,37.53857915,127.0916894,tree,100.0
TREE_17608,37.49248645,127.0801914,tree,100.0
TREE_17609,37.49499717,127.1236575,tree,100.0
TREE_17610,37.52790477,127.1274765,tree,100.0
TREE_17611,37.53305443,127.1217332,tree,100.0
TREE_17612,37.49468271,127.1232652,tree,100.0
TREE_17613,37.49539466,127.1241426,tree,100.0
TREE_17614,37.5371637,127.1136205,tree,100.0
TREE_17615,37.50616582,127.1318428,tree,100.0
TREE_17616,37.52322048,127.1306385,tree,100.0
TREE_17617,37.52758052,127.1277547,tree,100.0
TREE_17618,37.49247339,127.0801974,tree,100.0
TREE_17619,37.53695387,127.1142094,tree,100.0
TREE_17620,37.49264329,127.0799163,tree,100.0
TREE_17621,37.51015215,127.1328602,tree,100.0
TREE_17622,37.49850968,127.1273162,tree,100.0
TREE_17623,37.53252129,127.0777553,tree,100.0
TREE_17624,37.53859617,127.0917197,tree,100.0
TREE_17625,37.4953428,127.1240951,tree,100.0
TREE_17626,37.53940092,127.0978807,tree,100.0
TREE_17627,37.52986021,127.0745964,tree,100.0
TREE_17628,37.52434011,127.1300314,tree,100.0
TREE_17629,37.5301319,127.0748748,tree,100.0
TREE_17630,37.50768041,127.1323351,tree,100.0
TREE_17631,37.50620789,127.1318702,tree,100.0
TREE_17632,37.53691617,127.114328,tree,100.0
TREE_17633,37.49429468,127.077473102,tree,100.0
TREE_17634,37.49263144,127.0799215,tree,100.0
TREE_17635,37.494390129,127.077345036,tree,100.0
TREE_17636,37.52243079,127.1310416,tree,100.0
TREE_17637,37.49245734,127.080203,tree,100.0
TREE_17638,37.51814219,127.1325451,tree,100.0
TREE_17639,37.48901428,127.1123809,tree,100.0
TREE_17640,37.48997715,127.0851976,tree,100.0
TREE_17641,37.51821579,127.1325285,tree,100.0
TREE_17642,37.493335975,127.078815375,tree,100.0
TREE_17643,37.49092183,127.1172096,tree,100.0
TREE_17644,37.52788268,127.1275245,tree,100.0
TREE_17645,37.538340172,127.09053287,tree,100.0
TREE_17646,37.53825543,127.0901881,tree,100.0
TREE_17647,37.5382735,127.090258,tree,100.0
TREE_17648,37.53830915,127.0904058,tree,100.0
TREE_17649,37.53944669,127.0986928,tree,100.0
TREE_17650,37.487138581,127.100228781,tree,100.0
TREE_17651,37.487683302,127.106826937,tree,100.0
TREE_17652,37.5010986,127.1293055,tree,100.0
TREE_17653,37.48842144,127.1103315,tree,100.0
TREE_17654,37.53609682,127.0839192,tree,100.0
TREE_17655,37.49261882,127.0799277,tree,100.0
TREE_17656,37.49543195,127.1242218,tree,100.0
TREE_17657,37.53816074,127.0898078,tree,100.0
TREE_17658,37.53817962,127.0898804,tree,100.0
TREE_17659,37.53821657,127.090027,tree,100.0
TREE_17660,37.52415211,127.1301534,tree,100.0
TREE_17661,37.53819881,127.0899531,tree,100.0
TREE_17662,37.53829817,127.0903485,tree,100.0
TREE_17663,37.49206052,127.1193914,tree,100.0
TREE_17664,37.52521294,127.12951,tree,100.0
TREE_17665,37.53823806,127.090103,tree,100.0
TREE_17666,37.50952666,127.1327751,tree,100.0
TREE_17667,37.53814245,127.0897285,tree,100.0
TREE_17668,37.4918498,127.1190193,tree,100.0
TREE_17669,37.53812136,127.089645,tree,100.0
TREE_17670,37.49243893,127.0802157,tree,100.0
TREE_17671,37.5062648,127.1319065,tree,100.0
TREE_17672,37.49495138,127.1236484,tree,100.0
TREE_17673,37.53837344,127.0906356,tree,100.0
TREE_17674,37.53839113,127.0907078,tree,100.0
TREE_17675,37.5053024,127.1315454,tree,100.0
TREE_17676,37.48836188,127.110132,tree,100.0
TREE_17677,37.53806009,127.089403,tree,100.0
TREE_17678,37.53839957,127.090742,tree,100.0
TREE_17679,37.49841255,127.1272647,tree,100.0
TREE_17680,37.53804148,127.0893323,tree,100.0
TREE_17681,37.53863003,127.0917767,tree,100.0
TREE_17682,37.51882784,127.1323877,tree,100.0
TREE_17683,37.51875719,127.1324066,tree,100.0
TREE_17684,37.53841359,127.0907923,tree,100.0
TREE_17685,37.49259396,127.079944,tree,100.0
TREE_17686,37.50630467,127.1319314,tree,100.0
TREE_17687,37.53904353,127.0940877,tree,100.0
TREE_17688,37.53843471,127.0908696,tree,100.0
TREE_17689,37.53336421,127.1213429,tree,100.0
TREE_17690,37.49242176,127.0802218,tree,100.0
TREE_17691,37.53845095,127.0909254,tree,100.0
TREE_17692,37.487122159,127.100409902,tree,100.0
TREE_17693,37.51000519,127.1328751,tree,100.0
TREE_17694,37.5275477,127.1278311,tree,100.0
TREE_17695,37.52308584,127.1307539,tree,100.0
TREE_17696,37.53846801,127.0909895,tree,100.0
TREE_17697,37.49082132,127.1170516,tree,100.0
TREE_17698,37.50128882,127.1294617,tree,100.0
TREE_17699,37.52785464,127.1275839,tree,100.0
TREE_17700,37.53795523,127.0889734,tree,100.0
TREE_17701,37.49240646,127.0802293,tree,100.0
TREE_17702,37.53791517,127.0888264,tree,100.0
TREE_17703,37.52993694,127.0746184,tree,100.0
TREE_17704,37.53850991,127.0911437,tree,100.0
TREE_17705,37.52431373,127.1300938,tree,100.0
TREE_17706,37.491535084,127.081768766,tree,100.0
TREE_17707,37.49257015,127.0799512,tree,100.0
TREE_17708,37.51825624,127.1325577,tree,100.0
TREE_17709,37.510145,127.1329101,tree,100.0
TREE_17710,37.53865909,127.0918261,tree,100.0
TREE_17711,37.50636149,127.1319704,tree,100.0
TREE_17712,37.53789811,127.0887525,tree,100.0
TREE_17713,37.487656354,127.106846873,tree,100.0
TREE_17714,37.49468649,127.1233588,tree,100.0
TREE_17715,37.5385318,127.0912206,tree,100.0
TREE_17716,37.53788039,127.088682,tree,100.0
TREE_17717,37.49239116,127.0802377,tree,100.0
TREE_17718,37.48995893,127.0851397,tree,100.0
TREE_17719,37.53736737,127.1131978,tree,100.0
TREE_17720,37.53854106,127.0912468,tree,100.0
TREE_17721,37.51819362,127.1325819,tree,100.0
TREE_17722,37.4925583,127.0799565,tree,100.0
TREE_17723,37.48897789,127.1123953,tree,100.0
TREE_17724,37.53944366,127.0978226,tree,100.0
TREE_17725,37.53297644,127.1219533,tree,100.0
TREE_17726,37.53784498,127.0885453,tree,100.0
TREE_17727,37.50980779,127.1328669,tree,100.0
TREE_17728,37.53782442,127.0884724,tree,100.0
TREE_17729,37.5385486,127.0912655,tree,100.0
TREE_17730,37.487100726,127.100345871,tree,100.0
TREE_17731,37.491480308,127.081847846,tree,100.0
TREE_17732,37.53280283,127.1222036,tree,100.0
TREE_17733,37.53021275,127.0748851,tree,100.0
TREE_17734,37.53699343,127.1142583,tree,100.0
TREE_17735,37.53855424,127.0912807,tree,100.0
TREE_17736,37.53780485,127.0883976,tree,100.0
TREE_17737,37.49254835,127.0799613,tree,100.0
TREE_17738,37.50107229,127.1293456,tree,100.0
TREE_17739,37.52751306,127.1278956,tree,100.0
TREE_17740,37.53778878,127.0883362,tree,100.0
TREE_17741,37.50642114,127.1320091,tree,100.0
TREE_17742,37.51880347,127.1324379,tree,100.0
TREE_17743,37.52783185,127.1276348,tree,100.0
TREE_17744,37.48985027,127.0853838,tree,100.0
TREE_17745,37.50765323,127.1323943,tree,100.0
TREE_17746,37.53905081,127.0939244,tree,100.0
TREE_17747,37.49847116,127.1273702,tree,100.0
TREE_17748,37.49236906,127.0802461,tree,100.0
TREE_17749,37.51887625,127.1324226,tree,100.0
TREE_17750,37.52526805,127.1295372,tree,100.0
TREE_17751,37.53775121,127.0881886,tree,100.0
TREE_17752,37.49252924,127.0799747,tree,100.0
TREE_17753,37.49086727,127.1172212,tree,100.0
TREE_17754,37.53800189,127.0890323,tree,100.0
TREE_17755,37.50755494,127.1323758,tree,100.0
TREE_17756,37.53950131,127.0987549,tree,100.0
TREE_17757,37.53773354,127.0881207,tree,100.0
TREE_17758,37.49488121,127.1236447,tree,100.0
TREE_17759,37.5332001,127.1216622,tree,100.0
TREE_17760,37.53254778,127.077672,tree,100.0
TREE_17761,37.53858429,127.0913508,tree,100.0
TREE_17762,37.538696292,127.091881572,tree,100.0
TREE_17763,37.493313168,127.07874317,tree,100.0
TREE_17764,37.494347735,127.077291284,tree,100.0
TREE_17765,37.49235226,127.0802536,tree,100.0
TREE_17766,37.50648306,127.1320486,tree,100.0
TREE_17767,37.53263935,127.0777874,tree,100.0
TREE_17768,37.487629947,127.106867514,tree,100.0
TREE_17769,37.48836858,127.1103677,tree,100.0
TREE_17770,37.493418641,127.078574473,tree,100.0
TREE_17771,37.51823633,127.1326074,tree,100.0
TREE_17772,37.53722814,127.113688,tree,100.0
TREE_17773,37.51830964,127.1325907,tree,100.0
TREE_17774,37.52780869,127.1276842,tree,100.0
TREE_17775,37.53769577,127.087962,tree,100.0
TREE_17776,37.51039742,127.0672645,tree,100.0
TREE_17777,37.49233696,127.080262,tree,100.0
TREE_17778,37.5104172,127.0672607,tree,100.0
TREE_17779,37.51037765,127.0672669,tree,100.0
TREE_17780,37.53341624,127.1213633,tree,100.0
TREE_17781,37.52305025,127.1308343,tree,100.0
TREE_17782,37.51044092,127.0672564,tree,100.0
TREE_17783,37.53616229,127.0838962,tree,100.0
TREE_17784,37.49250351,127.0799819,tree,100.0
TREE_17785,37.51046486,127.0672521,tree,100.0
TREE_17786,37.49837451,127.1273201,tree,100.0
TREE_17787,37.494244458,127.077406825,tree,100.0
TREE_17788,37.51050588,127.0672447,tree,100.0
TREE_17789,37.51048364,127.0672484,tree,100.0
TREE_17790,37.48831042,127.1101723,tree,100.0
TREE_17791,37.52748434,127.1279584,tree,100.0
TREE_17792,37.53293387,127.1220746,tree,100.0
TREE_17793,37.51083505,127.0672021,tree,100.0
TREE_17794,37.51074245,127.0672138,tree,100.0
TREE_17795,37.51067309,127.0672225,tree,100.0
TREE_17796,37.51063651,127.0672268,tree,100.0
TREE_17797,37.50999836,127.1329392,tree,100.0
TREE_17798,37.51079831,127.0672058,tree,100.0
TREE_17799,37.51070687,127.0672169,tree,100.0
TREE_17800,37.51053949,127.0672379,tree,100.0
TREE_17801,37.5105212,127.0672404,tree,100.0
TREE_17802,37.51076569,127.0672083,tree,100.0
TREE_17803,37.51061081,127.067228,tree,100.0
TREE_17804,37.51100668,127.0671793,tree,100.0
TREE_17805,37.51058165,127.0672305,tree,100.0
TREE_17806,37.51056025,127.0672329,tree,100.0
TREE_17807,37.5395027,127.0982834,tree,100.0
TREE_17808,37.53766202,127.0878274,tree,100.0
TREE_17809,37.51087607,127.0671928,tree,100.0
TREE_17810,37.4917918,127.1190634,tree,100.0
TREE_17811,37.53259442,127.1225567,tree,100.0
TREE_17812,37.48994052,127.0850784,tree,100.0
TREE_17813,37.49249203,127.0799872,tree,100.0
TREE_17814,37.51096517,127.0671811,tree,100.0
TREE_17815,37.50947133,127.1328534,tree,100.0
TREE_17816,37.51091611,127.0671854,tree,100.0
TREE_17817,37.49231937,127.0802676,tree,100.0
TREE_17818,37.50949532,127.1328609,tree,100.0
TREE_17819,37.53862279,127.0914168,tree,100.0
TREE_17820,37.51105876,127.067165,tree,100.0
TREE_17821,37.51892117,127.1324498,tree,100.0
TREE_17822,37.50999124,127.1329507,tree,100.0
TREE_17823,37.49248171,127.079991,tree,100.0
TREE_17824,37.53762404,127.0876791,tree,100.0
TREE_17825,37.51885325,127.1324711,tree,100.0
TREE_17826,37.51110472,127.0671545,tree,100.0
TREE_17827,37.50124956,127.1295214,tree,100.0
TREE_17828,37.51122786,127.0671411,tree,100.0
TREE_17829,37.52426144,127.1302036,tree,100.0
TREE_17830,37.51117781,127.0671448,tree,100.0
TREE_17831,37.51130638,127.0671306,tree,100.0
TREE_17832,37.49230183,127.0802774,tree,100.0
TREE_17833,37.5277829,127.1277391,tree,100.0
TREE_17834,37.487605218,127.106885318,tree,100.0
TREE_17835,37.509818712,127.0673262,tree,100.0
TREE_17836,37.49198876,127.1194452,tree,100.0
TREE_17837,37.50660419,127.1321293,tree,100.0
TREE_17838,37.53699006,127.1144135,tree,100.0
TREE_17839,37.52408148,127.1303135,tree,100.0
TREE_17840,37.53758912,127.0875438,tree,100.0
TREE_17841,37.50978627,127.1329297,tree,100.0
TREE_17842,37.51142113,127.0671127,tree,100.0
TREE_17843,37.53949523,127.0977552,tree,100.0
TREE_17844,37.49245762,127.0800054,tree,100.0
TREE_17845,37.537034,127.1143052,tree,100.0
TREE_17846,37.53912697,127.0941091,tree,100.0
TREE_17847,37.51834673,127.1326191,tree,100.0
TREE_17848,37.51012159,127.1329891,tree,100.0
TREE_17849,37.53954619,127.0988073,tree,100.0
TREE_17850,37.49228392,127.0802849,tree,100.0
TREE_17851,37.52746387,127.1280178,tree,100.0
TREE_17852,37.53275246,127.1223833,tree,100.0
TREE_17853,37.53757337,127.087467,tree,100.0
TREE_17854,37.491495626,127.081684226,tree,100.0
TREE_17855,37.53725921,127.1137148,tree,100.0
TREE_17856,37.50762642,127.1324586,tree,100.0
TREE_17857,37.50665327,127.1321628,tree,100.0
TREE_17858,37.53866013,127.0914778,tree,100.0
TREE_17859,37.51828648,127.1326441,tree,100.0
TREE_17860,37.5303555,127.0749297,tree,100.0
TREE_17861,37.493291287,127.078676808,tree,100.0
TREE_17862,37.49226899,127.0802929,tree,100.0
TREE_17863,37.49074003,127.1170871,tree,100.0
TREE_17864,37.53911395,127.0939368,tree,100.0
TREE_17865,37.48982767,127.0852673,tree,100.0
TREE_17866,37.49243386,127.0800135,tree,100.0
TREE_17867,37.53878105,127.0920301,tree,100.0
TREE_17868,37.52301755,127.1309083,tree,100.0
TREE_17869,37.52775699,127.1277956,tree,100.0
TREE_17870,37.487584997,127.106901684,tree,100.0
TREE_17871,37.5010357,127.129419,tree,100.0
TREE_17872,37.5114804,127.067083,tree,100.0
TREE_17873,37.49080799,127.1172451,tree,100.0
TREE_17874,37.48992228,127.0850163,tree,100.0
TREE_17875,37.49340791,127.078491093,tree,100.0
TREE_17876,37.49242392,127.0800183,tree,100.0
TREE_17877,37.491433123,127.081767126,tree,100.0
TREE_17878,37.51153473,127.0670744,tree,100.0
TREE_17879,37.53346618,127.1213826,tree,100.0
TREE_17880,37.5189686,127.1324826,tree,100.0
TREE_17881,37.49225288,127.080299,tree,100.0
TREE_17882,37.50671296,127.1322006,tree,100.0
TREE_17883,37.53266265,127.0777149,tree,100.0
TREE_17884,37.50556575,127.1317922,tree,100.0
TREE_17885,37.49842309,127.1274369,tree,100.0
TREE_17886,37.48831812,127.1104021,tree,100.0
TREE_17887,37.487031092,127.101054753,tree,100.0
TREE_17888,37.49241322,127.0800231,tree,100.0
TREE_17889,37.52423389,127.1302675,tree,100.0
TREE_17890,37.49478867,127.1236464,tree,100.0
TREE_17891,37.53257297,127.0775819,tree,100.0
TREE_17892,37.53956553,127.0985856,tree,100.0
TREE_17893,37.49223459,127.0803097,tree,100.0
TREE_17894,37.494298088,127.07723296,tree,100.0
TREE_17895,37.49464449,127.1234737,tree,100.0
TREE_17896,37.53289172,127.1222428,tree,100.0
TREE_17897,37.48825794,127.1102088,tree,100.0
TREE_17898,37.49833035,127.1273764,tree,100.0
TREE_17899,37.53881787,127.0920923,tree,100.0
TREE_17900,37.52773237,127.1278489,tree,100.0
TREE_17901,37.49238607,127.0800384,tree,100.0
TREE_17902,37.49222078,127.0803153,tree,100.0
TREE_17903,37.51840517,127.1326573,tree,100.0
TREE_17904,37.49173658,127.1191009,tree,100.0
TREE_17905,37.48701227,127.100988,tree,100.0
TREE_17906,37.51833495,127.1326768,tree,100.0
TREE_17907,37.53956305,127.0982075,tree,100.0
TREE_17908,37.50121378,127.1295755,tree,100.0
TREE_17909,37.487558676,127.106919496,tree,100.0
TREE_17910,37.5231077,127.1309056,tree,100.0
TREE_17911,37.53707138,127.1143512,tree,100.0
TREE_17912,37.53018199,127.0746848,tree,100.0
TREE_17913,37.49220436,127.0803223,tree,100.0
TREE_17914,37.53954354,127.09769,tree,100.0
TREE_17915,37.50946139,127.1329412,tree,100.0
TREE_17916,37.53729538,127.1137492,tree,100.0
TREE_17917,37.53959745,127.098872,tree,100.0
TREE_17918,37.49236619,127.0800458,tree,100.0
TREE_17919,37.53918284,127.0941241,tree,100.0
TREE_17920,37.53745112,127.1133134,tree,100.0
TREE_17921,37.51894664,127.1325326,tree,100.0
TREE_17922,37.48990462,127.0849563,tree,100.0
TREE_17923,37.51901839,127.1325158,tree,100.0
TREE_17924,37.51009089,127.1330565,tree,100.0
TREE_17925,37.49069673,127.1171062,tree,100.0
TREE_17926,37.48828792,127.1104268,tree,100.0
TREE_17927,37.49235586,127.0800501,tree,100.0
TREE_17928,37.509806414,127.067245785,tree,100.0
TREE_17929,37.50750702,127.1324908,tree,100.0
TREE_17930,37.52421238,127.1303259,tree,100.0
TREE_17931,37.53270236,127.122556,tree,100.0
TREE_17932,37.49218672,127.0803303,tree,100.0
TREE_17933,37.50558116,127.1318462,tree,100.0
TREE_17934,37.52770589,127.1279058,tree,100.0
TREE_17935,37.486984217,127.100048454,tree,100.0
TREE_17936,37.49193029,127.1194913,tree,100.0
TREE_17937,37.486989967,127.100902802,tree,100.0
TREE_17938,37.52308698,127.130939,tree,100.0
TREE_17939,37.52402656,127.1304383,tree,100.0
TREE_17940,37.49234552,127.0800559,tree,100.0
TREE_17941,37.53886047,127.0921613,tree,100.0
TREE_17942,37.52297853,127.1309965,tree,100.0
TREE_17943,37.53704299,127.1144799,tree,100.0
TREE_17944,37.52739708,127.1281668,tree,100.0
TREE_17945,37.493266465,127.078601647,tree,100.0
TREE_17946,37.51845108,127.1326835,tree,100.0
TREE_17947,37.50998208,127.1330568,tree,100.0
TREE_17948,37.49075641,127.1172653,tree,100.0
TREE_17949,37.49216656,127.0803401,tree,100.0
TREE_17950,37.5254143,127.1296089,tree,100.0
TREE_17951,37.50690757,127.1323293,tree,100.0
TREE_17952,37.53285771,127.1223668,tree,100.0
TREE_17953,37.53961265,127.0986409,tree,100.0
TREE_17954,37.53024871,127.0747115,tree,100.0
TREE_17955,37.51837985,127.1327067,tree,100.0
TREE_17956,37.49232218,127.0800703,tree,100.0
TREE_17957,37.53049899,127.0749773,tree,100.0
TREE_17958,37.50759245,127.1325401,tree,100.0
TREE_17959,37.486972534,127.100848343,tree,100.0
TREE_17960,37.4947433,127.1236849,tree,100.0
TREE_17961,37.53731744,127.1137774,tree,100.0
TREE_17962,37.491451901,127.081591633,tree,100.0
TREE_17963,37.49838213,127.1274893,tree,100.0
TREE_17964,37.48979127,127.0851657,tree,100.0
TREE_17965,37.493389401,127.078397438,tree,100.0
TREE_17966,37.49214903,127.0803462,tree,100.0
TREE_17967,37.52768265,127.1279585,tree,100.0
TREE_17968,37.486962512,127.099972073,tree,100.0
TREE_17969,37.53259527,127.0775079,tree,100.0
TREE_17970,37.53889424,127.0922211,tree,100.0
TREE_17971,37.50098501,127.129487,tree,100.0
TREE_17972,37.52737451,127.1282135,tree,100.0
TREE_17973,37.48989092,127.0849026,tree,100.0
TREE_17974,37.53284,127.1224202,tree,100.0
TREE_17975,37.51906148,127.1325452,tree,100.0
TREE_17976,37.49229838,127.0800789,tree,100.0
TREE_17977,37.50696947,127.1323715,tree,100.0
TREE_17978,37.49213298,127.0803556,tree,100.0
TREE_17979,37.49829079,127.1274289,tree,100.0
TREE_17980,37.53678749,127.0850477,tree,100.0
TREE_17981,37.494251551,127.077180208,tree,100.0
TREE_17982,37.49066061,127.1171195,tree,100.0
TREE_17983,37.48820342,127.1102477,tree,100.0
TREE_17984,37.49340529,127.078348068,tree,100.0
TREE_17985,37.486954414,127.100778078,tree,100.0
TREE_17986,37.49228767,127.0800837,tree,100.0
TREE_17987,37.50118013,127.1296276,tree,100.0
TREE_17988,37.53880635,127.0917249,tree,100.0
TREE_17989,37.53711153,127.1143963,tree,100.0
TREE_17990,37.5230606,127.1310021,tree,100.0
TREE_17991,37.5056104,127.1319121,tree,100.0
TREE_17992,37.53030405,127.0747256,tree,100.0
TREE_17993,37.52735523,127.128251,tree,100.0
TREE_17994,37.49211612,127.0803598,tree,100.0
TREE_17995,37.5100717,127.1331117,tree,100.0
TREE_17996,37.50701887,127.1324032,tree,100.0
TREE_17997,37.52765939,127.1280074,tree,100.0
TREE_17998,37.49227619,127.080088,tree,100.0
TREE_17999,37.50973177,127.1330571,tree,100.0
TREE_18000,37.53282869,127.1224649,tree,100.0
TREE_18001,37.53676296,127.0849587,tree,100.0
TREE_18002,37.51849429,127.1327163,tree,100.0
TREE_18003,37.53269619,127.0776068,tree,100.0
TREE_18004,37.486941415,127.09989851,tree,100.0
TREE_18005,37.51842204,127.132736,tree,100.0
TREE_18006,37.53959513,127.0976253,tree,100.0
TREE_18007,37.48824417,127.1104597,tree,100.0
TREE_18008,37.5094333,127.1330097,tree,100.0
TREE_18009,37.49210081,127.080371,tree,100.0
TREE_18010,37.53707843,127.1145186,tree,100.0
TREE_18011,37.49225975,127.0800963,tree,100.0
TREE_18012,37.52546671,127.1296323,tree,100.0
TREE_18013,37.53734177,127.1138106,tree,100.0
TREE_18014,37.509793029,127.067175309,tree,100.0
TREE_18015,37.50994918,127.13311,tree,100.0
TREE_18016,37.486932092,127.100715709,tree,100.0
TREE_18017,37.49208364,127.0803789,tree,100.0
TREE_18018,37.53966029,127.0986954,tree,100.0
TREE_18019,37.49224352,127.080106,tree,100.0
TREE_18020,37.49070939,127.1172902,tree,100.0
TREE_18021,37.52733811,127.1282934,tree,100.0
TREE_18022,37.53672821,127.0848249,tree,100.0
TREE_18023,37.4918792,127.1195321,tree,100.0
TREE_18024,37.5059133,127.132055,tree,100.0
TREE_18025,37.52763807,127.1280551,tree,100.0
TREE_18026,37.51904091,127.1325965,tree,100.0
TREE_18027,37.48987157,127.0848455,tree,100.0
TREE_18028,37.51911306,127.1325776,tree,100.0
TREE_18029,37.53280591,127.1225385,tree,100.0
TREE_18030,37.53036259,127.074747,tree,100.0
TREE_18031,37.5075726,127.1325998,tree,100.0
TREE_18032,37.486918135,127.099825994,tree,100.0
TREE_18033,37.52397516,127.1305569,tree,100.0
TREE_18034,37.49206648,127.0803869,tree,100.0
TREE_18035,37.5392387,127.0939703,tree,100.0
TREE_18036,37.53671283,127.0847646,tree,100.0
TREE_18037,37.49834618,127.1275364,tree,100.0
TREE_18038,37.50713494,127.1324773,tree,100.0
TREE_18039,37.52303414,127.1310588,tree,100.0
TREE_18040,37.49165711,127.1191584,tree,100.0
TREE_18041,37.52292515,127.1311149,tree,100.0
TREE_18042,37.53751221,127.1133866,tree,100.0
TREE_18043,37.486911926,127.100639118,tree,100.0
TREE_18044,37.51854044,127.1327466,tree,100.0
TREE_18045,37.50595706,127.1320891,tree,100.0
TREE_18046,37.53820301,127.0890723,tree,100.0
TREE_18047,37.491420976,127.081523198,tree,100.0
TREE_18048,37.537361,127.1138331,tree,100.0
TREE_18049,37.53669567,127.084699,tree,100.0
TREE_18050,37.49204988,127.0803944,tree,100.0
TREE_18051,37.5058247,127.1320442,tree,100.0
TREE_18052,37.50940224,127.1330434,tree,100.0
TREE_18053,37.52761869,127.1280985,tree,100.0
TREE_18054,37.48976389,127.0850641,tree,100.0
TREE_18055,37.53969197,127.0989855,tree,100.0
TREE_18056,37.53965824,127.0980857,tree,100.0
TREE_18057,37.491364876,127.081614152,tree,100.0
TREE_18058,37.48815983,127.1102796,tree,100.0
TREE_18059,37.53825312,127.0892248,tree,100.0
TREE_18060,37.49220371,127.080123,tree,100.0
TREE_18061,37.53278503,127.1226051,tree,100.0
TREE_18062,37.50718663,127.1325115,tree,100.0
TREE_18063,37.537147,127.1144401,tree,100.0
TREE_18064,37.53340718,127.1217186,tree,100.0
TREE_18065,37.51847875,127.1327753,tree,100.0
TREE_18066,37.50095558,127.1295526,tree,100.0
TREE_18067,37.53667979,127.0846351,tree,100.0
TREE_18068,37.49219404,127.0801288,tree,100.0
TREE_18069,37.49203323,127.0804023,tree,100.0
TREE_18070,37.51914331,127.1325994,tree,100.0
TREE_18071,37.49060862,127.1171491,tree,100.0
TREE_18072,37.50971025,127.1331163,tree,100.0
TREE_18073,37.53042027,127.0747646,tree,100.0
TREE_18074,37.486893695,127.100560115,tree,100.0
TREE_18075,37.50604032,127.1321419,tree,100.0
TREE_18076,37.49824985,127.1274858,tree,100.0
TREE_18077,37.52394997,127.1306065,tree,100.0
TREE_18078,37.53964058,127.0975581,tree,100.0
TREE_18079,37.493381212,127.078269087,tree,100.0
TREE_18080,37.49218593,127.0801312,tree,100.0
TREE_18081,37.486892096,127.099752215,tree,100.0
TREE_18082,37.494204776,127.077126528,tree,100.0
TREE_18083,37.49201891,127.0804089,tree,100.0
TREE_18084,37.48985679,127.084794,tree,100.0
TREE_18085,37.53711379,127.1145622,tree,100.0
TREE_18086,37.50113897,127.1296915,tree,100.0
TREE_18087,37.51909073,127.1326296,tree,100.0
TREE_18088,37.50725474,127.1325534,tree,100.0
TREE_18089,37.48819563,127.1104964,tree,100.0
TREE_18090,37.52301174,127.1311121,tree,100.0
TREE_18091,37.53900977,127.0924115,tree,100.0
TREE_18092,37.49216931,127.0801404,tree,100.0
TREE_18093,37.53362021,127.1214376,tree,100.0
TREE_18094,37.50993585,127.1331715,tree,100.0
TREE_18095,37.53970966,127.0987553,tree,100.0
TREE_18096,37.493352869,127.078283361,tree,100.0
TREE_18097,37.49200099,127.0804159,tree,100.0
TREE_18098,37.53738364,127.1138648,tree,100.0
TREE_18099,37.51858755,127.1327776,tree,100.0
TREE_18100,37.53271867,127.0775151,tree,100.0
TREE_18101,37.509780004,127.067106064,tree,100.0
TREE_18102,37.51001368,127.1331949,tree,100.0
TREE_18103,37.53259865,127.1229137,tree,100.0
TREE_18104,37.49214948,127.0801457,tree,100.0
TREE_18105,37.53664713,127.0844784,tree,100.0
TREE_18106,37.486869211,127.100487824,tree,100.0
TREE_18107,37.49321943,127.078456715,tree,100.0
TREE_18108,37.486867061,127.099678436,tree,100.0
TREE_18109,37.49214175,127.0801506,tree,100.0
TREE_18110,37.49197935,127.0804266,tree,100.0
TREE_18111,37.50742632,127.1326291,tree,100.0
TREE_18112,37.50756168,127.1326682,tree,100.0
TREE_18113,37.53904094,127.0924647,tree,100.0
TREE_18114,37.49450313,127.1235685,tree,100.0
TREE_18115,37.50732736,127.1326026,tree,100.0
TREE_18116,37.52726692,127.1284441,tree,100.0
TREE_18117,37.49213324,127.0801549,tree,100.0
TREE_18118,37.50618334,127.1322342,tree,100.0
TREE_18119,37.53894298,127.091952,tree,100.0
TREE_18120,37.50939303,127.1331031,tree,100.0
TREE_18121,37.53263771,127.0773704,tree,100.0
TREE_18122,37.53973967,127.0990384,tree,100.0
TREE_18123,37.53073522,127.0750449,tree,100.0
TREE_18124,37.51913287,127.1326566,tree,100.0
TREE_18125,37.49465235,127.1237709,tree,100.0
TREE_18126,37.50622626,127.1322586,tree,100.0
TREE_18127,37.51920494,127.1326398,tree,100.0
TREE_18128,37.53345762,127.1217371,tree,100.0
TREE_18129,37.48873755,127.1125016,tree,100.0
TREE_18130,37.53718486,127.1144847,tree,100.0
TREE_18131,37.491338224,127.08154438,tree,100.0
TREE_18132,37.52298789,127.1311705,tree,100.0
TREE_18133,37.48983819,127.0847305,tree,100.0
TREE_18134,37.53970911,127.0980198,tree,100.0
TREE_18135,37.49211005,127.0801685,tree,100.0
TREE_18136,37.50738007,127.1326349,tree,100.0
TREE_18137,37.49063226,127.1173172,tree,100.0
TREE_18138,37.53660405,127.084319,tree,100.0
TREE_18139,37.49829963,127.1276006,tree,100.0
TREE_18140,37.48810908,127.110315,tree,100.0
TREE_18141,37.5393438,127.0941961,tree,100.0
TREE_18142,37.50935748,127.133115,tree,100.0
TREE_18143,37.50573244,127.1320939,tree,100.0
TREE_18144,37.491382583,127.081444024,tree,100.0
TREE_18145,37.50625769,127.132285,tree,100.0
TREE_18146,37.50558166,127.1320394,tree,100.0
TREE_18147,37.52724716,127.1284909,tree,100.0
TREE_18148,37.49159241,127.1192048,tree,100.0
TREE_18149,37.51864006,127.1328114,tree,100.0
TREE_18150,37.49180477,127.1195846,tree,100.0
TREE_18151,37.53257495,127.1230049,tree,100.0
TREE_18152,37.53907585,127.0925224,tree,100.0
TREE_18153,37.486840394,127.099605874,tree,100.0
TREE_18154,37.51856716,127.132832,tree,100.0
TREE_18155,37.48973198,127.0849568,tree,100.0
TREE_18156,37.53715446,127.1146072,tree,100.0
TREE_18157,37.53969303,127.0974916,tree,100.0
TREE_18158,37.53832525,127.0892329,tree,100.0
TREE_18159,37.53975609,127.0988102,tree,100.0
TREE_18160,37.53741701,127.1139057,tree,100.0
TREE_18161,37.50110251,127.1297446,tree,100.0
TREE_18162,37.53757554,127.1134599,tree,100.0
TREE_18163,37.50090254,127.1296141,tree,100.0
TREE_18164,37.53367096,127.1214564,tree,100.0
TREE_18165,37.49208223,127.0801762,tree,100.0
TREE_18166,37.494156357,127.077075941,tree,100.0
TREE_18167,37.50633756,127.1323324,tree,100.0
TREE_18168,37.5099091,127.1332349,tree,100.0
TREE_18169,37.52296612,127.131213,tree,100.0
TREE_18170,37.494058233,127.077201159,tree,100.0
TREE_18171,37.48814243,127.1105317,tree,100.0
TREE_18172,37.53830227,127.0891029,tree,100.0
TREE_18173,37.49207179,127.0801806,tree,100.0
TREE_18174,37.509977,127.1332494,tree,100.0
TREE_18175,37.5192459,127.1326671,tree,100.0
TREE_18176,37.52722531,127.1285347,tree,100.0
TREE_18177,37.49206445,127.0801845,tree,100.0
TREE_18178,37.51917833,127.1326903,tree,100.0
TREE_18179,37.53349567,127.1217505,tree,100.0
TREE_18180,37.53654713,127.0841015,tree,100.0
TREE_18181,37.53911139,127.0925842,tree,100.0
TREE_18182,37.53274394,127.0774347,tree,100.0
TREE_18183,37.50639321,127.1323692,tree,100.0
TREE_18184,37.49059689,127.117333,tree,100.0
TREE_18185,37.509766173,127.067027557,tree,100.0
TREE_18186,37.53978974,127.0990977,tree,100.0
TREE_18187,37.4868118,127.099534189,tree,100.0
TREE_18188,37.51868469,127.1328414,tree,100.0
TREE_18189,37.53743794,127.113931,tree,100.0
TREE_18190,37.49203573,127.0802024,tree,100.0
TREE_18191,37.50933163,127.133159,tree,100.0
TREE_18192,37.53270282,127.1228954,tree,100.0
TREE_18193,37.53902813,127.0920889,tree,100.0
TREE_18194,37.50995367,127.1332722,tree,100.0
TREE_18195,37.493310585,127.078198574,tree,100.0
TREE_18196,37.51861839,127.1328651,tree,100.0
TREE_18197,37.52405793,127.1306717,tree,100.0
TREE_18198,37.53939037,127.0942011,tree,100.0
TREE_18199,37.52720589,127.1285825,tree,100.0
TREE_18200,37.53265981,127.0772928,tree,100.0
TREE_18201,37.53722565,127.1145292,tree,100.0
TREE_18202,37.486796765,127.100235222,tree,100.0
TREE_18203,37.50650027,127.1324278,tree,100.0
TREE_18204,37.50760431,127.1327663,tree,100.0
TREE_18205,37.48981087,127.0846487,tree,100.0
TREE_18206,37.53976013,127.0979527,tree,100.0
TREE_18207,37.50936468,127.1331807,tree,100.0
TREE_18208,37.50982889,127.1332649,tree,100.0
TREE_18209,37.48806255,127.1103493,tree,100.0
TREE_18210,37.52387039,127.1307872,tree,100.0
TREE_18211,37.5308567,127.0750725,tree,100.0
TREE_18212,37.53718742,127.1146488,tree,100.0
TREE_18213,37.49825765,127.127649,tree,100.0
TREE_18214,37.486788352,127.100201016,tree,100.0
TREE_18215,37.5365109,127.0839496,tree,100.0
TREE_18216,37.53915014,127.0926501,tree,100.0
TREE_18217,37.5192961,127.132696,tree,100.0
TREE_18218,37.52575654,127.1296473,tree,100.0
TREE_18219,37.53980551,127.0988666,tree,100.0
TREE_18220,37.50653242,127.1324512,tree,100.0
TREE_18221,37.53905743,127.0921437,tree,100.0
TREE_18222,37.49200404,127.080215,tree,100.0
TREE_18223,37.53372005,127.1214745,tree,100.0
TREE_18224,37.52748315,127.1283896,tree,100.0
TREE_18225,37.493333353,127.078126988,tree,100.0
TREE_18226,37.52717926,127.128631,tree,100.0
TREE_18227,37.53974336,127.0974309,tree,100.0
TREE_18228,37.49199515,127.0802193,tree,100.0
TREE_18229,37.53251591,127.1231975,tree,100.0
TREE_18230,37.491345258,127.08136351,tree,100.0
TREE_18231,37.53267525,127.1229868,tree,100.0
TREE_18232,37.493179848,127.078337638,tree,100.0
TREE_18233,37.486779692,127.099457135,tree,100.0
TREE_18234,37.4919851,127.0802237,tree,100.0
TREE_18235,37.49153612,127.1192453,tree,100.0
TREE_18236,37.486772884,127.100137051,tree,100.0
TREE_18237,37.53746282,127.1139599,tree,100.0
TREE_18238,37.491290221,127.081461172,tree,100.0
TREE_18239,37.50086688,127.1296729,tree,100.0
TREE_18240,37.48809639,127.1105696,tree,100.0
TREE_18241,37.49055757,127.1173495,tree,100.0
TREE_18242,37.51873397,127.1328755,tree,100.0
TREE_18243,37.48970007,127.0848495,tree,100.0
TREE_18244,37.51866457,127.1328956,tree,100.0
TREE_18245,37.50935238,127.1332102,tree,100.0
TREE_18246,37.52281414,127.1313646,tree,100.0
TREE_18247,37.494015188,127.077153843,tree,100.0
TREE_18248,37.49815864,127.1276,tree,100.0
TREE_18249,37.49173988,127.1196302,tree,100.0
TREE_18250,37.494109404,127.077022684,tree,100.0
TREE_18251,37.53983686,127.099151,tree,100.0
TREE_18252,37.50661724,127.1325107,tree,100.0
TREE_18253,37.48865599,127.1125494,tree,100.0
TREE_18254,37.49195882,127.0802377,tree,100.0
TREE_18255,37.50105575,127.1298177,tree,100.0
TREE_18256,37.52715909,127.1286794,tree,100.0
TREE_18257,37.53909902,127.092213,tree,100.0
TREE_18258,37.486757766,127.100069407,tree,100.0
TREE_18259,37.53265901,127.1230389,tree,100.0
TREE_18260,37.49179882,127.0805082,tree,100.0
TREE_18261,37.50993522,127.1333263,tree,100.0
TREE_18262,37.50771632,127.1328469,tree,100.0
TREE_18263,37.52579374,127.1296656,tree,100.0
TREE_18264,37.53943717,127.0942124,tree,100.0
TREE_18265,37.53093497,127.0751001,tree,100.0
TREE_18266,37.50554394,127.1321382,tree,100.0
TREE_18267,37.53764332,127.1135133,tree,100.0
TREE_18268,37.52569004,127.1297428,tree,100.0
TREE_18269,37.509752339,127.066954153,tree,100.0
TREE_18270,37.51934179,127.1327321,tree,100.0
TREE_18271,37.5066896,127.13255,tree,100.0
TREE_18272,37.48802541,127.1103778,tree,100.0
TREE_18273,37.51927432,127.1327522,tree,100.0
TREE_18274,37.53726335,127.1145747,tree,100.0
TREE_18275,37.52290921,127.1313454,tree,100.0
TREE_18276,37.48978794,127.0845708,tree,100.0
TREE_18277,37.49193396,127.0802479,tree,100.0
TREE_18278,37.53249194,127.1232871,tree,100.0
TREE_18279,37.53980748,127.0978913,tree,100.0
TREE_18280,37.486749897,127.099383656,tree,100.0
TREE_18281,37.5093376,127.1332409,tree,100.0
TREE_18282,37.49046095,127.1172169,tree,100.0
TREE_18283,37.53839245,127.0891165,tree,100.0
TREE_18284,37.486741299,127.100007154,tree,100.0
TREE_18285,37.50777571,127.1328848,tree,100.0
TREE_18286,37.51878074,127.1329038,tree,100.0
TREE_18287,37.49192314,127.0802518,tree,100.0
TREE_18288,37.5067352,127.1325829,tree,100.0
TREE_18289,37.52742689,127.1285035,tree,100.0
TREE_18290,37.52278939,127.1314209,tree,100.0
TREE_18291,37.52713319,127.1287333,tree,100.0
TREE_18292,37.524005,127.1307922,tree,100.0
TREE_18293,37.53985894,127.0989318,tree,100.0
TREE_18294,37.53377301,127.1214936,tree,100.0
TREE_18295,37.53268423,127.0772056,tree,100.0
TREE_18296,37.51871512,127.132928,tree,100.0
TREE_18297,37.49191387,127.0802561,tree,100.0
TREE_18298,37.53723176,127.1147057,tree,100.0
TREE_18299,37.53749617,127.1139944,tree,100.0
TREE_18300,37.53844481,127.089269,tree,100.0
TREE_18301,37.50781028,127.1329065,tree,100.0
TREE_18302,37.49821508,127.1277039,tree,100.0
TREE_18303,37.53099236,127.07512,tree,100.0
TREE_18304,37.493160988,127.078278378,tree,100.0
TREE_18305,37.50980602,127.1333412,tree,100.0
TREE_18306,37.53288783,127.1227816,tree,100.0
TREE_18307,37.53943555,127.0940085,tree,100.0
TREE_18308,37.53914429,127.0922853,tree,100.0
TREE_18309,37.486727876,127.099943267,tree,100.0
TREE_18310,37.52381836,127.1309043,tree,100.0
TREE_18311,37.49439349,127.1236705,tree,100.0
TREE_18312,37.50084508,127.1297247,tree,100.0
TREE_18313,37.50932145,127.1332582,tree,100.0
TREE_18314,37.5397941,127.097361,tree,100.0
TREE_18315,37.49330615,127.078056167,tree,100.0
TREE_18316,37.52583489,127.1296856,tree,100.0
TREE_18317,37.493265964,127.078113202,tree,100.0
TREE_18318,37.50679566,127.1326193,tree,100.0
TREE_18319,37.53077831,127.0748683,tree,100.0
TREE_18320,37.49188719,127.0802721,tree,100.0
TREE_18321,37.53359791,127.1217882,tree,100.0
TREE_18322,37.5398846,127.0992133,tree,100.0
TREE_18323,37.493977576,127.077111786,tree,100.0
TREE_18324,37.49148418,127.1192806,tree,100.0
TREE_18325,37.48804673,127.1106005,tree,100.0
TREE_18326,37.5093243,127.1332731,tree,100.0
TREE_18327,37.50683857,127.1326437,tree,100.0
TREE_18328,37.5078523,127.1329376,tree,100.0
TREE_18329,37.53262307,127.1231688,tree,100.0
TREE_18330,37.49172493,127.0805432,tree,100.0
TREE_18331,37.52710288,127.1287899,tree,100.0
TREE_18332,37.53948265,127.0942248,tree,100.0
TREE_18333,37.53842629,127.0891276,tree,100.0
TREE_18334,37.53926236,127.0928426,tree,100.0
TREE_18335,37.486719999,127.09931534,tree,100.0
TREE_18336,37.52287986,127.1314081,tree,100.0
TREE_18337,37.486712284,127.099874465,tree,100.0
TREE_18338,37.53246562,127.1233831,tree,100.0
TREE_18339,37.49187389,127.0802768,tree,100.0
TREE_18340,37.51932727,127.1327879,tree,100.0
TREE_18341,37.491307634,127.081284136,tree,100.0
TREE_18342,37.48798778,127.1104091,tree,100.0
TREE_18343,37.50991964,127.1333896,tree,100.0
TREE_18344,37.49042517,127.117229,tree,100.0
TREE_18345,37.49186546,127.0802809,tree,100.0
TREE_18346,37.49170878,127.0805529,tree,100.0
TREE_18347,37.52739757,127.1285755,tree,100.0
TREE_18348,37.52379597,127.1309505,tree,100.0
TREE_18349,37.49406427,127.076971584,tree,100.0
TREE_18350,37.50101681,127.1298728,tree,100.0
TREE_18351,37.48966816,127.0847423,tree,100.0
TREE_18352,37.5239788,127.1308527,tree,100.0
TREE_18353,37.53261357,127.123205,tree,100.0
TREE_18354,37.49185696,127.0802862,tree,100.0
TREE_18355,37.52705805,127.1288428,tree,100.0
TREE_18356,37.51876185,127.1329589,tree,100.0
TREE_18357,37.5093115,127.1332899,tree,100.0
TREE_18358,37.53730054,127.1146204,tree,100.0
TREE_18359,37.53918881,127.0923626,tree,100.0
TREE_18360,37.49124863,127.081371265,tree,100.0
TREE_18361,37.53291491,127.1228028,tree,100.0
TREE_18362,37.49169431,127.0805606,tree,100.0
TREE_18363,37.49167975,127.1196711,tree,100.0
TREE_18364,37.50690655,127.1326883,tree,100.0
TREE_18365,37.48976178,127.0844975,tree,100.0
TREE_18366,37.50552243,127.1322075,tree,100.0
TREE_18367,37.486693607,127.099811881,tree,100.0
TREE_18368,37.51883254,127.1329489,tree,100.0
TREE_18369,37.5308439,127.0748911,tree,100.0
TREE_18370,37.50791581,127.1329843,tree,100.0
TREE_18371,37.50727381,127.067449476,tree,100.0
TREE_18372,37.49184073,127.0802905,tree,100.0
TREE_18373,37.49167807,127.0805681,tree,100.0
TREE_18374,37.52275172,127.1315042,tree,100.0
TREE_18375,37.537529,127.1140423,tree,100.0
TREE_18376,37.53686187,127.0844975,tree,100.0
TREE_18377,37.53107825,127.0751422,tree,100.0
TREE_18378,37.50566594,127.1322752,tree,100.0
TREE_18379,37.5399104,127.0989913,tree,100.0
TREE_18380,37.493141197,127.078217573,tree,100.0
TREE_18381,37.52702766,127.1288914,tree,100.0
TREE_18382,37.507447649,127.067388671,tree,100.0
TREE_18383,37.53382804,127.1215117,tree,100.0
TREE_18384,37.49182411,127.0803007,tree,100.0
TREE_18385,37.52737396,127.1286279,tree,100.0
TREE_18386,37.486688841,127.099247971,tree,100.0
TREE_18387,37.52285538,127.1314636,tree,100.0
TREE_18388,37.53948731,127.0940223,tree,100.0
TREE_18389,37.53769988,127.1135837,tree,100.0
TREE_18390,37.507516409,127.067364742,tree,100.0
TREE_18391,37.50985529,127.1334145,tree,100.0
TREE_18392,37.53727521,127.1147518,tree,100.0
TREE_18393,37.49166351,127.0805707,tree,100.0
TREE_18394,37.507590216,127.067339813,tree,100.0
TREE_18395,37.49447024,127.1238589,tree,100.0
TREE_18396,37.50930553,127.1333203,tree,100.0
TREE_18397,37.50700992,127.1327491,tree,100.0
TREE_18398,37.49039486,127.1172427,tree,100.0
TREE_18399,37.493244879,127.078048843,tree,100.0
TREE_18400,37.53259241,127.1232845,tree,100.0
TREE_18401,37.5398438,127.0972952,tree,100.0
TREE_18402,37.52376905,127.1310097,tree,100.0
TREE_18403,37.52395197,127.1309116,tree,100.0
TREE_18404,37.53993363,127.0992693,tree,100.0
TREE_18405,37.486669789,127.099745351,tree,100.0
TREE_18406,37.4914426,127.1193108,tree,100.0
TREE_18407,37.51887604,127.1329682,tree,100.0
TREE_18408,37.49818012,127.1277685,tree,100.0
TREE_18409,37.507659249,127.067310595,tree,100.0
TREE_18410,37.493283956,127.077978035,tree,100.0
TREE_18411,37.50803481,127.133049,tree,100.0
TREE_18412,37.49164221,127.0805819,tree,100.0
TREE_18413,37.507729901,127.067287473,tree,100.0
TREE_18414,37.52579638,127.1297976,tree,100.0
TREE_18415,37.49179655,127.0803099,tree,100.0
TREE_18416,37.51880988,127.1329938,tree,100.0
TREE_18417,37.53924451,127.0924592,tree,100.0
TREE_18418,37.52700433,127.1289412,tree,100.0
TREE_18419,37.4879465,127.1104405,tree,100.0
TREE_18420,37.50779713,127.067263543,tree,100.0
TREE_18421,37.53091499,127.0749131,tree,100.0
TREE_18422,37.48799556,127.1106414,tree,100.0
TREE_18423,37.49178495,127.0803153,tree,100.0
TREE_18424,37.53733442,127.11466,tree,100.0
TREE_18425,37.49162694,127.0805894,tree,100.0
TREE_18426,37.53954541,127.0942448,tree,100.0
TREE_18427,37.53115072,127.0751698,tree,100.0
TREE_18428,37.48974236,127.0844269,tree,100.0
TREE_18429,37.507867065,127.06723386,tree,100.0
TREE_18430,37.51948087,127.1328185,tree,100.0
TREE_18431,37.52272444,127.1315668,tree,100.0
TREE_18432,37.53257008,127.1233556,tree,100.0
TREE_18433,37.49177374,127.0803201,tree,100.0
TREE_18434,37.49161578,127.0805959,tree,100.0
TREE_18435,37.491273506,127.081214355,tree,100.0
TREE_18436,37.50098229,127.129926,tree,100.0
TREE_18437,37.50077134,127.1297882,tree,100.0
TREE_18438,37.507937808,127.067208827,tree,100.0
TREE_18439,37.52282937,127.1315225,tree,100.0
TREE_18440,37.53756122,127.1140775,tree,100.0
TREE_18441,37.493125097,127.078168169,tree,100.0
TREE_18442,37.486646832,127.099686452,tree,100.0
TREE_18443,37.486654346,127.09917723,tree,100.0
TREE_18444,37.50989674,127.1334644,tree,100.0
TREE_18445,37.51942387,127.1328469,tree,100.0
TREE_18446,37.50809773,127.1330941,tree,100.0
TREE_18447,37.493231197,127.078006871,tree,100.0
TREE_18448,37.508009813,127.067182652,tree,100.0
TREE_18449,37.49160089,127.0806001,tree,100.0
TREE_18450,37.49174939,127.080337,tree,100.0
TREE_18451,37.5239247,127.1309707,tree,100.0
TREE_18452,37.52374241,127.1310693,tree,100.0
TREE_18453,37.50549281,127.1322734,tree,100.0
TREE_18454,37.52697887,127.1289986,tree,100.0
TREE_18455,37.51892344,127.1330014,tree,100.0
TREE_18456,37.51885585,127.1330194,tree,100.0
TREE_18457,37.53368785,127.1218212,tree,100.0
TREE_18458,37.52731987,127.128744,tree,100.0
TREE_18459,37.53388009,127.1215338,tree,100.0
TREE_18460,37.53996684,127.0990593,tree,100.0
TREE_18461,37.509725322,127.066804491,tree,100.0
TREE_18462,37.50715082,127.1328503,tree,100.0
TREE_18463,37.49035227,127.1172628,tree,100.0
TREE_18464,37.508117416,127.067141341,tree,100.0
TREE_18465,37.48963173,127.0846294,tree,100.0
TREE_18466,37.49120998,127.081283834,tree,100.0
TREE_18467,37.4943009,127.1237332,tree,100.0
TREE_18468,37.49157669,127.0806122,tree,100.0
TREE_18469,37.508174371,127.067122051,tree,100.0
TREE_18470,37.53120897,127.0751864,tree,100.0
TREE_18471,37.49140371,127.1193393,tree,100.0
TREE_18472,37.52585042,127.1298193,tree,100.0
TREE_18473,37.486625176,127.099630282,tree,100.0
TREE_18474,37.53998092,127.0993224,tree,100.0
TREE_18475,37.53099073,127.0749329,tree,100.0
TREE_18476,37.50927453,127.1333858,tree,100.0
TREE_18477,37.50722984,127.132888,tree,100.0
TREE_18478,37.49041903,127.1174306,tree,100.0
TREE_18479,37.49441628,127.1238931,tree,100.0
TREE_18480,37.49156254,127.0806206,tree,100.0
TREE_18481,37.508246359,127.067094204,tree,100.0
TREE_18482,37.53774069,127.1136599,tree,100.0
TREE_18483,37.53857563,127.0893051,tree,100.0
TREE_18484,37.50980404,127.133484,tree,100.0
TREE_18485,37.53736465,127.1146959,tree,100.0
TREE_18486,37.52269807,127.1316253,tree,100.0
TREE_18487,37.53758385,127.1141057,tree,100.0
TREE_18488,37.53955399,127.0940346,tree,100.0
TREE_18489,37.50819953,127.1331573,tree,100.0
TREE_18490,37.52695683,127.1290477,tree,100.0
TREE_18491,37.51954105,127.1328507,tree,100.0
TREE_18492,37.508290627,127.06707601,tree,100.0
TREE_18493,37.49813747,127.1278182,tree,100.0
TREE_18494,37.48972188,127.0843662,tree,100.0
TREE_18495,37.53989963,127.0972225,tree,100.0
TREE_18496,37.53940991,127.0930951,tree,100.0
TREE_18497,37.53932293,127.0925935,tree,100.0
TREE_18498,37.52280155,127.1315841,tree,100.0
TREE_18499,37.51947258,127.1328763,tree,100.0
TREE_18500,37.486620116,127.099109819,tree,100.0
TREE_18501,37.4980473,127.1277447,tree,100.0
TREE_18502,37.53253282,127.1234822,tree,100.0
TREE_18503,37.51496986,127.0665357,tree,100.0
TREE_18504,37.4879508,127.1106715,tree,100.0
TREE_18505,37.49154691,127.0806253,tree,100.0
TREE_18506,37.508363802,127.067051871,tree,100.0
TREE_18507,37.52729067,127.1288039,tree,100.0
TREE_18508,37.53959707,127.0942527,tree,100.0
TREE_18509,37.49398836,127.076889512,tree,100.0
TREE_18510,37.50563254,127.1323717,tree,100.0
TREE_18511,37.52389967,127.1310325,tree,100.0
TREE_18512,37.52371594,127.1311312,tree,100.0
TREE_18513,37.48789264,127.1104777,tree,100.0
TREE_18514,37.508441755,127.067023226,tree,100.0
TREE_18515,37.51897189,127.1330327,tree,100.0
TREE_18516,37.51890464,127.1330522,tree,100.0
TREE_18517,37.53678028,127.0840669,tree,100.0
TREE_18518,37.493102906,127.078103921,tree,100.0
TREE_18519,37.49152848,127.0806341,tree,100.0
TREE_18520,37.486597882,127.099567017,tree,100.0
TREE_18521,37.49167817,127.0803681,tree,100.0
TREE_18522,37.50826047,127.1331967,tree,100.0
TREE_18523,37.53105074,127.074955,tree,100.0
TREE_18524,37.50072511,127.1298344,tree,100.0
TREE_18525,37.52693515,127.129095,tree,100.0
TREE_18526,37.508507092,127.066999194,tree,100.0
TREE_18527,37.500944,127.1299838,tree,100.0
TREE_18528,37.5325179,127.1235341,tree,100.0
TREE_18529,37.53128166,127.0752099,tree,100.0
TREE_18530,37.53995272,127.0976994,tree,100.0
TREE_18531,37.491239383,127.081136528,tree,100.0
TREE_18532,37.50724965,127.1329368,tree,100.0
TREE_18533,37.53935878,127.0926497,tree,100.0
TREE_18534,37.508605139,127.06696726,tree,100.0
TREE_18535,37.51958531,127.132876,tree,100.0
TREE_18536,37.54001729,127.0991192,tree,100.0
TREE_18537,37.49030812,127.1172884,tree,100.0
TREE_18538,37.52726721,127.1288586,tree,100.0
TREE_18539,37.53761099,127.1141374,tree,100.0
TREE_18540,37.508652631,127.066951468,tree,100.0
TREE_18541,37.52277878,127.1316391,tree,100.0
TREE_18542,37.49028921,127.1172594,tree,100.0
TREE_18543,37.54002787,127.0993795,tree,100.0
TREE_18544,37.50831704,127.1332338,tree,100.0
TREE_18545,37.5238733,127.1310852,tree,100.0
TREE_18546,37.507617144,127.067201741,tree,100.0
TREE_18547,37.50986354,127.1335485,tree,100.0
TREE_18548,37.49037544,127.1174492,tree,100.0
TREE_18549,37.53234997,127.1237799,tree,100.0
TREE_18550,37.48960441,127.0845447,tree,100.0
TREE_18551,37.508718687,127.066928794,tree,100.0
TREE_18552,37.52691418,127.1291389,tree,100.0
TREE_18553,37.52602058,127.1297765,tree,100.0
TREE_18554,37.491176915,127.08122076,tree,100.0
TREE_18555,37.50546858,127.1323492,tree,100.0
TREE_18556,37.486584273,127.099041393,tree,100.0
TREE_18557,37.53302847,127.1228896,tree,100.0
TREE_18558,37.48969908,127.0843026,tree,100.0
TREE_18559,37.508779338,127.066905788,tree,100.0
TREE_18560,37.507752141,127.067154925,tree,100.0
TREE_18561,37.49135316,127.1193741,tree,100.0
TREE_18562,37.50977804,127.1335444,tree,100.0
TREE_18563,37.53110352,127.0749661,tree,100.0
TREE_18564,37.507821143,127.067134889,tree,100.0
TREE_18565,37.52368839,127.1311972,tree,100.0
TREE_18566,37.53778141,127.1137064,tree,100.0
TREE_18567,37.53249936,127.1236048,tree,100.0
TREE_18568,37.510126222,127.066655014,tree,100.0
TREE_18569,37.5190196,127.133065,tree,100.0
TREE_18570,37.53939108,127.0927021,tree,100.0
TREE_18571,37.487163401,127.107239703,tree,100.0
TREE_18572,37.507874952,127.06711606,tree,100.0
TREE_18573,37.51895448,127.133086,tree,100.0
TREE_18574,37.50836642,127.1332644,tree,100.0
TREE_18575,37.508840978,127.066885597,tree,100.0
TREE_18576,37.53964429,127.0942573,tree,100.0
TREE_18577,37.53762741,127.1141621,tree,100.0
TREE_18578,37.507933971,127.067095404,tree,100.0
TREE_18579,37.4980968,127.1278675,tree,100.0
TREE_18580,37.48785528,127.1105064,tree,100.0
TREE_18581,37.50924121,127.1334601,tree,100.0
TREE_18582,37.52723679,127.1289216,tree,100.0
TREE_18583,37.53860673,127.0891748,tree,100.0
TREE_18584,37.493950859,127.0768502,tree,100.0
TREE_18585,37.49160937,127.0804015,tree,100.0
TREE_18586,37.508885378,127.06686771,tree,100.0
TREE_18587,37.53962023,127.094055,tree,100.0
TREE_18588,37.507987781,127.067076565,tree,100.0
TREE_18589,37.507378896,127.067241314,tree,100.0
TREE_18590,37.48790283,127.110707,tree,100.0
TREE_18591,37.49145664,127.0806673,tree,100.0
TREE_18592,37.49436524,127.1239457,tree,100.0
TREE_18593,37.53135269,127.0752255,tree,100.0
TREE_18594,37.508921767,127.066856314,tree,100.0
TREE_18595,37.51963689,127.1329018,tree,100.0
TREE_18596,37.507421253,127.06722499,tree,100.0
TREE_18597,37.5226464,127.1317403,tree,100.0
TREE_18598,37.507073948,127.067324886,tree,100.0
TREE_18599,37.52689198,127.1291917,tree,100.0
TREE_18600,37.493082446,127.078039738,tree,100.0
TREE_18601,37.52385325,127.1311342,tree,100.0
TREE_18602,37.53248372,127.123656,tree,100.0
TREE_18603,37.48845971,127.1126568,tree,100.0
TREE_18604,37.497533896,127.072877543,tree,100.0
TREE_18605,37.52198215,127.1320453,tree,100.0
TREE_18606,37.49026977,127.1173002,tree,100.0
TREE_18607,37.50748275,127.13306,tree,100.0
TREE_18608,37.50842251,127.1333013,tree,100.0
TREE_18609,37.53232438,127.1238691,tree,100.0
TREE_18610,37.49025311,127.1172709,tree,100.0
TREE_18611,37.49423669,127.1238062,tree,100.0
TREE_18612,37.5227478,127.1317052,tree,100.0
TREE_18613,37.5311577,127.0749844,tree,100.0
TREE_18614,37.49154028,127.1197673,tree,100.0
TREE_18615,37.536469904,127.083212927,tree,100.0
TREE_18616,37.510119311,127.066621424,tree,100.0
TREE_18617,37.486550442,127.098979555,tree,100.0
TREE_18618,37.53866581,127.0893188,tree,100.0
TREE_18619,37.54006632,127.0991766,tree,100.0
TREE_18620,37.507008444,127.06732641,tree,100.0
TREE_18621,37.50090496,127.1300412,tree,100.0
TREE_18622,37.50743529,127.1330613,tree,100.0
TREE_18623,37.53398786,127.1215698,tree,100.0
TREE_18624,37.50846928,127.1333286,tree,100.0
TREE_18625,37.54007567,127.0994358,tree,100.0
TREE_18626,37.50545134,127.1323993,tree,100.0
TREE_18627,37.51899909,127.1331155,tree,100.0
TREE_18628,37.49799594,127.127821,tree,100.0
TREE_18629,37.53944293,127.0927971,tree,100.0
TREE_18630,37.52720657,127.1289853,tree,100.0
TREE_18631,37.53781082,127.1137416,tree,100.0
TREE_18632,37.51907119,127.1330983,tree,100.0
TREE_18633,37.50831529,127.066959311,tree,100.0
TREE_18634,37.506895677,127.067350492,tree,100.0
TREE_18635,37.50067774,127.1298989,tree,100.0
TREE_18636,37.53380113,127.1218615,tree,100.0
TREE_18637,37.50744285,127.1330723,tree,100.0
TREE_18638,37.48967744,127.0842335,tree,100.0
TREE_18639,37.53953595,127.0932956,tree,100.0
TREE_18640,37.48957933,127.0844601,tree,100.0
TREE_18641,37.531415,127.0752457,tree,100.0
TREE_18642,37.508386016,127.066932728,tree,100.0
TREE_18643,37.506831485,127.067358641,tree,100.0
TREE_18644,37.52262039,127.1317967,tree,100.0
TREE_18645,37.50757239,127.1331191,tree,100.0
TREE_18646,37.508426704,127.066919315,tree,100.0
TREE_18647,37.49139285,127.0806967,tree,100.0
TREE_18648,37.53744309,127.1147861,tree,100.0
TREE_18649,37.491196722,127.081050643,tree,100.0
TREE_18650,37.509699167,127.06665923,tree,100.0
TREE_18651,37.54002563,127.0976038,tree,100.0
TREE_18652,37.508467952,127.066904027,tree,100.0
TREE_18653,37.53229689,127.1239624,tree,100.0
TREE_18654,37.53121785,127.0750011,tree,100.0
TREE_18655,37.491142792,127.081142933,tree,100.0
TREE_18656,37.510110164,127.066587145,tree,100.0
TREE_18657,37.52382128,127.1312041,tree,100.0
TREE_18658,37.506768978,127.067365366,tree,100.0
TREE_18659,37.53244827,127.1237745,tree,100.0
TREE_18660,37.50757543,127.1331329,tree,100.0
TREE_18661,37.53766758,127.1142128,tree,100.0
TREE_18662,37.53947842,127.0928568,tree,100.0
TREE_18663,37.5386631,127.0891858,tree,100.0
TREE_18664,37.49129716,127.1194147,tree,100.0
TREE_18665,37.53740927,127.1149103,tree,100.0
TREE_18666,37.53967503,127.0940674,tree,100.0
TREE_18667,37.52718277,127.1290422,tree,100.0
TREE_18668,37.50763286,127.1331556,tree,100.0
TREE_18669,37.48780507,127.1105436,tree,100.0
TREE_18670,37.48841541,127.1126727,tree,100.0
TREE_18671,37.49021426,127.117289,tree,100.0
TREE_18672,37.48785408,127.1107376,tree,100.0
TREE_18673,37.5400041,127.0970946,tree,100.0
TREE_18674,37.49805339,127.1279184,tree,100.0
TREE_18675,37.52194966,127.1321215,tree,100.0
TREE_18676,37.49022587,127.11732,tree,100.0
TREE_18677,37.493061249,127.07797293,tree,100.0
TREE_18678,37.53957197,127.0933548,tree,100.0
TREE_18679,37.51911725,127.1331281,tree,100.0
TREE_18680,37.51904554,127.1331481,tree,100.0
TREE_18681,37.486509219,127.098905578,tree,100.0
TREE_18682,37.50761959,127.1331639,tree,100.0
TREE_18683,37.52612362,127.129824,tree,100.0
TREE_18684,37.506703625,127.067364329,tree,100.0
TREE_18685,37.54011204,127.0992338,tree,100.0
TREE_18686,37.53682293,127.0838794,tree,100.0
TREE_18687,37.493899978,127.076796001,tree,100.0
TREE_18688,37.5324329,127.1238295,tree,100.0
TREE_18689,37.51970249,127.1329658,tree,100.0
TREE_18690,37.5076742,127.133188,tree,100.0
TREE_18691,37.53227726,127.1240347,tree,100.0
TREE_18692,37.515197071,127.066397316,tree,100.0
TREE_18693,37.497510276,127.072797771,tree,100.0
TREE_18694,37.53403855,127.1215896,tree,100.0
TREE_18695,37.506646741,127.067368193,tree,100.0
TREE_18696,37.52379554,127.1312581,tree,100.0
TREE_18697,37.49148522,127.1198042,tree,100.0
TREE_18698,37.50770012,127.1332031,tree,100.0
TREE_18699,37.52270336,127.1318089,tree,100.0
TREE_18700,37.48965691,127.0841601,tree,100.0
TREE_18701,37.53951873,127.0929266,tree,100.0
TREE_18702,37.54012896,127.0994968,tree,100.0
TREE_18703,37.50912221,127.1335375,tree,100.0
TREE_18704,37.53278716,127.076871,tree,100.0
TREE_18705,37.5225959,127.1318618,tree,100.0
TREE_18706,37.53385463,127.1218786,tree,100.0
TREE_18707,37.53128412,127.0750172,tree,100.0
TREE_18708,37.508822748,127.066779717,tree,100.0
TREE_18709,37.50558019,127.1325216,tree,100.0
TREE_18710,37.4913236,127.0807298,tree,100.0
TREE_18711,37.53960649,127.0934139,tree,100.0
TREE_18712,37.50086548,127.130104,tree,100.0
TREE_18713,37.508896589,127.066756369,tree,100.0
TREE_18714,37.49416866,127.1238457,tree,100.0
TREE_18715,37.52361305,127.131369,tree,100.0
TREE_18716,37.50772905,127.1332238,tree,100.0
TREE_18717,37.52192638,127.1321738,tree,100.0
TREE_18718,37.53747979,127.1148306,tree,100.0
TREE_18719,37.52604665,127.1299123,tree,100.0
TREE_18720,37.50542224,127.132473,tree,100.0
TREE_18721,37.53241403,127.1238956,tree,100.0
TREE_18722,37.53150437,127.0752528,tree,100.0
TREE_18723,37.497270184,127.072994183,tree,100.0
TREE_18724,37.51909224,127.1331761,tree,100.0
TREE_18725,37.506590389,127.067363568,tree,100.0
TREE_18726,37.49794396,127.1278807,tree,100.0
TREE_18727,37.53770318,127.1142466,tree,100.0
TREE_18728,37.50869938,127.1334707,tree,100.0
TREE_18729,37.508966118,127.066727489,tree,100.0
TREE_18730,37.5271322,127.1291473,tree,100.0
TREE_18731,37.5315455,127.0752837,tree,100.0
TREE_18732,37.50063762,127.1299756,tree,100.0
TREE_18733,37.49110973,127.081075836,tree,100.0
TREE_18734,37.49428099,127.1240201,tree,100.0
TREE_18735,37.53744795,127.1149563,tree,100.0
TREE_18736,37.48954693,127.0843493,tree,100.0
TREE_18737,37.5395563,127.0929809,tree,100.0
TREE_18738,37.493903313,127.076719167,tree,100.0
TREE_18739,37.48646726,127.098840593,tree,100.0
TREE_18740,37.5077831,127.1332637,tree,100.0
TREE_18741,37.53650172,127.0830601,tree,100.0
TREE_18742,37.48836547,127.1126967,tree,100.0
TREE_18743,37.49017661,127.117342,tree,100.0
TREE_18744,37.509053543,127.066693951,tree,100.0
TREE_18745,37.54005253,127.097023,tree,100.0
TREE_18746,37.53876957,127.0893465,tree,100.0
TREE_18747,37.48780554,127.1107743,tree,100.0
TREE_18748,37.52267617,127.1318683,tree,100.0
TREE_18749,37.52257079,127.1319177,tree,100.0
TREE_18750,37.52377006,127.1313206,tree,100.0
TREE_18751,37.53973575,127.0940769,tree,100.0
TREE_18752,37.506536846,127.067356805,tree,100.0
TREE_18753,37.52618192,127.1298535,tree,100.0
TREE_18754,37.53772011,127.1142571,tree,100.0
TREE_18755,37.54016258,127.0992901,tree,100.0
TREE_18756,37.493037433,127.077899458,tree,100.0
TREE_18757,37.50904734,127.133569,tree,100.0
TREE_18758,37.50876013,127.1335099,tree,100.0
TREE_18759,37.53976955,127.094287,tree,100.0
TREE_18760,37.53135718,127.0750393,tree,100.0
TREE_18761,37.486536949,127.10307964,tree,100.0
TREE_18762,37.49123803,127.1194534,tree,100.0
TREE_18763,37.52358451,127.1314293,tree,100.0
TREE_18764,37.54017145,127.0995483,tree,100.0
TREE_18765,37.4877454,127.1105818,tree,100.0
TREE_18766,37.49376091,127.076882089,tree,100.0
TREE_18767,37.509175383,127.066651206,tree,100.0
TREE_18768,37.49800975,127.1279861,tree,100.0
TREE_18769,37.53409153,127.1216111,tree,100.0
TREE_18770,37.49413742,127.1238799,tree,100.0
TREE_18771,37.49139661,127.0804995,tree,100.0
TREE_18772,37.510098878,127.06648575,tree,100.0
TREE_18773,37.52189644,127.1322403,tree,100.0
TREE_18774,37.491161369,127.080920334,tree,100.0
TREE_18775,37.50881211,127.1335402,tree,100.0
TREE_18776,37.51914535,127.13321,tree,100.0
TREE_18777,37.53289908,127.0769222,tree,100.0
TREE_18778,37.50783599,127.1333092,tree,100.0
TREE_18779,37.48962848,127.0840811,tree,100.0
TREE_18780,37.50732754,127.1331727,tree,100.0
TREE_18781,37.50786381,127.1333207,tree,100.0
TREE_18782,37.54011099,127.0974942,tree,100.0
TREE_18783,37.515173099,127.066312587,tree,100.0
TREE_18784,37.53789676,127.1138374,tree,100.0
TREE_18785,37.486533874,127.103310802,tree,100.0
TREE_18786,37.506465822,127.067345194,tree,100.0
TREE_18787,37.509296232,127.066607982,tree,100.0
TREE_18788,37.53774272,127.1142796,tree,100.0
TREE_18789,37.49748479,127.07271422,tree,100.0
TREE_18790,37.53752118,127.1148774,tree,100.0
TREE_18791,37.52265161,127.1319213,tree,100.0
TREE_18792,37.52708704,127.1292461,tree,100.0
TREE_18793,37.52374107,127.1313788,tree,100.0
TREE_18794,37.5314232,127.0750695,tree,100.0
TREE_18795,37.4911646,127.0808841,tree,100.0
TREE_18796,37.491164598,127.080884125,tree,100.0
TREE_18797,37.50082504,127.1301609,tree,100.0
TREE_18798,37.50898564,127.1335946,tree,100.0
TREE_18799,37.486531887,127.103391442,tree,100.0
TREE_18800,37.5267967,127.1294671,tree,100.0
TREE_18801,37.509359405,127.066586109,tree,100.0
TREE_18802,37.50887385,127.1335755,tree,100.0
TREE_18803,37.486533758,127.103443201,tree,100.0
TREE_18804,37.49021548,127.1175249,tree,100.0
TREE_18805,37.486426102,127.098784232,tree,100.0
TREE_18806,37.50723723,127.1331674,tree,100.0
TREE_18807,37.50555469,127.132605,tree,100.0
TREE_18808,37.49116889,127.080856,tree,100.0
TREE_18809,37.491168889,127.080855964,tree,100.0
TREE_18810,37.509410682,127.066568611,tree,100.0
TREE_18811,37.5053957,127.1325497,tree,100.0
TREE_18812,37.50792791,127.1333654,tree,100.0
TREE_18813,37.49117745,127.0808305,tree,100.0
TREE_18814,37.49117745,127.08083049,tree,100.0
TREE_18815,37.53748851,127.1150036,tree,100.0
TREE_18816,37.48652987,127.10350458,tree,100.0
TREE_18817,37.49141455,127.1198536,tree,100.0
TREE_18818,37.52623726,127.1298817,tree,100.0
TREE_18819,37.48776371,127.1108096,tree,100.0
TREE_18820,37.54020989,127.0993469,tree,100.0
TREE_18821,37.50060702,127.1300405,tree,100.0
TREE_18822,37.53688889,127.0837792,tree,100.0
TREE_18823,37.48831514,127.1127242,tree,100.0
TREE_18824,37.54010181,127.0969569,tree,100.0
TREE_18825,37.486528858,127.103565964,tree,100.0
TREE_18826,37.509491609,127.066539288,tree,100.0
TREE_18827,37.493015551,127.077832666,tree,100.0
TREE_18828,37.52186955,127.132301,tree,100.0
TREE_18829,37.50893661,127.1336135,tree,100.0
TREE_18830,37.48951729,127.0842504,tree,100.0
TREE_18831,37.53972144,127.0936035,tree,100.0
TREE_18832,37.49789601,127.1279523,tree,100.0
TREE_18833,37.52252031,127.132018,tree,100.0
TREE_18834,37.53982497,127.0943,tree,100.0
TREE_18835,37.53147726,127.0750868,tree,100.0
TREE_18836,37.49132786,127.0805313,tree,100.0
TREE_18837,37.54022321,127.0996102,tree,100.0
TREE_18838,37.52262704,127.1319725,tree,100.0
TREE_18839,37.53980131,127.0940957,tree,100.0
TREE_18840,37.48769978,127.1106222,tree,100.0
TREE_18841,37.53218928,127.1243289,tree,100.0
TREE_18842,37.48652304,127.103642989,tree,100.0
TREE_18843,37.52614993,127.1299662,tree,100.0
TREE_18844,37.52371506,127.1314381,tree,100.0
TREE_18845,37.491068138,127.080987271,tree,100.0
TREE_18846,37.52353439,127.131534,tree,100.0
TREE_18847,37.49797397,127.1280384,tree,100.0
TREE_18848,37.53320153,127.1230122,tree,100.0
TREE_18849,37.539665,127.0931735,tree,100.0
TREE_18850,37.50802992,127.1334217,tree,100.0
TREE_18851,37.49409326,127.12392,tree,100.0
TREE_18852,37.49118079,127.1194929,tree,100.0
TREE_18853,37.49018389,127.1175481,tree,100.0
TREE_18854,37.49010191,127.1173741,tree,100.0
TREE_18855,37.489607,127.0839877,tree,100.0
TREE_18856,37.493711719,127.076827551,tree,100.0
TREE_18857,37.515170597,127.066244708,tree,100.0
TREE_18858,37.486385756,127.098722799,tree,100.0
TREE_18859,37.53755886,127.1149229,tree,100.0
TREE_18860,37.53292298,127.0768432,tree,100.0
TREE_18861,37.51930504,127.1332458,tree,100.0
TREE_18862,37.491052126,127.080975183,tree,100.0
TREE_18863,37.52628455,127.1299024,tree,100.0
TREE_18864,37.53283346,127.0767162,tree,100.0
TREE_18865,37.50078792,127.1302174,tree,100.0
TREE_18866,37.50729465,127.13325,tree,100.0
TREE_18867,37.52673672,127.1295902,tree,100.0
TREE_18868,37.486974612,127.107389154,tree,100.0
TREE_18869,37.50808713,127.1334652,tree,100.0
TREE_18870,37.486518002,127.103917727,tree,100.0
TREE_18871,37.54025644,127.0994035,tree,100.0
TREE_18872,37.53752726,127.1150501,tree,100.0
TREE_18873,37.48827362,127.1127476,tree,100.0
TREE_18874,37.52351604,127.1315859,tree,100.0
TREE_18875,37.53692256,127.0837363,tree,100.0
TREE_18876,37.486517958,127.103968279,tree,100.0
TREE_18877,37.53970719,127.0932429,tree,100.0
TREE_18878,37.49310585,127.077620273,tree,100.0
TREE_18879,37.53779923,127.1143331,tree,100.0
TREE_18880,37.497460035,127.072629015,tree,100.0
TREE_18881,37.48771757,127.1108444,tree,100.0
TREE_18882,37.486516942,127.104033274,tree,100.0
TREE_18883,37.50536702,127.1326179,tree,100.0
TREE_18884,37.50810564,127.1334876,tree,100.0
TREE_18885,37.52620216,127.1299888,tree,100.0
TREE_18886,37.54027138,127.0996641,tree,100.0
TREE_18887,37.50056834,127.1300969,tree,100.0
TREE_18888,37.49103291,127.0809564,tree,100.0
TREE_18889,37.491032915,127.080956385,tree,100.0
TREE_18890,37.53215086,127.1244565,tree,100.0
TREE_18891,37.492991062,127.077761304,tree,100.0
TREE_18892,37.52258605,127.1320587,tree,100.0
TREE_18893,37.52248201,127.1321081,tree,100.0
TREE_18894,37.486514022,127.104083822,tree,100.0
TREE_18895,37.53988498,127.0943129,tree,100.0
TREE_18896,37.50814688,127.13351,tree,100.0
TREE_18897,37.53158551,127.0751116,tree,100.0
TREE_18898,37.50817337,127.1335188,tree,100.0
TREE_18899,37.52671197,127.1296474,tree,100.0
